commune_code;commune_name;exprimes_nb;vote_C;vote_D;vote_ED;vote_G;resultat_election_2017
01001;L'Abergement-Clémenciat;495;121.0;152.0;126.0;96.0;Droite
01002;L'Abergement-de-Varey;176;37.0;41.0;48.0;50.0;Gauche
01004;Ambérieu-en-Bugey;6452;1337.0;1561.0;1667.0;1887.0;Gauche
01005;Ambérieux-en-Dombes;933;191.0;258.0;306.0;178.0;Extrême-Droite
01006;Ambléon;77;15.0;19.0;18.0;25.0;Gauche
01007;Ambronay;1548;349.0;337.0;458.0;404.0;Extrême-Droite
01008;Ambutrix;473;98.0;117.0;135.0;123.0;Extrême-Droite
01009;Andert-et-Condon;209;55.0;64.0;40.0;50.0;Droite
01010;Anglefort;589;111.0;140.0;207.0;131.0;Extrême-Droite
01011;Apremont;224;49.0;60.0;64.0;51.0;Extrême-Droite
01012;Aranc;218;52.0;35.0;56.0;75.0;Gauche
01013;Arandas;109;16.0;28.0;41.0;24.0;Extrême-Droite
01014;Arbent;1613;423.0;485.0;332.0;373.0;Droite
01015;Arboys en Bugey;437;113.0;122.0;101.0;101.0;Droite
01016;Arbigny;246;48.0;71.0;74.0;53.0;Extrême-Droite
01017;Argis;260;40.0;61.0;90.0;69.0;Extrême-Droite
01019;Armix;27;6.0;8.0;8.0;5.0;Droite
01021;Ars-sur-Formans;796;147.0;347.0;187.0;115.0;Droite
01022;Artemare;684;131.0;182.0;200.0;171.0;Extrême-Droite
01023;Asnières-sur-Saône;45;1.0;17.0;16.0;11.0;Droite
01024;Attignat;1850;388.0;557.0;493.0;412.0;Droite
01025;Bâgé-la-Ville;1834;463.0;502.0;508.0;361.0;Extrême-Droite
01026;Bâgé-le-Châtel;439;135.0;129.0;90.0;85.0;Centre
01027;Balan;992;225.0;282.0;303.0;182.0;Extrême-Droite
01028;Baneins;356;76.0;86.0;139.0;55.0;Extrême-Droite
01029;Beaupont;338;70.0;86.0;122.0;60.0;Extrême-Droite
01030;Beauregard;406;82.0;114.0;116.0;94.0;Extrême-Droite
01031;Bellignat;1420;312.0;440.0;338.0;330.0;Droite
01032;Béligneux;1543;309.0;392.0;496.0;346.0;Extrême-Droite
01033;Bellegarde-sur-Valserine;4223;984.0;1106.0;903.0;1230.0;Gauche
01034;Belley;4232;1000.0;1160.0;954.0;1118.0;Droite
01035;Belleydoux;205;37.0;57.0;61.0;50.0;Extrême-Droite
01036;Belmont-Luthézieu;367;60.0;103.0;81.0;123.0;Gauche
01037;Bénonces;173;27.0;70.0;52.0;24.0;Droite
01038;Bény;478;100.0;158.0;110.0;110.0;Droite
01039;Béon;288;68.0;62.0;78.0;80.0;Gauche
01040;Béréziat;267;44.0;83.0;78.0;62.0;Droite
01041;Bettant;477;99.0;96.0;146.0;136.0;Extrême-Droite
01042;Bey;184;40.0;63.0;36.0;45.0;Droite
01043;Beynost;2830;794.0;950.0;524.0;562.0;Droite
01044;Billiat;301;78.0;72.0;82.0;69.0;Extrême-Droite
01045;Birieux;158;32.0;49.0;62.0;15.0;Extrême-Droite
01046;Biziat;485;90.0;147.0;175.0;73.0;Extrême-Droite
01047;Blyes;572;125.0;170.0;159.0;118.0;Droite
01049;La Boisse;1759;411.0;496.0;451.0;401.0;Droite
01050;Boissey;187;14.0;56.0;83.0;34.0;Extrême-Droite
01051;Bolozon;76;14.0;17.0;19.0;26.0;Gauche
01052;Bouligneux;225;39.0;97.0;51.0;38.0;Droite
01053;Bourg-en-Bresse;16939;4339.0;4648.0;2795.0;5157.0;Gauche
01054;Bourg-Saint-Christophe;812;177.0;211.0;243.0;181.0;Extrême-Droite
01056;Boyeux-Saint-Jérôme;242;40.0;79.0;82.0;41.0;Extrême-Droite
01057;Boz;319;58.0;68.0;121.0;72.0;Extrême-Droite
01058;Brégnier-Cordon;489;98.0;129.0;144.0;118.0;Extrême-Droite
01059;Brénaz;76;21.0;24.0;16.0;15.0;Droite
01060;Brénod;330;59.0;115.0;88.0;68.0;Droite
01061;Brens;712;168.0;180.0;217.0;147.0;Extrême-Droite
01062;Bressolles;521;131.0;180.0;113.0;97.0;Droite
01063;Brion;302;69.0;121.0;73.0;39.0;Droite
01064;Briord;558;96.0;97.0;233.0;132.0;Extrême-Droite
01065;Buellas;1118;291.0;372.0;240.0;215.0;Droite
01066;La Burbanche;60;3.0;18.0;22.0;17.0;Extrême-Droite
01067;Ceignes;148;35.0;52.0;34.0;27.0;Droite
01068;Cerdon;370;54.0;92.0;146.0;78.0;Extrême-Droite
01069;Certines;920;203.0;261.0;262.0;194.0;Extrême-Droite
01071;Cessy;2044;537.0;790.0;305.0;412.0;Droite
01072;Ceyzériat;1782;440.0;524.0;368.0;450.0;Droite
01073;Ceyzérieu;697;158.0;172.0;184.0;183.0;Extrême-Droite
01074;Chalamont;1202;210.0;348.0;401.0;243.0;Extrême-Droite
01075;Chaleins;728;127.0;238.0;220.0;143.0;Droite
01076;Chaley;95;15.0;24.0;32.0;24.0;Extrême-Droite
01077;Challes-la-Montagne;121;14.0;37.0;47.0;23.0;Extrême-Droite
01078;Challex;581;145.0;215.0;82.0;139.0;Droite
01079;Champagne-en-Valromey;427;86.0;152.0;69.0;120.0;Droite
01080;Champdor-Corcelles;397;82.0;114.0;85.0;116.0;Gauche
01081;Champfromier;418;59.0;130.0;114.0;115.0;Droite
01082;Chanay;301;56.0;84.0;81.0;80.0;Droite
01083;Chaneins;551;84.0;162.0;212.0;93.0;Extrême-Droite
01084;Chanoz-Châtenay;478;108.0;150.0;154.0;66.0;Extrême-Droite
01085;La Chapelle-du-Châtelard;241;41.0;88.0;77.0;35.0;Droite
01087;Charix;175;34.0;56.0;41.0;44.0;Droite
01088;Charnoz-sur-Ain;643;127.0;158.0;250.0;108.0;Extrême-Droite
01089;Château-Gaillard;1166;225.0;295.0;390.0;256.0;Extrême-Droite
01090;Châtenay;214;37.0;80.0;54.0;43.0;Droite
01091;Châtillon-en-Michaille;1737;364.0;486.0;442.0;445.0;Droite
01092;Châtillon-la-Palud;973;188.0;236.0;331.0;218.0;Extrême-Droite
01093;Châtillon-sur-Chalaronne;2676;551.0;930.0;682.0;513.0;Droite
01094;Chavannes-sur-Reyssouze;420;90.0;119.0;125.0;86.0;Extrême-Droite
01095;Nivigne et Suran;451;90.0;108.0;123.0;130.0;Gauche
01096;Chaveyriat;609;128.0;172.0;190.0;119.0;Extrême-Droite
01097;Chavornay;149;39.0;37.0;34.0;39.0;Gauche
01098;Chazey-Bons;587;127.0;150.0;165.0;145.0;Extrême-Droite
01099;Chazey-sur-Ain;974;221.0;243.0;319.0;191.0;Extrême-Droite
01100;Cheignieu-la-Balme;110;24.0;26.0;22.0;38.0;Gauche
01101;Chevillard;116;24.0;31.0;35.0;26.0;Extrême-Droite
01102;Chevroux;512;107.0;136.0;188.0;81.0;Extrême-Droite
01103;Chevry;651;175.0;255.0;99.0;122.0;Droite
01104;Chézery-Forens;250;37.0;94.0;64.0;55.0;Droite
01105;Civrieux;976;246.0;312.0;265.0;153.0;Droite
01106;Cize;108;8.0;32.0;29.0;39.0;Gauche
01107;Cleyzieu;100;19.0;31.0;26.0;24.0;Droite
01108;Coligny;688;140.0;214.0;187.0;147.0;Droite
01109;Collonges;825;182.0;218.0;182.0;243.0;Gauche
01110;Colomieu;106;21.0;17.0;25.0;43.0;Gauche
01111;Conand;82;15.0;23.0;14.0;30.0;Gauche
01112;Condamine;220;34.0;76.0;70.0;40.0;Droite
01113;Condeissiat;482;123.0;148.0;123.0;88.0;Droite
01114;Confort;324;58.0;92.0;85.0;89.0;Droite
01115;Confrançon;718;152.0;198.0;224.0;144.0;Extrême-Droite
01116;Contrevoz;359;69.0;83.0;115.0;92.0;Extrême-Droite
01117;Conzieu;93;21.0;17.0;29.0;26.0;Extrême-Droite
01118;Corbonod;593;100.0;167.0;165.0;161.0;Droite
01121;Corlier;70;15.0;23.0;22.0;10.0;Droite
01122;Cormaranche-en-Bugey;539;122.0;163.0;115.0;139.0;Droite
01123;Cormoranche-sur-Saône;674;151.0;208.0;174.0;141.0;Droite
01124;Cormoz;430;81.0;108.0;156.0;85.0;Extrême-Droite
01125;Corveissiat;374;55.0;91.0;129.0;99.0;Extrême-Droite
01127;Courmangoux;330;71.0;96.0;84.0;79.0;Droite
01128;Courtes;163;28.0;43.0;57.0;35.0;Extrême-Droite
01129;Crans;179;28.0;47.0;63.0;41.0;Extrême-Droite
01130;Cras-sur-Reyssouze;834;214.0;224.0;243.0;153.0;Extrême-Droite
01133;Cressin-Rochefort;286;69.0;76.0;70.0;71.0;Droite
01134;Crottet;1088;250.0;312.0;320.0;206.0;Extrême-Droite
01135;Crozet;900;208.0;294.0;179.0;219.0;Droite
01136;Cruzilles-lès-Mépillat;490;97.0;159.0;160.0;74.0;Extrême-Droite
01138;Culoz;1443;282.0;306.0;439.0;416.0;Extrême-Droite
01139;Curciat-Dongalon;257;54.0;78.0;88.0;37.0;Extrême-Droite
01140;Curtafond;468;71.0;149.0;145.0;103.0;Droite
01141;Cuzieu;283;69.0;75.0;68.0;71.0;Droite
01142;Dagneux;2474;518.0;664.0;721.0;571.0;Extrême-Droite
01143;Divonne-les-Bains;4435;1352.0;1956.0;478.0;649.0;Droite
01144;Dommartin;491;115.0;141.0;146.0;89.0;Extrême-Droite
01145;Dompierre-sur-Veyle;696;123.0;185.0;247.0;141.0;Extrême-Droite
01146;Dompierre-sur-Chalaronne;226;56.0;71.0;58.0;41.0;Droite
01147;Domsure;296;62.0;86.0;97.0;51.0;Extrême-Droite
01148;Dortan;980;209.0;303.0;295.0;173.0;Droite
01149;Douvres;680;163.0;194.0;163.0;160.0;Droite
01150;Drom;148;25.0;36.0;33.0;54.0;Gauche
01151;Druillat;718;135.0;208.0;245.0;130.0;Extrême-Droite
01152;Echallon;488;94.0;160.0;122.0;112.0;Droite
01153;Echenevex;874;247.0;357.0;109.0;161.0;Droite
01154;Etrez;469;94.0;141.0;143.0;91.0;Extrême-Droite
01155;Evosges;106;11.0;32.0;42.0;21.0;Extrême-Droite
01156;Faramans;527;78.0;151.0;216.0;82.0;Extrême-Droite
01157;Fareins;1351;338.0;466.0;289.0;258.0;Droite
01158;Farges;410;81.0;132.0;96.0;101.0;Droite
01159;Feillens;2017;461.0;742.0;487.0;327.0;Droite
01160;Ferney-Voltaire;2748;854.0;796.0;282.0;816.0;Centre
01162;Flaxieu;67;11.0;30.0;19.0;7.0;Droite
01163;Foissiat;1151;241.0;394.0;314.0;202.0;Droite
01165;Francheleins;866;193.0;259.0;272.0;142.0;Extrême-Droite
01166;Frans;1391;398.0;405.0;350.0;238.0;Droite
01167;Garnerans;462;98.0;116.0;156.0;92.0;Extrême-Droite
01169;Genouilleux;341;67.0;108.0;107.0;59.0;Droite
01170;Beard-Géovreissiat;526;113.0;141.0;180.0;92.0;Extrême-Droite
01171;Géovreisset;495;102.0;177.0;128.0;88.0;Droite
01173;Gex;4658;1327.0;1458.0;707.0;1166.0;Droite
01174;Giron;99;21.0;41.0;23.0;14.0;Droite
01175;Gorrevod;472;105.0;137.0;118.0;112.0;Droite
01177;Grand-Corent;120;16.0;31.0;22.0;51.0;Gauche
01179;Grièges;1160;257.0;345.0;312.0;246.0;Droite
01180;Grilly;384;93.0;204.0;37.0;50.0;Droite
01181;Groissiat;674;142.0;233.0;182.0;117.0;Droite
01183;Guéreins;821;172.0;275.0;252.0;122.0;Droite
01184;Hautecourt-Romanèche;471;104.0;125.0;116.0;126.0;Gauche
01185;Hauteville-Lompnes;1618;303.0;433.0;406.0;476.0;Gauche
01186;Hostiaz;67;6.0;22.0;21.0;18.0;Droite
01187;Haut Valromey;514;96.0;188.0;95.0;135.0;Droite
01188;Illiat;406;66.0;149.0;144.0;47.0;Droite
01189;Injoux-Génissiat;599;135.0;100.0;201.0;163.0;Extrême-Droite
01190;Innimond;85;16.0;24.0;23.0;22.0;Droite
01191;Izenave;115;20.0;53.0;25.0;17.0;Droite
01192;Izernore;1208;209.0;388.0;381.0;230.0;Droite
01193;Izieu;136;26.0;42.0;35.0;33.0;Droite
01194;Jassans-Riottier;3305;780.0;927.0;857.0;741.0;Droite
01195;Jasseron;987;276.0;280.0;229.0;202.0;Droite
01196;Jayat;635;100.0;189.0;231.0;115.0;Extrême-Droite
01197;Journans;240;55.0;61.0;48.0;76.0;Gauche
01198;Joyeux;158;27.0;62.0;31.0;38.0;Droite
01199;Jujurieux;1171;205.0;313.0;325.0;328.0;Gauche
01200;Labalme;104;27.0;24.0;23.0;30.0;Gauche
01202;Lagnieu;3860;813.0;1030.0;1081.0;936.0;Extrême-Droite
01203;Laiz;744;179.0;194.0;205.0;166.0;Extrême-Droite
01204;Le Poizat-Lalleyriat;430;103.0;122.0;109.0;96.0;Droite
01205;Lancrans;531;103.0;183.0;123.0;122.0;Droite
01206;Lantenay;188;42.0;60.0;51.0;35.0;Droite
01207;Lapeyrouse;222;25.0;98.0;70.0;29.0;Droite
01208;Lavours;103;12.0;22.0;34.0;35.0;Gauche
01209;Léaz;346;59.0;107.0;100.0;80.0;Droite
01210;Lélex;144;29.0;56.0;28.0;31.0;Droite
01211;Lent;828;194.0;257.0;202.0;175.0;Droite
01212;Lescheroux;429;54.0;107.0;185.0;83.0;Extrême-Droite
01213;Leyment;742;133.0;143.0;265.0;201.0;Extrême-Droite
01214;Leyssard;105;18.0;22.0;29.0;36.0;Gauche
01215;Lhôpital;32;8.0;10.0;7.0;7.0;Droite
01216;Lhuis;488;99.0;151.0;145.0;93.0;Droite
01218;Lochieu;58;6.0;23.0;16.0;13.0;Droite
01219;Lompnas;103;16.0;39.0;27.0;21.0;Droite
01221;Lompnieu;95;20.0;24.0;23.0;28.0;Gauche
01224;Loyettes;1482;280.0;375.0;505.0;322.0;Extrême-Droite
01225;Lurcy;279;55.0;111.0;65.0;48.0;Droite
01227;Magnieu;285;57.0;66.0;108.0;54.0;Extrême-Droite
01228;Maillat;372;69.0;154.0;110.0;39.0;Droite
01229;Malafretaz;682;172.0;219.0;183.0;108.0;Droite
01230;Mantenay-Montlin;181;43.0;52.0;55.0;31.0;Extrême-Droite
01231;Manziat;1262;331.0;397.0;328.0;206.0;Droite
01232;Marboz;1331;286.0;426.0;348.0;271.0;Droite
01233;Marchamp;86;19.0;30.0;22.0;15.0;Droite
01234;Marignieu;128;28.0;26.0;42.0;32.0;Extrême-Droite
01235;Marlieux;542;102.0;169.0;181.0;90.0;Extrême-Droite
01236;Marsonnas;568;163.0;163.0;145.0;97.0;Centre
01237;Martignat;852;157.0;259.0;243.0;193.0;Droite
01238;Massieux;1616;364.0;523.0;399.0;330.0;Droite
01239;Massignieu-de-Rives;401;92.0;119.0;101.0;89.0;Droite
01240;Matafelon-Granges;408;72.0;98.0;152.0;86.0;Extrême-Droite
01241;Meillonnas;817;187.0;243.0;159.0;228.0;Droite
01242;Mérignat;88;13.0;17.0;12.0;46.0;Gauche
01243;Messimy-sur-Saône;745;171.0;255.0;189.0;130.0;Droite
01244;Meximieux;3987;987.0;1035.0;936.0;1029.0;Droite
01245;Bohas-Meyriat-Rignat;594;135.0;150.0;148.0;161.0;Gauche
01246;Mézériat;1141;253.0;369.0;298.0;221.0;Droite
01247;Mijoux;197;32.0;71.0;50.0;44.0;Droite
01248;Mionnay;1371;325.0;438.0;345.0;263.0;Droite
01249;Miribel;5214;1376.0;1556.0;1106.0;1176.0;Droite
01250;Misérieux;1085;305.0;286.0;251.0;243.0;Centre
01252;Mogneneins;477;117.0;158.0;137.0;65.0;Droite
01254;Montagnat;1331;352.0;461.0;274.0;244.0;Droite
01255;Montagnieu;313;78.0;87.0;84.0;64.0;Droite
01257;Montanges;234;45.0;71.0;60.0;58.0;Droite
01258;Montceaux;730;111.0;231.0;253.0;135.0;Extrême-Droite
01259;Montcet;377;89.0;116.0;109.0;63.0;Droite
01260;Le Montellier;170;29.0;83.0;42.0;16.0;Droite
01261;Monthieux;410;93.0;135.0;108.0;74.0;Droite
01262;Montluel;3222;746.0;824.0;788.0;864.0;Gauche
01263;Montmerle-sur-Saône;2261;511.0;780.0;566.0;404.0;Droite
01264;Montracol;589;105.0;183.0;193.0;108.0;Extrême-Droite
01265;Montréal-la-Cluse;1503;333.0;477.0;369.0;324.0;Droite
01266;Montrevel-en-Bresse;1387;326.0;412.0;360.0;289.0;Droite
01267;Nurieux-Volognat;576;119.0;192.0;164.0;101.0;Droite
01268;Murs-et-Gélignieux;166;24.0;69.0;58.0;15.0;Droite
01269;Nantua;1219;294.0;345.0;305.0;275.0;Droite
01272;Neuville-les-Dames;850;169.0;268.0;269.0;144.0;Extrême-Droite
01273;Neuville-sur-Ain;972;188.0;222.0;296.0;266.0;Extrême-Droite
01274;Les Neyrolles;266;52.0;62.0;110.0;42.0;Extrême-Droite
01275;Neyron;1553;388.0;567.0;307.0;291.0;Droite
01276;Niévroz;965;210.0;252.0;294.0;209.0;Extrême-Droite
01277;Nivollet-Montgriffon;84;17.0;20.0;24.0;23.0;Extrême-Droite
01279;Oncieu;73;14.0;23.0;20.0;16.0;Droite
01280;Ordonnaz;94;24.0;40.0;23.0;7.0;Droite
01281;Ornex;1363;401.0;480.0;138.0;344.0;Droite
01282;Outriaz;138;28.0;40.0;39.0;31.0;Droite
01283;Oyonnax;7736;1619.0;2322.0;1701.0;2094.0;Droite
01284;Ozan;381;67.0;90.0;133.0;91.0;Extrême-Droite
01285;Parcieux;739;204.0;233.0;156.0;146.0;Droite
01286;Parves et Nattages;624;146.0;147.0;127.0;204.0;Gauche
01288;Péron;1013;236.0;360.0;202.0;215.0;Droite
01289;Péronnas;3561;970.0;1079.0;673.0;839.0;Droite
01290;Pérouges;802;174.0;306.0;182.0;140.0;Droite
01291;Perrex;511;114.0;180.0;146.0;71.0;Droite
01293;Peyriat;117;27.0;32.0;37.0;21.0;Extrême-Droite
01294;Peyrieu;451;89.0;123.0;122.0;117.0;Droite
01295;Peyzieux-sur-Saône;368;61.0;108.0;122.0;77.0;Extrême-Droite
01296;Pirajoux;213;28.0;58.0;81.0;46.0;Extrême-Droite
01297;Pizay;549;137.0;141.0;171.0;100.0;Extrême-Droite
01298;Plagne;85;22.0;25.0;19.0;19.0;Droite
01299;Le Plantay;330;43.0;128.0;115.0;44.0;Droite
01301;Polliat;1572;344.0;548.0;391.0;289.0;Droite
01302;Pollieu;121;23.0;24.0;32.0;42.0;Gauche
01303;Poncin;898;172.0;242.0;273.0;211.0;Extrême-Droite
01304;Pont-d'Ain;1382;259.0;364.0;443.0;316.0;Extrême-Droite
01305;Pont-de-Vaux;1073;255.0;334.0;240.0;244.0;Droite
01306;Pont-de-Veyle;724;169.0;176.0;192.0;187.0;Extrême-Droite
01307;Port;464;92.0;164.0;109.0;99.0;Droite
01308;Pougny;298;70.0;81.0;53.0;94.0;Gauche
01309;Pouillat;54;7.0;13.0;24.0;10.0;Extrême-Droite
01310;Prémeyzel;112;17.0;21.0;47.0;27.0;Extrême-Droite
01311;Prémillieu;33;11.0;5.0;11.0;6.0;Centre
01313;Prévessin-Moëns;2877;937.0;1096.0;285.0;559.0;Droite
01314;Priay;998;179.0;248.0;363.0;208.0;Extrême-Droite
01317;Ramasse;181;42.0;38.0;70.0;31.0;Extrême-Droite
01318;Rancé;406;82.0;138.0;104.0;82.0;Droite
01319;Relevant;293;59.0;94.0;93.0;47.0;Droite
01320;Replonges;2187;569.0;729.0;530.0;359.0;Droite
01321;Revonnas;535;137.0;133.0;113.0;152.0;Gauche
01322;Reyrieux;2765;749.0;941.0;523.0;552.0;Droite
01323;Reyssouze;566;124.0;165.0;157.0;120.0;Droite
01325;Rignieux-le-Franc;616;111.0;162.0;196.0;147.0;Extrême-Droite
01328;Romans;305;67.0;93.0;100.0;45.0;Extrême-Droite
01329;Rossillon;130;27.0;25.0;46.0;32.0;Extrême-Droite
01330;Ruffieu;137;34.0;22.0;23.0;58.0;Gauche
01331;Saint-Alban;130;33.0;33.0;29.0;35.0;Gauche
01332;Saint-André-de-Bâgé;443;128.0;120.0;123.0;72.0;Centre
01333;Saint-André-de-Corcy;2036;418.0;587.0;553.0;478.0;Droite
01334;Saint-André-d'Huiriat;356;59.0;108.0;136.0;53.0;Extrême-Droite
01335;Saint-André-le-Bouchoux;206;47.0;65.0;66.0;28.0;Extrême-Droite
01336;Saint-André-sur-Vieux-Jonc;700;172.0;192.0;194.0;142.0;Extrême-Droite
01337;Saint-Bénigne;758;172.0;227.0;223.0;136.0;Droite
01338;Groslée-Saint-Benoît;726;141.0;210.0;221.0;154.0;Extrême-Droite
01339;Saint-Bernard;987;257.0;397.0;192.0;141.0;Droite
01341;Saint-Champ;112;31.0;42.0;15.0;24.0;Droite
01342;Sainte-Croix;350;72.0;127.0;80.0;71.0;Droite
01343;Saint-Cyr-sur-Menthon;1024;238.0;293.0;293.0;200.0;Droite
01344;Saint-Denis-lès-Bourg;3621;1064.0;1072.0;658.0;827.0;Droite
01345;Saint-Denis-en-Bugey;1273;250.0;303.0;391.0;329.0;Extrême-Droite
01346;Saint-Didier-d'Aussiat;489;112.0;153.0;125.0;99.0;Droite
01347;Saint-Didier-de-Formans;1286;339.0;390.0;306.0;251.0;Droite
01348;Saint-Didier-sur-Chalaronne;1575;338.0;499.0;487.0;251.0;Droite
01349;Saint-Eloi;315;51.0;103.0;95.0;66.0;Droite
01350;Saint-Etienne-du-Bois;1536;341.0;507.0;382.0;306.0;Droite
01351;Saint-Etienne-sur-Chalaronne;849;138.0;229.0;311.0;171.0;Extrême-Droite
01352;Saint-Etienne-sur-Reyssouze;316;66.0;95.0;95.0;60.0;Droite
01353;Sainte-Euphémie;913;257.0;276.0;212.0;168.0;Droite
01354;Saint-Genis-Pouilly;3325;916.0;995.0;455.0;959.0;Droite
01355;Saint-Genis-sur-Menthon;279;44.0;86.0;84.0;65.0;Droite
01356;Saint-Georges-sur-Renon;125;31.0;33.0;33.0;28.0;Droite
01357;Saint-Germain-de-Joux;198;43.0;57.0;50.0;48.0;Droite
01358;Saint-Germain-les-Paroisses;258;56.0;91.0;57.0;54.0;Droite
01359;Saint-Germain-sur-Renon;155;24.0;59.0;61.0;11.0;Extrême-Droite
01360;Saint-Jean-de-Gonville;758;217.0;264.0;123.0;154.0;Droite
01361;Saint-Jean-de-Niost;950;197.0;279.0;312.0;162.0;Extrême-Droite
01362;Saint-Jean-de-Thurigneux;469;124.0;140.0;143.0;62.0;Extrême-Droite
01363;Saint-Jean-le-Vieux;1047;205.0;270.0;291.0;281.0;Extrême-Droite
01364;Saint-Jean-sur-Reyssouze;434;70.0;144.0;132.0;88.0;Droite
01365;Saint-Jean-sur-Veyle;665;152.0;204.0;173.0;136.0;Droite
01366;Sainte-Julie;529;101.0;137.0;173.0;118.0;Extrême-Droite
01367;Saint-Julien-sur-Reyssouze;359;53.0;118.0;110.0;78.0;Droite
01368;Saint-Julien-sur-Veyle;456;78.0;134.0;145.0;99.0;Extrême-Droite
01369;Saint-Just;592;143.0;200.0;115.0;134.0;Droite
01370;Saint-Laurent-sur-Saône;705;163.0;164.0;159.0;219.0;Gauche
01371;Saint-Marcel;750;153.0;163.0;251.0;183.0;Extrême-Droite
01372;Saint-Martin-de-Bavel;253;78.0;40.0;51.0;84.0;Gauche
01373;Saint-Martin-du-Frêne;569;114.0;198.0;183.0;74.0;Droite
01374;Saint-Martin-du-Mont;1096;237.0;349.0;275.0;235.0;Droite
01375;Saint-Martin-le-Châtel;480;113.0;133.0;145.0;89.0;Extrême-Droite
01376;Saint-Maurice-de-Beynost;1856;466.0;416.0;418.0;556.0;Gauche
01378;Saint-Maurice-de-Gourdans;1615;343.0;460.0;545.0;267.0;Extrême-Droite
01379;Saint-Maurice-de-Rémens;433;55.0;101.0;159.0;118.0;Extrême-Droite
01380;Saint-Nizier-le-Bouchoux;373;86.0;100.0;110.0;77.0;Extrême-Droite
01381;Saint-Nizier-le-Désert;494;78.0;126.0;180.0;110.0;Extrême-Droite
01382;Sainte-Olive;189;40.0;60.0;71.0;18.0;Extrême-Droite
01383;Saint-Paul-de-Varax;829;146.0;218.0;315.0;150.0;Extrême-Droite
01384;Saint-Rambert-en-Bugey;954;150.0;186.0;295.0;323.0;Gauche
01385;Saint-Rémy;674;191.0;211.0;151.0;121.0;Droite
01386;Saint-Sorlin-en-Bugey;672;169.0;169.0;165.0;169.0;Gauche
01387;Saint-Sulpice;127;30.0;34.0;45.0;18.0;Extrême-Droite
01388;Saint-Trivier-de-Courtes;533;118.0;171.0;167.0;77.0;Droite
01389;Saint-Trivier-sur-Moignans;1043;178.0;309.0;375.0;181.0;Extrême-Droite
01390;Saint-Vulbas;627;99.0;164.0;249.0;115.0;Extrême-Droite
01391;Salavre;191;36.0;60.0;59.0;36.0;Droite
01392;Samognat;386;99.0;115.0;107.0;65.0;Droite
01393;Sandrans;324;54.0;120.0;111.0;39.0;Droite
01396;Sault-Brénaz;461;88.0;120.0;136.0;117.0;Extrême-Droite
01397;Sauverny;411;130.0;157.0;59.0;65.0;Droite
01398;Savigneux;800;138.0;287.0;275.0;100.0;Droite
01399;Ségny;800;194.0;305.0;149.0;152.0;Droite
01400;Seillonnaz;111;31.0;25.0;27.0;28.0;Centre
01401;Sergy;788;207.0;294.0;114.0;173.0;Droite
01402;Sermoyer;377;67.0;96.0;115.0;99.0;Extrême-Droite
01403;Serrières-de-Briord;692;129.0;174.0;191.0;198.0;Gauche
01404;Serrières-sur-Ain;94;12.0;28.0;30.0;24.0;Extrême-Droite
01405;Servas;668;138.0;159.0;241.0;130.0;Extrême-Droite
01406;Servignat;106;19.0;34.0;28.0;25.0;Droite
01407;Seyssel;495;121.0;112.0;129.0;133.0;Gauche
01408;Simandre-sur-Suran;412;77.0;94.0;123.0;118.0;Extrême-Droite
01410;Sonthonnax-la-Montagne;204;43.0;61.0;45.0;55.0;Droite
01411;Souclin;173;28.0;47.0;65.0;33.0;Extrême-Droite
01412;Sulignat;348;61.0;104.0;123.0;60.0;Extrême-Droite
01413;Surjoux;49;3.0;21.0;17.0;8.0;Droite
01414;Sutrieu;151;28.0;61.0;33.0;29.0;Droite
01415;Talissieu;255;63.0;53.0;91.0;48.0;Extrême-Droite
01416;Tenay;453;90.0;90.0;166.0;107.0;Extrême-Droite
01417;Thézillieu;232;48.0;69.0;50.0;65.0;Droite
01418;Thil;682;194.0;209.0;145.0;134.0;Droite
01419;Thoiry;2349;707.0;767.0;332.0;543.0;Droite
01420;Thoissey;728;131.0;196.0;244.0;157.0;Extrême-Droite
01421;Torcieu;429;65.0;83.0;166.0;115.0;Extrême-Droite
01422;Tossiat;846;193.0;239.0;212.0;202.0;Droite
01423;Toussieux;639;162.0;173.0;199.0;105.0;Extrême-Droite
01424;Tramoyes;1163;311.0;402.0;244.0;206.0;Droite
01425;La Tranclière;182;28.0;60.0;52.0;42.0;Droite
01426;Val-Revermont;1500;319.0;382.0;379.0;420.0;Gauche
01427;Trévoux;3183;764.0;887.0;640.0;892.0;Gauche
01428;Valeins;75;10.0;42.0;16.0;7.0;Droite
01429;Vandeins;396;75.0;112.0;142.0;67.0;Extrême-Droite
01430;Varambon;343;60.0;89.0;129.0;65.0;Extrême-Droite
01431;Vaux-en-Bugey;767;197.0;183.0;175.0;212.0;Gauche
01432;Verjon;179;28.0;63.0;47.0;41.0;Droite
01433;Vernoux;148;17.0;39.0;63.0;29.0;Extrême-Droite
01434;Versailleux;279;48.0;103.0;91.0;37.0;Droite
01435;Versonnex;886;254.0;276.0;153.0;203.0;Droite
01436;Vesancy;256;65.0;114.0;27.0;50.0;Droite
01437;Vescours;116;16.0;34.0;46.0;20.0;Extrême-Droite
01439;Vésines;57;6.0;26.0;15.0;10.0;Droite
01441;Vieu-d'Izenave;394;56.0;130.0;128.0;80.0;Droite
01442;Vieu;261;59.0;84.0;47.0;71.0;Droite
01443;Villars-les-Dombes;2592;582.0;740.0;708.0;562.0;Droite
01444;Villebois;639;126.0;140.0;179.0;194.0;Gauche
01445;Villemotier;391;78.0;127.0;107.0;79.0;Droite
01446;Villeneuve;875;161.0;300.0;275.0;139.0;Droite
01447;Villereversure;652;114.0;164.0;210.0;164.0;Extrême-Droite
01448;Villes;218;43.0;76.0;49.0;50.0;Droite
01449;Villette-sur-Ain;486;104.0;139.0;137.0;106.0;Droite
01450;Villieu-Loyes-Mollon;2148;454.0;587.0;706.0;401.0;Extrême-Droite
01451;Viriat;3777;883.0;1303.0;846.0;745.0;Droite
01452;Virieu-le-Grand;541;115.0;106.0;163.0;157.0;Extrême-Droite
01453;Virieu-le-Petit;165;40.0;53.0;47.0;25.0;Droite
01454;Virignin;513;97.0;142.0;155.0;119.0;Extrême-Droite
01456;Vongnes;58;16.0;24.0;8.0;10.0;Droite
01457;Vonnas;1551;373.0;511.0;372.0;295.0;Droite
03001;Abrest;1624;415.0;421.0;439.0;349.0;Extrême-Droite
03002;Agonges;193;32.0;45.0;32.0;84.0;Gauche
03003;Ainay-le-Château;601;147.0;187.0;131.0;136.0;Droite
03004;Andelaroche;163;22.0;66.0;46.0;29.0;Droite
03005;Archignat;174;28.0;53.0;41.0;52.0;Droite
03006;Arfeuilles;405;75.0;89.0;105.0;136.0;Gauche
03007;Arpheuilles-Saint-Priest;206;46.0;53.0;48.0;59.0;Gauche
03008;Arronnes;255;47.0;81.0;60.0;67.0;Droite
03009;Aubigny;77;15.0;20.0;21.0;21.0;Gauche
03010;Audes;281;71.0;56.0;74.0;80.0;Gauche
03011;Aurouër;230;37.0;82.0;58.0;53.0;Droite
03012;Autry-Issards;223;43.0;57.0;33.0;90.0;Gauche
03013;Avermes;2422;687.0;574.0;501.0;660.0;Centre
03014;Avrilly;97;28.0;35.0;9.0;25.0;Droite
03015;Bagneux;186;28.0;59.0;39.0;60.0;Gauche
03016;Barberier;85;15.0;24.0;20.0;26.0;Gauche
03017;Barrais-Bussolles;147;28.0;51.0;42.0;26.0;Droite
03018;Bayet;417;86.0;99.0;127.0;105.0;Extrême-Droite
03019;Beaulon;975;191.0;264.0;245.0;275.0;Gauche
03020;Beaune-d'Allier;184;43.0;51.0;39.0;51.0;Gauche
03021;Bègues;159;44.0;40.0;37.0;38.0;Centre
03022;Bellenaves;612;136.0;115.0;150.0;211.0;Gauche
03023;Bellerive-sur-Allier;4788;1289.0;1602.0;901.0;996.0;Droite
03024;Bert;152;22.0;32.0;61.0;37.0;Extrême-Droite
03025;Bessay-sur-Allier;840;177.0;211.0;233.0;219.0;Extrême-Droite
03026;Besson;531;102.0;185.0;97.0;147.0;Droite
03027;Bézenet;499;98.0;82.0;140.0;179.0;Gauche
03028;Billezois;252;40.0;49.0;81.0;82.0;Gauche
03029;Billy;444;95.0;107.0;120.0;122.0;Gauche
03030;Biozat;526;114.0;135.0;152.0;125.0;Extrême-Droite
03031;Bizeneuille;197;49.0;65.0;32.0;51.0;Droite
03032;Blomard;137;19.0;41.0;45.0;32.0;Extrême-Droite
03033;Bost;93;20.0;14.0;24.0;35.0;Gauche
03034;Boucé;296;46.0;61.0;111.0;78.0;Extrême-Droite
03035;Le Bouchaud;135;32.0;38.0;27.0;38.0;Gauche
03036;Bourbon-l'Archambault;1522;283.0;388.0;229.0;622.0;Gauche
03037;Braize;152;31.0;35.0;66.0;20.0;Extrême-Droite
03038;Bransat;323;78.0;86.0;78.0;81.0;Droite
03039;Bresnay;241;57.0;59.0;67.0;58.0;Extrême-Droite
03040;Bressolles;799;191.0;236.0;149.0;223.0;Droite
03041;Le Brethon;237;52.0;70.0;62.0;53.0;Droite
03042;Le Breuil;367;70.0;100.0;98.0;99.0;Droite
03043;Broût-Vernet;729;164.0;185.0;206.0;174.0;Extrême-Droite
03044;Brugheas;894;223.0;237.0;220.0;214.0;Droite
03045;Busset;513;124.0;141.0;136.0;112.0;Droite
03046;Buxières-les-Mines;606;129.0;112.0;123.0;242.0;Gauche
03047;La Celle;251;36.0;61.0;79.0;75.0;Extrême-Droite
03048;Cérilly;799;179.0;243.0;152.0;225.0;Droite
03049;Cesset;268;62.0;75.0;67.0;64.0;Droite
03050;La Chabanne;133;18.0;52.0;32.0;31.0;Droite
03051;Chambérat;187;35.0;37.0;49.0;66.0;Gauche
03052;Chamblet;612;157.0;134.0;152.0;169.0;Gauche
03053;Chantelle;654;140.0;194.0;145.0;175.0;Droite
03054;Chapeau;134;30.0;37.0;33.0;34.0;Droite
03055;La Chapelaude;563;128.0;121.0;141.0;173.0;Gauche
03056;La Chapelle;251;51.0;79.0;49.0;72.0;Droite
03057;La Chapelle-aux-Chasses;147;29.0;44.0;28.0;46.0;Gauche
03058;Chappes;124;21.0;26.0;22.0;55.0;Gauche
03059;Chareil-Cintrat;201;47.0;63.0;43.0;48.0;Droite
03060;Charmeil;559;134.0;167.0;157.0;101.0;Droite
03061;Charmes;242;59.0;55.0;66.0;62.0;Extrême-Droite
03062;Charroux;250;61.0;92.0;48.0;49.0;Droite
03063;Chassenard;568;141.0;117.0;178.0;132.0;Extrême-Droite
03064;Château-sur-Allier;116;24.0;21.0;36.0;35.0;Extrême-Droite
03065;Châtel-de-Neuvre;308;66.0;68.0;74.0;100.0;Gauche
03066;Châtel-Montagne;244;45.0;70.0;63.0;66.0;Droite
03067;Châtelperron;113;14.0;36.0;30.0;33.0;Droite
03068;Châtelus;81;10.0;21.0;28.0;22.0;Extrême-Droite
03069;Châtillon;185;26.0;36.0;39.0;84.0;Gauche
03070;Chavenon;81;22.0;23.0;18.0;18.0;Droite
03071;Chavroches;137;31.0;32.0;22.0;52.0;Gauche
03072;Chazemais;293;69.0;76.0;59.0;89.0;Gauche
03073;Chemilly;390;100.0;106.0;79.0;105.0;Droite
03074;Chevagnes;403;107.0;138.0;72.0;86.0;Droite
03075;Chezelle;96;9.0;31.0;30.0;26.0;Droite
03076;Chézy;143;22.0;63.0;37.0;21.0;Droite
03077;Chirat-l'Eglise;80;25.0;15.0;28.0;12.0;Extrême-Droite
03078;Chouvigny;169;30.0;60.0;27.0;52.0;Droite
03079;Cindré;190;34.0;53.0;51.0;52.0;Droite
03080;Cognat-Lyonne;432;85.0;139.0;97.0;111.0;Droite
03081;Colombier;219;38.0;37.0;57.0;87.0;Gauche
03082;Commentry;3401;775.0;652.0;790.0;1184.0;Gauche
03083;Contigny;428;107.0;107.0;122.0;92.0;Extrême-Droite
03084;Cosne-d'Allier;1189;290.0;296.0;201.0;402.0;Gauche
03085;Coulandon;457;114.0;108.0;113.0;122.0;Gauche
03086;Coulanges;179;32.0;47.0;53.0;47.0;Extrême-Droite
03087;Couleuvre;357;76.0;80.0;111.0;90.0;Extrême-Droite
03088;Courçais;200;28.0;52.0;66.0;54.0;Extrême-Droite
03089;Coutansouze;91;28.0;21.0;15.0;27.0;Centre
03090;Couzon;179;23.0;41.0;65.0;50.0;Extrême-Droite
03091;Créchy;262;55.0;60.0;82.0;65.0;Extrême-Droite
03092;Cressanges;450;85.0;129.0;111.0;125.0;Droite
03093;Creuzier-le-Neuf;661;190.0;148.0;182.0;141.0;Centre
03094;Creuzier-le-Vieux;2252;596.0;672.0;474.0;510.0;Droite
03095;Cusset;6738;1743.0;1681.0;1525.0;1789.0;Gauche
03096;Deneuille-lès-Chantelle;69;20.0;17.0;12.0;20.0;Gauche
03097;Deneuille-les-Mines;208;40.0;43.0;51.0;74.0;Gauche
03098;Désertines;2696;668.0;541.0;589.0;898.0;Gauche
03099;Deux-Chaises;263;52.0;95.0;47.0;69.0;Droite
03100;Diou;806;196.0;216.0;194.0;200.0;Droite
03101;Domérat;5455;1392.0;1130.0;1220.0;1713.0;Gauche
03102;Dompierre-sur-Besbre;1682;466.0;449.0;313.0;454.0;Centre
03103;Le Donjon;615;162.0;194.0;140.0;119.0;Droite
03104;Doyet;660;153.0;130.0;158.0;219.0;Gauche
03105;Droiturier;229;41.0;65.0;73.0;50.0;Extrême-Droite
03106;Durdat-Larequille;775;202.0;177.0;144.0;252.0;Gauche
03107;Ebreuil;721;164.0;225.0;144.0;188.0;Droite
03108;Echassières;209;42.0;61.0;39.0;67.0;Gauche
03109;Escurolles;442;82.0;110.0;127.0;123.0;Extrême-Droite
03110;Espinasse-Vozelle;570;148.0;152.0;127.0;143.0;Droite
03111;Estivareilles;697;170.0;163.0;177.0;187.0;Gauche
03112;Etroussat;399;85.0;108.0;115.0;91.0;Extrême-Droite
03113;Ferrières-sur-Sichon;328;60.0;91.0;90.0;87.0;Droite
03114;La Ferté-Hauterive;197;41.0;51.0;68.0;37.0;Extrême-Droite
03115;Fleuriel;208;56.0;77.0;38.0;37.0;Droite
03116;Fourilles;152;28.0;51.0;30.0;43.0;Droite
03117;Franchesse;287;42.0;69.0;63.0;113.0;Gauche
03118;Gannat;3063;708.0;767.0;767.0;821.0;Gauche
03119;Gannay-sur-Loire;289;62.0;103.0;72.0;52.0;Droite
03120;Garnat-sur-Engièvre;398;91.0;113.0;115.0;79.0;Extrême-Droite
03121;Gennetines;391;91.0;110.0;93.0;97.0;Droite
03122;Gipcy;135;29.0;33.0;24.0;49.0;Gauche
03124;Gouise;126;28.0;42.0;31.0;25.0;Droite
03125;La Guillermie;82;7.0;22.0;26.0;27.0;Gauche
03126;Hauterive;677;188.0;160.0;176.0;153.0;Centre
03127;Hérisson;360;93.0;115.0;59.0;93.0;Droite
03128;Huriel;1592;389.0;338.0;390.0;475.0;Gauche
03129;Hyds;209;44.0;59.0;49.0;57.0;Droite
03130;Isle-et-Bardais;174;27.0;60.0;38.0;49.0;Droite
03131;Isserpent;316;51.0;98.0;112.0;55.0;Extrême-Droite
03132;Jaligny-sur-Besbre;358;80.0;105.0;104.0;69.0;Droite
03133;Jenzat;370;82.0;93.0;78.0;117.0;Gauche
03134;Laféline;133;26.0;38.0;35.0;34.0;Droite
03135;Lalizolle;224;40.0;67.0;57.0;60.0;Droite
03136;Lamaids;110;21.0;26.0;21.0;42.0;Gauche
03137;Langy;154;27.0;35.0;35.0;57.0;Gauche
03138;Lapalisse;1654;411.0;464.0;404.0;375.0;Droite
03139;Laprugne;229;49.0;58.0;74.0;48.0;Extrême-Droite
03140;Lavault-Sainte-Anne;692;216.0;143.0;118.0;215.0;Centre
03141;Lavoine;154;35.0;68.0;30.0;21.0;Droite
03142;Lenax;164;35.0;47.0;60.0;22.0;Extrême-Droite
03143;Lételon;58;8.0;10.0;16.0;24.0;Gauche
03144;Liernolles;146;35.0;51.0;33.0;27.0;Droite
03145;Lignerolles;507;111.0;100.0;122.0;174.0;Gauche
03146;Limoise;94;18.0;30.0;18.0;28.0;Droite
03147;Loddes;115;19.0;31.0;34.0;31.0;Extrême-Droite
03148;Loriges;218;42.0;46.0;86.0;44.0;Extrême-Droite
03149;Louchy-Montfand;323;95.0;83.0;47.0;98.0;Gauche
03150;Louroux-Bourbonnais;166;34.0;46.0;26.0;60.0;Gauche
03151;Louroux-de-Beaune;127;42.0;28.0;14.0;43.0;Gauche
03152;Louroux-de-Bouble;168;39.0;35.0;46.0;48.0;Gauche
03154;Luneau;189;33.0;65.0;46.0;45.0;Droite
03155;Lurcy-Lévis;1117;208.0;326.0;313.0;270.0;Droite
03156;Lusigny;957;261.0;248.0;210.0;238.0;Centre
03157;Magnet;561;105.0;115.0;185.0;156.0;Extrême-Droite
03158;Haut-Bocage;512;118.0;98.0;123.0;173.0;Gauche
03159;Malicorne;451;109.0;71.0;121.0;150.0;Gauche
03160;Marcenat;214;46.0;57.0;62.0;49.0;Extrême-Droite
03161;Marcillat-en-Combraille;581;148.0;201.0;95.0;137.0;Droite
03162;Marigny;142;36.0;44.0;25.0;37.0;Droite
03163;Mariol;483;85.0;99.0;165.0;134.0;Extrême-Droite
03164;Le Mayet-d'Ecole;181;43.0;51.0;64.0;23.0;Extrême-Droite
03165;Le Mayet-de-Montagne;830;173.0;247.0;185.0;225.0;Droite
03166;Mazerier;205;56.0;57.0;48.0;44.0;Droite
03167;Mazirat;187;37.0;60.0;40.0;50.0;Droite
03168;Meaulne-Vitray;632;121.0;201.0;157.0;153.0;Droite
03169;Meillard;177;23.0;61.0;36.0;57.0;Droite
03170;Meillers;97;21.0;30.0;14.0;32.0;Gauche
03171;Mercy;147;24.0;39.0;31.0;53.0;Gauche
03172;Mesples;78;12.0;28.0;22.0;16.0;Droite
03173;Molinet;683;159.0;182.0;179.0;163.0;Droite
03174;Molles;566;99.0;182.0;146.0;139.0;Droite
03175;Monestier;177;36.0;42.0;59.0;40.0;Extrême-Droite
03176;Monétay-sur-Allier;342;82.0;63.0;100.0;97.0;Extrême-Droite
03177;Monétay-sur-Loire;200;35.0;55.0;58.0;52.0;Extrême-Droite
03178;Montaiguët-en-Forez;169;42.0;43.0;43.0;41.0;Droite
03179;Montaigu-le-Blin;217;46.0;69.0;51.0;51.0;Droite
03180;Montbeugny;422;95.0;105.0;121.0;101.0;Extrême-Droite
03181;Montcombroux-les-Mines;203;37.0;47.0;54.0;65.0;Gauche
03182;Monteignet-sur-l'Andelot;162;29.0;48.0;52.0;33.0;Extrême-Droite
03183;Le Montet;222;61.0;50.0;61.0;50.0;Centre
03184;Montilly;330;65.0;90.0;92.0;83.0;Extrême-Droite
03185;Montluçon;16498;4062.0;4119.0;3006.0;5311.0;Gauche
03186;Montmarault;759;180.0;197.0;174.0;208.0;Gauche
03187;Montoldre;286;57.0;58.0;107.0;64.0;Extrême-Droite
03188;Montord;138;28.0;42.0;34.0;34.0;Droite
03189;Montvicq;430;83.0;100.0;96.0;151.0;Gauche
03190;Moulins;9016;2419.0;2405.0;1643.0;2549.0;Gauche
03191;Murat;171;35.0;44.0;33.0;59.0;Gauche
03192;Nades;70;15.0;8.0;15.0;32.0;Gauche
03193;Nassigny;100;31.0;18.0;27.0;24.0;Centre
03194;Naves;88;19.0;28.0;23.0;18.0;Droite
03195;Néris-les-Bains;1600;436.0;496.0;244.0;424.0;Droite
03196;Neuilly-en-Donjon;160;33.0;50.0;33.0;44.0;Droite
03197;Neuilly-le-Réal;938;243.0;259.0;215.0;221.0;Droite
03198;Neure;116;16.0;34.0;41.0;25.0;Extrême-Droite
03200;Neuvy;1030;334.0;284.0;170.0;242.0;Centre
03201;Nizerolles;198;43.0;55.0;54.0;46.0;Droite
03202;Noyant-d'Allier;349;77.0;91.0;63.0;118.0;Gauche
03203;Paray-le-Frésil;241;40.0;67.0;70.0;64.0;Extrême-Droite
03204;Paray-sous-Briailles;384;79.0;111.0;107.0;87.0;Droite
03205;Périgny;280;46.0;67.0;84.0;83.0;Extrême-Droite
03206;La Petite-Marche;126;26.0;40.0;24.0;36.0;Droite
03207;Pierrefitte-sur-Loire;301;65.0;59.0;91.0;86.0;Extrême-Droite
03208;Le Pin;228;45.0;50.0;82.0;51.0;Extrême-Droite
03209;Poëzat;106;25.0;27.0;26.0;28.0;Gauche
03210;Pouzy-Mésangy;272;30.0;70.0;60.0;112.0;Gauche
03211;Prémilhat;1424;380.0;355.0;286.0;403.0;Gauche
03212;Quinssaines;931;233.0;240.0;252.0;206.0;Extrême-Droite
03213;Reugny;168;33.0;55.0;31.0;49.0;Droite
03214;Rocles;191;38.0;32.0;61.0;60.0;Extrême-Droite
03215;Rongères;366;84.0;103.0;107.0;72.0;Extrême-Droite
03216;Ronnet;126;32.0;40.0;24.0;30.0;Droite
03217;Saint-Angel;485;113.0;132.0;112.0;128.0;Droite
03218;Saint-Aubin-le-Monial;179;28.0;62.0;34.0;55.0;Droite
03219;Saint-Bonnet-de-Four;138;17.0;50.0;48.0;23.0;Droite
03220;Saint-Bonnet-de-Rochefort;440;87.0;140.0;99.0;114.0;Droite
03221;Saint-Bonnet-Tronçais;441;92.0;152.0;114.0;83.0;Droite
03222;Saint-Caprais;66;12.0;18.0;20.0;16.0;Extrême-Droite
03223;Saint-Christophe;305;55.0;87.0;81.0;82.0;Droite
03224;Saint-Clément;225;56.0;71.0;44.0;54.0;Droite
03225;Saint-Désiré;263;46.0;73.0;66.0;78.0;Gauche
03226;Saint-Didier-en-Donjon;156;40.0;36.0;43.0;37.0;Extrême-Droite
03227;Saint-Didier-la-Forêt;230;39.0;70.0;66.0;55.0;Droite
03228;Saint-Eloy-d'Allier;45;8.0;17.0;16.0;4.0;Droite
03229;Saint-Ennemond;371;75.0;99.0;110.0;87.0;Extrême-Droite
03230;Saint-Etienne-de-Vicq;314;67.0;75.0;94.0;78.0;Extrême-Droite
03231;Saint-Fargeol;120;34.0;44.0;20.0;22.0;Droite
03232;Saint-Félix;222;48.0;60.0;51.0;63.0;Gauche
03233;Saint-Genest;232;57.0;52.0;63.0;60.0;Extrême-Droite
03234;Saint-Gérand-de-Vaux;275;59.0;99.0;68.0;49.0;Droite
03235;Saint-Gérand-le-Puy;510;105.0;130.0;152.0;123.0;Extrême-Droite
03236;Saint-Germain-des-Fossés;2002;461.0;485.0;528.0;528.0;Gauche
03237;Saint-Germain-de-Salles;282;67.0;61.0;78.0;76.0;Extrême-Droite
03238;Saint-Hilaire;273;50.0;54.0;71.0;98.0;Gauche
03239;Saint-Léger-sur-Vouzance;161;45.0;42.0;30.0;44.0;Centre
03240;Saint-Léon;364;73.0;91.0;98.0;102.0;Gauche
03241;Saint-Léopardin-d'Augy;227;41.0;60.0;60.0;66.0;Gauche
03242;Saint-Loup;383;74.0;86.0;144.0;79.0;Extrême-Droite
03243;Saint-Marcel-en-Murat;115;19.0;36.0;24.0;36.0;Gauche
03244;Saint-Marcel-en-Marcillat;111;25.0;46.0;30.0;10.0;Droite
03245;Saint-Martin-des-Lais;86;21.0;37.0;14.0;14.0;Droite
03246;Saint-Martinien;359;52.0;88.0;102.0;117.0;Gauche
03247;Saint-Menoux;644;141.0;100.0;100.0;303.0;Gauche
03248;Saint-Nicolas-des-Biefs;132;35.0;23.0;41.0;33.0;Extrême-Droite
03249;Saint-Palais;119;23.0;29.0;33.0;34.0;Gauche
03250;Saint-Pierre-Laval;236;59.0;80.0;51.0;46.0;Droite
03251;Saint-Plaisir;270;45.0;63.0;68.0;94.0;Gauche
03252;Saint-Pont;371;84.0;100.0;85.0;102.0;Gauche
03253;Saint-Pourçain-sur-Besbre;240;73.0;60.0;56.0;51.0;Centre
03254;Saint-Pourçain-sur-Sioule;2755;657.0;810.0;644.0;644.0;Droite
03255;Saint-Priest-d'Andelot;98;17.0;20.0;30.0;31.0;Gauche
03256;Saint-Priest-en-Murat;131;31.0;50.0;22.0;28.0;Droite
03257;Saint-Prix;532;104.0;141.0;169.0;118.0;Extrême-Droite
03258;Saint-Rémy-en-Rollat;1078;267.0;306.0;285.0;220.0;Droite
03259;Saint-Sauvier;195;29.0;49.0;59.0;58.0;Extrême-Droite
03260;Saint-Sornin;136;22.0;27.0;37.0;50.0;Gauche
03261;Sainte-Thérence;127;31.0;39.0;22.0;35.0;Droite
03262;Saint-Victor;1333;326.0;363.0;319.0;325.0;Droite
03263;Saint-Voir;100;14.0;35.0;25.0;26.0;Droite
03264;Saint-Yorre;1509;363.0;310.0;347.0;489.0;Gauche
03265;Saligny-sur-Roudon;438;107.0;150.0;90.0;91.0;Droite
03266;Sanssat;164;36.0;36.0;49.0;43.0;Extrême-Droite
03267;Saulcet;455;105.0;119.0;118.0;113.0;Droite
03268;Saulzet;227;64.0;56.0;61.0;46.0;Centre
03269;Sauvagny;68;12.0;32.0;16.0;8.0;Droite
03270;Sazeret;94;24.0;39.0;18.0;13.0;Droite
03271;Serbannes;525;151.0;143.0;126.0;105.0;Centre
03272;Servilly;187;37.0;40.0;61.0;49.0;Extrême-Droite
03273;Seuillet;318;82.0;64.0;80.0;92.0;Gauche
03274;Sorbier;177;33.0;48.0;42.0;54.0;Gauche
03275;Souvigny;1128;245.0;294.0;260.0;329.0;Gauche
03276;Sussat;79;18.0;15.0;20.0;26.0;Gauche
03277;Target;180;28.0;65.0;33.0;54.0;Droite
03278;Taxat-Senat;146;31.0;64.0;13.0;38.0;Droite
03279;Teillet-Argenty;348;65.0;76.0;110.0;97.0;Extrême-Droite
03280;Terjat;143;32.0;38.0;35.0;38.0;Gauche
03281;Le Theil;248;66.0;80.0;53.0;49.0;Droite
03282;Theneuille;254;41.0;72.0;37.0;104.0;Gauche
03283;Thiel-sur-Acolin;643;146.0;161.0;138.0;198.0;Gauche
03284;Thionne;197;47.0;48.0;56.0;46.0;Extrême-Droite
03285;Tortezais;126;28.0;41.0;23.0;34.0;Droite
03286;Toulon-sur-Allier;750;206.0;230.0;134.0;180.0;Droite
03287;Treban;214;50.0;60.0;55.0;49.0;Droite
03288;Treignat;278;52.0;74.0;74.0;78.0;Gauche
03289;Treteau;321;54.0;94.0;115.0;58.0;Extrême-Droite
03290;Trévol;970;313.0;203.0;169.0;285.0;Centre
03291;Trézelles;258;39.0;83.0;69.0;67.0;Droite
03292;Tronget;529;112.0;111.0;87.0;219.0;Gauche
03293;Urçay;158;27.0;43.0;62.0;26.0;Extrême-Droite
03294;Ussel-d'Allier;115;29.0;35.0;23.0;28.0;Droite
03295;Valignat;62;20.0;10.0;17.0;15.0;Centre
03296;Valigny;239;38.0;65.0;84.0;52.0;Extrême-Droite
03297;Vallon-en-Sully;984;223.0;242.0;256.0;263.0;Gauche
03298;Varennes-sur-Allier;2031;466.0;529.0;541.0;495.0;Extrême-Droite
03299;Varennes-sur-Tèche;140;29.0;34.0;49.0;28.0;Extrême-Droite
03300;Vaumas;311;64.0;73.0;71.0;103.0;Gauche
03301;Vaux;706;143.0;121.0;230.0;212.0;Extrême-Droite
03302;Veauce;39;14.0;13.0;9.0;3.0;Centre
03303;Venas;158;25.0;45.0;28.0;60.0;Gauche
03304;Vendat;1450;407.0;397.0;323.0;323.0;Centre
03305;Verneix;349;62.0;78.0;103.0;106.0;Gauche
03306;Le Vernet;1193;341.0;310.0;228.0;314.0;Centre
03307;Verneuil-en-Bourbonnais;165;49.0;39.0;23.0;54.0;Gauche
03308;Vernusse;93;17.0;30.0;18.0;28.0;Droite
03309;Le Veurdre;284;49.0;92.0;63.0;80.0;Droite
03310;Vichy;12392;3305.0;4271.0;2189.0;2627.0;Droite
03311;Vicq;222;39.0;80.0;41.0;62.0;Droite
03312;Vieure;163;34.0;22.0;29.0;78.0;Gauche
03313;Le Vilhain;169;30.0;44.0;39.0;56.0;Gauche
03314;Villebret;836;220.0;206.0;175.0;235.0;Gauche
03315;Villefranche-d'Allier;727;135.0;200.0;190.0;202.0;Gauche
03316;Villeneuve-sur-Allier;561;118.0;149.0;155.0;139.0;Extrême-Droite
03317;Viplaix;205;40.0;57.0;59.0;49.0;Extrême-Droite
03319;Voussac;275;37.0;88.0;61.0;89.0;Gauche
03320;Ygrande;475;80.0;102.0;96.0;197.0;Gauche
03321;Yzeure;7482;2161.0;1565.0;1264.0;2492.0;Gauche
07001;Accons;299;90.0;82.0;58.0;69.0;Centre
07002;Ailhon;357;85.0;66.0;63.0;143.0;Gauche
07003;Aizac;124;24.0;26.0;12.0;62.0;Gauche
07004;Ajoux;81;20.0;18.0;7.0;36.0;Gauche
07005;Alba-la-Romaine;910;208.0;207.0;153.0;342.0;Gauche
07006;Albon d'Ardèche;108;20.0;20.0;18.0;50.0;Gauche
07007;Alboussière;604;131.0;142.0;154.0;177.0;Gauche
07008;Alissas;955;229.0;197.0;236.0;293.0;Gauche
07009;Andance;593;133.0;135.0;176.0;149.0;Extrême-Droite
07010;Annonay;7790;1912.0;1839.0;1479.0;2560.0;Gauche
07011;Antraigues-sur-Volane;336;62.0;44.0;69.0;161.0;Gauche
07012;Arcens;264;53.0;75.0;54.0;82.0;Gauche
07013;Ardoix;723;163.0;152.0;226.0;182.0;Extrême-Droite
07014;Arlebosc;269;49.0;108.0;49.0;63.0;Droite
07015;Arras-sur-Rhône;319;70.0;57.0;78.0;114.0;Gauche
07016;Asperjoc;256;44.0;42.0;73.0;97.0;Gauche
07017;Assions (Les);454;100.0;93.0;68.0;193.0;Gauche
07018;Astet;56;8.0;20.0;12.0;16.0;Droite
07019;Aubenas;5746;1266.0;1584.0;1163.0;1733.0;Gauche
07020;Aubignas;287;49.0;42.0;85.0;111.0;Gauche
07022;Baix;630;129.0;134.0;186.0;181.0;Extrême-Droite
07023;Balazuc;244;55.0;64.0;35.0;90.0;Gauche
07024;Banne;501;109.0;130.0;82.0;180.0;Gauche
07025;Barnas;179;20.0;33.0;48.0;78.0;Gauche
07026;Béage (Le);231;46.0;86.0;56.0;43.0;Droite
07027;Beauchastel;968;203.0;188.0;257.0;320.0;Gauche
07028;Beaulieu;337;70.0;94.0;57.0;116.0;Gauche
07029;Beaumont;190;47.0;26.0;14.0;103.0;Gauche
07030;Beauvène;180;40.0;36.0;30.0;74.0;Gauche
07031;Berrias-et-Casteljau;487;114.0;107.0;77.0;189.0;Gauche
07032;Berzème;115;32.0;28.0;11.0;44.0;Gauche
07033;Bessas;147;20.0;56.0;31.0;40.0;Droite
07034;Bidon;154;32.0;23.0;45.0;54.0;Gauche
07035;Boffres;431;92.0;123.0;77.0;139.0;Gauche
07036;Bogy;281;65.0;71.0;76.0;69.0;Extrême-Droite
07037;Borée;132;32.0;47.0;32.0;21.0;Droite
07038;Borne;42;8.0;24.0;4.0;6.0;Droite
07039;Bozas;182;20.0;73.0;49.0;40.0;Droite
07040;Boucieu-le-Roi;167;22.0;47.0;58.0;40.0;Extrême-Droite
07041;Boulieu-lès-Annonay;1340;321.0;400.0;322.0;297.0;Droite
07042;Bourg-Saint-Andéol;3987;735.0;948.0;1305.0;999.0;Extrême-Droite
07044;Brossainc;152;43.0;36.0;32.0;41.0;Centre
07045;Burzet;337;70.0;76.0;92.0;99.0;Gauche
07047;Cellier-du-Luc;67;21.0;26.0;11.0;9.0;Droite
07048;Chalencon;239;51.0;59.0;51.0;78.0;Gauche
07049;Chambon (Le);50;12.0;9.0;14.0;15.0;Gauche
07050;Chambonas;443;97.0;100.0;75.0;171.0;Gauche
07051;Champagne;373;72.0;136.0;83.0;82.0;Droite
07052;Champis;375;73.0;112.0;77.0;113.0;Gauche
07053;Chandolas;324;63.0;93.0;46.0;122.0;Gauche
07054;Chanéac;184;45.0;47.0;34.0;58.0;Gauche
07055;Charmes-sur-Rhône;1678;385.0;438.0;421.0;434.0;Droite
07056;Charnas;518;119.0;129.0;138.0;132.0;Extrême-Droite
07058;Chassiers;550;123.0;113.0;109.0;205.0;Gauche
07059;Châteaubourg;155;30.0;51.0;36.0;38.0;Droite
07060;Châteauneuf-de-Vernoux;185;47.0;51.0;19.0;68.0;Gauche
07061;Chauzon;258;51.0;85.0;49.0;73.0;Droite
07062;Chazeaux;82;8.0;14.0;20.0;40.0;Gauche
07063;Cheminas;229;49.0;60.0;62.0;58.0;Extrême-Droite
07064;Cheylard (Le);1918;490.0;659.0;292.0;477.0;Droite
07065;Chirols;165;28.0;27.0;39.0;71.0;Gauche
07066;Chomérac;2017;382.0;490.0;468.0;677.0;Gauche
07067;Colombier-le-Cardinal;192;46.0;56.0;45.0;45.0;Droite
07068;Colombier-le-Jeune;393;74.0;145.0;106.0;68.0;Droite
07069;Colombier-le-Vieux;426;108.0;96.0;109.0;113.0;Gauche
07070;Cornas;1534;360.0;466.0;372.0;336.0;Droite
07071;Coucouron;521;127.0;169.0;163.0;62.0;Droite
07072;Coux;1127;263.0;265.0;216.0;383.0;Gauche
07073;Crestet (Le);344;75.0;90.0;93.0;86.0;Extrême-Droite
07074;Creysseilles;105;31.0;21.0;14.0;39.0;Gauche
07075;Cros-de-Géorand;146;33.0;53.0;19.0;41.0;Droite
07076;Cruas;1730;316.0;281.0;495.0;638.0;Gauche
07077;Darbres;166;36.0;29.0;30.0;71.0;Gauche
07078;Davézieux;1988;496.0;639.0;400.0;453.0;Droite
07079;Désaignes;735;148.0;159.0;115.0;313.0;Gauche
07080;Devesset;238;55.0;49.0;50.0;84.0;Gauche
07081;Dompnac;63;10.0;11.0;12.0;30.0;Gauche
07082;Dornas;167;32.0;42.0;52.0;41.0;Extrême-Droite
07083;Dunière-sur-Eyrieux;289;60.0;55.0;52.0;122.0;Gauche
07084;Eclassan;627;138.0;145.0;165.0;179.0;Gauche
07085;Empurany;370;75.0;141.0;66.0;88.0;Droite
07086;Etables;507;106.0;121.0;131.0;149.0;Gauche
07087;Fabras;255;55.0;46.0;49.0;105.0;Gauche
07088;Faugères;86;20.0;28.0;4.0;34.0;Gauche
07089;Félines;974;210.0;269.0;281.0;214.0;Extrême-Droite
07090;Flaviac;686;141.0;164.0;192.0;189.0;Extrême-Droite
07091;Fons;214;55.0;50.0;35.0;74.0;Gauche
07092;Freyssenet;41;10.0;16.0;6.0;9.0;Droite
07093;Genestelle;211;38.0;55.0;30.0;88.0;Gauche
07094;Gilhac-et-Bruzac;109;22.0;20.0;24.0;43.0;Gauche
07095;Gilhoc-sur-Ormèze;308;64.0;93.0;90.0;61.0;Droite
07096;Gluiras;264;74.0;73.0;33.0;84.0;Gauche
07097;Glun;422;91.0;116.0;108.0;107.0;Droite
07098;Gourdon;61;4.0;17.0;16.0;24.0;Gauche
07099;Gras;397;75.0;94.0;95.0;133.0;Gauche
07100;Gravières;305;68.0;65.0;59.0;113.0;Gauche
07101;Grospierres;539;91.0;113.0;127.0;208.0;Gauche
07102;Guilherand-Granges;6629;1750.0;2027.0;1338.0;1514.0;Droite
07103;Intres;111;24.0;36.0;29.0;22.0;Droite
07104;Issamoulenc;70;12.0;13.0;19.0;26.0;Gauche
07105;Issanlas;114;27.0;31.0;29.0;27.0;Droite
07106;Issarlès;112;18.0;43.0;28.0;23.0;Droite
07107;Jaujac;776;147.0;153.0;113.0;363.0;Gauche
07108;Jaunac;83;13.0;23.0;21.0;26.0;Gauche
07109;Joannas;228;47.0;27.0;36.0;118.0;Gauche
07110;Joyeuse;942;195.0;260.0;182.0;305.0;Gauche
07111;Juvinas;129;19.0;35.0;27.0;48.0;Gauche
07112;Labastide-sur-Bésorgues;162;23.0;38.0;36.0;65.0;Gauche
07113;Labastide-de-Virac;176;39.0;29.0;36.0;72.0;Gauche
07114;Labatie-d'Andaure;161;31.0;45.0;32.0;53.0;Gauche
07115;Labeaume;494;123.0;136.0;100.0;135.0;Droite
07116;Labégude;778;149.0;193.0;205.0;231.0;Gauche
07117;Lablachère;1336;274.0;351.0;292.0;419.0;Gauche
07118;Laboule;91;18.0;11.0;9.0;53.0;Gauche
07119;Lac-d'Issarlès (Le);168;25.0;60.0;60.0;23.0;Droite
07120;Lachamp-Raphaël;47;15.0;18.0;7.0;7.0;Droite
07121;Lachapelle-Graillouse;192;44.0;53.0;59.0;36.0;Extrême-Droite
07122;Lachapelle-sous-Aubenas;915;194.0;224.0;193.0;304.0;Gauche
07123;Lachapelle-sous-Chanéac;121;20.0;37.0;27.0;37.0;Gauche
07124;Lafarre;39;9.0;18.0;9.0;3.0;Droite
07126;Lagorce;713;152.0;114.0;136.0;311.0;Gauche
07127;Lalevade-d'Ardèche;600;105.0;150.0;171.0;174.0;Gauche
07128;Lalouvesc;272;56.0;109.0;72.0;35.0;Droite
07130;Lanarce;141;24.0;59.0;33.0;25.0;Droite
07131;Lanas;282;56.0;45.0;51.0;130.0;Gauche
07132;Largentière;858;175.0;195.0;138.0;350.0;Gauche
07133;Larnas;123;16.0;31.0;26.0;50.0;Gauche
07134;Laurac-en-Vivarais;613;139.0;171.0;120.0;183.0;Gauche
07135;Laval-d'Aurelle;22;6.0;13.0;3.0;0.0;Droite
07136;Laveyrune;83;17.0;33.0;12.0;21.0;Droite
07137;Lavillatte;57;7.0;22.0;15.0;13.0;Droite
07138;Lavilledieu;1302;210.0;322.0;353.0;417.0;Gauche
07139;Laviolle;84;14.0;25.0;16.0;29.0;Gauche
07140;Lemps;498;122.0;100.0;146.0;130.0;Extrême-Droite
07141;Lentillères;145;30.0;25.0;27.0;63.0;Gauche
07142;Lespéron;210;35.0;73.0;65.0;37.0;Droite
07143;Limony;486;87.0;113.0;162.0;124.0;Extrême-Droite
07144;Loubaresse;40;16.0;10.0;3.0;11.0;Centre
07145;Lussas;744;158.0;133.0;150.0;303.0;Gauche
07146;Lyas;425;115.0;104.0;71.0;135.0;Gauche
07147;Malarce-sur-la-Thines;154;33.0;21.0;7.0;93.0;Gauche
07148;Malbosc;145;27.0;26.0;27.0;65.0;Gauche
07149;Marcols-les-Eaux;120;26.0;32.0;19.0;43.0;Gauche
07150;Mariac;398;106.0;124.0;78.0;90.0;Droite
07151;Mars;168;44.0;44.0;37.0;43.0;Centre
07152;Mauves;817;179.0;224.0;227.0;187.0;Extrême-Droite
07153;Mayres;176;43.0;44.0;40.0;49.0;Gauche
07154;Mazan-l'Abbaye;147;30.0;37.0;41.0;39.0;Extrême-Droite
07155;Mercuer;879;210.0;196.0;176.0;297.0;Gauche
07156;Meyras;580;130.0;100.0;146.0;204.0;Gauche
07157;Meysse;833;154.0;143.0;302.0;234.0;Extrême-Droite
07158;Mézilhac;91;13.0;33.0;27.0;18.0;Droite
07159;Mirabel;370;74.0;91.0;89.0;116.0;Gauche
07160;Monestier;43;7.0;10.0;11.0;15.0;Gauche
07161;Montpezat-sous-Bauzon;506;98.0;128.0;129.0;151.0;Gauche
07162;Montréal;348;71.0;95.0;72.0;110.0;Gauche
07163;Montselgues;69;13.0;19.0;8.0;29.0;Gauche
07165;Nonières (Les);131;30.0;28.0;31.0;42.0;Gauche
07166;Nozières;182;28.0;55.0;33.0;66.0;Gauche
07167;Ollières-sur-Eyrieux (Les);607;156.0;124.0;152.0;175.0;Gauche
07168;Orgnac-l'Aven;378;64.0;96.0;94.0;124.0;Gauche
07169;Ozon;205;55.0;55.0;49.0;46.0;Centre
07170;Pailharès;188;21.0;43.0;49.0;75.0;Gauche
07171;Payzac;356;82.0;71.0;30.0;173.0;Gauche
07172;Peaugres;1338;299.0;432.0;330.0;277.0;Droite
07173;Péreyres;47;10.0;20.0;4.0;13.0;Droite
07174;Peyraud;282;53.0;54.0;91.0;84.0;Extrême-Droite
07175;Plagnal (Le);39;9.0;8.0;10.0;12.0;Gauche
07176;Planzolles;91;15.0;20.0;18.0;38.0;Gauche
07177;Plats;515;87.0;156.0;177.0;95.0;Extrême-Droite
07178;Pont-de-Labeaume;344;57.0;61.0;106.0;120.0;Gauche
07179;Pourchères;113;18.0;31.0;19.0;45.0;Gauche
07181;Pouzin (Le);1453;287.0;261.0;484.0;421.0;Extrême-Droite
07182;Prades;806;137.0;172.0;244.0;253.0;Gauche
07183;Pradons;302;47.0;75.0;91.0;89.0;Extrême-Droite
07184;Pranles;325;82.0;67.0;79.0;97.0;Gauche
07185;Préaux;416;86.0;98.0;100.0;132.0;Gauche
07186;Privas;4191;1044.0;979.0;739.0;1429.0;Gauche
07187;Prunet;87;21.0;20.0;20.0;26.0;Gauche
07188;Quintenas;1004;241.0;241.0;303.0;219.0;Extrême-Droite
07189;Ribes;187;47.0;58.0;18.0;64.0;Gauche
07190;Rochecolombe;153;36.0;37.0;27.0;53.0;Gauche
07191;Rochemaure;1358;270.0;297.0;361.0;430.0;Gauche
07192;Rochepaule;218;45.0;63.0;61.0;49.0;Droite
07193;Rocher;110;18.0;31.0;21.0;40.0;Gauche
07194;Rochessauve;289;71.0;59.0;61.0;98.0;Gauche
07195;Rochette (La);63;14.0;19.0;5.0;25.0;Gauche
07196;Rocles;167;22.0;38.0;18.0;89.0;Gauche
07197;Roiffieux;1805;409.0;500.0;481.0;415.0;Droite
07198;Rompon;689;146.0;157.0;177.0;209.0;Gauche
07199;Rosières;827;195.0;226.0;166.0;240.0;Gauche
07200;Roux (Le);67;9.0;24.0;15.0;19.0;Droite
07201;Ruoms;1354;249.0;397.0;368.0;340.0;Droite
07202;Sablières;124;14.0;28.0;13.0;69.0;Gauche
07203;Sagnes-et-Goudoulet;115;29.0;48.0;18.0;20.0;Droite
07204;Saint-Agrève;1557;398.0;427.0;275.0;457.0;Gauche
07205;Saint-Alban-d'Ay;856;169.0;222.0;258.0;207.0;Extrême-Droite
07206;Saint-Alban-en-Montagne;60;15.0;26.0;14.0;5.0;Droite
07207;Saint-Alban-Auriolles;679;136.0;166.0;151.0;226.0;Gauche
07208;Saint-Andéol-de-Berg;86;15.0;21.0;9.0;41.0;Gauche
07209;Saint-Andéol-de-Fourchades;48;11.0;20.0;12.0;5.0;Droite
07210;Saint-Andéol-de-Vals;365;80.0;57.0;60.0;168.0;Gauche
07211;Saint-André-de-Cruzières;340;64.0;77.0;59.0;140.0;Gauche
07212;Saint-André-en-Vivarais;153;12.0;55.0;50.0;36.0;Droite
07213;Saint-André-Lachamp;115;18.0;27.0;8.0;62.0;Gauche
07214;Saint-Apollinaire-de-Rias;132;28.0;39.0;20.0;45.0;Gauche
07215;Saint-Barthélemy-le-Meil;141;19.0;46.0;29.0;47.0;Gauche
07216;Saint-Barthélemy-Grozon;327;56.0;101.0;68.0;102.0;Gauche
07217;Saint-Barthélemy-le-Plain;518;74.0;162.0;181.0;101.0;Extrême-Droite
07218;Saint-Basile;227;48.0;67.0;40.0;72.0;Gauche
07219;Saint-Bauzile;172;23.0;28.0;47.0;74.0;Gauche
07220;Saint-Christol;75;19.0;21.0;8.0;27.0;Gauche
07221;Saint-Cierge-la-Serre;183;22.0;35.0;56.0;70.0;Gauche
07222;Saint-Cierge-sous-le-Cheylard;155;41.0;53.0;15.0;46.0;Droite
07223;Saint-Cirgues-de-Prades;89;24.0;22.0;11.0;32.0;Gauche
07224;Saint-Cirgues-en-Montagne;174;32.0;56.0;57.0;29.0;Extrême-Droite
07225;Saint-Clair;784;195.0;280.0;129.0;180.0;Droite
07226;Saint-Clément;76;19.0;21.0;18.0;18.0;Droite
07227;Saint-Cyr;810;149.0;226.0;212.0;223.0;Droite
07228;Saint-Désirat;496;107.0;162.0;91.0;136.0;Droite
07229;Saint-Didier-sous-Aubenas;559;140.0;144.0;142.0;133.0;Droite
07230;Saint-Etienne-de-Boulogne;267;45.0;62.0;38.0;122.0;Gauche
07231;Saint-Etienne-de-Fontbellon;1610;373.0;494.0;290.0;453.0;Droite
07232;Saint-Etienne-de-Lugdarès;271;41.0;103.0;70.0;57.0;Droite
07233;Saint-Etienne-de-Serres;146;31.0;32.0;16.0;67.0;Gauche
07234;Saint-Etienne-de-Valoux;160;31.0;43.0;32.0;54.0;Gauche
07235;Sainte-Eulalie;167;34.0;73.0;29.0;31.0;Droite
07236;Saint-Félicien;660;149.0;201.0;142.0;168.0;Droite
07237;Saint-Fortunat-sur-Eyrieux;480;117.0;100.0;97.0;166.0;Gauche
07238;Saint-Genest-de-Beauzon;195;48.0;41.0;40.0;66.0;Gauche
07239;Saint-Genest-Lachamp;80;21.0;27.0;16.0;16.0;Droite
07240;Saint-Georges-les-Bains;1389;386.0;345.0;323.0;335.0;Centre
07241;Saint-Germain;460;89.0;113.0;128.0;130.0;Gauche
07242;Saint-Gineys-en-Coiron;77;13.0;27.0;21.0;16.0;Droite
07243;Saint-Jacques-d'Atticieux;169;23.0;48.0;61.0;37.0;Extrême-Droite
07244;Saint-Jean-Chambre;188;48.0;30.0;19.0;91.0;Gauche
07245;Saint-Jean-de-Muzols;1655;419.0;472.0;338.0;426.0;Droite
07247;Saint-Jean-le-Centenier;421;98.0;79.0;96.0;148.0;Gauche
07248;Saint-Jean-Roure;208;40.0;55.0;42.0;71.0;Gauche
07249;Saint-Jeure-d'Andaure;82;18.0;25.0;19.0;20.0;Droite
07250;Saint-Jeure-d'Ay;284;67.0;59.0;74.0;84.0;Gauche
07251;Saint-Joseph-des-Bancs;107;22.0;20.0;32.0;33.0;Gauche
07252;Saint-Julien-Boutières;123;28.0;31.0;36.0;28.0;Extrême-Droite
07253;Saint-Julien-du-Gua;143;38.0;39.0;21.0;45.0;Gauche
07254;Saint-Julien-du-Serre;593;125.0;115.0;130.0;223.0;Gauche
07255;Saint-Julien-en-Saint-Alban;887;206.0;129.0;305.0;247.0;Extrême-Droite
07256;Saint-Julien-Labrousse;231;48.0;75.0;34.0;74.0;Droite
07257;Saint-Julien-le-Roux;81;24.0;16.0;13.0;28.0;Gauche
07258;Saint-Julien-Vocance;159;21.0;50.0;35.0;53.0;Gauche
07259;Saint-Just-d'Ardèche;1011;164.0;240.0;374.0;233.0;Extrême-Droite
07260;Saint-Lager-Bressac;559;97.0;133.0;175.0;154.0;Extrême-Droite
07261;Saint-Laurent-du-Pape;966;223.0;242.0;207.0;294.0;Gauche
07262;Saint-Laurent-les-Bains;118;26.0;36.0;18.0;38.0;Gauche
07263;Saint-Laurent-sous-Coiron;88;27.0;13.0;4.0;44.0;Gauche
07264;Saint-Marcel-d'Ardèche;1627;291.0;399.0;552.0;385.0;Extrême-Droite
07265;Saint-Marcel-lès-Annonay;852;161.0;225.0;283.0;183.0;Extrême-Droite
07266;Sainte-Marguerite-Lafigère;88;22.0;22.0;13.0;31.0;Gauche
07267;Saint-Martial;190;40.0;53.0;51.0;46.0;Droite
07268;Saint-Martin-d'Ardèche;628;128.0;201.0;162.0;137.0;Droite
07269;Saint-Martin-de-Valamas;767;190.0;201.0;140.0;236.0;Gauche
07270;Saint-Martin-sur-Lavezon;299;57.0;67.0;63.0;112.0;Gauche
07272;Saint-Maurice-d'Ardèche;199;56.0;59.0;23.0;61.0;Gauche
07273;Saint-Maurice-d'Ibie;152;19.0;35.0;31.0;67.0;Gauche
07274;Saint-Maurice-en-Chalencon;139;26.0;21.0;34.0;58.0;Gauche
07275;Saint-Mélany;76;13.0;18.0;10.0;35.0;Gauche
07276;Saint-Michel-d'Aurance;163;30.0;41.0;46.0;46.0;Gauche
07277;Saint-Michel-de-Boulogne;93;17.0;20.0;17.0;39.0;Gauche
07278;Saint-Michel-de-Chabrillanoux;257;57.0;36.0;19.0;145.0;Gauche
07279;Saint-Montan;1280;244.0;249.0;388.0;399.0;Gauche
07280;Saint-Paul-le-Jeune;595;72.0;147.0;139.0;237.0;Gauche
07281;Saint-Péray;5020;1459.0;1528.0;835.0;1198.0;Droite
07282;Saint-Pierre-de-Colombier;314;41.0;129.0;75.0;69.0;Droite
07283;Saint-Pierre-la-Roche;43;7.0;14.0;6.0;16.0;Gauche
07284;Saint-Pierre-Saint-Jean;118;36.0;33.0;14.0;35.0;Centre
07285;Saint-Pierre-sur-Doux;72;14.0;22.0;14.0;22.0;Gauche
07286;Saint-Pierreville;299;69.0;75.0;54.0;101.0;Gauche
07287;Saint-Pons;210;46.0;62.0;34.0;68.0;Gauche
07288;Saint-Priest;879;247.0;160.0;189.0;283.0;Gauche
07289;Saint-Privat;1105;255.0;228.0;289.0;333.0;Gauche
07290;Saint-Prix;182;24.0;34.0;50.0;74.0;Gauche
07291;Saint-Remèze;634;98.0;159.0;209.0;168.0;Extrême-Droite
07292;Saint-Romain-d'Ay;711;140.0;150.0;232.0;189.0;Extrême-Droite
07293;Saint-Romain-de-Lerps;541;109.0;153.0;142.0;137.0;Droite
07294;Saint-Sauveur-de-Cruzières;383;60.0;99.0;118.0;106.0;Extrême-Droite
07295;Saint-Sauveur-de-Montagut;686;187.0;132.0;153.0;214.0;Gauche
07296;Saint-Sernin;1047;232.0;256.0;248.0;311.0;Gauche
07297;Saint-Sylvestre;321;41.0;127.0;79.0;74.0;Droite
07298;Saint-Symphorien-sous-Chomérac;532;134.0;115.0;126.0;157.0;Gauche
07299;Saint-Symphorien-de-Mahun;108;17.0;38.0;21.0;32.0;Droite
07300;Saint-Thomé;307;69.0;70.0;79.0;89.0;Gauche
07301;Saint-Victor;625;100.0;178.0;173.0;174.0;Droite
07302;Saint-Vincent-de-Barrès;552;108.0;121.0;136.0;187.0;Gauche
07303;Saint-Vincent-de-Durfort;182;44.0;28.0;34.0;76.0;Gauche
07304;Salavas;461;108.0;71.0;109.0;173.0;Gauche
07305;Salelles (Les);239;33.0;74.0;29.0;103.0;Gauche
07306;Sampzon;159;25.0;43.0;50.0;41.0;Extrême-Droite
07307;Sanilhac;321;57.0;76.0;62.0;126.0;Gauche
07308;Sarras;1257;292.0;278.0;353.0;334.0;Extrême-Droite
07309;Satillieu;972;213.0;299.0;235.0;225.0;Droite
07310;Savas;646;163.0;188.0;166.0;129.0;Droite
07311;Sceautres;108;24.0;32.0;15.0;37.0;Gauche
07312;Sécheras;344;78.0;54.0;76.0;136.0;Gauche
07313;Serrières;551;93.0;173.0;151.0;134.0;Droite
07314;Silhac;283;58.0;69.0;40.0;116.0;Gauche
07315;Souche (La);308;66.0;61.0;56.0;125.0;Gauche
07316;Soyons;1412;400.0;430.0;252.0;330.0;Droite
07317;Talencieux;681;154.0;193.0;177.0;157.0;Droite
07318;Tauriers;128;17.0;32.0;24.0;55.0;Gauche
07319;Teil (Le);4336;790.0;809.0;1413.0;1324.0;Extrême-Droite
07321;Thorrenc;145;34.0;48.0;38.0;25.0;Droite
07322;Thueyts;768;152.0;210.0;230.0;176.0;Extrême-Droite
07323;Toulaud;1136;305.0;255.0;270.0;306.0;Gauche
07324;Tournon-sur-Rhône;5771;1429.0;1604.0;1125.0;1613.0;Gauche
07325;Ucel;1202;287.0;326.0;245.0;344.0;Gauche
07326;Usclades-et-Rieutord;93;22.0;27.0;22.0;22.0;Droite
07327;Uzer;270;55.0;72.0;59.0;84.0;Gauche
07328;Vagnas;338;73.0;82.0;75.0;108.0;Gauche
07329;Valgorge;252;43.0;42.0;65.0;102.0;Gauche
07330;Vallon-Pont-d'Arc;1520;324.0;311.0;318.0;567.0;Gauche
07331;Vals-les-Bains;2266;438.0;622.0;518.0;688.0;Gauche
07332;Valvignères;328;77.0;87.0;60.0;104.0;Gauche
07333;Vanosc;556;95.0;130.0;151.0;180.0;Gauche
07334;Vans (Les);1637;347.0;412.0;273.0;605.0;Gauche
07335;Vaudevant;142;38.0;33.0;35.0;36.0;Centre
07336;Vernon;182;41.0;56.0;19.0;66.0;Gauche
07337;Vernosc-lès-Annonay;1537;340.0;405.0;381.0;411.0;Gauche
07338;Vernoux-en-Vivarais;1133;252.0;321.0;233.0;327.0;Gauche
07339;Vesseaux;1158;281.0;252.0;270.0;355.0;Gauche
07340;Veyras;1092;323.0;263.0;183.0;323.0;Gauche
07341;Villeneuve-de-Berg;1537;277.0;347.0;358.0;555.0;Gauche
07342;Villevocance;759;138.0;185.0;256.0;180.0;Extrême-Droite
07343;Vinezac;824;166.0;169.0;192.0;297.0;Gauche
07344;Vinzieux;268;64.0;68.0;64.0;72.0;Gauche
07345;Vion;596;127.0;129.0;128.0;212.0;Gauche
07346;Viviers;2169;372.0;445.0;714.0;638.0;Extrême-Droite
07347;Vocance;354;43.0;75.0;120.0;116.0;Extrême-Droite
07348;Vogüé;641;140.0;130.0;141.0;230.0;Gauche
07349;Voulte-sur-Rhône (La);2551;512.0;480.0;715.0;844.0;Gauche
15001;Allanche;556;120.0;185.0;101.0;150.0;Droite
15002;Alleuze;164;34.0;65.0;42.0;23.0;Droite
15003;Ally;446;115.0;163.0;72.0;96.0;Droite
15004;Andelat;290;82.0;85.0;61.0;62.0;Droite
15005;Anglards-de-Saint-Flour;244;67.0;72.0;52.0;53.0;Droite
15006;Anglards-de-Salers;503;124.0;204.0;86.0;89.0;Droite
15007;Anterrieux;96;17.0;53.0;13.0;13.0;Droite
15008;Antignac;180;38.0;63.0;23.0;56.0;Droite
15009;Apchon;168;39.0;58.0;24.0;47.0;Droite
15010;Arches;139;35.0;25.0;31.0;48.0;Gauche
15011;Arnac;154;36.0;52.0;25.0;41.0;Droite
15012;Arpajon-sur-Cère;4001;1272.0;1080.0;697.0;952.0;Centre
15013;Auriac-l'Eglise;153;46.0;49.0;34.0;24.0;Droite
15014;Aurillac;13120;4207.0;3281.0;1762.0;3870.0;Centre
15015;Auzers;141;41.0;56.0;13.0;31.0;Droite
15016;Ayrens;387;100.0;103.0;97.0;87.0;Droite
15017;Badailhac;96;24.0;34.0;35.0;3.0;Extrême-Droite
15018;Barriac-les-Bosquets;79;16.0;36.0;14.0;13.0;Droite
15019;Bassignac;174;41.0;42.0;25.0;66.0;Gauche
15020;Beaulieu;53;11.0;24.0;5.0;13.0;Droite
15021;Boisset;419;116.0;160.0;59.0;84.0;Droite
15022;Bonnac;140;34.0;55.0;25.0;26.0;Droite
15024;Brageac;54;4.0;19.0;21.0;10.0;Extrême-Droite
15025;Albepierre-Bredons;204;61.0;87.0;27.0;29.0;Droite
15026;Brezons;152;17.0;89.0;20.0;26.0;Droite
15027;Calvinet;298;85.0;111.0;52.0;50.0;Droite
15028;Carlat;248;42.0;91.0;57.0;58.0;Droite
15029;Cassaniouze;346;71.0;148.0;61.0;66.0;Droite
15030;Cayrols;179;43.0;50.0;31.0;55.0;Gauche
15032;Celoux;58;16.0;15.0;15.0;12.0;Centre
15033;Cézens;189;33.0;96.0;27.0;33.0;Droite
15034;Chaliers;115;37.0;42.0;15.0;21.0;Droite
15036;Chalvignac;326;74.0;105.0;91.0;56.0;Droite
15037;Champagnac;663;187.0;124.0;148.0;204.0;Gauche
15038;Champs-sur-Tarentaine-Marchal;657;158.0;180.0;93.0;226.0;Gauche
15040;Chanterelle;81;13.0;34.0;21.0;13.0;Droite
15041;La Chapelle-d'Alagnon;171;53.0;73.0;21.0;24.0;Droite
15042;La Chapelle-Laurent;224;46.0;107.0;57.0;14.0;Droite
15043;Charmensac;76;16.0;21.0;26.0;13.0;Extrême-Droite
15045;Chaudes-Aigues;528;121.0;232.0;99.0;76.0;Droite
15046;Chaussenac;153;35.0;43.0;39.0;36.0;Droite
15048;Chazelles;31;6.0;12.0;4.0;9.0;Droite
15049;Cheylade;189;38.0;116.0;18.0;17.0;Droite
15050;Le Claux;161;49.0;65.0;22.0;25.0;Droite
15051;Clavières;156;30.0;72.0;35.0;19.0;Droite
15052;Collandres;153;44.0;42.0;28.0;39.0;Centre
15053;Coltines;299;78.0;73.0;66.0;82.0;Gauche
15054;Condat;590;143.0;187.0;129.0;131.0;Droite
15055;Coren;305;88.0;107.0;60.0;50.0;Droite
15056;Crandelles;486;153.0;135.0;75.0;123.0;Centre
15057;Cros-de-Montvert;154;43.0;49.0;30.0;32.0;Droite
15058;Cros-de-Ronesque;104;22.0;41.0;22.0;19.0;Droite
15059;Cussac;116;36.0;38.0;26.0;16.0;Droite
15060;Deux-Verges;35;4.0;19.0;6.0;6.0;Droite
15061;Dienne;211;47.0;102.0;25.0;37.0;Droite
15063;Drugeac;264;59.0;80.0;73.0;52.0;Droite
15064;Escorailles;59;11.0;26.0;15.0;7.0;Droite
15065;Espinasse;52;6.0;25.0;12.0;9.0;Droite
15066;Le Falgoux;111;43.0;33.0;10.0;25.0;Centre
15067;Le Fau;44;11.0;24.0;3.0;6.0;Droite
15069;Ferrières-Saint-Mary;173;45.0;63.0;34.0;31.0;Droite
15070;Fontanges;160;48.0;59.0;15.0;38.0;Droite
15072;Freix-Anglards;153;49.0;41.0;35.0;28.0;Centre
15073;Fridefont;76;8.0;35.0;23.0;10.0;Droite
15074;Giou-de-Mamou;499;153.0;167.0;69.0;110.0;Droite
15075;Girgols;57;17.0;17.0;18.0;5.0;Extrême-Droite
15076;Glénat;139;24.0;53.0;24.0;38.0;Droite
15077;Gourdièges;45;6.0;23.0;13.0;3.0;Droite
15078;Jabrun;113;21.0;51.0;27.0;14.0;Droite
15079;Jaleyrac;282;70.0;70.0;70.0;72.0;Gauche
15080;Joursac;126;21.0;36.0;43.0;26.0;Extrême-Droite
15081;Jou-sous-Monjou;83;24.0;30.0;18.0;11.0;Droite
15082;Junhac;213;54.0;116.0;21.0;22.0;Droite
15083;Jussac;1254;361.0;336.0;252.0;305.0;Centre
15084;Labesserette;182;34.0;81.0;39.0;28.0;Droite
15085;Labrousse;293;71.0;76.0;87.0;59.0;Extrême-Droite
15086;Lacapelle-Barrès;36;6.0;21.0;7.0;2.0;Droite
15087;Lacapelle-del-Fraisse;202;49.0;64.0;41.0;48.0;Droite
15088;Lacapelle-Viescamp;350;95.0;93.0;74.0;88.0;Centre
15089;Ladinhac;312;80.0;115.0;58.0;59.0;Droite
15090;Lafeuillade-en-Vézie;355;103.0;111.0;84.0;57.0;Droite
15091;Landeyrat;66;17.0;28.0;10.0;11.0;Droite
15092;Lanobre;963;246.0;287.0;150.0;280.0;Droite
15093;Lapeyrugue;61;8.0;33.0;14.0;6.0;Droite
15094;Laroquebrou;475;125.0;158.0;64.0;128.0;Droite
15095;Laroquevieille;246;61.0;68.0;70.0;47.0;Extrême-Droite
15096;Lascelle;183;51.0;67.0;31.0;34.0;Droite
15097;Lastic;90;24.0;32.0;20.0;14.0;Droite
15098;Laurie;68;19.0;29.0;16.0;4.0;Droite
15100;Laveissenet;84;10.0;40.0;22.0;12.0;Droite
15101;Laveissière;390;91.0;111.0;95.0;93.0;Droite
15102;Lavigerie;88;19.0;39.0;15.0;15.0;Droite
15103;Leucamp;155;38.0;54.0;45.0;18.0;Droite
15104;Leynhac;225;48.0;101.0;39.0;37.0;Droite
15105;Leyvaux;37;8.0;17.0;5.0;7.0;Droite
15106;Lieutadès;125;17.0;74.0;27.0;7.0;Droite
15107;Lorcières;142;24.0;65.0;29.0;24.0;Droite
15108;Val d'Arcomie;742;152.0;276.0;164.0;150.0;Droite
15110;Lugarde;111;38.0;35.0;18.0;20.0;Centre
15111;Madic;152;32.0;47.0;36.0;37.0;Droite
15112;Malbo;78;11.0;45.0;17.0;5.0;Droite
15113;Mandailles-Saint-Julien;196;29.0;83.0;38.0;46.0;Droite
15114;Marcenat;328;67.0;140.0;69.0;52.0;Droite
15116;Marchastel;128;34.0;58.0;18.0;18.0;Droite
15117;Marcolès;397;96.0;168.0;47.0;86.0;Droite
15118;Marmanhac;473;117.0;149.0;92.0;115.0;Droite
15119;Massiac;1124;250.0;378.0;232.0;264.0;Droite
15120;Mauriac;1984;583.0;573.0;323.0;505.0;Centre
15121;Maurines;79;22.0;20.0;30.0;7.0;Extrême-Droite
15122;Maurs;1301;360.0;381.0;194.0;366.0;Droite
15123;Méallet;136;27.0;64.0;24.0;21.0;Droite
15124;Menet;375;81.0;110.0;66.0;118.0;Gauche
15125;Mentières;99;20.0;39.0;18.0;22.0;Droite
15126;Molèdes;76;18.0;36.0;16.0;6.0;Droite
15127;Molompize;214;42.0;74.0;37.0;61.0;Droite
15128;La Monselie;97;21.0;33.0;18.0;25.0;Droite
15129;Montboudif;158;34.0;57.0;42.0;25.0;Droite
15130;Montchamp;96;29.0;31.0;21.0;15.0;Droite
15131;Le Monteil;198;42.0;75.0;42.0;39.0;Droite
15132;Montgreleix;43;7.0;25.0;6.0;5.0;Droite
15133;Montmurat;79;20.0;22.0;19.0;18.0;Droite
15134;Montsalvy;517;118.0;217.0;78.0;104.0;Droite
15135;Montvert;78;14.0;34.0;12.0;18.0;Droite
15136;Mourjou;216;84.0;81.0;22.0;29.0;Centre
15137;Moussages;202;42.0;73.0;23.0;64.0;Droite
15138;Murat;1144;286.0;361.0;243.0;254.0;Droite
15139;Narnhac;58;10.0;32.0;13.0;3.0;Droite
15140;Naucelles;1306;430.0;362.0;219.0;295.0;Centre
15141;Neussargues en Pinatelle;1262;306.0;433.0;242.0;281.0;Droite
15142;Neuvéglise-sur-Truyère;1218;282.0;442.0;276.0;218.0;Droite
15143;Nieudan;85;13.0;35.0;15.0;22.0;Droite
15144;Omps;206;57.0;64.0;38.0;47.0;Droite
15146;Pailherols;139;21.0;85.0;13.0;20.0;Droite
15147;Parlan;262;84.0;85.0;29.0;64.0;Droite
15148;Paulhac;311;64.0;159.0;47.0;41.0;Droite
15149;Paulhenc;138;19.0;69.0;29.0;21.0;Droite
15151;Peyrusse;123;18.0;63.0;19.0;23.0;Droite
15152;Pierrefort;529;129.0;239.0;72.0;89.0;Droite
15153;Pleaux;1075;317.0;349.0;197.0;212.0;Droite
15154;Polminhac;787;209.0;240.0;177.0;161.0;Droite
15155;Pradiers;62;19.0;22.0;8.0;13.0;Droite
15156;Prunet;393;110.0;128.0;82.0;73.0;Droite
15157;Quézac;210;54.0;63.0;34.0;59.0;Droite
15158;Rageade;77;25.0;25.0;16.0;11.0;Centre
15159;Raulhac;209;63.0;87.0;33.0;26.0;Droite
15160;Reilhac;703;172.0;175.0;144.0;212.0;Gauche
15161;Rézentières;82;17.0;34.0;19.0;12.0;Droite
15162;Riom-ès-Montagnes;1498;430.0;442.0;236.0;390.0;Droite
15163;Roannes-Saint-Mary;683;198.0;210.0;118.0;157.0;Droite
15164;Roffiac;386;88.0;152.0;84.0;62.0;Droite
15165;Rouffiac;137;24.0;40.0;45.0;28.0;Extrême-Droite
15166;Roumégoux;205;44.0;68.0;47.0;46.0;Droite
15167;Rouziers;76;20.0;32.0;9.0;15.0;Droite
15168;Ruynes-en-Margeride;432;116.0;121.0;101.0;94.0;Droite
15169;Saignes;520;112.0;164.0;89.0;155.0;Droite
15170;Saint-Amandin;167;42.0;56.0;38.0;31.0;Droite
15172;Saint-Antoine;68;28.0;21.0;10.0;9.0;Centre
15173;Saint-Bonnet-de-Condat;104;18.0;43.0;16.0;27.0;Droite
15174;Saint-Bonnet-de-Salers;216;42.0;108.0;38.0;28.0;Droite
15175;Saint-Cernin;626;130.0;243.0;116.0;137.0;Droite
15176;Saint-Chamant;172;35.0;60.0;46.0;31.0;Droite
15178;Saint-Cirgues-de-Jordanne;99;17.0;30.0;24.0;28.0;Droite
15179;Saint-Cirgues-de-Malbert;176;50.0;47.0;42.0;37.0;Centre
15180;Saint-Clément;63;16.0;28.0;7.0;12.0;Droite
15181;Saint-Constant-Fournoulès;431;140.0;144.0;53.0;94.0;Droite
15182;Saint-Etienne-Cantalès;83;27.0;24.0;14.0;18.0;Centre
15183;Saint-Etienne-de-Carlat;80;9.0;28.0;14.0;29.0;Gauche
15184;Saint-Etienne-de-Maurs;490;148.0;145.0;80.0;117.0;Centre
15185;Saint-Etienne-de-Chomeil;180;36.0;40.0;40.0;64.0;Gauche
15186;Sainte-Eulalie;156;37.0;54.0;32.0;33.0;Droite
15187;Saint-Flour;3240;917.0;987.0;615.0;721.0;Droite
15188;Saint-Georges;764;179.0;249.0;196.0;140.0;Droite
15189;Saint-Gérons;150;46.0;38.0;21.0;45.0;Centre
15190;Saint-Hippolyte;85;16.0;40.0;13.0;16.0;Droite
15191;Saint-Illide;411;103.0;141.0;102.0;65.0;Droite
15192;Saint-Jacques-des-Blats;188;37.0;66.0;36.0;49.0;Droite
15194;Saint-Julien-de-Toursac;96;25.0;39.0;8.0;24.0;Droite
15196;Saint-Mamet-la-Salvetat;898;234.0;274.0;201.0;189.0;Droite
15198;Sainte-Marie;83;9.0;43.0;20.0;11.0;Droite
15199;Saint-Martial;54;15.0;18.0;15.0;6.0;Droite
15200;Saint-Martin-Cantalès;109;24.0;30.0;30.0;25.0;Droite
15201;Saint-Martin-sous-Vigouroux;176;38.0;61.0;55.0;22.0;Droite
15202;Saint-Martin-Valmeroux;486;164.0;142.0;74.0;106.0;Centre
15203;Saint-Mary-le-Plain;139;34.0;53.0;31.0;21.0;Droite
15204;Saint-Paul-des-Landes;1013;325.0;202.0;213.0;273.0;Centre
15205;Saint-Paul-de-Salers;93;24.0;48.0;10.0;11.0;Droite
15206;Saint-Pierre;119;20.0;37.0;29.0;33.0;Droite
15207;Saint-Poncy;248;54.0;90.0;52.0;52.0;Droite
15208;Saint-Projet-de-Salers;93;16.0;32.0;24.0;21.0;Droite
15209;Saint-Rémy-de-Chaudes-Aigues;105;23.0;56.0;19.0;7.0;Droite
15211;Saint-Santin-Cantalès;191;45.0;66.0;56.0;24.0;Droite
15212;Saint-Santin-de-Maurs;207;47.0;66.0;50.0;44.0;Droite
15213;Saint-Saturnin;153;37.0;67.0;23.0;26.0;Droite
15214;Saint-Saury;142;53.0;33.0;33.0;23.0;Centre
15215;Saint-Simon;778;236.0;233.0;120.0;189.0;Centre
15216;Saint-Urcize;304;51.0;170.0;47.0;36.0;Droite
15217;Saint-Victor;79;11.0;35.0;16.0;17.0;Droite
15218;Saint-Vincent-de-Salers;53;13.0;14.0;5.0;21.0;Gauche
15219;Salers;226;51.0;122.0;17.0;36.0;Droite
15220;Salins;116;26.0;38.0;25.0;27.0;Droite
15221;Sansac-de-Marmiesse;864;310.0;196.0;182.0;176.0;Centre
15222;Sansac-Veinazès;149;36.0;70.0;18.0;25.0;Droite
15223;Sauvat;149;31.0;52.0;25.0;41.0;Droite
15224;La Ségalassière;92;13.0;22.0;15.0;42.0;Gauche
15225;Ségur-les-Villas;137;28.0;65.0;22.0;22.0;Droite
15226;Sénezergues;132;31.0;53.0;23.0;25.0;Droite
15228;Siran;357;104.0;112.0;63.0;78.0;Droite
15229;Soulages;75;15.0;42.0;10.0;8.0;Droite
15230;Sourniac;138;34.0;36.0;28.0;40.0;Gauche
15231;Talizat;403;100.0;149.0;84.0;70.0;Droite
15232;Tanavelle;140;34.0;43.0;38.0;25.0;Droite
15233;Teissières-de-Cornet;170;41.0;50.0;37.0;42.0;Droite
15234;Teissières-lès-Bouliès;241;71.0;95.0;36.0;39.0;Droite
15235;Les Ternes;358;81.0;117.0;88.0;72.0;Droite
15236;Thiézac;438;86.0;173.0;74.0;105.0;Droite
15237;Tiviers;118;34.0;48.0;20.0;16.0;Droite
15238;Tournemire;93;28.0;40.0;15.0;10.0;Droite
15240;Trémouille;114;17.0;46.0;16.0;35.0;Droite
15241;La Trinitat;41;3.0;28.0;6.0;4.0;Droite
15242;Le Trioulou;65;15.0;30.0;13.0;7.0;Droite
15243;Trizac;357;91.0;121.0;81.0;64.0;Droite
15244;Ussel;283;70.0;87.0;80.0;46.0;Droite
15245;Vabres;177;63.0;58.0;24.0;32.0;Centre
15246;Valette;187;33.0;64.0;50.0;40.0;Droite
15247;Valjouze;27;5.0;9.0;7.0;6.0;Droite
15248;Valuéjols;401;78.0;158.0;75.0;90.0;Droite
15249;Le Vaulmier;68;10.0;30.0;7.0;21.0;Droite
15250;Vebret;313;46.0;90.0;72.0;105.0;Gauche
15251;Védrines-Saint-Loup;113;21.0;38.0;30.0;24.0;Droite
15252;Velzic;268;68.0;81.0;56.0;63.0;Droite
15253;Vernols;55;17.0;18.0;10.0;10.0;Droite
15254;Veyrières;103;22.0;20.0;19.0;42.0;Gauche
15255;Vézac;807;226.0;198.0;179.0;204.0;Centre
15256;Vèze;71;12.0;31.0;14.0;14.0;Droite
15257;Vezels-Roussy;85;22.0;19.0;26.0;18.0;Extrême-Droite
15258;Vic-sur-Cère;1150;312.0;337.0;223.0;278.0;Droite
15259;Vieillespesse;184;42.0;69.0;47.0;26.0;Droite
15260;Vieillevie;61;12.0;24.0;10.0;15.0;Droite
15261;Le Vigean;615;158.0;219.0;70.0;168.0;Droite
15262;Villedieu;375;116.0;115.0;61.0;83.0;Centre
15263;Virargues;96;18.0;39.0;15.0;24.0;Droite
15264;Vitrac;182;52.0;59.0;28.0;43.0;Droite
15265;Ydes;1011;284.0;230.0;189.0;308.0;Gauche
15266;Yolet;390;94.0;94.0;99.0;103.0;Gauche
15267;Ytrac;2733;873.0;714.0;475.0;671.0;Centre
15268;Le Rouget-Pers;745;230.0;209.0;137.0;169.0;Centre
15269;Besse;86;30.0;20.0;22.0;14.0;Centre
26001;Solaure-en-Diois;263;73.0;71.0;40.0;79.0;Gauche
26002;Albon;1123;206.0;268.0;331.0;318.0;Extrême-Droite
26003;Aleyrac;35;5.0;9.0;13.0;8.0;Extrême-Droite
26004;Alixan;1565;423.0;436.0;430.0;276.0;Droite
26005;Allan;1078;245.0;318.0;292.0;223.0;Droite
26006;Allex;1704;369.0;461.0;401.0;473.0;Gauche
26007;Ambonil;88;20.0;34.0;19.0;15.0;Droite
26008;Ancône;793;140.0;132.0;307.0;214.0;Extrême-Droite
26009;Andancette;678;141.0;147.0;218.0;172.0;Extrême-Droite
26010;Anneyron;2325;516.0;633.0;661.0;515.0;Extrême-Droite
26011;Aouste-sur-Sye;1461;314.0;312.0;327.0;508.0;Gauche
26012;Arnayon;19;7.0;6.0;2.0;4.0;Centre
26013;Arpavon;69;11.0;17.0;13.0;28.0;Gauche
26014;Arthémonay;361;66.0;103.0;117.0;75.0;Extrême-Droite
26015;Aubenasson;44;5.0;4.0;0.0;35.0;Gauche
26016;Aubres;269;56.0;70.0;67.0;76.0;Gauche
26017;Aucelon;38;10.0;2.0;2.0;24.0;Gauche
26018;Aulan;24;1.0;13.0;9.0;1.0;Droite
26019;Aurel;162;36.0;52.0;28.0;46.0;Droite
26020;La Répara-Auriples;175;22.0;53.0;46.0;54.0;Gauche
26021;Autichamp;97;13.0;30.0;31.0;23.0;Extrême-Droite
26022;Ballons;71;15.0;19.0;11.0;26.0;Gauche
26023;Barbières;581;114.0;129.0;167.0;171.0;Gauche
26024;Barcelonne;261;43.0;86.0;53.0;79.0;Droite
26025;Barnave;121;26.0;15.0;7.0;73.0;Gauche
26026;Barret-de-Lioure;66;7.0;24.0;13.0;22.0;Droite
26027;Barsac;128;26.0;28.0;22.0;52.0;Gauche
26028;Bathernay;151;25.0;41.0;36.0;49.0;Gauche
26030;La Bâtie-des-Fonts;14;2.0;3.0;3.0;6.0;Gauche
26031;La Bâtie-Rolland;594;109.0;160.0;164.0;161.0;Extrême-Droite
26032;La Baume-Cornillane;318;95.0;61.0;63.0;99.0;Gauche
26033;La Baume-de-Transit;490;101.0;132.0;146.0;111.0;Extrême-Droite
26034;La Baume-d'Hostun;348;68.0;102.0;95.0;83.0;Droite
26035;Beaufort-sur-Gervanne;286;61.0;53.0;43.0;129.0;Gauche
26036;Beaumont-en-Diois;69;12.0;4.0;0.0;53.0;Gauche
26037;Beaumont-lès-Valence;2589;681.0;685.0;526.0;697.0;Gauche
26038;Beaumont-Monteux;723;135.0;238.0;205.0;145.0;Droite
26039;Beauregard-Baret;504;94.0;136.0;148.0;126.0;Extrême-Droite
26040;Beaurières;75;20.0;21.0;10.0;24.0;Gauche
26041;Beausemblant;854;205.0;195.0;217.0;237.0;Gauche
26042;Beauvallon;1036;269.0;311.0;232.0;224.0;Droite
26043;Beauvoisin;106;18.0;23.0;20.0;45.0;Gauche
26045;La Bégude-de-Mazenc;1093;230.0;285.0;272.0;306.0;Gauche
26046;Bellecombe-Tarendol;69;17.0;20.0;17.0;15.0;Droite
26047;Bellegarde-en-Diois;55;3.0;7.0;14.0;31.0;Gauche
26048;Bénivay-Ollon;60;10.0;20.0;4.0;26.0;Gauche
26049;Bésayes;755;169.0;208.0;195.0;183.0;Droite
26050;Bésignan;57;13.0;16.0;12.0;16.0;Gauche
26051;Bézaudun-sur-Bîne;45;16.0;6.0;8.0;15.0;Centre
26052;Bonlieu-sur-Roubion;277;50.0;71.0;93.0;63.0;Extrême-Droite
26054;Bouchet;868;155.0;213.0;335.0;165.0;Extrême-Droite
26055;Boulc;91;20.0;11.0;5.0;55.0;Gauche
26056;Bourdeaux;410;72.0;117.0;59.0;162.0;Gauche
26057;Bourg-de-Péage;5617;1236.0;1358.0;1391.0;1632.0;Gauche
26058;Bourg-lès-Valence;10753;2742.0;2684.0;2258.0;3069.0;Gauche
26059;Bouvante;152;39.0;35.0;43.0;35.0;Extrême-Droite
26060;Bouvières;95;12.0;23.0;27.0;33.0;Gauche
26061;Bren;367;92.0;110.0;103.0;62.0;Droite
26062;Brette;34;6.0;13.0;3.0;12.0;Droite
26063;Buis-les-Baronnies;1363;267.0;362.0;254.0;480.0;Gauche
26064;Chabeuil;4559;1115.0;1273.0;1035.0;1136.0;Droite
26065;Chabrillan;464;115.0;120.0;104.0;125.0;Gauche
26066;Le Chaffal;32;2.0;15.0;7.0;8.0;Droite
26067;Chalancon;40;8.0;7.0;10.0;15.0;Gauche
26068;Le Chalon;150;22.0;42.0;35.0;51.0;Gauche
26069;Chamaloc;94;15.0;26.0;6.0;47.0;Gauche
26070;Chamaret;348;62.0;95.0;99.0;92.0;Extrême-Droite
26071;Chanos-Curson;735;162.0;213.0;175.0;185.0;Droite
26072;Chantemerle-les-Blés;733;198.0;178.0;174.0;183.0;Centre
26073;Chantemerle-lès-Grignan;182;38.0;48.0;25.0;71.0;Gauche
26074;La Chapelle-en-Vercors;508;105.0;146.0;89.0;168.0;Gauche
26075;La Charce;33;6.0;9.0;7.0;11.0;Gauche
26076;Charens;35;9.0;2.0;3.0;21.0;Gauche
26077;Charmes-sur-l'Herbasse;535;114.0;169.0;125.0;127.0;Droite
26078;Charols;509;83.0;140.0;136.0;150.0;Gauche
26079;Charpey;838;168.0;258.0;238.0;174.0;Droite
26080;Chastel-Arnaud;40;15.0;7.0;2.0;16.0;Gauche
26081;Châteaudouble;416;109.0;110.0;78.0;119.0;Gauche
26082;Châteauneuf-de-Bordette;80;18.0;14.0;15.0;33.0;Gauche
26083;Châteauneuf-de-Galaure;991;155.0;412.0;225.0;199.0;Droite
26084;Châteauneuf-sur-Isère;2478;512.0;712.0;755.0;499.0;Extrême-Droite
26085;Châteauneuf-du-Rhône;1599;291.0;379.0;607.0;322.0;Extrême-Droite
26086;Châtillon-en-Diois;401;102.0;110.0;55.0;134.0;Gauche
26087;Châtillon-Saint-Jean;762;161.0;189.0;203.0;209.0;Gauche
26088;Chatuzange-le-Goubet;3522;822.0;931.0;1036.0;733.0;Extrême-Droite
26089;Chaudebonne;36;11.0;6.0;8.0;11.0;Gauche
26090;La Chaudière;25;7.0;7.0;3.0;8.0;Gauche
26091;Chauvac-Laux-Montaux;40;11.0;16.0;4.0;9.0;Droite
26092;Chavannes;386;86.0;104.0;125.0;71.0;Extrême-Droite
26093;Clansayes;358;80.0;113.0;95.0;70.0;Droite
26094;Claveyson;565;106.0;128.0;200.0;131.0;Extrême-Droite
26095;Cléon-d'Andran;540;102.0;152.0;163.0;123.0;Extrême-Droite
26096;Clérieux;1172;210.0;295.0;378.0;289.0;Extrême-Droite
26097;Cliousclat;452;101.0;108.0;107.0;136.0;Gauche
26098;Cobonne;126;37.0;14.0;25.0;50.0;Gauche
26099;Colonzelle;361;76.0;74.0;128.0;83.0;Extrême-Droite
26100;Combovin;279;56.0;67.0;53.0;103.0;Gauche
26101;Comps;114;17.0;34.0;17.0;46.0;Gauche
26102;Condillac;113;20.0;27.0;39.0;27.0;Extrême-Droite
26103;Condorcet;271;51.0;70.0;77.0;73.0;Extrême-Droite
26104;Cornillac;59;12.0;11.0;10.0;26.0;Gauche
26105;Cornillon-sur-l'Oule;61;10.0;16.0;9.0;26.0;Gauche
26106;La Coucourde;608;82.0;108.0;263.0;155.0;Extrême-Droite
26107;Crépol;344;67.0;102.0;88.0;87.0;Droite
26108;Crest;4936;961.0;1183.0;785.0;2007.0;Gauche
26110;Crozes-Hermitage;410;104.0;104.0;108.0;94.0;Extrême-Droite
26111;Crupies;68;9.0;16.0;12.0;31.0;Gauche
26112;Curnier;132;30.0;41.0;23.0;38.0;Droite
26113;Die;2790;642.0;511.0;329.0;1308.0;Gauche
26114;Dieulefit;2000;532.0;423.0;219.0;826.0;Gauche
26115;Divajeu;403;82.0;98.0;86.0;137.0;Gauche
26116;Donzère;3115;525.0;644.0;1208.0;738.0;Extrême-Droite
26117;Echevis;45;5.0;10.0;3.0;27.0;Gauche
26118;Epinouze;837;151.0;239.0;265.0;182.0;Extrême-Droite
26119;Erôme;487;105.0;131.0;130.0;121.0;Droite
26121;Espeluche;730;154.0;211.0;210.0;155.0;Droite
26122;Espenel;92;25.0;6.0;8.0;53.0;Gauche
26123;Establet;26;7.0;5.0;5.0;9.0;Gauche
26124;Etoile-sur-Rhône;3229;789.0;894.0;803.0;743.0;Droite
26125;Eurre;880;198.0;215.0;172.0;295.0;Gauche
26126;Eygalayes;72;12.0;14.0;19.0;27.0;Gauche
26127;Eygaliers;76;18.0;14.0;21.0;23.0;Gauche
26128;Eygluy-Escoulin;53;10.0;10.0;8.0;25.0;Gauche
26129;Eymeux;567;103.0;139.0;182.0;143.0;Extrême-Droite
26130;Eyroles;30;1.0;6.0;17.0;6.0;Extrême-Droite
26131;Eyzahut;104;15.0;18.0;24.0;47.0;Gauche
26133;Fay-le-Clos;128;30.0;28.0;28.0;42.0;Gauche
26134;Félines-sur-Rimandoule;54;10.0;12.0;11.0;21.0;Gauche
26135;Ferrassières;85;12.0;23.0;36.0;14.0;Extrême-Droite
26136;Val-Maravel;47;16.0;11.0;10.0;10.0;Centre
26137;Francillon-sur-Roubion;143;22.0;27.0;24.0;70.0;Gauche
26138;La Garde-Adhémar;819;172.0;247.0;211.0;189.0;Droite
26139;Génissieux;1490;379.0;491.0;316.0;304.0;Droite
26140;Geyssans;437;104.0;119.0;108.0;106.0;Droite
26141;Gigors-et-Lozeron;143;32.0;20.0;10.0;81.0;Gauche
26142;Glandage;96;12.0;13.0;15.0;56.0;Gauche
26143;Le Grand-Serre;538;80.0;173.0;170.0;115.0;Droite
26144;Grane;1192;254.0;269.0;277.0;392.0;Gauche
26145;Les Granges-Gontardes;400;88.0;93.0;123.0;96.0;Extrême-Droite
26146;Grignan;1124;260.0;339.0;255.0;270.0;Droite
26147;Gumiane;26;8.0;9.0;7.0;2.0;Droite
26148;Hauterives;1171;239.0;371.0;326.0;235.0;Droite
26149;Hostun;595;151.0;160.0;156.0;128.0;Droite
26150;Izon-la-Bruisse;9;2.0;2.0;3.0;2.0;Extrême-Droite
26152;Jonchères;27;6.0;10.0;1.0;10.0;Gauche
26153;Laborel;65;27.0;6.0;10.0;22.0;Centre
26154;Lachau;162;25.0;34.0;45.0;58.0;Gauche
26155;Lapeyrouse-Mornay;705;105.0;161.0;261.0;178.0;Extrême-Droite
26156;Larnage;714;195.0;235.0;142.0;142.0;Droite
26157;La Laupie;431;96.0;106.0;135.0;94.0;Extrême-Droite
26159;Laval-d'Aix;71;28.0;6.0;13.0;24.0;Centre
26160;Laveyron;561;148.0;113.0;133.0;167.0;Gauche
26161;Lemps;40;4.0;8.0;12.0;16.0;Gauche
26162;Lens-Lestang;545;92.0;134.0;163.0;156.0;Extrême-Droite
26163;Léoncel;42;9.0;14.0;13.0;6.0;Droite
26164;Lesches-en-Diois;72;33.0;20.0;9.0;10.0;Centre
26165;Livron-sur-Drôme;5132;1015.0;1158.0;1722.0;1237.0;Extrême-Droite
26166;Loriol-sur-Drôme;3309;633.0;771.0;1038.0;867.0;Extrême-Droite
26167;Luc-en-Diois;328;66.0;69.0;55.0;138.0;Gauche
26168;Lus-la-Croix-Haute;397;67.0;105.0;87.0;138.0;Gauche
26169;Malataverne;1243;278.0;277.0;422.0;266.0;Extrême-Droite
26170;Malissard;2302;628.0;644.0;463.0;567.0;Droite
26171;Manas;130;17.0;36.0;28.0;49.0;Gauche
26172;Manthes;373;56.0;111.0;121.0;85.0;Extrême-Droite
26173;Marches;547;138.0;143.0;162.0;104.0;Extrême-Droite
26174;Margès;621;112.0;176.0;160.0;173.0;Droite
26175;Marignac-en-Diois;136;34.0;19.0;22.0;61.0;Gauche
26176;Marsanne;917;208.0;266.0;208.0;235.0;Droite
26177;Marsaz;426;101.0;94.0;102.0;129.0;Gauche
26178;Menglon;313;78.0;62.0;30.0;143.0;Gauche
26179;Mercurol-Veaunes;1641;419.0;528.0;379.0;315.0;Droite
26180;Mérindol-les-Oliviers;154;36.0;43.0;40.0;35.0;Droite
26181;Mévouillon;165;26.0;39.0;41.0;59.0;Gauche
26182;Mirabel-aux-Baronnies;986;200.0;278.0;246.0;262.0;Droite
26183;Mirabel-et-Blacons;656;150.0;130.0;125.0;251.0;Gauche
26184;Miribel;176;27.0;46.0;50.0;53.0;Gauche
26185;Mirmande;396;103.0;119.0;56.0;118.0;Droite
26186;Miscon;51;9.0;23.0;5.0;14.0;Droite
26188;Mollans-sur-Ouvèze;662;144.0;184.0;126.0;208.0;Gauche
26189;Montauban-sur-l'Ouvèze;90;23.0;14.0;16.0;37.0;Gauche
26190;Montaulieu;61;10.0;11.0;6.0;34.0;Gauche
26191;Montboucher-sur-Jabron;1482;339.0;464.0;369.0;310.0;Droite
26192;Montbrison sur Lez;202;44.0;69.0;43.0;46.0;Droite
26193;Montbrun-les-Bains;293;38.0;72.0;55.0;128.0;Gauche
26194;Montchenu;362;70.0;118.0;75.0;99.0;Droite
26195;Montclar-sur-Gervanne;140;22.0;22.0;45.0;51.0;Gauche
26196;Montéléger;1012;261.0;344.0;172.0;235.0;Droite
26197;Montélier;2604;664.0;888.0;523.0;529.0;Droite
26198;Montélimar;19571;4451.0;5499.0;4539.0;5082.0;Droite
26199;Montferrand-la-Fare;26;7.0;4.0;1.0;14.0;Gauche
26200;Montfroc;57;10.0;18.0;4.0;25.0;Gauche
26201;Montguers;50;15.0;10.0;0.0;25.0;Gauche
26202;Montjoux;221;50.0;49.0;32.0;90.0;Gauche
26203;Montjoyer;202;36.0;60.0;54.0;52.0;Droite
26204;Montlaur-en-Diois;110;18.0;40.0;16.0;36.0;Droite
26205;Montmaur-en-Diois;59;13.0;17.0;5.0;24.0;Gauche
26206;Montmeyran;1863;469.0;508.0;410.0;476.0;Droite
26207;Montmiral;397;50.0;148.0;116.0;83.0;Droite
26208;Montoison;1280;311.0;332.0;317.0;320.0;Droite
26209;Montréal-les-Sources;24;7.0;9.0;6.0;2.0;Droite
26210;Montrigaud;317;55.0;103.0;69.0;90.0;Droite
26211;Montségur-sur-Lauzon;885;154.0;252.0;230.0;249.0;Droite
26212;Montvendre;718;192.0;191.0;156.0;179.0;Centre
26213;Moras-en-Valloire;393;83.0;95.0;81.0;134.0;Gauche
26214;Mornans;49;10.0;5.0;7.0;27.0;Gauche
26215;La Motte-Chalancon;275;57.0;64.0;68.0;86.0;Gauche
26216;La Motte-de-Galaure;464;114.0;113.0;106.0;131.0;Gauche
26217;La Motte-Fanjas;119;20.0;32.0;31.0;36.0;Gauche
26218;Mours-Saint-Eusèbe;1845;430.0;571.0;452.0;392.0;Droite
26219;Mureils;236;48.0;55.0;71.0;62.0;Extrême-Droite
26220;Nyons;3925;894.0;1062.0;746.0;1223.0;Gauche
26221;Omblèze;75;21.0;15.0;22.0;17.0;Extrême-Droite
26222;Orcinas;28;2.0;7.0;7.0;12.0;Gauche
26223;Oriol-en-Royans;353;77.0;85.0;88.0;103.0;Gauche
26224;Ourches;163;37.0;43.0;21.0;62.0;Gauche
26225;Parnans;363;76.0;99.0;93.0;95.0;Droite
26226;Le Pègue;236;38.0;76.0;62.0;60.0;Droite
26227;Pelonne;14;5.0;2.0;0.0;7.0;Gauche
26228;Pennes-le-Sec;5;2.0;2.0;0.0;1.0;Centre
26229;La Penne-sur-l'Ouvèze;64;14.0;13.0;19.0;18.0;Extrême-Droite
26231;Peyrins;1609;336.0;503.0;345.0;425.0;Droite
26232;Peyrus;464;110.0;136.0;94.0;124.0;Droite
26233;Piégon;191;35.0;74.0;40.0;42.0;Droite
26234;Piégros-la-Clastre;603;118.0;148.0;120.0;217.0;Gauche
26235;Pierrelatte;7210;1153.0;1788.0;2580.0;1689.0;Extrême-Droite
26236;Pierrelongue;103;15.0;25.0;15.0;48.0;Gauche
26238;Les Pilles;145;26.0;25.0;26.0;68.0;Gauche
26239;Plaisians;151;12.0;43.0;49.0;47.0;Extrême-Droite
26240;Plan-de-Baix;130;29.0;37.0;22.0;42.0;Gauche
26241;Le Poët-Célard;74;21.0;13.0;14.0;26.0;Gauche
26242;Le Poët-en-Percip;24;8.0;0.0;0.0;16.0;Gauche
26243;Le Poët-Laval;594;153.0;138.0;97.0;206.0;Gauche
26244;Le Poët-Sigillat;75;10.0;19.0;15.0;31.0;Gauche
26245;Pommerol;19;4.0;6.0;6.0;3.0;Droite
26246;Ponet-et-Saint-Auban;99;23.0;14.0;12.0;50.0;Gauche
26247;Ponsas;323;67.0;77.0;72.0;107.0;Gauche
26248;Pontaix;115;23.0;27.0;14.0;51.0;Gauche
26249;Pont-de-Barret;413;70.0;90.0;80.0;173.0;Gauche
26250;Pont-de-l'Isère;1832;353.0;526.0;532.0;421.0;Extrême-Droite
26251;Portes-en-Valdaine;278;50.0;74.0;61.0;93.0;Gauche
26252;Portes-lès-Valence;5781;1157.0;1211.0;1626.0;1787.0;Gauche
26253;Poyols;54;12.0;5.0;8.0;29.0;Gauche
26254;Pradelle;22;0.0;6.0;1.0;15.0;Gauche
26255;Les Prés;26;4.0;10.0;1.0;11.0;Gauche
26256;Propiac;72;15.0;16.0;9.0;32.0;Gauche
26257;Puygiron;277;53.0;90.0;79.0;55.0;Droite
26258;Puy-Saint-Martin;556;140.0;130.0;95.0;191.0;Gauche
26259;Ratières;181;47.0;50.0;39.0;45.0;Droite
26261;Réauville;279;51.0;71.0;59.0;98.0;Gauche
26262;Recoubeau-Jansac;171;34.0;33.0;31.0;73.0;Gauche
26263;Reilhanette;90;11.0;21.0;20.0;38.0;Gauche
26264;Rémuzat;219;48.0;63.0;55.0;53.0;Droite
26266;Rimon-et-Savel;35;11.0;16.0;1.0;7.0;Droite
26267;Rioms;17;3.0;1.0;0.0;13.0;Gauche
26268;Rochebaudin;81;22.0;11.0;21.0;27.0;Gauche
26269;Rochebrune;49;12.0;9.0;11.0;17.0;Gauche
26270;Rochechinard;109;20.0;42.0;17.0;30.0;Droite
26271;La Roche-de-Glun;2109;534.0;618.0;492.0;465.0;Droite
26272;Rochefort-en-Valdaine;215;54.0;65.0;38.0;58.0;Droite
26273;Rochefort-Samson;640;126.0;156.0;145.0;213.0;Gauche
26274;Rochefourchat;5;2.0;1.0;2.0;0.0;Centre
26275;Rochegude;1087;188.0;335.0;375.0;189.0;Extrême-Droite
26276;Roche-Saint-Secret-Béconne;292;79.0;76.0;58.0;79.0;Gauche
26277;La Roche-sur-Grane;117;21.0;19.0;34.0;43.0;Gauche
26278;La Roche-sur-le-Buis;184;27.0;31.0;31.0;95.0;Gauche
26279;La Rochette-du-Buis;45;6.0;14.0;13.0;12.0;Droite
26281;Romans-sur-Isère;15628;3672.0;3764.0;3325.0;4867.0;Gauche
26282;Romeyer;153;23.0;42.0;31.0;57.0;Gauche
26283;Rottier;21;7.0;6.0;3.0;5.0;Centre
26284;Roussas;266;62.0;76.0;93.0;35.0;Extrême-Droite
26285;Rousset-les-Vignes;227;31.0;78.0;36.0;82.0;Gauche
26286;Roussieux;20;4.0;2.0;0.0;14.0;Gauche
26287;Roynac;293;58.0;80.0;89.0;66.0;Extrême-Droite
26288;Sahune;206;48.0;55.0;40.0;63.0;Gauche
26289;Saillans;844;172.0;155.0;85.0;432.0;Gauche
26290;Saint-Agnan-en-Vercors;244;32.0;61.0;52.0;99.0;Gauche
26291;Saint-Andéol en Quint;48;8.0;4.0;7.0;29.0;Gauche
26292;Saint-Auban-sur-l'Ouvèze;140;38.0;45.0;18.0;39.0;Droite
26293;Saint-Avit;175;30.0;38.0;40.0;67.0;Gauche
26294;Saint-Bardoux;444;105.0;127.0;108.0;104.0;Droite
26295;Saint-Barthélemy-de-Vals;1213;283.0;264.0;367.0;299.0;Extrême-Droite
26296;Saint-Benoit-en-Diois;30;5.0;7.0;0.0;18.0;Gauche
26297;Saint-Bonnet-de-Valclérieux;170;35.0;34.0;71.0;30.0;Extrême-Droite
26298;Saint-Christophe-et-le-Laris;265;59.0;48.0;84.0;74.0;Extrême-Droite
26299;Sainte-Croix;84;20.0;19.0;15.0;30.0;Gauche
26300;Saint-Dizier-en-Diois;28;2.0;0.0;5.0;21.0;Gauche
26301;Saint-Donat-sur-l'Herbasse;2325;495.0;654.0;565.0;611.0;Droite
26302;Sainte-Eulalie-en-Royans;318;49.0;88.0;71.0;110.0;Gauche
26303;Sainte-Euphémie-sur-Ouvèze;57;10.0;11.0;6.0;30.0;Gauche
26304;Saint-Ferréol-Trente-Pas;152;12.0;43.0;38.0;59.0;Gauche
26305;Saint-Gervais-sur-Roubion;574;117.0;150.0;175.0;132.0;Extrême-Droite
26306;Sainte-Jalle;184;30.0;47.0;42.0;65.0;Gauche
26307;Saint-Jean-en-Royans;1726;368.0;470.0;384.0;504.0;Gauche
26308;Saint-Julien-en-Quint;126;30.0;23.0;26.0;47.0;Gauche
26309;Saint-Julien-en-Vercors;165;44.0;25.0;28.0;68.0;Gauche
26310;Saint-Laurent-d'Onay;91;15.0;24.0;26.0;26.0;Gauche
26311;Saint-Laurent-en-Royans;694;129.0;171.0;158.0;236.0;Gauche
26312;Saint-Marcel-lès-Sauzet;805;176.0;207.0;264.0;158.0;Extrême-Droite
26313;Saint-Marcel-lès-Valence;3532;829.0;1028.0;823.0;852.0;Droite
26314;Saint-Martin-d'Août;226;38.0;77.0;56.0;55.0;Droite
26315;Saint-Martin-en-Vercors;261;46.0;64.0;41.0;110.0;Gauche
26316;Saint-Martin-le-Colonel;121;29.0;38.0;26.0;28.0;Droite
26317;Saint-Maurice-sur-Eygues;442;118.0;100.0;121.0;103.0;Extrême-Droite
26318;Saint-May;43;2.0;19.0;7.0;15.0;Droite
26319;Saint-Michel-sur-Savasse;347;61.0;105.0;104.0;77.0;Droite
26320;Saint-Nazaire-en-Royans;368;71.0;85.0;97.0;115.0;Gauche
26321;Saint-Nazaire-le-Désert;145;39.0;30.0;25.0;51.0;Gauche
26322;Saint-Pantaléon-les-Vignes;281;58.0;94.0;75.0;54.0;Droite
26323;Saint-Paul-lès-Romans;1149;252.0;297.0;356.0;244.0;Extrême-Droite
26324;Saint-Paul-Trois-Châteaux;5545;1175.0;1517.0;1463.0;1390.0;Droite
26325;Saint-Rambert-d'Albon;2799;549.0;548.0;918.0;784.0;Extrême-Droite
26326;Saint-Restitut;1018;206.0;297.0;290.0;225.0;Droite
26327;Saint-Roman;114;34.0;12.0;9.0;59.0;Gauche
26328;Saint-Sauveur-en-Diois;44;10.0;9.0;7.0;18.0;Gauche
26329;Saint-Sauveur-Gouvernet;140;33.0;32.0;33.0;42.0;Gauche
26330;Saint-Sorlin-en-Valloire;1256;226.0;303.0;421.0;306.0;Extrême-Droite
26331;Saint-Thomas-en-Royans;302;60.0;85.0;81.0;76.0;Droite
26332;Saint-Uze;998;204.0;235.0;247.0;312.0;Gauche
26333;Saint-Vallier;1607;337.0;388.0;334.0;548.0;Gauche
26334;Salettes;89;15.0;32.0;18.0;24.0;Droite
26335;Salles-sous-Bois;139;32.0;44.0;39.0;24.0;Droite
26336;Saou;387;90.0;75.0;39.0;183.0;Gauche
26337;Saulce-sur-Rhône;1033;196.0;223.0;361.0;253.0;Extrême-Droite
26338;Sauzet;1289;316.0;348.0;287.0;338.0;Droite
26339;Savasse;911;181.0;279.0;296.0;155.0;Extrême-Droite
26340;Séderon;170;30.0;55.0;39.0;46.0;Droite
26341;Serves-sur-Rhône;374;68.0;87.0;131.0;88.0;Extrême-Droite
26342;Solérieux;218;41.0;55.0;76.0;46.0;Extrême-Droite
26343;Souspierre;76;23.0;18.0;16.0;19.0;Centre
26344;Soyans;289;80.0;78.0;32.0;99.0;Gauche
26345;Suze-la-Rousse;1330;244.0;392.0;426.0;268.0;Extrême-Droite
26346;Suze;206;39.0;49.0;34.0;84.0;Gauche
26347;Tain-l'Hermitage;3185;801.0;798.0;718.0;868.0;Gauche
26348;Taulignan;1042;233.0;213.0;294.0;302.0;Gauche
26349;Tersanne;192;35.0;57.0;68.0;32.0;Extrême-Droite
26350;Teyssières;60;11.0;15.0;3.0;31.0;Gauche
26351;Les Tonils;23;5.0;5.0;0.0;13.0;Gauche
26352;La Touche;196;43.0;53.0;36.0;64.0;Gauche
26353;Les Tourrettes;535;101.0;94.0;197.0;143.0;Extrême-Droite
26354;Treschenu-Creyers;122;41.0;44.0;11.0;26.0;Droite
26355;Triors;397;87.0;136.0;65.0;109.0;Droite
26356;Truinas;82;17.0;12.0;11.0;42.0;Gauche
26357;Tulette;1103;227.0;280.0;361.0;235.0;Extrême-Droite
26358;Upie;954;213.0;261.0;227.0;253.0;Droite
26359;Vachères-en-Quint;22;1.0;1.0;1.0;19.0;Gauche
26360;Valaurie;400;114.0;117.0;88.0;81.0;Droite
26361;Valdrôme;103;29.0;15.0;6.0;53.0;Gauche
26362;Valence;29093;7209.0;7770.0;4677.0;9437.0;Gauche
26363;Valouse;29;5.0;4.0;1.0;19.0;Gauche
26364;Vassieux-en-Vercors;214;39.0;57.0;40.0;78.0;Gauche
26365;Vaunaveys-la-Rochette;415;73.0;131.0;82.0;129.0;Droite
26367;Venterol;504;122.0;139.0;102.0;141.0;Gauche
26368;Vercheny;208;49.0;37.0;40.0;82.0;Gauche
26369;Verclause;48;22.0;5.0;8.0;13.0;Centre
26370;Vercoiran;95;24.0;23.0;26.0;22.0;Extrême-Droite
26371;Véronne;35;5.0;12.0;5.0;13.0;Gauche
26372;Vers-sur-Méouge;43;5.0;16.0;8.0;14.0;Droite
26373;Vesc;164;31.0;36.0;35.0;62.0;Gauche
26374;Villebois-les-Pins;16;3.0;6.0;1.0;6.0;Gauche
26375;Villefranche-le-Château;13;2.0;7.0;1.0;3.0;Droite
26376;Villeperdrix;75;12.0;26.0;11.0;26.0;Gauche
26377;Vinsobres;754;153.0;227.0;168.0;206.0;Droite
26378;Volvent;37;9.0;15.0;3.0;10.0;Droite
26379;Granges-les-Beaumont;629;132.0;183.0;197.0;117.0;Extrême-Droite
26380;Gervans;334;76.0;85.0;81.0;92.0;Gauche
26381;Jaillans;518;95.0;170.0;132.0;121.0;Droite
26382;Saint-Vincent-la-Commanderie;352;77.0;86.0;112.0;77.0;Extrême-Droite
38001;Les Abrets en Dauphiné;3274;639.0;787.0;1131.0;717.0;Extrême-Droite
38002;Les Adrets;662;169.0;147.0;110.0;236.0;Gauche
38003;Agnin;641;104.0;179.0;199.0;159.0;Extrême-Droite
38004;L'Albenc;723;143.0;158.0;199.0;223.0;Gauche
38005;Allemont;693;175.0;181.0;151.0;186.0;Gauche
38006;Allevard;2250;509.0;541.0;442.0;758.0;Gauche
38008;Ambel;34;12.0;6.0;10.0;6.0;Centre
38009;Anjou;561;124.0;152.0;141.0;144.0;Droite
38010;Annoisin-Chatelans;399;82.0;114.0;112.0;91.0;Droite
38011;Anthon;634;137.0;171.0;189.0;137.0;Extrême-Droite
38012;Aoste;1361;259.0;305.0;512.0;285.0;Extrême-Droite
38013;Apprieu;1950;525.0;459.0;446.0;520.0;Centre
38015;Artas;1049;197.0;242.0;399.0;211.0;Extrême-Droite
38016;Arzay;162;32.0;50.0;51.0;29.0;Extrême-Droite
38017;Assieu;877;186.0;205.0;279.0;207.0;Extrême-Droite
38018;Auberives-en-Royans;240;38.0;64.0;59.0;79.0;Gauche
38019;Auberives-sur-Varèze;804;149.0;173.0;262.0;220.0;Extrême-Droite
38020;Auris;173;31.0;75.0;26.0;41.0;Droite
38022;Les Avenières Veyrins-Thuellin;4241;829.0;1012.0;1489.0;911.0;Extrême-Droite
38023;Avignonet;162;34.0;75.0;22.0;31.0;Droite
38025;Balbins;301;90.0;72.0;73.0;66.0;Centre
38026;La Balme-les-Grottes;550;102.0;128.0;194.0;126.0;Extrême-Droite
38027;Barraux;1278;307.0;322.0;277.0;372.0;Gauche
38029;La Bâtie-Montgascon;1009;180.0;248.0;335.0;246.0;Extrême-Droite
38030;Beaucroissant;923;183.0;231.0;262.0;247.0;Extrême-Droite
38031;Beaufin;32;11.0;5.0;7.0;9.0;Centre
38032;Beaufort;319;57.0;84.0;121.0;57.0;Extrême-Droite
38033;Beaulieu;424;106.0;118.0;108.0;92.0;Droite
38034;Beaurepaire;2259;458.0;534.0;660.0;607.0;Extrême-Droite
38035;Beauvoir-de-Marc;659;150.0;196.0;210.0;103.0;Extrême-Droite
38036;Beauvoir-en-Royans;76;12.0;20.0;19.0;25.0;Gauche
38037;Bellegarde-Poussieu;618;143.0;142.0;196.0;137.0;Extrême-Droite
38038;Belmont;307;46.0;72.0;123.0;66.0;Extrême-Droite
38039;Bernin;2243;878.0;601.0;257.0;507.0;Centre
38040;Besse;119;31.0;37.0;24.0;27.0;Droite
38041;Bessins;96;12.0;28.0;24.0;32.0;Gauche
38042;Bévenais;610;143.0;161.0;136.0;170.0;Gauche
38043;Bilieu;944;282.0;205.0;223.0;234.0;Centre
38044;Biol;915;173.0;291.0;272.0;179.0;Droite
38045;Biviers;1728;608.0;703.0;128.0;289.0;Droite
38046;Bizonnes;546;87.0;147.0;213.0;99.0;Extrême-Droite
38047;Blandin;99;14.0;33.0;33.0;19.0;Droite
38048;Bonnefamille;694;184.0;165.0;185.0;160.0;Extrême-Droite
38049;Bossieu;202;29.0;49.0;81.0;43.0;Extrême-Droite
38050;Le Bouchage;349;46.0;90.0;162.0;51.0;Extrême-Droite
38051;Bougé-Chambalud;794;167.0;231.0;252.0;144.0;Extrême-Droite
38052;Le Bourg-d'Oisans;1844;387.0;503.0;461.0;493.0;Droite
38053;Bourgoin-Jallieu;11835;3048.0;2876.0;2598.0;3313.0;Gauche
38054;Bouvesse-Quirieu;789;140.0;172.0;285.0;192.0;Extrême-Droite
38055;Brangues;345;58.0;100.0;98.0;89.0;Droite
38056;Bressieux;66;10.0;29.0;9.0;18.0;Droite
38057;Bresson;498;168.0;168.0;58.0;104.0;Centre
38058;Brézins;1101;215.0;279.0;339.0;268.0;Extrême-Droite
38059;Brié-et-Angonnes;1729;519.0;579.0;354.0;277.0;Droite
38060;Brion;84;9.0;33.0;29.0;13.0;Droite
38061;La Buisse;1879;524.0;484.0;337.0;534.0;Gauche
38062;La Buissière;428;131.0;91.0;94.0;112.0;Centre
38063;Burcin;274;62.0;94.0;59.0;59.0;Droite
38064;Cessieu;1589;321.0;407.0;536.0;325.0;Extrême-Droite
38065;Châbons;1164;237.0;315.0;295.0;317.0;Gauche
38066;Chalon;118;8.0;37.0;43.0;30.0;Extrême-Droite
38067;Chamagnieu;972;215.0;308.0;281.0;168.0;Droite
38068;Champagnier;778;257.0;226.0;105.0;190.0;Centre
38069;Champier;729;130.0;183.0;259.0;157.0;Extrême-Droite
38070;Le Champ-près-Froges;713;207.0;135.0;177.0;194.0;Centre
38071;Champ-sur-Drac;1819;398.0;285.0;567.0;569.0;Gauche
38072;Chanas;1269;243.0;346.0;424.0;256.0;Extrême-Droite
38073;Chantelouve;80;24.0;21.0;18.0;17.0;Centre
38074;Chantesse;217;55.0;57.0;54.0;51.0;Droite
38075;Chapareillan;1797;403.0;514.0;390.0;490.0;Droite
38076;La Chapelle-de-la-Tour;1157;254.0;317.0;346.0;240.0;Extrême-Droite
38077;La Chapelle-de-Surieu;451;97.0;96.0;161.0;97.0;Extrême-Droite
38078;La Chapelle-du-Bard;321;63.0;73.0;51.0;134.0;Gauche
38080;Charancieu;506;99.0;123.0;160.0;124.0;Extrême-Droite
38081;Charantonnay;1148;199.0;291.0;408.0;250.0;Extrême-Droite
38082;Charavines;1092;247.0;256.0;276.0;313.0;Gauche
38083;Charette;274;54.0;54.0;100.0;66.0;Extrême-Droite
38084;Charnècles;995;285.0;265.0;231.0;214.0;Centre
38085;Charvieu-Chavagneux;4446;816.0;898.0;1608.0;1124.0;Extrême-Droite
38086;Chasselay;266;51.0;81.0;76.0;58.0;Droite
38087;Chasse-sur-Rhône;2648;536.0;564.0;778.0;770.0;Extrême-Droite
38089;Chassignieu;144;25.0;46.0;43.0;30.0;Droite
38090;Château-Bernard;233;47.0;66.0;46.0;74.0;Gauche
38091;Châteauvilain;473;115.0;132.0;139.0;87.0;Extrême-Droite
38092;Châtelus;65;8.0;18.0;20.0;19.0;Extrême-Droite
38093;Châtenay;276;53.0;77.0;66.0;80.0;Gauche
38094;Châtonnay;1072;220.0;263.0;376.0;213.0;Extrême-Droite
38095;Chatte;1587;348.0;478.0;382.0;379.0;Droite
38097;Chavanoz;2169;424.0;528.0;700.0;517.0;Extrême-Droite
38098;Chélieu;438;87.0;109.0;144.0;98.0;Extrême-Droite
38099;Chevrières;461;100.0;127.0;111.0;123.0;Droite
38100;Le Cheylas;1468;370.0;239.0;373.0;486.0;Gauche
38101;Cheyssieu;605;140.0;134.0;178.0;153.0;Extrême-Droite
38102;Chèzeneuve;366;120.0;82.0;107.0;57.0;Centre
38103;Chichilianne;244;65.0;54.0;57.0;68.0;Gauche
38104;Chimilin;863;166.0;203.0;299.0;195.0;Extrême-Droite
38105;Chirens;1360;339.0;353.0;296.0;372.0;Gauche
38106;Cholonge;229;35.0;53.0;68.0;73.0;Gauche
38107;Chonas-l'Amballan;1044;250.0;301.0;282.0;211.0;Droite
38108;Choranche;95;15.0;22.0;33.0;25.0;Extrême-Droite
38109;Chozeau;647;159.0;212.0;164.0;112.0;Droite
38110;Chuzelles;1390;336.0;357.0;416.0;281.0;Extrême-Droite
38111;Claix;5365;1680.0;1466.0;825.0;1394.0;Centre
38112;Clavans-en-Haut-Oisans;104;18.0;35.0;23.0;28.0;Droite
38113;Clelles;359;70.0;103.0;67.0;119.0;Gauche
38114;Clonas-sur-Varèze;928;221.0;218.0;232.0;257.0;Gauche
38115;Saint-Martin-de-la-Cluze;421;107.0;92.0;100.0;122.0;Gauche
38116;Cognet;26;5.0;3.0;9.0;9.0;Gauche
38117;Cognin-les-Gorges;395;75.0;87.0;81.0;152.0;Gauche
38118;Colombe;973;241.0;277.0;228.0;227.0;Droite
38120;La Combe-de-Lancey;481;129.0;142.0;75.0;135.0;Droite
38121;Commelle;512;102.0;116.0;193.0;101.0;Extrême-Droite
38124;Corbelin;1381;259.0;381.0;444.0;297.0;Extrême-Droite
38126;Corenc;2745;883.0;1083.0;203.0;576.0;Droite
38127;Cornillon-en-Trièves;134;34.0;40.0;23.0;37.0;Droite
38128;Corps;320;91.0;89.0;73.0;67.0;Centre
38129;Corrençon-en-Vercors;275;74.0;123.0;33.0;45.0;Droite
38130;La Côte-Saint-André;2227;536.0;663.0;485.0;543.0;Droite
38131;Les Côtes-d'Arey;1359;357.0;373.0;349.0;280.0;Droite
38132;Les Côtes-de-Corps;89;17.0;31.0;10.0;31.0;Gauche
38133;Coublevie;2994;1045.0;805.0;373.0;771.0;Centre
38134;Cour-et-Buis;558;106.0;160.0;169.0;123.0;Extrême-Droite
38135;Courtenay;712;126.0;193.0;233.0;160.0;Extrême-Droite
38136;Crachier;303;66.0;88.0;103.0;46.0;Extrême-Droite
38137;Cras;288;59.0;45.0;98.0;86.0;Extrême-Droite
38138;Crémieu;1609;398.0;434.0;361.0;416.0;Droite
38139;Creys-Mépieu;871;139.0;227.0;333.0;172.0;Extrême-Droite
38140;Crolles;5362;1851.0;1188.0;683.0;1640.0;Centre
38141;Culin;429;87.0;124.0;130.0;88.0;Extrême-Droite
38144;Diémoz;1620;313.0;417.0;536.0;354.0;Extrême-Droite
38146;Dizimieu;501;102.0;136.0;147.0;116.0;Extrême-Droite
38147;Doissin;489;107.0;144.0;149.0;89.0;Extrême-Droite
38148;Dolomieu;1936;369.0;517.0;623.0;427.0;Extrême-Droite
38149;Domarin;996;264.0;266.0;246.0;220.0;Droite
38150;Domène;3876;957.0;868.0;852.0;1199.0;Gauche
38151;Echirolles;14942;3708.0;2532.0;2855.0;5847.0;Gauche
38152;Eclose-Badinières;805;183.0;177.0;271.0;174.0;Extrême-Droite
38153;Engins;325;82.0;65.0;63.0;115.0;Gauche
38154;Entraigues;151;34.0;44.0;39.0;34.0;Droite
38155;Entre-deux-Guiers;959;181.0;251.0;283.0;244.0;Extrême-Droite
38156;Les Eparres;541;111.0;141.0;171.0;118.0;Extrême-Droite
38157;Estrablin;2106;518.0;589.0;507.0;492.0;Droite
38158;Eybens;5332;1624.0;1061.0;984.0;1663.0;Gauche
38159;Eydoche;307;51.0;69.0;102.0;85.0;Extrême-Droite
38160;Eyzin-Pinet;1410;291.0;410.0;379.0;330.0;Droite
38161;Faramans;583;112.0;174.0;198.0;99.0;Extrême-Droite
38162;Faverges-de-la-Tour;848;158.0;181.0;264.0;245.0;Extrême-Droite
38163;La Ferrière;207;45.0;67.0;28.0;67.0;Gauche
38166;La Flachère;278;76.0;46.0;72.0;84.0;Gauche
38167;Flachères;317;59.0;99.0;102.0;57.0;Extrême-Droite
38169;Fontaine;9574;2222.0;1498.0;2043.0;3811.0;Gauche
38170;Fontanil-Cornillon;1776;487.0;521.0;332.0;436.0;Droite
38171;La Forteresse;196;31.0;59.0;51.0;55.0;Droite
38172;Four;830;187.0;202.0;251.0;190.0;Extrême-Droite
38173;Le Freney-d'Oisans;170;47.0;29.0;36.0;58.0;Gauche
38174;La Frette;657;145.0;177.0;180.0;155.0;Extrême-Droite
38175;Froges;1982;534.0;375.0;487.0;586.0;Gauche
38176;Frontonas;1362;347.0;414.0;356.0;245.0;Droite
38177;La Garde;101;25.0;37.0;24.0;15.0;Droite
38179;Gières;3436;1013.0;788.0;547.0;1088.0;Gauche
38180;Gillonnay;638;137.0;165.0;187.0;149.0;Extrême-Droite
38181;Goncelin;1427;368.0;342.0;284.0;433.0;Gauche
38182;Le Grand-Lemps;1622;421.0;394.0;357.0;450.0;Gauche
38183;Granieu;282;70.0;62.0;84.0;66.0;Extrême-Droite
38184;Grenay;856;168.0;258.0;253.0;177.0;Droite
38185;Grenoble;62801;18081.0;12192.0;6718.0;25810.0;Gauche
38186;Gresse-en-Vercors;285;70.0;97.0;47.0;71.0;Droite
38187;Le Gua;1180;267.0;248.0;280.0;385.0;Gauche
38188;Herbeys;950;310.0;302.0;93.0;245.0;Centre
38189;Heyrieux;2738;603.0;757.0;834.0;544.0;Extrême-Droite
38190;Hières-sur-Amby;593;82.0;122.0;231.0;158.0;Extrême-Droite
38191;Huez;978;214.0;470.0;155.0;139.0;Droite
38192;Hurtières;129;28.0;29.0;30.0;42.0;Gauche
38193;L'Isle-d'Abeau;6501;1533.0;1173.0;1714.0;2081.0;Gauche
38194;Izeaux;1178;256.0;270.0;305.0;347.0;Gauche
38195;Izeron;456;90.0;93.0;146.0;127.0;Extrême-Droite
38197;Janneyrias;926;201.0;243.0;313.0;169.0;Extrême-Droite
38198;Jarcieu;633;127.0;145.0;198.0;163.0;Extrême-Droite
38199;Jardin;1439;388.0;405.0;332.0;314.0;Droite
38200;Jarrie;2470;690.0;614.0;507.0;659.0;Centre
38203;Laffrey;272;34.0;97.0;68.0;73.0;Droite
38204;Lalley;158;43.0;35.0;26.0;54.0;Gauche
38205;Lans-en-Vercors;1790;533.0;418.0;244.0;595.0;Gauche
38206;Laval;718;202.0;149.0;120.0;247.0;Gauche
38207;Lavaldens;127;31.0;37.0;23.0;36.0;Droite
38208;Lavars;113;33.0;21.0;23.0;36.0;Gauche
38209;Lentiol;154;18.0;41.0;47.0;48.0;Gauche
38210;Leyrieu;483;92.0;133.0;148.0;110.0;Extrême-Droite
38211;Lieudieu;204;15.0;36.0;103.0;50.0;Extrême-Droite
38212;Livet-et-Gavet;630;92.0;86.0;215.0;237.0;Gauche
38213;Longechenal;343;83.0;78.0;99.0;83.0;Extrême-Droite
38214;Lumbin;1403;441.0;373.0;215.0;374.0;Centre
38215;Luzinay;1527;367.0;405.0;435.0;320.0;Extrême-Droite
38216;Malleval;54;16.0;11.0;9.0;18.0;Gauche
38217;Marcieu;57;8.0;17.0;15.0;17.0;Gauche
38218;Marcilloles;560;112.0;156.0;179.0;113.0;Extrême-Droite
38219;Marcollin;372;85.0;74.0;113.0;100.0;Extrême-Droite
38221;Marnans;81;11.0;22.0;22.0;26.0;Gauche
38222;Massieu;465;106.0;108.0;105.0;146.0;Gauche
38223;Maubec;1129;273.0;372.0;233.0;251.0;Droite
38224;Mayres-Savel;75;12.0;24.0;16.0;23.0;Droite
38225;Autrans-Méaudre en Vercors;2005;508.0;509.0;270.0;718.0;Gauche
38226;Mens;921;230.0;201.0;143.0;347.0;Gauche
38228;Merlas;291;59.0;77.0;97.0;58.0;Extrême-Droite
38229;Meylan;11279;3893.0;3874.0;954.0;2558.0;Centre
38230;Meyrié;748;211.0;199.0;157.0;181.0;Centre
38231;Meyrieu-les-Etangs;534;135.0;157.0;145.0;97.0;Droite
38232;Meyssiez;406;52.0;122.0;146.0;86.0;Extrême-Droite
38235;Miribel-Lanchâtre;257;47.0;66.0;71.0;73.0;Gauche
38236;Miribel-les-Echelles;1127;258.0;301.0;233.0;335.0;Gauche
38237;Mizoën;157;23.0;32.0;33.0;69.0;Gauche
38238;Moidieu-Détourbe;1154;234.0;307.0;373.0;240.0;Extrême-Droite
38239;Moirans;4306;1064.0;945.0;921.0;1376.0;Gauche
38240;Moissieu-sur-Dolon;436;106.0;64.0;158.0;108.0;Extrême-Droite
38241;Monestier-d'Ambel;26;3.0;7.0;5.0;11.0;Gauche
38242;Monestier-de-Clermont;749;161.0;183.0;204.0;201.0;Extrême-Droite
38243;Le Monestier-du-Percy;204;38.0;47.0;41.0;78.0;Gauche
38244;Monsteroux-Milieu;487;95.0;123.0;154.0;115.0;Extrême-Droite
38245;Montagne;169;29.0;34.0;54.0;52.0;Extrême-Droite
38246;Montagnieu;631;109.0;178.0;235.0;109.0;Extrême-Droite
38247;Montalieu-Vercieu;1420;268.0;293.0;501.0;358.0;Extrême-Droite
38248;Montaud;337;97.0;85.0;37.0;118.0;Gauche
38249;Montbonnot-Saint-Martin;3318;1177.0;1200.0;327.0;614.0;Droite
38250;Montcarra;334;63.0;99.0;81.0;91.0;Droite
38252;Montchaboud;240;81.0;58.0;41.0;60.0;Centre
38253;Les Deux-Alpes;1215;258.0;501.0;188.0;268.0;Droite
38254;Monteynard;344;86.0;57.0;110.0;91.0;Extrême-Droite
38255;Montfalcon;87;13.0;27.0;24.0;23.0;Droite
38256;Montferrat;963;201.0;272.0;250.0;240.0;Droite
38257;Montrevel;290;45.0;70.0;119.0;56.0;Extrême-Droite
38258;Mont-Saint-Martin;81;20.0;16.0;6.0;39.0;Gauche
38259;Montseveroux;587;141.0;115.0;179.0;152.0;Extrême-Droite
38260;Moras;351;68.0;106.0;101.0;76.0;Droite
38261;Morestel;2057;407.0;581.0;627.0;442.0;Extrême-Droite
38263;Morette;248;55.0;59.0;65.0;69.0;Gauche
38264;La Morte;119;32.0;29.0;25.0;33.0;Gauche
38265;La Motte-d'Aveillans;1026;195.0;202.0;294.0;335.0;Gauche
38266;La Motte-Saint-Martin;278;76.0;51.0;59.0;92.0;Gauche
38267;Mottier;425;73.0;124.0;139.0;89.0;Extrême-Droite
38268;Le Moutaret;167;32.0;39.0;36.0;60.0;Gauche
38269;La Mure;2370;430.0;641.0;631.0;668.0;Gauche
38270;La Murette;1208;365.0;352.0;211.0;280.0;Centre
38271;Murianette;546;125.0;157.0;145.0;119.0;Droite
38272;Murinais;250;55.0;57.0;68.0;70.0;Gauche
38273;Nantes-en-Ratier;351;93.0;87.0;49.0;122.0;Gauche
38274;Nantoin;304;62.0;91.0;85.0;66.0;Droite
38275;Serre-Nerpol;164;27.0;46.0;50.0;41.0;Extrême-Droite
38276;Nivolas-Vermelle;1385;334.0;370.0;366.0;315.0;Droite
38277;Notre-Dame-de-Commiers;323;69.0;52.0;102.0;100.0;Extrême-Droite
38278;Notre-Dame-de-l'Osier;318;64.0;66.0;81.0;107.0;Gauche
38279;Notre-Dame-de-Mésage;764;194.0;160.0;180.0;230.0;Gauche
38280;Notre-Dame-de-Vaux;427;116.0;55.0;82.0;174.0;Gauche
38281;Noyarey;1386;387.0;368.0;264.0;367.0;Centre
38282;Optevoz;489;98.0;137.0;169.0;85.0;Extrême-Droite
38283;Oris-en-Rattier;79;27.0;14.0;7.0;31.0;Gauche
38284;Ornacieux;276;56.0;57.0;91.0;72.0;Extrême-Droite
38285;Ornon;132;48.0;29.0;8.0;47.0;Centre
38286;Oulles;23;2.0;7.0;13.0;1.0;Extrême-Droite
38287;Oyeu;597;149.0;143.0;149.0;156.0;Gauche
38288;Oytier-Saint-Oblas;1016;220.0;234.0;338.0;224.0;Extrême-Droite
38289;Oz;193;54.0;60.0;22.0;57.0;Droite
38290;Pact;489;91.0;117.0;200.0;81.0;Extrême-Droite
38291;Pajay;602;101.0;177.0;222.0;102.0;Extrême-Droite
38292;Villages du lac de Paladru;1515;325.0;402.0;412.0;376.0;Extrême-Droite
38293;Panissage;264;54.0;71.0;75.0;64.0;Extrême-Droite
38294;Panossas;389;92.0;103.0;114.0;80.0;Extrême-Droite
38295;Parmilieu;399;69.0;106.0;115.0;109.0;Extrême-Droite
38296;Le Passage;560;115.0;162.0;150.0;133.0;Droite
38297;Arandon-Passins;978;158.0;233.0;378.0;209.0;Extrême-Droite
38298;Le Péage-de-Roussillon;2568;571.0;516.0;644.0;837.0;Gauche
38299;Pellafol;154;31.0;34.0;42.0;47.0;Gauche
38300;Penol;234;42.0;77.0;81.0;34.0;Extrême-Droite
38301;Percy;105;21.0;25.0;12.0;47.0;Gauche
38302;Le Périer;113;20.0;29.0;20.0;44.0;Gauche
38303;La Pierre;302;92.0;57.0;60.0;93.0;Gauche
38304;Pierre-Châtel;861;159.0;156.0;217.0;329.0;Gauche
38306;Pinsot;153;34.0;30.0;26.0;63.0;Gauche
38307;Pisieu;358;75.0;70.0;123.0;90.0;Extrême-Droite
38308;Plan;150;29.0;38.0;44.0;39.0;Extrême-Droite
38309;Poisat;1304;443.0;250.0;144.0;467.0;Gauche
38310;Poliénas;694;114.0;174.0;198.0;208.0;Gauche
38311;Pommier-de-Beaurepaire;448;69.0;153.0;147.0;79.0;Droite
38313;Ponsonnas;195;40.0;52.0;34.0;69.0;Gauche
38314;Pontcharra;3873;940.0;806.0;925.0;1202.0;Gauche
38315;Le Pont-de-Beauvoisin;1699;364.0;432.0;416.0;487.0;Gauche
38316;Pont-de-Chéruy;2002;380.0;401.0;652.0;569.0;Extrême-Droite
38317;Le Pont-de-Claix;4521;983.0;797.0;1070.0;1671.0;Gauche
38318;Pont-Evêque;2266;561.0;505.0;513.0;687.0;Gauche
38319;Pont-en-Royans;436;90.0;73.0;80.0;193.0;Gauche
38320;Porcieu-Amblagnieu;982;182.0;232.0;347.0;221.0;Extrême-Droite
38321;Prébois;134;31.0;41.0;12.0;50.0;Gauche
38322;Presles;77;9.0;23.0;14.0;31.0;Gauche
38323;Pressins;724;158.0;167.0;227.0;172.0;Extrême-Droite
38324;Primarette;487;86.0;129.0;165.0;107.0;Extrême-Droite
38325;Proveysieux;337;95.0;77.0;39.0;126.0;Gauche
38326;Prunières;234;37.0;43.0;68.0;86.0;Gauche
38328;Quaix-en-Chartreuse;617;227.0;149.0;76.0;165.0;Centre
38329;Quet-en-Beaumont;64;12.0;18.0;16.0;18.0;Gauche
38330;Quincieu;63;8.0;25.0;22.0;8.0;Droite
38331;Réaumont;663;210.0;159.0;120.0;174.0;Centre
38332;Renage;1740;425.0;344.0;379.0;592.0;Gauche
38333;Rencurel;244;65.0;53.0;33.0;93.0;Gauche
38334;Revel;942;306.0;199.0;139.0;298.0;Centre
38335;Revel-Tourdan;640;127.0;159.0;199.0;155.0;Extrême-Droite
38336;Reventin-Vaugris;1210;266.0;294.0;360.0;290.0;Extrême-Droite
38337;Rives;3020;725.0;661.0;737.0;897.0;Gauche
38338;La Rivière;421;97.0;87.0;141.0;96.0;Extrême-Droite
38339;Roche;1322;268.0;411.0;395.0;248.0;Droite
38340;Les Roches-de-Condrieu;1019;256.0;247.0;234.0;282.0;Gauche
38341;Rochetoirin;741;153.0;183.0;232.0;173.0;Extrême-Droite
38342;Roissard;185;36.0;36.0;55.0;58.0;Gauche
38343;Romagnieu;1067;219.0;298.0;333.0;217.0;Extrême-Droite
38344;Roussillon;4001;871.0;844.0;1056.0;1230.0;Gauche
38345;Rovon;385;86.0;73.0;123.0;103.0;Extrême-Droite
38346;Royas;227;63.0;75.0;57.0;32.0;Droite
38347;Roybon;671;152.0;176.0;158.0;185.0;Gauche
38348;Ruy;2935;736.0;925.0;725.0;549.0;Droite
38349;Sablons;1059;194.0;256.0;356.0;253.0;Extrême-Droite
38350;Sainte-Agnès;404;115.0;104.0;64.0;121.0;Gauche
38351;Saint-Agnin-sur-Bion;607;99.0;177.0;229.0;102.0;Extrême-Droite
38352;Saint-Alban-de-Roche;1260;346.0;394.0;241.0;279.0;Droite
38353;Saint-Alban-du-Rhône;487;87.0;100.0;185.0;115.0;Extrême-Droite
38354;Saint-Albin-de-Vaulserre;259;58.0;69.0;75.0;57.0;Extrême-Droite
38355;Saint-Andéol;101;33.0;24.0;11.0;33.0;Gauche
38356;Saint-André-en-Royans;236;48.0;65.0;42.0;81.0;Gauche
38357;Saint-André-le-Gaz;1542;318.0;335.0;503.0;386.0;Extrême-Droite
38358;Sainte-Anne-sur-Gervonde;412;99.0;113.0;119.0;81.0;Extrême-Droite
38359;Saint-Antoine-l'Abbaye;794;172.0;203.0;169.0;250.0;Gauche
38360;Saint-Appolinard;282;68.0;70.0;90.0;54.0;Extrême-Droite
38361;Saint-Arey;67;14.0;16.0;10.0;27.0;Gauche
38362;Saint-Aupre;730;230.0;187.0;167.0;146.0;Centre
38363;Saint-Barthélemy;506;127.0;116.0;155.0;108.0;Extrême-Droite
38364;Saint-Barthélemy-de-Séchilienne;289;62.0;39.0;85.0;103.0;Gauche
38365;Saint-Baudille-de-la-Tour;494;82.0;112.0;187.0;113.0;Extrême-Droite
38366;Saint-Baudille-et-Pipet;210;72.0;49.0;38.0;51.0;Centre
38367;Saint-Bernard;432;97.0;65.0;37.0;233.0;Gauche
38368;Saint-Blaise-du-Buis;582;152.0;170.0;117.0;143.0;Droite
38369;Sainte-Blandine;634;113.0;162.0;208.0;151.0;Extrême-Droite
38370;Saint-Bonnet-de-Chavagne;434;97.0;123.0;122.0;92.0;Droite
38372;Saint-Bueil;368;77.0;81.0;115.0;95.0;Extrême-Droite
38373;Saint-Cassien;784;237.0;238.0;145.0;164.0;Droite
38374;Saint-Chef;2027;416.0;520.0;660.0;431.0;Extrême-Droite
38375;Saint-Christophe-en-Oisans;98;25.0;26.0;15.0;32.0;Gauche
38376;Saint-Christophe-sur-Guiers;488;111.0;127.0;126.0;124.0;Droite
38377;Saint-Clair-de-la-Tour;1823;393.0;388.0;588.0;454.0;Extrême-Droite
38378;Saint-Clair-du-Rhône;2340;475.0;537.0;713.0;615.0;Extrême-Droite
38379;Saint-Clair-sur-Galaure;179;45.0;57.0;48.0;29.0;Droite
38380;Saint-Didier-de-Bizonnes;189;29.0;28.0;84.0;48.0;Extrême-Droite
38381;Saint-Didier-de-la-Tour;1211;218.0;318.0;442.0;233.0;Extrême-Droite
38382;Saint-Egrève;9017;2816.0;1998.0;1346.0;2857.0;Gauche
38383;Saint-Etienne-de-Crossey;1789;570.0;455.0;257.0;507.0;Centre
38384;Saint-Etienne-de-Saint-Geoirs;1724;375.0;451.0;516.0;382.0;Extrême-Droite
38386;Saint-Geoire-en-Valdaine;1197;246.0;342.0;303.0;306.0;Droite
38387;Saint-Geoirs;308;54.0;108.0;75.0;71.0;Droite
38388;Saint-Georges-de-Commiers;1345;315.0;297.0;372.0;361.0;Extrême-Droite
38389;Saint-Georges-d'Espéranche;2044;418.0;625.0;631.0;370.0;Extrême-Droite
38390;Saint-Gervais;316;49.0;67.0;97.0;103.0;Gauche
38391;Saint-Guillaume;173;27.0;58.0;36.0;52.0;Droite
38392;Saint-Hilaire-de-Brens;397;91.0;122.0;95.0;89.0;Droite
38393;Saint-Hilaire-de-la-Côte;932;201.0;234.0;226.0;271.0;Gauche
38394;Saint-Hilaire-du-Rosier;1254;248.0;325.0;357.0;324.0;Extrême-Droite
38395;Saint-Hilaire;728;170.0;107.0;82.0;369.0;Gauche
38396;Saint-Honoré;517;94.0;128.0;120.0;175.0;Gauche
38397;Saint-Ismier;4902;1814.0;1892.0;438.0;758.0;Droite
38398;Saint-Jean-d'Avelanne;525;103.0;151.0;141.0;130.0;Droite
38399;Saint-Jean-de-Bournay;2588;541.0;738.0;809.0;500.0;Extrême-Droite
38400;Saint-Jean-de-Moirans;2014;562.0;452.0;363.0;637.0;Gauche
38401;Saint-Jean-de-Soudain;843;182.0;231.0;242.0;188.0;Extrême-Droite
38402;Saint-Jean-de-Vaulx;376;86.0;51.0;76.0;163.0;Gauche
38403;Saint-Jean-d'Hérans;231;59.0;42.0;53.0;77.0;Gauche
38404;Saint-Jean-le-Vieux;188;57.0;61.0;28.0;42.0;Droite
38405;Saint-Joseph-de-Rivière;795;179.0;173.0;184.0;259.0;Gauche
38406;Saint-Julien-de-l'Herms;91;16.0;19.0;27.0;29.0;Gauche
38407;La Sure en Chartreuse;747;216.0;170.0;130.0;231.0;Gauche
38408;Saint-Just-Chaleyssin;1647;376.0;535.0;455.0;281.0;Droite
38409;Saint-Just-de-Claix;709;135.0;133.0;239.0;202.0;Extrême-Droite
38410;Saint-Lattier;799;153.0;196.0;254.0;196.0;Extrême-Droite
38412;Saint-Laurent-du-Pont;2458;531.0;670.0;587.0;670.0;Gauche
38413;Saint-Laurent-en-Beaumont;296;62.0;66.0;82.0;86.0;Gauche
38414;Sainte-Luce;39;12.0;6.0;7.0;14.0;Gauche
38415;Saint-Marcel-Bel-Accueil;927;240.0;317.0;185.0;185.0;Droite
38416;Saint-Marcellin;3950;914.0;1019.0;847.0;1170.0;Gauche
38417;Sainte-Marie-d'Alloix;299;77.0;55.0;71.0;96.0;Gauche
38418;Sainte-Marie-du-Mont;133;42.0;25.0;22.0;44.0;Gauche
38419;Saint-Martin-de-Clelles;125;34.0;30.0;21.0;40.0;Gauche
38420;Saint-Martin-de-Vaulserre;200;42.0;45.0;58.0;55.0;Extrême-Droite
38421;Saint-Martin-d'Hères;13219;3127.0;2089.0;2419.0;5584.0;Gauche
38422;Saint-Martin-d'Uriage;3669;1244.0;950.0;452.0;1023.0;Centre
38423;Saint-Martin-le-Vinoux;2616;726.0;546.0;359.0;985.0;Gauche
38424;Saint-Maurice-en-Trièves;107;16.0;36.0;33.0;22.0;Droite
38425;Saint-Maurice-l'Exil;2915;559.0;562.0;841.0;953.0;Gauche
38426;Saint-Maximin;480;122.0;103.0;126.0;129.0;Gauche
38427;Saint-Michel-de-Saint-Geoirs;172;36.0;57.0;33.0;46.0;Droite
38428;Saint-Michel-en-Beaumont;53;16.0;16.0;13.0;8.0;Centre
38429;Saint-Michel-les-Portes;187;39.0;48.0;25.0;75.0;Gauche
38430;Saint-Mury-Monteymond;218;46.0;49.0;47.0;76.0;Gauche
38431;Saint-Nazaire-les-Eymes;1980;722.0;659.0;205.0;394.0;Centre
38432;Saint-Nicolas-de-Macherin;639;162.0;170.0;112.0;195.0;Gauche
38433;Saint-Nizier-du-Moucherotte;741;224.0;151.0;78.0;288.0;Gauche
38434;Saint-Ondras;372;73.0;102.0;110.0;87.0;Extrême-Droite
38435;Saint-Pancrasse;286;65.0;48.0;36.0;137.0;Gauche
38436;Saint-Paul-de-Varces;1521;413.0;408.0;301.0;399.0;Centre
38437;Saint-Paul-d'Izeaux;185;40.0;33.0;57.0;55.0;Extrême-Droite
38438;Saint-Paul-lès-Monestier;183;47.0;48.0;28.0;60.0;Gauche
38439;Crêts en Belledonne;1950;454.0;326.0;506.0;664.0;Gauche
38440;Saint-Pierre-de-Bressieux;465;110.0;159.0;94.0;102.0;Droite
38442;Saint-Pierre-de-Chartreuse;745;180.0;197.0;91.0;277.0;Gauche
38443;Saint-Pierre-de-Chérennes;343;74.0;85.0;78.0;106.0;Gauche
38444;Saint-Pierre-de-Méarotz;95;18.0;15.0;39.0;23.0;Extrême-Droite
38445;Saint-Pierre-de-Mésage;448;97.0;94.0;129.0;128.0;Extrême-Droite
38446;Saint-Pierre-d'Entremont;420;64.0;151.0;79.0;126.0;Droite
38448;Saint-Prim;835;188.0;205.0;264.0;178.0;Extrême-Droite
38449;Saint-Quentin-Fallavier;2746;498.0;528.0;778.0;942.0;Gauche
38450;Saint-Quentin-sur-Isère;831;183.0;209.0;245.0;194.0;Extrême-Droite
38451;Saint-Romain-de-Jalionas;1917;358.0;525.0;687.0;347.0;Extrême-Droite
38452;Saint-Romain-de-Surieu;245;52.0;66.0;67.0;60.0;Extrême-Droite
38453;Saint-Romans;989;229.0;278.0;252.0;230.0;Droite
38454;Saint-Sauveur;1043;228.0;261.0;270.0;284.0;Gauche
38455;Saint-Savin;2493;580.0;683.0;759.0;471.0;Extrême-Droite
38456;Châtel en Trièves;358;81.0;64.0;59.0;154.0;Gauche
38457;Saint-Siméon-de-Bressieux;1559;323.0;368.0;427.0;441.0;Gauche
38458;Saint-Sorlin-de-Morestel;347;61.0;74.0;131.0;81.0;Extrême-Droite
38459;Saint-Sorlin-de-Vienne;560;119.0;158.0;181.0;102.0;Extrême-Droite
38460;Saint-Sulpice-des-Rivoires;296;56.0;96.0;77.0;67.0;Droite
38462;Saint-Théoffrey;304;78.0;78.0;66.0;82.0;Gauche
38463;Saint-Vérand;1123;247.0;278.0;299.0;299.0;Gauche
38464;Saint-Victor-de-Cessieu;1227;217.0;282.0;444.0;284.0;Extrême-Droite
38465;Saint-Victor-de-Morestel;681;149.0;168.0;211.0;153.0;Extrême-Droite
38466;Saint-Vincent-de-Mercuze;1018;334.0;260.0;152.0;272.0;Centre
38467;Salagnon;812;166.0;193.0;283.0;170.0;Extrême-Droite
38468;Salaise-sur-Sanne;2429;515.0;459.0;694.0;761.0;Gauche
38469;La Salette-Fallavaux;78;25.0;25.0;24.0;4.0;Centre
38470;La Salle-en-Beaumont;256;46.0;58.0;70.0;82.0;Gauche
38471;Le Sappey-en-Chartreuse;768;291.0;158.0;60.0;259.0;Centre
38472;Sarcenas;152;44.0;25.0;19.0;64.0;Gauche
38473;Sardieu;596;119.0;145.0;206.0;126.0;Extrême-Droite
38474;Sassenage;6369;1808.0;1422.0;1411.0;1728.0;Centre
38475;Satolas-et-Bonce;1440;296.0;392.0;487.0;265.0;Extrême-Droite
38476;Savas-Mépin;519;96.0;150.0;189.0;84.0;Extrême-Droite
38478;Séchilienne;579;124.0;93.0;159.0;203.0;Gauche
38479;Semons;219;43.0;62.0;65.0;49.0;Extrême-Droite
38480;Septème;1216;219.0;307.0;447.0;243.0;Extrême-Droite
38481;Sérézin-de-la-Tour;629;143.0;183.0;192.0;111.0;Extrême-Droite
38483;Sermérieu;1026;214.0;255.0;336.0;221.0;Extrême-Droite
38484;Serpaize;1098;252.0;259.0;338.0;249.0;Extrême-Droite
38485;Seyssinet-Pariset;6603;1834.0;1538.0;1258.0;1973.0;Gauche
38486;Seyssins;4656;1627.0;1241.0;694.0;1094.0;Centre
38487;Seyssuel;1338;387.0;432.0;246.0;273.0;Droite
38488;Siccieu-Saint-Julien-et-Carisieu;389;96.0;106.0;91.0;96.0;Droite
38489;Siévoz;93;21.0;21.0;15.0;36.0;Gauche
38490;Sillans;1129;222.0;251.0;351.0;305.0;Extrême-Droite
38492;Sinard;405;96.0;71.0;69.0;169.0;Gauche
38494;Soleymieu;454;96.0;142.0;147.0;69.0;Extrême-Droite
38495;La Sône;316;71.0;73.0;87.0;85.0;Extrême-Droite
38496;Sonnay;831;153.0;205.0;301.0;172.0;Extrême-Droite
38497;Sousville;119;22.0;34.0;31.0;32.0;Droite
38498;Succieu;452;92.0;92.0;163.0;105.0;Extrême-Droite
38499;Susville;606;111.0;97.0;177.0;221.0;Gauche
38500;Têche;373;68.0;101.0;119.0;85.0;Extrême-Droite
38501;Tencin;970;246.0;200.0;274.0;250.0;Extrême-Droite
38503;La Terrasse;1542;445.0;352.0;250.0;495.0;Gauche
38504;Theys;1374;323.0;413.0;270.0;368.0;Droite
38505;Thodure;494;91.0;121.0;147.0;135.0;Extrême-Droite
38507;Tignieu-Jameyzieu;3531;757.0;849.0;1146.0;779.0;Extrême-Droite
38508;Torchefelon;408;106.0;76.0;127.0;99.0;Extrême-Droite
38509;La Tour-du-Pin;3405;693.0;864.0;865.0;983.0;Gauche
38511;Le Touvet;1887;482.0;485.0;338.0;582.0;Gauche
38512;Tramolé;424;87.0;125.0;110.0;102.0;Droite
38513;Treffort;162;47.0;44.0;32.0;39.0;Centre
38514;Tréminis;162;31.0;50.0;31.0;50.0;Gauche
38515;Trept;1198;239.0;333.0;402.0;224.0;Extrême-Droite
38516;La Tronche;3345;1111.0;1076.0;261.0;897.0;Centre
38517;Tullins;4123;949.0;934.0;971.0;1269.0;Gauche
38518;Valbonnais;374;93.0;88.0;87.0;106.0;Gauche
38519;Valencin;1580;379.0;431.0;504.0;266.0;Extrême-Droite
38520;Valencogne;405;69.0;114.0;137.0;85.0;Extrême-Droite
38521;La Valette;51;19.0;9.0;5.0;18.0;Centre
38522;Valjouffrey;167;53.0;30.0;33.0;51.0;Centre
38523;Varacieux;584;95.0;155.0;184.0;150.0;Extrême-Droite
38524;Varces-Allières-et-Risset;4047;1159.0;1027.0;985.0;876.0;Centre
38525;Vasselin;280;54.0;74.0;112.0;40.0;Extrême-Droite
38526;Vatilieu;271;79.0;57.0;60.0;75.0;Centre
38527;Vaujany;320;99.0;78.0;74.0;69.0;Centre
38528;Vaulnaveys-le-Bas;790;222.0;176.0;183.0;209.0;Centre
38529;Vaulnaveys-le-Haut;2372;713.0;693.0;421.0;545.0;Centre
38530;Vaulx-Milieu;1495;372.0;389.0;379.0;355.0;Droite
38531;Velanne;318;84.0;79.0;81.0;74.0;Centre
38532;Vénérieu;482;102.0;138.0;157.0;85.0;Extrême-Droite
38533;Venon;511;151.0;143.0;52.0;165.0;Gauche
38535;Vernas;162;33.0;42.0;50.0;37.0;Extrême-Droite
38536;Vernioz;771;182.0;164.0;245.0;180.0;Extrême-Droite
38537;La Verpillière;3182;696.0;780.0;871.0;835.0;Extrême-Droite
38538;Le Versoud;2714;823.0;555.0;533.0;803.0;Centre
38539;Vertrieu;383;69.0;90.0;133.0;91.0;Extrême-Droite
38540;Veurey-Voroize;859;241.0;218.0;179.0;221.0;Centre
38542;Veyssilieu;230;47.0;74.0;52.0;57.0;Droite
38543;Vézeronce-Curtin;1257;225.0;308.0;467.0;257.0;Extrême-Droite
38544;Vienne;13910;3676.0;3708.0;2483.0;4043.0;Gauche
38545;Vif;5077;1192.0;1186.0;1408.0;1291.0;Extrême-Droite
38546;Vignieu;592;116.0;137.0;216.0;123.0;Extrême-Droite
38547;Villard-Bonnot;4004;1016.0;706.0;924.0;1358.0;Gauche
38548;Villard-de-Lans;2967;785.0;922.0;424.0;836.0;Droite
38549;Villard-Notre-Dame;29;14.0;6.0;5.0;4.0;Centre
38550;Villard-Reculas;63;22.0;25.0;7.0;9.0;Droite
38551;Villard-Reymond;29;13.0;6.0;1.0;9.0;Centre
38552;Villard-Saint-Christophe;272;53.0;81.0;53.0;85.0;Gauche
38553;Villefontaine;7528;1716.0;1187.0;1743.0;2882.0;Gauche
38554;Villemoirieu;1096;242.0;341.0;283.0;230.0;Droite
38555;Villeneuve-de-Marc;645;114.0;162.0;236.0;133.0;Extrême-Droite
38556;Ville-sous-Anjou;706;163.0;177.0;219.0;147.0;Extrême-Droite
38557;Villette-d'Anthon;2691;584.0;833.0;895.0;379.0;Extrême-Droite
38558;Villette-de-Vienne;1104;283.0;311.0;302.0;208.0;Droite
38559;Vinay;2229;476.0;572.0;585.0;596.0;Gauche
38560;Virieu;569;123.0;139.0;154.0;153.0;Extrême-Droite
38561;Viriville;857;175.0;233.0;258.0;191.0;Extrême-Droite
38562;Vizille;3530;745.0;645.0;942.0;1198.0;Gauche
38563;Voiron;10908;3029.0;2900.0;1739.0;3240.0;Gauche
38564;Voissant;143;34.0;31.0;41.0;37.0;Extrême-Droite
38565;Voreppe;5594;1595.0;1422.0;1046.0;1531.0;Centre
38566;Vourey;1093;314.0;285.0;208.0;286.0;Centre
38567;Chamrousse;343;95.0;106.0;64.0;78.0;Droite
42001;Aboën;280;51.0;56.0;94.0;79.0;Extrême-Droite
42002;Ailleux;119;20.0;28.0;41.0;30.0;Extrême-Droite
42003;Ambierle;1254;247.0;298.0;289.0;420.0;Gauche
42004;Amions;195;40.0;57.0;55.0;43.0;Droite
42005;Andrézieux-Bouthéon;4470;1096.0;1254.0;1069.0;1051.0;Droite
42006;Apinac;281;65.0;85.0;73.0;58.0;Droite
42007;Arcinges;125;31.0;50.0;20.0;24.0;Droite
42008;Arcon;71;10.0;23.0;22.0;16.0;Droite
42009;Arthun;357;58.0;94.0;125.0;80.0;Extrême-Droite
42010;Aveizieux;1001;227.0;336.0;263.0;175.0;Droite
42011;Balbigny;1499;285.0;428.0;480.0;306.0;Extrême-Droite
42012;Bard;408;95.0;132.0;54.0;127.0;Droite
42013;Bellegarde-en-Forez;1064;241.0;305.0;304.0;214.0;Droite
42014;Belleroche;172;35.0;49.0;53.0;35.0;Extrême-Droite
42015;Belmont-de-la-Loire;970;210.0;325.0;236.0;199.0;Droite
42016;La Bénisson-Dieu;258;39.0;71.0;77.0;71.0;Extrême-Droite
42017;Le Bessat;313;109.0;79.0;50.0;75.0;Centre
42018;Bessey;272;50.0;73.0;89.0;60.0;Extrême-Droite
42019;Boën-sur-Lignon;1787;394.0;437.0;451.0;505.0;Gauche
42020;Boisset-lès-Montrond;659;135.0;201.0;189.0;134.0;Droite
42021;Boisset-Saint-Priest;725;150.0;159.0;192.0;224.0;Gauche
42022;Bonson;2282;576.0;529.0;676.0;501.0;Extrême-Droite
42023;Bourg-Argental;1799;388.0;480.0;441.0;490.0;Gauche
42025;Boyer;121;21.0;50.0;26.0;24.0;Droite
42026;Briennon;992;230.0;266.0;260.0;236.0;Droite
42027;Bully;254;45.0;70.0;73.0;66.0;Extrême-Droite
42028;Burdignes;244;46.0;57.0;44.0;97.0;Gauche
42029;Bussières;862;185.0;202.0;250.0;225.0;Extrême-Droite
42030;Bussy-Albieux;332;61.0;78.0;97.0;96.0;Extrême-Droite
42031;Caloire;241;53.0;71.0;66.0;51.0;Droite
42032;Cellieu;1058;253.0;317.0;275.0;213.0;Droite
42033;Le Cergne;415;79.0;137.0;125.0;74.0;Droite
42034;Cervières;75;16.0;27.0;12.0;20.0;Droite
42035;Cezay;118;23.0;22.0;44.0;29.0;Extrême-Droite
42036;Chagnon;320;71.0;66.0;89.0;94.0;Gauche
42037;Chalain-d'Uzore;360;86.0;126.0;91.0;57.0;Droite
42038;Chalain-le-Comtal;445;87.0;156.0;119.0;83.0;Droite
42039;Chalmazel-Jeansagnière;367;89.0;145.0;44.0;89.0;Droite
42040;La Chamba;49;11.0;18.0;6.0;14.0;Droite
42041;Chambéon;295;55.0;87.0;90.0;63.0;Extrême-Droite
42042;Chambles;679;165.0;201.0;182.0;131.0;Droite
42043;Chamboeuf;1154;327.0;413.0;197.0;217.0;Droite
42044;Le Chambon-Feugerolles;5574;1059.0;1035.0;1715.0;1765.0;Gauche
42045;La Chambonie;46;8.0;10.0;11.0;17.0;Gauche
42046;Champdieu;1133;269.0;303.0;302.0;259.0;Droite
42047;Champoly;217;46.0;52.0;40.0;79.0;Gauche
42048;Chandon;940;209.0;271.0;235.0;225.0;Droite
42049;Changy;383;68.0;92.0;143.0;80.0;Extrême-Droite
42050;La Chapelle-en-Lafaye;95;19.0;30.0;17.0;29.0;Droite
42051;La Chapelle-Villars;321;70.0;99.0;71.0;81.0;Droite
42052;Charlieu;1818;483.0;514.0;329.0;492.0;Droite
42053;Châteauneuf;1051;200.0;282.0;334.0;235.0;Extrême-Droite
42054;Châtelneuf;196;36.0;77.0;46.0;37.0;Droite
42055;Châtelus;90;25.0;22.0;28.0;15.0;Extrême-Droite
42056;Chavanay;1626;378.0;456.0;427.0;365.0;Droite
42058;Chazelles-sur-Lavieu;172;33.0;44.0;53.0;42.0;Extrême-Droite
42059;Chazelles-sur-Lyon;3019;668.0;908.0;750.0;693.0;Droite
42060;Chenereilles;330;51.0;78.0;96.0;105.0;Gauche
42061;Cherier;330;44.0;102.0;124.0;60.0;Extrême-Droite
42062;Chevrières;672;168.0;205.0;165.0;134.0;Droite
42063;Chirassimont;261;56.0;84.0;76.0;45.0;Droite
42064;Chuyer;504;102.0;161.0;127.0;114.0;Droite
42065;Civens;893;221.0;260.0;212.0;200.0;Droite
42066;Cleppé;363;77.0;103.0;111.0;72.0;Extrême-Droite
42067;Colombier;198;37.0;60.0;54.0;47.0;Droite
42068;Combre;251;43.0;64.0;101.0;43.0;Extrême-Droite
42069;Commelle-Vernay;1852;497.0;509.0;457.0;389.0;Droite
42070;Cordelle;489;105.0;109.0;178.0;97.0;Extrême-Droite
42071;Le Coteau;3728;950.0;1019.0;917.0;842.0;Droite
42072;La Côte-en-Couzan;58;15.0;11.0;11.0;21.0;Gauche
42073;Cottance;411;78.0;115.0;119.0;99.0;Extrême-Droite
42074;Coutouvre;623;147.0;196.0;161.0;119.0;Droite
42075;Craintilleux;751;170.0;191.0;253.0;137.0;Extrême-Droite
42076;Cremeaux;561;129.0;180.0;150.0;102.0;Droite
42077;Croizet-sur-Gand;166;29.0;50.0;54.0;33.0;Extrême-Droite
42078;Le Crozet;181;26.0;48.0;62.0;45.0;Extrême-Droite
42079;Cuinzier;396;66.0;118.0;145.0;67.0;Extrême-Droite
42081;Cuzieu;919;218.0;259.0;271.0;171.0;Extrême-Droite
42082;Dancé;110;30.0;37.0;19.0;24.0;Droite
42083;Dargoire;327;81.0;83.0;63.0;100.0;Gauche
42084;Débats-Rivière-d'Orpra;95;18.0;21.0;39.0;17.0;Extrême-Droite
42085;Doizieux;567;106.0;137.0;187.0;137.0;Extrême-Droite
42086;Ecoche;338;68.0;100.0;91.0;79.0;Droite
42087;Ecotay-l'Olme;880;280.0;306.0;122.0;172.0;Droite
42088;Epercieux-Saint-Paul;452;105.0;128.0;145.0;74.0;Extrême-Droite
42089;Essertines-en-Châtelneuf;440;126.0;140.0;71.0;103.0;Droite
42090;Essertines-en-Donzy;280;63.0;75.0;92.0;50.0;Extrême-Droite
42091;Estivareilles;446;69.0;145.0;139.0;93.0;Droite
42092;L'Etrat;1725;389.0;730.0;313.0;293.0;Droite
42093;Farnay;876;252.0;247.0;194.0;183.0;Centre
42094;Feurs;4059;995.0;1274.0;950.0;840.0;Droite
42095;Firminy;7933;1718.0;1462.0;2049.0;2704.0;Gauche
42096;Fontanès;400;102.0;110.0;78.0;110.0;Gauche
42097;La Fouillouse;2818;644.0;1074.0;594.0;506.0;Droite
42098;Fourneaux;366;64.0;105.0;110.0;87.0;Extrême-Droite
42099;Fraisses;2170;516.0;413.0;602.0;639.0;Gauche
42100;La Gimond;178;26.0;68.0;44.0;40.0;Droite
42101;Graix;110;28.0;31.0;29.0;22.0;Droite
42102;Grammond;577;124.0;223.0;113.0;117.0;Droite
42103;La Grand-Croix;2200;486.0;421.0;595.0;698.0;Gauche
42104;La Gresle;491;77.0;182.0;158.0;74.0;Droite
42105;Grézieux-le-Fromental;96;12.0;40.0;24.0;20.0;Droite
42106;Grézolles;184;34.0;65.0;60.0;25.0;Droite
42107;Gumières;220;49.0;48.0;56.0;67.0;Gauche
42108;L'Hôpital-le-Grand;596;105.0;165.0;217.0;109.0;Extrême-Droite
42109;L'Hôpital-sous-Rochefort;76;11.0;18.0;21.0;26.0;Gauche
42110;L'Horme;2212;461.0;519.0;693.0;539.0;Extrême-Droite
42112;Jarnosse;298;62.0;82.0;70.0;84.0;Gauche
42113;Jas;161;28.0;61.0;31.0;41.0;Droite
42115;Jonzieux;704;136.0;215.0;192.0;161.0;Droite
42116;Juré;174;41.0;66.0;48.0;19.0;Droite
42117;Lavieu;74;8.0;24.0;19.0;23.0;Droite
42118;Lay;407;70.0;143.0;95.0;99.0;Droite
42119;Leigneux;222;52.0;51.0;62.0;57.0;Extrême-Droite
42120;Lentigny;1056;256.0;290.0;293.0;217.0;Extrême-Droite
42121;Lérigneux;107;28.0;47.0;21.0;11.0;Droite
42122;Lézigneux;1093;322.0;320.0;207.0;244.0;Centre
42123;Lorette;2260;471.0;515.0;608.0;666.0;Gauche
42124;Lupé;199;47.0;62.0;46.0;44.0;Droite
42125;Luré;96;24.0;28.0;30.0;14.0;Extrême-Droite
42126;Luriecq;675;127.0;151.0;215.0;182.0;Extrême-Droite
42127;Mably;4205;1061.0;890.0;993.0;1261.0;Gauche
42128;Machézal;233;40.0;79.0;50.0;64.0;Droite
42129;Maclas;1009;217.0;262.0;232.0;298.0;Gauche
42130;Magneux-Haute-Rive;329;56.0;98.0;118.0;57.0;Extrême-Droite
42131;Maizilly;204;44.0;66.0;45.0;49.0;Droite
42132;Malleval;372;77.0;91.0;108.0;96.0;Extrême-Droite
42133;Marcenod;426;62.0;140.0;147.0;77.0;Extrême-Droite
42134;Marcilly-le-Châtel;811;194.0;222.0;203.0;192.0;Droite
42135;Marclopt;333;84.0;125.0;87.0;37.0;Droite
42136;Marcoux;461;112.0;102.0;114.0;133.0;Gauche
42137;Margerie-Chantagret;433;70.0;106.0;150.0;107.0;Extrême-Droite
42138;Maringes;413;77.0;131.0;98.0;107.0;Droite
42139;Marlhes;802;196.0;292.0;170.0;144.0;Droite
42140;Marols;283;62.0;90.0;61.0;70.0;Droite
42141;Mars;371;82.0;101.0;88.0;100.0;Droite
42142;Merle-Leignec;223;40.0;67.0;65.0;51.0;Droite
42143;Mizérieux;255;71.0;60.0;78.0;46.0;Extrême-Droite
42145;Montagny;645;138.0;186.0;214.0;107.0;Extrême-Droite
42146;Montarcher;69;26.0;18.0;13.0;12.0;Centre
42147;Montbrison;8155;2044.0;2328.0;1731.0;2052.0;Droite
42148;Montchal;297;80.0;80.0;73.0;64.0;Centre
42149;Montrond-les-Bains;3004;712.0;921.0;829.0;542.0;Droite
42150;Montverdun;705;138.0;180.0;223.0;164.0;Extrême-Droite
42151;Mornand-en-Forez;254;42.0;104.0;76.0;32.0;Droite
42152;Nandax;310;69.0;92.0;81.0;68.0;Droite
42153;Neaux;303;58.0;77.0;91.0;77.0;Extrême-Droite
42154;Néronde;267;72.0;61.0;55.0;79.0;Gauche
42155;Nervieux;587;111.0;167.0;206.0;103.0;Extrême-Droite
42156;Neulise;709;155.0;201.0;202.0;151.0;Extrême-Droite
42157;Noailly;484;111.0;107.0;158.0;108.0;Extrême-Droite
42158;Les Noës;132;31.0;42.0;31.0;28.0;Droite
42159;Noirétable;982;244.0;295.0;199.0;244.0;Droite
42160;Nollieux;125;38.0;25.0;46.0;16.0;Extrême-Droite
42161;Notre-Dame-de-Boisset;368;72.0;126.0;93.0;77.0;Droite
42162;Ouches;751;135.0;218.0;248.0;150.0;Extrême-Droite
42163;La Pacaudière;641;113.0;188.0;210.0;130.0;Extrême-Droite
42164;Palogneux;52;9.0;18.0;15.0;10.0;Droite
42165;Panissières;1726;316.0;508.0;484.0;418.0;Droite
42166;Parigny;378;90.0;97.0;108.0;83.0;Extrême-Droite
42167;Pavezin;227;54.0;34.0;77.0;62.0;Extrême-Droite
42168;Pélussin;2341;506.0;573.0;574.0;688.0;Gauche
42169;Périgneux;922;198.0;212.0;283.0;229.0;Extrême-Droite
42170;Perreux;1321;295.0;391.0;388.0;247.0;Droite
42171;Pinay;194;27.0;68.0;52.0;47.0;Droite
42172;Planfoy;637;162.0;152.0;133.0;190.0;Gauche
42173;Pommiers;223;45.0;86.0;60.0;32.0;Droite
42174;Poncins;679;153.0;194.0;210.0;122.0;Extrême-Droite
42175;Pouilly-lès-Feurs;700;172.0;217.0;177.0;134.0;Droite
42176;Pouilly-les-Nonains;1247;279.0;339.0;345.0;284.0;Extrême-Droite
42177;Pouilly-sous-Charlieu;1473;304.0;389.0;415.0;365.0;Extrême-Droite
42178;Pradines;519;94.0;178.0;166.0;81.0;Droite
42179;Pralong;566;133.0;149.0;164.0;120.0;Extrême-Droite
42180;Précieux;575;126.0;143.0;198.0;108.0;Extrême-Droite
42181;Régny;768;183.0;212.0;191.0;182.0;Droite
42182;Renaison;2020;479.0;612.0;503.0;426.0;Droite
42183;La Ricamarie;3005;564.0;453.0;757.0;1231.0;Gauche
42184;Riorges;6242;1660.0;1758.0;1330.0;1494.0;Droite
42185;Rivas;376;118.0;91.0;103.0;64.0;Centre
42186;Rive-de-Gier;5625;1164.0;1043.0;1471.0;1947.0;Gauche
42187;Roanne;14946;3722.0;3913.0;3193.0;4118.0;Gauche
42188;Roche;158;40.0;54.0;50.0;14.0;Droite
42189;Roche-la-Molière;5806;1238.0;1238.0;1677.0;1653.0;Extrême-Droite
42191;Roisey;575;113.0;152.0;152.0;158.0;Gauche
42192;Rozier-Côtes-d'Aurec;287;40.0;72.0;106.0;69.0;Extrême-Droite
42193;Rozier-en-Donzy;864;207.0;230.0;201.0;226.0;Droite
42194;Sail-les-Bains;153;23.0;56.0;37.0;37.0;Droite
42195;Sail-sous-Couzan;592;111.0;111.0;130.0;240.0;Gauche
42196;Sainte-Agathe-en-Donzy;82;10.0;20.0;16.0;36.0;Gauche
42197;Sainte-Agathe-la-Bouteresse;614;125.0;136.0;206.0;147.0;Extrême-Droite
42198;Saint-Alban-les-Eaux;617;135.0;150.0;202.0;130.0;Extrême-Droite
42199;Saint-André-d'Apchon;1331;347.0;343.0;286.0;355.0;Gauche
42200;Saint-André-le-Puy;892;160.0;283.0;286.0;163.0;Extrême-Droite
42201;Saint-Appolinard;450;96.0;112.0;101.0;141.0;Gauche
42202;Saint-Barthélemy-Lestra;441;123.0;131.0;80.0;107.0;Droite
42203;Saint-Bonnet-des-Quarts;209;33.0;53.0;55.0;68.0;Gauche
42204;Saint-Bonnet-le-Château;756;161.0;202.0;200.0;193.0;Droite
42205;Saint-Bonnet-le-Courreau;444;76.0;161.0;131.0;76.0;Droite
42206;Saint-Bonnet-les-Oules;1118;252.0;528.0;181.0;157.0;Droite
42207;Saint-Chamond;16225;3766.0;3758.0;3969.0;4732.0;Gauche
42208;Saint-Christo-en-Jarez;1155;262.0;391.0;311.0;191.0;Droite
42209;Sainte-Colombe-sur-Gand;271;49.0;100.0;92.0;30.0;Droite
42210;Sainte-Croix-en-Jarez;290;62.0;77.0;75.0;76.0;Droite
42211;Saint-Cyprien;1402;326.0;389.0;420.0;267.0;Extrême-Droite
42212;Saint-Cyr-de-Favières;559;124.0;125.0;183.0;127.0;Extrême-Droite
42213;Saint-Cyr-de-Valorges;189;32.0;66.0;39.0;52.0;Droite
42214;Saint-Cyr-les-Vignes;591;132.0;198.0;159.0;102.0;Droite
42215;Saint-Denis-de-Cabanne;717;160.0;204.0;167.0;186.0;Droite
42216;Saint-Denis-sur-Coise;415;100.0;153.0;92.0;70.0;Droite
42217;Saint-Didier-sur-Rochefort;256;49.0;47.0;53.0;107.0;Gauche
42218;Saint-Etienne;65898;16470.0;15245.0;11294.0;22889.0;Gauche
42219;Saint-Etienne-le-Molard;583;126.0;126.0;205.0;126.0;Extrême-Droite
42220;Saint-Forgeux-Lespinasse;351;68.0;97.0;120.0;66.0;Extrême-Droite
42221;Sainte-Foy-Saint-Sulpice;301;65.0;90.0;103.0;43.0;Extrême-Droite
42222;Saint-Galmier;3320;833.0;1171.0;707.0;609.0;Droite
42223;Saint-Genest-Lerpt;3467;886.0;986.0;710.0;885.0;Droite
42224;Saint-Genest-Malifaux;1800;438.0;602.0;398.0;362.0;Droite
42225;Genilac;2241;575.0;519.0;570.0;577.0;Gauche
42226;Saint-Georges-de-Baroille;230;52.0;55.0;73.0;50.0;Extrême-Droite
42227;Saint-Georges-en-Couzan;293;65.0;105.0;75.0;48.0;Droite
42228;Saint-Georges-Haute-Ville;879;168.0;194.0;269.0;248.0;Extrême-Droite
42229;Saint-Germain-la-Montagne;187;32.0;65.0;48.0;42.0;Droite
42230;Saint-Germain-Laval;916;168.0;269.0;257.0;222.0;Droite
42231;Saint-Germain-Lespinasse;766;139.0;233.0;230.0;164.0;Droite
42232;Saint-Haon-le-Châtel;377;83.0;86.0;64.0;144.0;Gauche
42233;Saint-Haon-le-Vieux;615;141.0;147.0;168.0;159.0;Extrême-Droite
42234;Saint-Héand;2307;642.0;840.0;411.0;414.0;Droite
42235;Saint-Hilaire-Cusson-la-Valmitte;228;58.0;69.0;65.0;36.0;Droite
42236;Saint-Hilaire-sous-Charlieu;304;60.0;100.0;85.0;59.0;Droite
42237;Saint-Jean-Bonnefonds;3579;806.0;811.0;978.0;984.0;Gauche
42238;Saint-Jean-la-Vêtre;214;42.0;71.0;50.0;51.0;Droite
42239;Saint-Jean-Saint-Maurice-sur-Loire;756;180.0;194.0;223.0;159.0;Extrême-Droite
42240;Saint-Jean-Soleymieux;487;121.0;70.0;129.0;167.0;Gauche
42241;Saint-Jodard;231;46.0;93.0;53.0;39.0;Droite
42242;Saint-Joseph;1117;297.0;270.0;268.0;282.0;Centre
42243;Saint-Julien-d'Oddes;175;37.0;49.0;40.0;49.0;Gauche
42245;Saint-Julien-la-Vêtre;242;51.0;84.0;52.0;55.0;Droite
42246;Saint-Julien-Molin-Molette;716;152.0;126.0;163.0;275.0;Gauche
42247;Saint-Just-en-Bas;210;31.0;68.0;69.0;42.0;Extrême-Droite
42248;Saint-Just-en-Chevalet;682;135.0;254.0;178.0;115.0;Droite
42249;Saint-Just-la-Pendue;902;196.0;282.0;247.0;177.0;Droite
42251;Saint-Laurent-la-Conche;368;71.0;112.0;124.0;61.0;Extrême-Droite
42252;Saint-Laurent-Rochefort;181;47.0;51.0;45.0;38.0;Droite
42253;Saint-Léger-sur-Roanne;727;167.0;227.0;197.0;136.0;Droite
42254;Saint-Marcel-de-Félines;485;80.0;147.0;153.0;105.0;Extrême-Droite
42255;Saint-Marcel-d'Urfé;169;40.0;46.0;35.0;48.0;Gauche
42256;Saint-Marcellin-en-Forez;2646;605.0;644.0;849.0;548.0;Extrême-Droite
42257;Saint-Martin-d'Estréaux;515;121.0;124.0;154.0;116.0;Extrême-Droite
42259;Saint-Martin-la-Plaine;2281;563.0;589.0;516.0;613.0;Gauche
42260;Saint-Martin-la-Sauveté;556;123.0;171.0;163.0;99.0;Droite
42261;Saint-Martin-Lestra;524;101.0;170.0;183.0;70.0;Extrême-Droite
42262;Saint-Maurice-en-Gourgois;1009;195.0;251.0;374.0;189.0;Extrême-Droite
42264;Saint-Médard-en-Forez;656;185.0;174.0;125.0;172.0;Centre
42265;Saint-Michel-sur-Rhône;491;117.0;116.0;131.0;127.0;Extrême-Droite
42266;Saint-Nizier-de-Fornas;420;77.0;128.0;125.0;90.0;Droite
42267;Saint-Nizier-sous-Charlieu;982;215.0;311.0;230.0;226.0;Droite
42268;Saint-Paul-de-Vézelin;216;61.0;50.0;54.0;51.0;Centre
42269;Saint-Paul-d'Uzore;94;12.0;31.0;34.0;17.0;Extrême-Droite
42270;Saint-Paul-en-Cornillon;854;175.0;284.0;176.0;219.0;Droite
42271;Saint-Paul-en-Jarez;2454;583.0;605.0;601.0;665.0;Gauche
42272;Saint-Pierre-de-Boeuf;902;213.0;219.0;241.0;229.0;Extrême-Droite
42273;Saint-Pierre-la-Noaille;246;57.0;68.0;75.0;46.0;Extrême-Droite
42274;Saint-Polgues;152;29.0;29.0;52.0;42.0;Extrême-Droite
42275;Saint-Priest-en-Jarez;3295;911.0;1080.0;571.0;733.0;Droite
42276;Saint-Priest-la-Prugne;279;48.0;93.0;85.0;53.0;Droite
42277;Saint-Priest-la-Roche;206;47.0;51.0;59.0;49.0;Extrême-Droite
42278;Saint-Priest-la-Vêtre;117;19.0;25.0;31.0;42.0;Gauche
42279;Saint-Just-Saint-Rambert;8926;2298.0;2691.0;1980.0;1957.0;Droite
42280;Saint-Régis-du-Coin;280;56.0;84.0;72.0;68.0;Droite
42281;Saint-Rirand;107;17.0;18.0;38.0;34.0;Extrême-Droite
42282;Saint-Romain-d'Urfé;184;38.0;51.0;45.0;50.0;Droite
42283;Saint-Romain-en-Jarez;786;180.0;235.0;254.0;117.0;Extrême-Droite
42284;Saint-Romain-la-Motte;988;223.0;281.0;242.0;242.0;Droite
42285;Saint-Romain-le-Puy;2189;459.0;512.0;667.0;551.0;Extrême-Droite
42286;Saint-Romain-les-Atheux;619;133.0;141.0;181.0;164.0;Extrême-Droite
42287;Saint-Sauveur-en-Rue;691;135.0;213.0;150.0;193.0;Droite
42288;Saint-Sixte;468;100.0;98.0;120.0;150.0;Gauche
42289;Saint-Symphorien-de-Lay;1003;178.0;293.0;323.0;209.0;Extrême-Droite
42290;Saint-Thomas-la-Garde;381;106.0;108.0;71.0;96.0;Droite
42291;Saint-Thurin;118;18.0;26.0;46.0;28.0;Extrême-Droite
42293;Saint-Victor-sur-Rhins;675;122.0;209.0;214.0;130.0;Extrême-Droite
42294;Saint-Vincent-de-Boisset;640;165.0;226.0;131.0;118.0;Droite
42295;Les Salles;334;88.0;76.0;97.0;73.0;Extrême-Droite
42296;Salt-en-Donzy;330;92.0;122.0;68.0;48.0;Droite
42297;Salvizinet;393;85.0;145.0;76.0;87.0;Droite
42298;Sauvain;288;40.0;133.0;86.0;29.0;Droite
42299;Savigneux;2098;562.0;548.0;512.0;476.0;Centre
42300;Sevelinges;385;76.0;113.0;141.0;55.0;Extrême-Droite
42301;Soleymieux;402;73.0;90.0;75.0;164.0;Gauche
42302;Sorbiers;4972;1327.0;1440.0;1091.0;1114.0;Droite
42303;Souternon;223;40.0;58.0;75.0;50.0;Extrême-Droite
42304;Sury-le-Comtal;2851;609.0;759.0;887.0;596.0;Extrême-Droite
42305;La Talaudière;3560;916.0;980.0;817.0;847.0;Droite
42306;Tarentaise;334;89.0;98.0;74.0;73.0;Droite
42307;Tartaras;485;110.0;117.0;132.0;126.0;Extrême-Droite
42308;La Terrasse-sur-Dorlay;468;104.0;116.0;133.0;115.0;Extrême-Droite
42310;Thélis-la-Combe;134;18.0;56.0;27.0;33.0;Droite
42311;La Tour-en-Jarez;792;225.0;257.0;124.0;186.0;Droite
42312;La Tourette;398;77.0;122.0;121.0;78.0;Droite
42313;Trelins;391;104.0;97.0;99.0;91.0;Centre
42314;La Tuilière;195;30.0;73.0;67.0;25.0;Droite
42315;Unias;233;49.0;63.0;79.0;42.0;Extrême-Droite
42316;Unieux;4553;983.0;885.0;1334.0;1351.0;Gauche
42317;Urbise;82;27.0;19.0;14.0;22.0;Centre
42318;Usson-en-Forez;989;199.0;292.0;326.0;172.0;Extrême-Droite
42319;Valeille;417;73.0;122.0;141.0;81.0;Extrême-Droite
42320;Valfleury;398;77.0;127.0;118.0;76.0;Droite
42321;La Valla-sur-Rochefort;71;13.0;33.0;20.0;5.0;Droite
42322;La Valla-en-Gier;598;111.0;152.0;244.0;91.0;Extrême-Droite
42323;Veauche;5476;1371.0;1548.0;1469.0;1088.0;Droite
42324;Veauchette;656;137.0;160.0;207.0;152.0;Extrême-Droite
42325;Vendranges;208;50.0;62.0;64.0;32.0;Extrême-Droite
42326;Véranne;535;112.0;125.0;107.0;191.0;Gauche
42327;Vérin;408;101.0;100.0;96.0;111.0;Gauche
42328;Verrières-en-Forez;410;104.0;96.0;81.0;129.0;Gauche
42329;La Versanne;278;65.0;82.0;69.0;62.0;Droite
42330;Villars;4707;1322.0;1156.0;951.0;1278.0;Centre
42331;Villemontais;647;168.0;191.0;158.0;130.0;Droite
42332;Villerest;3044;765.0;865.0;706.0;708.0;Droite
42333;Villers;363;67.0;109.0;108.0;79.0;Droite
42334;Violay;820;163.0;268.0;233.0;156.0;Droite
42335;Viricelles;255;64.0;74.0;68.0;49.0;Droite
42336;Virigneux;390;47.0;106.0;132.0;105.0;Extrême-Droite
42337;Vivans;162;28.0;56.0;55.0;23.0;Droite
42338;Vougy;940;198.0;276.0;246.0;220.0;Droite
42339;Chausseterre;160;27.0;36.0;52.0;45.0;Extrême-Droite
43001;Agnat;118;25.0;43.0;23.0;27.0;Droite
43002;Aiguilhe;1004;301.0;326.0;127.0;250.0;Droite
43003;Allègre;497;100.0;152.0;138.0;107.0;Droite
43004;Alleyrac;114;19.0;39.0;32.0;24.0;Droite
43005;Alleyras;169;39.0;53.0;24.0;53.0;Gauche
43006;Ally;120;21.0;42.0;33.0;24.0;Droite
43007;Araules;464;88.0;127.0;141.0;108.0;Extrême-Droite
43008;Arlempdes;126;28.0;48.0;32.0;18.0;Droite
43009;Arlet;17;1.0;4.0;5.0;7.0;Gauche
43010;Arsac-en-Velay;780;214.0;189.0;154.0;223.0;Gauche
43011;Aubazat;131;23.0;45.0;26.0;37.0;Droite
43012;Aurec-sur-Loire;3419;714.0;821.0;1052.0;832.0;Extrême-Droite
43013;Vissac-Auteyrac;260;59.0;81.0;47.0;73.0;Droite
43014;Autrac;54;12.0;25.0;10.0;7.0;Droite
43015;Auvers;58;8.0;22.0;16.0;12.0;Droite
43016;Auzon;552;121.0;91.0;152.0;188.0;Gauche
43017;Azérat;213;52.0;48.0;50.0;63.0;Gauche
43018;Bains;808;172.0;229.0;227.0;180.0;Droite
43019;Barges;70;18.0;24.0;14.0;14.0;Droite
43020;Bas-en-Basset;2671;568.0;708.0;833.0;562.0;Extrême-Droite
43021;Beaulieu;636;132.0;209.0;158.0;137.0;Droite
43022;Beaumont;194;45.0;45.0;34.0;70.0;Gauche
43023;Beaune-sur-Arzon;144;29.0;47.0;46.0;22.0;Droite
43024;Beaux;496;102.0;108.0;141.0;145.0;Gauche
43025;Beauzac;1739;319.0;428.0;577.0;415.0;Extrême-Droite
43026;Bellevue-la-Montagne;302;49.0;102.0;86.0;65.0;Droite
43027;Berbezit;46;8.0;17.0;16.0;5.0;Droite
43028;Bessamorel;289;64.0;80.0;72.0;73.0;Droite
43029;La Besseyre-Saint-Mary;95;11.0;52.0;18.0;14.0;Droite
43030;Blanzac;259;69.0;78.0;60.0;52.0;Droite
43031;Blassac;98;26.0;18.0;15.0;39.0;Gauche
43032;Blavozy;1073;317.0;247.0;216.0;293.0;Centre
43033;Blesle;493;122.0;142.0;110.0;119.0;Droite
43034;Boisset;220;39.0;64.0;80.0;37.0;Extrême-Droite
43035;Bonneval;59;17.0;19.0;12.0;11.0;Droite
43036;Borne;257;45.0;70.0;73.0;69.0;Extrême-Droite
43037;Le Bouchet-Saint-Nicolas;204;43.0;56.0;60.0;45.0;Extrême-Droite
43038;Bournoncle-Saint-Pierre;587;145.0;141.0;128.0;173.0;Gauche
43039;Le Brignon;426;90.0;105.0;122.0;109.0;Extrême-Droite
43040;Brioude;3556;988.0;974.0;547.0;1047.0;Gauche
43041;Brives-Charensac;2282;686.0;528.0;412.0;656.0;Centre
43042;Cayres;438;83.0;136.0;150.0;69.0;Extrême-Droite
43043;Céaux-d'Allègre;326;74.0;93.0;82.0;77.0;Droite
43044;Cerzat;144;35.0;40.0;35.0;34.0;Droite
43045;Ceyssac;288;77.0;90.0;38.0;83.0;Droite
43046;Chadrac;1601;497.0;383.0;260.0;461.0;Centre
43047;Chadron;201;44.0;43.0;27.0;87.0;Gauche
43048;La Chaise-Dieu;430;92.0;161.0;97.0;80.0;Droite
43049;Chamalières sur Loire;336;75.0;87.0;83.0;91.0;Gauche
43050;Chambezon;72;5.0;24.0;12.0;31.0;Gauche
43051;Le Chambon-sur-Lignon;1614;484.0;483.0;208.0;439.0;Centre
43052;Champagnac-le-Vieux;176;22.0;63.0;38.0;53.0;Droite
43053;Champclause;191;38.0;72.0;43.0;38.0;Droite
43054;Chanaleilles;174;36.0;94.0;24.0;20.0;Droite
43055;Chaniat;112;19.0;32.0;26.0;35.0;Gauche
43056;Chanteuges;310;74.0;82.0;66.0;88.0;Gauche
43057;La Chapelle-Bertin;55;13.0;17.0;9.0;16.0;Droite
43058;La Chapelle-d'Aurec;577;116.0;156.0;204.0;101.0;Extrême-Droite
43059;La Chapelle-Geneste;107;18.0;32.0;28.0;29.0;Droite
43060;Charraix;63;16.0;24.0;11.0;12.0;Droite
43061;Chaspinhac;529;136.0;121.0;104.0;168.0;Gauche
43062;Chaspuzac;484;111.0;142.0;125.0;106.0;Droite
43063;Chassagnes;104;16.0;32.0;13.0;43.0;Gauche
43064;Chassignolles;80;21.0;27.0;16.0;16.0;Droite
43065;Chastel;87;16.0;29.0;26.0;16.0;Droite
43066;Chaudeyrolles;77;19.0;31.0;10.0;17.0;Droite
43067;Chavaniac-Lafayette;199;39.0;63.0;47.0;50.0;Droite
43068;Chazelles;25;0.0;9.0;11.0;5.0;Extrême-Droite
43069;Chenereilles;206;37.0;74.0;58.0;37.0;Droite
43070;Chilhac;147;38.0;35.0;28.0;46.0;Gauche
43071;Chomelix;328;93.0;99.0;60.0;76.0;Droite
43072;La Chomette;98;30.0;29.0;24.0;15.0;Centre
43073;Cistrières;121;21.0;34.0;41.0;25.0;Extrême-Droite
43074;Cohade;490;126.0;118.0;91.0;155.0;Gauche
43075;Collat;71;14.0;23.0;18.0;16.0;Droite
43076;Connangles;113;28.0;41.0;29.0;15.0;Droite
43077;Costaros;351;85.0;108.0;86.0;72.0;Droite
43078;Coubon;2117;597.0;566.0;420.0;534.0;Centre
43079;Couteuges;169;27.0;39.0;51.0;52.0;Gauche
43080;Craponne-sur-Arzon;1178;253.0;393.0;297.0;235.0;Droite
43082;Cronce;60;9.0;20.0;16.0;15.0;Droite
43083;Cubelles;87;14.0;25.0;28.0;20.0;Extrême-Droite
43084;Cussac-sur-Loire;1099;283.0;275.0;249.0;292.0;Gauche
43085;Desges;50;13.0;20.0;2.0;15.0;Droite
43086;Domeyrat;127;21.0;32.0;20.0;54.0;Gauche
43087;Dunières;1663;390.0;514.0;464.0;295.0;Droite
43088;Espalem;198;33.0;67.0;33.0;65.0;Droite
43089;Espaly-Saint-Marcel;1916;514.0;580.0;287.0;535.0;Droite
43090;Esplantas-Vazeilles;99;17.0;50.0;17.0;15.0;Droite
43091;Les Estables;248;66.0;91.0;42.0;49.0;Droite
43092;Fay-sur-Lignon;227;48.0;87.0;36.0;56.0;Droite
43093;Félines;201;48.0;53.0;56.0;44.0;Extrême-Droite
43094;Ferrussac;61;10.0;20.0;18.0;13.0;Droite
43095;Fix-Saint-Geneys;103;22.0;41.0;23.0;17.0;Droite
43096;Fontannes;585;165.0;142.0;112.0;166.0;Gauche
43097;Freycenet-la-Cuche;106;21.0;53.0;20.0;12.0;Droite
43098;Freycenet-la-Tour;89;25.0;26.0;12.0;26.0;Gauche
43099;Frugères-les-Mines;299;60.0;60.0;76.0;103.0;Gauche
43100;Frugières-le-Pin;99;14.0;18.0;39.0;28.0;Extrême-Droite
43101;Goudet;78;19.0;23.0;18.0;18.0;Droite
43102;Grazac;663;133.0;170.0;239.0;121.0;Extrême-Droite
43103;Grenier-Montgon;96;36.0;15.0;17.0;28.0;Centre
43104;Grèzes;154;18.0;65.0;48.0;23.0;Droite
43105;Javaugues;123;45.0;24.0;17.0;37.0;Centre
43106;Jax;123;35.0;22.0;21.0;45.0;Gauche
43107;Josat;72;17.0;16.0;13.0;26.0;Gauche
43108;Jullianges;279;57.0;89.0;91.0;42.0;Extrême-Droite
43109;Lafarre;69;11.0;15.0;17.0;26.0;Gauche
43110;Lamothe;540;154.0;159.0;91.0;136.0;Droite
43111;Landos;558;120.0;163.0;140.0;135.0;Droite
43112;Langeac;2074;560.0;597.0;310.0;607.0;Gauche
43113;Lantriac;1209;320.0;293.0;255.0;341.0;Gauche
43114;Lapte;1060;269.0;239.0;334.0;218.0;Extrême-Droite
43115;Laussonne;677;144.0;195.0;185.0;153.0;Droite
43116;Laval-sur-Doulon;50;17.0;16.0;5.0;12.0;Centre
43117;Lavaudieu;178;45.0;51.0;20.0;62.0;Gauche
43118;Lavoûte-Chilhac;198;37.0;67.0;54.0;40.0;Droite
43119;Lavoûte-sur-Loire;484;129.0;110.0;108.0;137.0;Gauche
43120;Lempdes-sur-Allagnon;756;163.0;161.0;193.0;239.0;Gauche
43121;Léotoing;156;32.0;30.0;54.0;40.0;Extrême-Droite
43122;Lissac;192;47.0;63.0;60.0;22.0;Droite
43123;Lorlanges;231;49.0;65.0;59.0;58.0;Droite
43124;Loudes;575;133.0;174.0;123.0;145.0;Droite
43125;Lubilhac;99;23.0;26.0;22.0;28.0;Gauche
43126;Malrevers;485;125.0;133.0;114.0;113.0;Droite
43127;Malvalette;492;81.0;117.0;152.0;142.0;Extrême-Droite
43128;Malvières;76;20.0;19.0;10.0;27.0;Gauche
43129;Le Mas-de-Tence;148;19.0;47.0;46.0;36.0;Droite
43130;Mazet-Saint-Voy;748;292.0;142.0;95.0;219.0;Centre
43131;Mazerat-Aurouze;163;32.0;51.0;21.0;59.0;Gauche
43132;Mazeyrat-d'Allier;972;212.0;272.0;234.0;254.0;Droite
43133;Mercoeur;117;23.0;52.0;29.0;13.0;Droite
43134;Mézères;130;28.0;34.0;37.0;31.0;Extrême-Droite
43135;Le Monastier-sur-Gazeille;1084;264.0;272.0;201.0;347.0;Gauche
43136;Monistrol-d'Allier;174;36.0;44.0;35.0;59.0;Gauche
43137;Monistrol-sur-Loire;5293;1245.0;1414.0;1338.0;1296.0;Droite
43138;Monlet;275;51.0;85.0;69.0;70.0;Droite
43139;Montclard;34;5.0;12.0;9.0;8.0;Droite
43140;Le Monteil;421;138.0;120.0;61.0;102.0;Centre
43141;Montfaucon-en-Velay;725;160.0;244.0;210.0;111.0;Droite
43142;Montregard;379;88.0;139.0;93.0;59.0;Droite
43143;Montusclat;115;20.0;43.0;22.0;30.0;Droite
43144;Moudeyres;77;19.0;33.0;11.0;14.0;Droite
43145;Ouides;43;6.0;19.0;6.0;12.0;Droite
43147;Paulhac;452;117.0;106.0;93.0;136.0;Gauche
43148;Paulhaguet;486;125.0;128.0;89.0;144.0;Gauche
43149;Pébrac;97;21.0;29.0;21.0;26.0;Droite
43150;Le Pertuis;345;75.0;100.0;65.0;105.0;Gauche
43151;Pinols;162;52.0;49.0;27.0;34.0;Centre
43152;Polignac;1980;506.0;580.0;390.0;504.0;Droite
43153;Pont-Salomon;1067;201.0;181.0;381.0;304.0;Extrême-Droite
43154;Pradelles;311;60.0;108.0;62.0;81.0;Droite
43155;Prades;73;17.0;19.0;13.0;24.0;Gauche
43156;Présailles;120;24.0;38.0;30.0;28.0;Droite
43157;Le Puy-en-Velay;8869;2366.0;2450.0;1165.0;2888.0;Gauche
43158;Queyrières;249;67.0;37.0;48.0;97.0;Gauche
43159;Raucoules;577;114.0;157.0;199.0;107.0;Extrême-Droite
43160;Rauret;146;30.0;43.0;37.0;36.0;Droite
43162;Retournac;1767;347.0;381.0;489.0;550.0;Gauche
43163;Riotord;747;151.0;272.0;214.0;110.0;Droite
43164;Roche-en-Régnier;365;68.0;95.0;106.0;96.0;Extrême-Droite
43165;Rosières;904;223.0;232.0;234.0;215.0;Extrême-Droite
43166;Saint-André-de-Chalencon;264;61.0;77.0;56.0;70.0;Droite
43167;Saint-Arcons-d'Allier;137;31.0;56.0;26.0;24.0;Droite
43168;Saint-Arcons-de-Barges;85;13.0;31.0;29.0;12.0;Droite
43169;Saint-Austremoine;42;4.0;16.0;8.0;14.0;Droite
43170;Saint-Beauzire;226;48.0;59.0;50.0;69.0;Gauche
43171;Saint-Bérain;73;12.0;33.0;10.0;18.0;Droite
43172;Saint-Bonnet-le-Froid;147;50.0;38.0;28.0;31.0;Centre
43173;Saint-Christophe-d'Allier;85;19.0;30.0;14.0;22.0;Droite
43174;Saint-Christophe-sur-Dolaison;624;149.0;163.0;140.0;172.0;Gauche
43175;Saint-Cirgues;132;28.0;44.0;31.0;29.0;Droite
43177;Saint-Didier-en-Velay;2072;434.0;547.0;613.0;478.0;Extrême-Droite
43178;Saint-Didier-sur-Doulon;169;41.0;49.0;30.0;49.0;Gauche
43180;Saint-Etienne-du-Vigan;91;25.0;22.0;27.0;17.0;Extrême-Droite
43181;Saint-Etienne-Lardeyrol;513;137.0;110.0;101.0;165.0;Gauche
43182;Saint-Etienne-sur-Blesle;49;9.0;17.0;12.0;11.0;Droite
43183;Sainte-Eugénie-de-Villeneuve;76;15.0;18.0;18.0;25.0;Gauche
43184;Saint-Ferréol-d'Auroure;1521;330.0;363.0;506.0;322.0;Extrême-Droite
43185;Sainte-Florine;1770;429.0;277.0;443.0;621.0;Gauche
43186;Saint-Front;310;55.0;103.0;79.0;73.0;Droite
43187;Saint-Geneys-près-Saint-Paulien;250;44.0;87.0;69.0;50.0;Droite
43188;Saint-Georges-d'Aurac;280;56.0;78.0;86.0;60.0;Extrême-Droite
43189;Saint-Georges-Lagricol;364;55.0;142.0;77.0;90.0;Droite
43190;Saint-Germain-Laprade;2367;729.0;555.0;414.0;669.0;Centre
43191;Saint-Géron;166;34.0;34.0;34.0;64.0;Gauche
43192;Saint-Haon;263;55.0;86.0;68.0;54.0;Droite
43193;Saint-Hilaire;114;22.0;43.0;22.0;27.0;Droite
43194;Saint-Hostien;444;93.0;117.0;82.0;152.0;Gauche
43195;Saint-Ilpize;191;30.0;45.0;38.0;78.0;Gauche
43196;Saint-Jean-d'Aubrigoux;129;31.0;37.0;37.0;24.0;Droite
43197;Saint-Jean-de-Nay;280;60.0;83.0;71.0;66.0;Droite
43198;Saint-Jean-Lachalm;227;60.0;72.0;55.0;40.0;Droite
43199;Saint-Jeures;649;170.0;172.0;145.0;162.0;Droite
43200;Saint-Julien-Chapteuil;1195;329.0;296.0;239.0;331.0;Gauche
43201;Saint-Julien-d'Ance;199;32.0;63.0;55.0;49.0;Droite
43202;Saint-Julien-des-Chazes;76;18.0;24.0;11.0;23.0;Droite
43203;Saint-Julien-du-Pinet;324;67.0;84.0;56.0;117.0;Gauche
43204;Saint-Julien-Molhesabate;147;21.0;64.0;38.0;24.0;Droite
43205;Saint-Just-Malmont;2541;516.0;669.0;775.0;581.0;Extrême-Droite
43206;Saint-Just-près-Brioude;300;73.0;93.0;49.0;85.0;Droite
43207;Saint-Laurent-Chabreuges;174;57.0;39.0;27.0;51.0;Centre
43208;Sainte-Marguerite;34;11.0;10.0;5.0;8.0;Centre
43210;Saint-Martin-de-Fugères;212;50.0;57.0;55.0;50.0;Droite
43211;Saint-Maurice-de-Lignon;1470;358.0;373.0;399.0;340.0;Extrême-Droite
43212;Saint-Pal-de-Chalencon;722;150.0;264.0;173.0;135.0;Droite
43213;Saint-Pal-de-Mons;1427;282.0;407.0;426.0;312.0;Extrême-Droite
43214;Saint-Pal-de-Senouire;82;26.0;28.0;17.0;11.0;Droite
43215;Saint-Paul-de-Tartas;168;40.0;53.0;48.0;27.0;Droite
43216;Saint-Paulien;1411;357.0;401.0;334.0;319.0;Droite
43217;Saint-Pierre-du-Champ;392;71.0;121.0;102.0;98.0;Droite
43218;Saint-Pierre-Eynac;697;194.0;134.0;146.0;223.0;Gauche
43219;Saint-Préjet-Armandon;71;12.0;8.0;12.0;39.0;Gauche
43220;Saint-Préjet-d'Allier;158;36.0;46.0;34.0;42.0;Droite
43221;Saint-Privat-d'Allier;319;66.0;112.0;63.0;78.0;Droite
43222;Saint-Privat-du-Dragon;124;24.0;49.0;21.0;30.0;Droite
43223;Saint-Romain-Lachalm;736;114.0;221.0;227.0;174.0;Extrême-Droite
43224;Sainte-Sigolène;3227;640.0;960.0;917.0;710.0;Droite
43225;Saint-Vénérand;42;7.0;13.0;7.0;15.0;Gauche
43226;Saint-Vert;74;13.0;31.0;11.0;19.0;Droite
43227;Saint-Victor-Malescours;487;93.0;163.0;126.0;105.0;Droite
43228;Saint-Victor-sur-Arlanc;81;17.0;19.0;27.0;18.0;Extrême-Droite
43229;Saint-Vidal;363;93.0;103.0;91.0;76.0;Droite
43230;Saint-Vincent;668;122.0;184.0;174.0;188.0;Gauche
43231;Salettes;145;39.0;31.0;39.0;36.0;Centre
43232;Salzuit;213;33.0;65.0;61.0;54.0;Droite
43233;Sanssac-l'Eglise;695;172.0;195.0;152.0;176.0;Droite
43234;Saugues;1131;222.0;461.0;260.0;188.0;Droite
43236;La Séauve-sur-Semène;767;148.0;211.0;256.0;152.0;Extrême-Droite
43237;Sembadel;185;50.0;51.0;43.0;41.0;Droite
43238;Séneujols;239;50.0;54.0;67.0;68.0;Gauche
43239;Siaugues-Sainte-Marie;534;111.0;160.0;157.0;106.0;Droite
43240;Solignac-sous-Roche;194;31.0;46.0;66.0;51.0;Extrême-Droite
43241;Solignac-sur-Loire;800;192.0;219.0;186.0;203.0;Droite
43242;Tailhac;42;9.0;16.0;3.0;14.0;Droite
43244;Tence;1976;435.0;621.0;412.0;508.0;Droite
43245;Thoras;183;28.0;111.0;28.0;16.0;Droite
43246;Tiranges;343;67.0;101.0;89.0;86.0;Droite
43247;Torsiac;51;12.0;19.0;5.0;15.0;Droite
43249;Valprivas;364;89.0;103.0;87.0;85.0;Droite
43250;Vals-le-Chastel;47;7.0;5.0;10.0;25.0;Gauche
43251;Vals-près-le-Puy;1929;590.0;586.0;312.0;441.0;Centre
43252;Varennes-Saint-Honorat;29;11.0;6.0;11.0;1.0;Centre
43253;Les Vastres;172;31.0;70.0;30.0;41.0;Droite
43254;Vazeilles-Limandre;162;26.0;57.0;46.0;33.0;Droite
43256;Venteuges;291;60.0;131.0;44.0;56.0;Droite
43257;Vergezac;319;80.0;95.0;94.0;50.0;Droite
43258;Vergongheon;1010;253.0;179.0;224.0;354.0;Gauche
43259;Vernassal;265;67.0;100.0;59.0;39.0;Droite
43260;Le Vernet;25;7.0;6.0;4.0;8.0;Gauche
43261;Vézézoux;381;87.0;89.0;79.0;126.0;Gauche
43262;Vieille-Brioude;739;199.0;162.0;139.0;239.0;Gauche
43263;Vielprat;59;9.0;14.0;18.0;18.0;Gauche
43264;Villeneuve-d'Allier;212;46.0;69.0;24.0;73.0;Gauche
43265;Les Villettes;812;179.0;188.0;244.0;201.0;Extrême-Droite
43267;Vorey;926;220.0;244.0;243.0;219.0;Droite
43268;Yssingeaux;4338;1057.0;1215.0;994.0;1072.0;Droite
63001;Aigueperse;1242;297.0;285.0;331.0;329.0;Extrême-Droite
63002;Aix-la-Fayette;85;18.0;30.0;17.0;20.0;Droite
63003;Ambert;3703;938.0;1042.0;763.0;960.0;Droite
63004;Les Ancizes-Comps;1001;254.0;154.0;211.0;382.0;Gauche
63005;Antoingt;225;63.0;59.0;53.0;50.0;Centre
63006;Anzat-le-Luguet;148;37.0;48.0;31.0;32.0;Droite
63007;Apchat;133;20.0;50.0;19.0;44.0;Droite
63008;Arconsat;398;76.0;138.0;89.0;95.0;Droite
63009;Ardes;326;48.0;101.0;69.0;108.0;Gauche
63010;Arlanc;986;171.0;296.0;279.0;240.0;Droite
63011;Ars-les-Favets;148;31.0;38.0;29.0;50.0;Gauche
63012;Artonne;540;134.0;146.0;109.0;151.0;Gauche
63013;Aubiat;599;129.0;169.0;128.0;173.0;Gauche
63014;Aubière;5026;1634.0;1216.0;673.0;1503.0;Centre
63015;Aubusson-d'Auvergne;155;39.0;31.0;25.0;60.0;Gauche
63016;Augerolles;606;133.0;156.0;132.0;185.0;Gauche
63017;Augnat;103;20.0;27.0;20.0;36.0;Gauche
63019;Aulnat;2048;548.0;345.0;442.0;713.0;Gauche
63020;Aurières;220;62.0;65.0;38.0;55.0;Droite
63021;Authezat;428;111.0;108.0;82.0;127.0;Gauche
63022;Auzat-la-Combelle;1305;256.0;172.0;317.0;560.0;Gauche
63023;Auzelles;269;56.0;81.0;42.0;90.0;Gauche
63024;Avèze;135;35.0;52.0;23.0;25.0;Droite
63025;Ayat-sur-Sioule;121;26.0;42.0;20.0;33.0;Droite
63026;Aydat;1620;454.0;356.0;254.0;556.0;Gauche
63027;Baffie;99;23.0;32.0;22.0;22.0;Droite
63028;Bagnols;328;102.0;115.0;37.0;74.0;Droite
63029;Bansat;174;39.0;28.0;36.0;71.0;Gauche
63030;Bas-et-Lezat;191;30.0;46.0;62.0;53.0;Extrême-Droite
63031;Beaulieu;264;58.0;44.0;61.0;101.0;Gauche
63032;Beaumont;6179;2255.0;1464.0;624.0;1836.0;Centre
63033;Beaumont-lès-Randan;196;28.0;46.0;64.0;58.0;Extrême-Droite
63034;Beauregard-l'Evêque;909;225.0;211.0;188.0;285.0;Gauche
63035;Beauregard-Vendon;728;170.0;161.0;177.0;220.0;Gauche
63036;Bergonne;214;52.0;57.0;44.0;61.0;Gauche
63037;Bertignat;283;47.0;89.0;64.0;83.0;Droite
63038;Besse-et-Saint-Anastaise;1083;277.0;350.0;186.0;270.0;Droite
63039;Beurières;213;44.0;50.0;56.0;63.0;Gauche
63040;Billom;2531;637.0;476.0;421.0;997.0;Gauche
63041;Biollet;205;59.0;40.0;34.0;72.0;Gauche
63042;Blanzat;2234;723.0;496.0;313.0;702.0;Centre
63043;Blot-l'Eglise;289;44.0;76.0;53.0;116.0;Gauche
63044;Bongheat;267;58.0;38.0;63.0;108.0;Gauche
63045;Bort-l'Etang;397;68.0;80.0;110.0;139.0;Gauche
63046;Boudes;188;34.0;49.0;32.0;73.0;Gauche
63047;La Bourboule;1065;282.0;291.0;174.0;318.0;Gauche
63048;Bourg-Lastic;585;149.0;148.0;114.0;174.0;Gauche
63049;Bouzel;439;121.0;88.0;99.0;131.0;Gauche
63050;Brassac-les-Mines;1845;414.0;353.0;404.0;674.0;Gauche
63051;Brenat;416;114.0;96.0;80.0;126.0;Gauche
63052;Le Breuil-sur-Couze;613;152.0;133.0;117.0;211.0;Gauche
63053;Briffons;218;44.0;72.0;46.0;56.0;Droite
63054;Le Broc;439;107.0;116.0;95.0;121.0;Gauche
63055;Bromont-Lamothe;672;149.0;196.0;175.0;152.0;Droite
63056;Brousse;267;42.0;48.0;56.0;121.0;Gauche
63057;Le Brugeron;216;54.0;68.0;41.0;53.0;Droite
63058;Bulhon;345;81.0;70.0;97.0;97.0;Gauche
63059;Busséol;146;44.0;26.0;20.0;56.0;Gauche
63060;Bussières;72;12.0;27.0;15.0;18.0;Droite
63061;Bussières-et-Pruns;218;44.0;46.0;53.0;75.0;Gauche
63062;Buxières-sous-Montaigut;132;29.0;18.0;27.0;58.0;Gauche
63063;Cébazat;4579;1470.0;1025.0;736.0;1348.0;Centre
63064;La Celle;59;9.0;18.0;12.0;20.0;Gauche
63065;Ceilloux;138;33.0;28.0;31.0;46.0;Gauche
63066;Celles-sur-Durolle;1006;216.0;286.0;239.0;265.0;Droite
63067;La Cellette;121;23.0;43.0;34.0;21.0;Droite
63069;Le Cendre;3156;955.0;704.0;554.0;943.0;Centre
63070;Ceyrat;4024;1351.0;1135.0;448.0;1090.0;Centre
63071;Ceyssat;464;103.0;119.0;95.0;147.0;Gauche
63072;Chabreloche;734;191.0;137.0;193.0;213.0;Gauche
63073;Chadeleuf;256;56.0;54.0;37.0;109.0;Gauche
63074;Chalus;106;28.0;12.0;25.0;41.0;Gauche
63075;Chamalières;10035;3334.0;3729.0;869.0;2103.0;Droite
63076;Chambon-sur-Dolore;130;30.0;32.0;24.0;44.0;Gauche
63077;Chambon-sur-Lac;344;67.0;101.0;78.0;98.0;Droite
63078;Chaméane;121;24.0;47.0;26.0;24.0;Droite
63079;Champagnat-le-Jeune;119;27.0;37.0;25.0;30.0;Droite
63080;Champeix;758;184.0;142.0;143.0;289.0;Gauche
63081;Champétières;178;32.0;38.0;47.0;61.0;Gauche
63082;Champs;254;83.0;48.0;37.0;86.0;Gauche
63083;Chanat-la-Mouteyre;602;183.0;130.0;101.0;188.0;Gauche
63084;Chanonat;1156;372.0;272.0;141.0;371.0;Centre
63085;Chapdes-Beaufort;756;167.0;136.0;182.0;271.0;Gauche
63086;La Chapelle-Agnon;266;59.0;64.0;56.0;87.0;Gauche
63087;La Chapelle-Marcousse;60;6.0;29.0;16.0;9.0;Droite
63088;La Chapelle-sur-Usson;65;11.0;19.0;19.0;16.0;Droite
63089;Chappes;1033;280.0;202.0;234.0;317.0;Gauche
63090;Chaptuzat;307;95.0;68.0;58.0;86.0;Centre
63091;Charbonnier-les-Mines;511;129.0;79.0;106.0;197.0;Gauche
63092;Charbonnières-les-Varennes;1058;262.0;200.0;220.0;376.0;Gauche
63093;Charbonnières-les-Vieilles;709;168.0;161.0;160.0;220.0;Gauche
63094;Charensat;324;65.0;106.0;85.0;68.0;Droite
63095;Charnat;126;14.0;25.0;30.0;57.0;Gauche
63096;Chas;240;54.0;49.0;49.0;88.0;Gauche
63097;Chassagne;63;15.0;27.0;10.0;11.0;Droite
63098;Chastreix;189;44.0;75.0;20.0;50.0;Droite
63099;Châteaugay;1969;555.0;507.0;339.0;568.0;Gauche
63100;Châteauneuf-les-Bains;235;47.0;58.0;42.0;88.0;Gauche
63101;Château-sur-Cher;49;6.0;16.0;13.0;14.0;Droite
63102;Châteldon;513;99.0;107.0;108.0;199.0;Gauche
63103;Châtelguyon;3923;1214.0;1157.0;605.0;947.0;Centre
63104;La Chaulme;118;23.0;39.0;32.0;24.0;Droite
63105;Chaumont-le-Bourg;160;29.0;42.0;46.0;43.0;Extrême-Droite
63106;Chauriat;1009;281.0;192.0;191.0;345.0;Gauche
63107;Chavaroux;301;97.0;79.0;30.0;95.0;Centre
63108;Le Cheix;439;108.0;109.0;84.0;138.0;Gauche
63109;Chidrac;287;79.0;60.0;74.0;74.0;Centre
63110;Cisternes-la-Forêt;287;99.0;69.0;57.0;62.0;Centre
63111;Clémensat;82;17.0;13.0;21.0;31.0;Gauche
63112;Clerlande;356;91.0;98.0;61.0;106.0;Gauche
63113;Clermont-Ferrand;52915;15749.0;10805.0;6639.0;19722.0;Gauche
63114;Collanges;108;19.0;21.0;44.0;24.0;Extrême-Droite
63115;Combrailles;136;26.0;27.0;31.0;52.0;Gauche
63116;Combronde;1199;290.0;252.0;269.0;388.0;Gauche
63117;Compains;102;13.0;47.0;18.0;24.0;Droite
63118;Condat-en-Combraille;312;85.0;104.0;40.0;83.0;Droite
63119;Condat-lès-Montboissier;156;43.0;43.0;23.0;47.0;Gauche
63120;Corent;453;137.0;93.0;76.0;147.0;Gauche
63121;Coudes;729;164.0;156.0;119.0;290.0;Gauche
63122;Courgoul;59;10.0;14.0;8.0;27.0;Gauche
63123;Cournols;174;29.0;81.0;28.0;36.0;Droite
63124;Cournon-d'Auvergne;11043;3369.0;2384.0;1798.0;3492.0;Gauche
63125;Courpière;2445;596.0;587.0;541.0;721.0;Gauche
63126;Le Crest;810;296.0;180.0;96.0;238.0;Centre
63127;Creste;40;14.0;4.0;10.0;12.0;Centre
63128;Crevant-Laveine;563;119.0;137.0;138.0;169.0;Gauche
63129;Cros;132;28.0;38.0;29.0;37.0;Droite
63130;La Crouzille;188;31.0;47.0;51.0;59.0;Gauche
63131;Culhat;651;137.0;142.0;200.0;172.0;Extrême-Droite
63132;Cunlhat;688;170.0;148.0;113.0;257.0;Gauche
63133;Dallet;836;239.0;200.0;140.0;257.0;Gauche
63134;Dauzat-sur-Vodable;62;6.0;27.0;19.0;10.0;Droite
63135;Davayat;359;101.0;71.0;56.0;131.0;Gauche
63136;Domaize;269;62.0;55.0;56.0;96.0;Gauche
63137;Doranges;121;28.0;23.0;26.0;44.0;Gauche
63138;Dorat;408;85.0;82.0;110.0;131.0;Gauche
63139;Dore-l'Eglise;484;104.0;119.0;152.0;109.0;Extrême-Droite
63140;Durmignat;153;28.0;41.0;45.0;39.0;Extrême-Droite
63141;Durtol;1224;388.0;384.0;153.0;299.0;Centre
63142;Echandelys;172;36.0;45.0;40.0;51.0;Gauche
63143;Effiat;647;151.0;167.0;149.0;180.0;Gauche
63144;Egliseneuve-d'Entraigues;281;74.0;89.0;59.0;59.0;Droite
63145;Egliseneuve-des-Liards;109;28.0;19.0;18.0;44.0;Gauche
63146;Egliseneuve-près-Billom;602;124.0;122.0;103.0;253.0;Gauche
63147;Eglisolles;221;48.0;70.0;62.0;41.0;Droite
63148;Ennezat;1335;424.0;293.0;256.0;362.0;Centre
63149;Entraigues;406;129.0;92.0;78.0;107.0;Centre
63150;Enval;918;295.0;189.0;137.0;297.0;Gauche
63151;Escoutoux;874;200.0;204.0;221.0;249.0;Gauche
63152;Espinasse;196;38.0;56.0;36.0;66.0;Gauche
63153;Espinchal;95;32.0;27.0;21.0;15.0;Centre
63154;Espirat;246;52.0;56.0;57.0;81.0;Gauche
63155;Estandeuil;270;39.0;56.0;68.0;107.0;Gauche
63156;Esteil;52;10.0;9.0;6.0;27.0;Gauche
63157;Fayet-le-Château;229;49.0;47.0;65.0;68.0;Gauche
63158;Fayet-Ronaye;80;15.0;21.0;21.0;23.0;Gauche
63159;Fernoël;83;17.0;29.0;25.0;12.0;Droite
63160;Aulhat-Flat;663;176.0;167.0;111.0;209.0;Gauche
63161;La Forie;213;38.0;50.0;57.0;68.0;Gauche
63162;Fournols;218;66.0;57.0;34.0;61.0;Centre
63163;Gelles;595;128.0;208.0;136.0;123.0;Droite
63164;Gerzat;5158;1381.0;960.0;1145.0;1672.0;Gauche
63165;Giat;536;138.0;170.0;114.0;114.0;Droite
63166;Gignat;159;46.0;31.0;28.0;54.0;Gauche
63167;Gimeaux;271;68.0;67.0;28.0;108.0;Gauche
63168;Glaine-Montaigut;355;75.0;56.0;81.0;143.0;Gauche
63169;La Godivelle;34;4.0;20.0;1.0;9.0;Droite
63170;La Goutelle;422;93.0;115.0;97.0;117.0;Gauche
63171;Gouttières;247;52.0;41.0;59.0;95.0;Gauche
63172;Grandeyrolles;40;7.0;12.0;13.0;8.0;Extrême-Droite
63173;Grandrif;149;37.0;27.0;31.0;54.0;Gauche
63174;Grandval;94;26.0;21.0;15.0;32.0;Gauche
63175;Herment;180;48.0;59.0;24.0;49.0;Droite
63176;Heume-l'Eglise;88;27.0;32.0;12.0;17.0;Droite
63177;Isserteaux;247;66.0;51.0;39.0;91.0;Gauche
63178;Issoire;7793;2078.0;1965.0;1397.0;2353.0;Gauche
63179;Job;635;137.0;152.0;180.0;166.0;Extrême-Droite
63180;Joze;695;154.0;200.0;197.0;144.0;Droite
63181;Jozerand;317;78.0;106.0;58.0;75.0;Droite
63182;Jumeaux;369;80.0;61.0;111.0;117.0;Gauche
63183;Labessette;58;12.0;28.0;6.0;12.0;Droite
63184;Lachaux;214;41.0;51.0;30.0;92.0;Gauche
63185;Lamontgie;370;84.0;56.0;92.0;138.0;Gauche
63186;Landogne;158;43.0;47.0;32.0;36.0;Droite
63187;Lapeyrouse;383;78.0;75.0;78.0;152.0;Gauche
63188;Laps;336;82.0;76.0;53.0;125.0;Gauche
63189;Laqueuille;236;55.0;87.0;47.0;47.0;Droite
63190;Larodde;206;66.0;49.0;16.0;75.0;Gauche
63191;Lastic;86;28.0;18.0;21.0;19.0;Centre
63192;La Tour-d'Auvergne;451;116.0;107.0;68.0;160.0;Gauche
63193;Lempdes;4891;1340.0;1091.0;911.0;1549.0;Gauche
63194;Lempty;234;38.0;61.0;76.0;59.0;Extrême-Droite
63195;Lezoux;3121;788.0;691.0;740.0;902.0;Gauche
63196;Limons;457;73.0;81.0;150.0;153.0;Gauche
63197;Lisseuil;85;19.0;11.0;25.0;30.0;Gauche
63198;Loubeyrat;781;193.0;147.0;182.0;259.0;Gauche
63199;Ludesse;289;67.0;60.0;54.0;108.0;Gauche
63200;Lussat;535;139.0;131.0;118.0;147.0;Gauche
63201;Luzillat;625;99.0;152.0;178.0;196.0;Gauche
63202;Madriat;87;28.0;24.0;11.0;24.0;Centre
63203;Malauzat;727;239.0;165.0;116.0;207.0;Centre
63204;Malintrat;651;159.0;161.0;144.0;187.0;Gauche
63205;Manglieu;279;55.0;62.0;58.0;104.0;Gauche
63206;Manzat;854;240.0;192.0;156.0;266.0;Gauche
63207;Marat;522;110.0;152.0;126.0;134.0;Droite
63208;Marcillat;203;46.0;53.0;44.0;60.0;Gauche
63209;Mareugheol;127;45.0;30.0;28.0;24.0;Centre
63210;Maringues;1465;291.0;313.0;395.0;466.0;Gauche
63211;Marsac-en-Livradois;881;197.0;227.0;244.0;213.0;Extrême-Droite
63212;Marsat;839;254.0;292.0;80.0;213.0;Droite
63213;Les Martres-d'Artière;1271;311.0;313.0;315.0;332.0;Gauche
63214;Les Martres-de-Veyre;2364;624.0;479.0;415.0;846.0;Gauche
63215;Martres-sur-Morge;430;99.0;98.0;109.0;124.0;Gauche
63216;Mauzun;75;21.0;15.0;7.0;32.0;Gauche
63218;Mayres;143;32.0;50.0;32.0;29.0;Droite
63219;Mazayes;471;107.0;128.0;59.0;177.0;Gauche
63220;Mazoires;84;22.0;27.0;27.0;8.0;Droite
63221;Medeyrolles;103;25.0;36.0;21.0;21.0;Droite
63222;Meilhaud;298;64.0;67.0;70.0;97.0;Gauche
63223;Menat;353;76.0;88.0;70.0;119.0;Gauche
63224;Ménétrol;1041;225.0;229.0;266.0;321.0;Gauche
63225;Messeix;701;135.0;134.0;169.0;263.0;Gauche
63226;Mezel;1274;366.0;276.0;213.0;419.0;Gauche
63227;Mirefleurs;1476;400.0;366.0;238.0;472.0;Gauche
63228;Miremont;244;57.0;57.0;58.0;72.0;Gauche
63229;Moissat;766;197.0;157.0;151.0;261.0;Gauche
63230;Le Monestier;144;44.0;26.0;32.0;42.0;Centre
63231;La Monnerie-le-Montel;766;175.0;181.0;193.0;217.0;Gauche
63232;Mons;304;53.0;57.0;106.0;88.0;Extrême-Droite
63233;Montaigut;552;118.0;122.0;117.0;195.0;Gauche
63234;Montaigut-le-Blanc;534;129.0;96.0;97.0;212.0;Gauche
63235;Montcel;312;95.0;63.0;39.0;115.0;Gauche
63236;Mont-Dore;837;228.0;272.0;161.0;176.0;Droite
63237;Montel-de-Gelat;304;77.0;99.0;73.0;55.0;Droite
63238;Montfermy;146;32.0;33.0;44.0;37.0;Extrême-Droite
63239;Montmorin;472;114.0;82.0;85.0;191.0;Gauche
63240;Montpensier;282;80.0;75.0;64.0;63.0;Centre
63241;Montpeyroux;276;80.0;95.0;36.0;65.0;Droite
63242;Moriat;262;57.0;60.0;66.0;79.0;Gauche
63243;Moureuille;204;37.0;59.0;59.0;49.0;Droite
63244;Chambaron-sur-Morge;973;266.0;198.0;221.0;288.0;Gauche
63245;Mozac;2389;724.0;573.0;357.0;735.0;Gauche
63246;Murat-le-Quaire;366;94.0;78.0;69.0;125.0;Gauche
63247;Murol;403;95.0;144.0;77.0;87.0;Droite
63248;Nébouzat;521;148.0;137.0;82.0;154.0;Gauche
63249;Néronde-sur-Dore;322;84.0;68.0;73.0;97.0;Gauche
63250;Neschers;506;86.0;90.0;111.0;219.0;Gauche
63251;Neuf-Eglise;188;41.0;24.0;36.0;87.0;Gauche
63252;Neuville;271;58.0;62.0;66.0;85.0;Gauche
63253;Noalhat;141;24.0;20.0;56.0;41.0;Extrême-Droite
63254;Nohanent;1395;439.0;324.0;215.0;417.0;Centre
63255;Nonette-Orsonette;338;79.0;84.0;55.0;120.0;Gauche
63256;Novacelles;96;22.0;34.0;24.0;16.0;Droite
63257;Olby;501;115.0;100.0;92.0;194.0;Gauche
63258;Olliergues;447;86.0;130.0;113.0;118.0;Droite
63259;Olloix;199;42.0;49.0;19.0;89.0;Gauche
63260;Olmet;123;25.0;26.0;29.0;43.0;Gauche
63261;Orbeil;573;150.0;136.0;96.0;191.0;Gauche
63262;Orcet;1774;545.0;397.0;277.0;555.0;Gauche
63263;Orcines;2381;767.0;737.0;296.0;581.0;Centre
63264;Orcival;162;20.0;70.0;32.0;40.0;Droite
63265;Orléat;1386;323.0;381.0;340.0;342.0;Droite
63267;Palladuc;353;68.0;85.0;109.0;91.0;Extrême-Droite
63268;Pardines;185;41.0;43.0;36.0;65.0;Gauche
63269;Parent;551;178.0;95.0;82.0;196.0;Gauche
63270;Parentignat;354;109.0;73.0;65.0;107.0;Centre
63271;Paslières;916;211.0;161.0;207.0;337.0;Gauche
63272;Pérignat-lès-Sarliève;1810;600.0;566.0;225.0;419.0;Centre
63273;Pérignat-sur-Allier;1062;343.0;208.0;182.0;329.0;Centre
63274;Perpezat;253;55.0;103.0;42.0;53.0;Droite
63275;Perrier;521;149.0;135.0;82.0;155.0;Gauche
63276;Peschadoires;1386;380.0;326.0;283.0;397.0;Gauche
63277;Peslières;52;13.0;18.0;8.0;13.0;Droite
63278;Pessat-Villeneuve;402;103.0;104.0;80.0;115.0;Gauche
63279;Picherande;235;60.0;91.0;30.0;54.0;Droite
63280;Pignols;209;65.0;37.0;34.0;73.0;Gauche
63281;Pionsat;549;147.0;136.0;103.0;163.0;Gauche
63282;Plauzat;986;249.0;193.0;155.0;389.0;Gauche
63283;Pontaumur;385;107.0;104.0;85.0;89.0;Centre
63284;Pont-du-Château;6351;1803.0;1477.0;1259.0;1812.0;Gauche
63285;Pontgibaud;395;109.0;82.0;65.0;139.0;Gauche
63286;Pouzol;170;45.0;62.0;30.0;33.0;Droite
63287;Les Pradeaux;199;42.0;47.0;34.0;76.0;Gauche
63288;Prompsat;297;72.0;57.0;52.0;116.0;Gauche
63289;Prondines;211;56.0;49.0;36.0;70.0;Gauche
63290;Pulvérières;248;48.0;56.0;50.0;94.0;Gauche
63291;Puy-Guillaume;1604;378.0;318.0;432.0;476.0;Gauche
63292;Puy-Saint-Gulmier;96;24.0;31.0;21.0;20.0;Droite
63293;Le Quartier;144;26.0;44.0;24.0;50.0;Gauche
63294;Queuille;168;22.0;26.0;50.0;70.0;Gauche
63295;Randan;814;194.0;172.0;250.0;198.0;Extrême-Droite
63296;Ravel;453;108.0;80.0;95.0;170.0;Gauche
63297;Reignat;231;57.0;43.0;52.0;79.0;Gauche
63298;La Renaudie;106;19.0;21.0;20.0;46.0;Gauche
63299;Rentières;73;11.0;31.0;17.0;14.0;Droite
63300;Riom;9179;2589.0;2156.0;1388.0;3046.0;Gauche
63301;Ris;464;84.0;88.0;142.0;150.0;Gauche
63302;La Roche-Blanche;2090;732.0;529.0;264.0;565.0;Centre
63303;Roche-Charles-la-Mayrand;38;5.0;21.0;5.0;7.0;Droite
63304;Roche-d'Agoux;78;17.0;17.0;16.0;28.0;Gauche
63305;Rochefort-Montagne;461;173.0;111.0;52.0;125.0;Centre
63306;La Roche-Noire;426;136.0;100.0;74.0;116.0;Centre
63307;Romagnat;4859;1627.0;1183.0;613.0;1436.0;Centre
63308;Royat;2769;978.0;848.0;288.0;655.0;Centre
63309;Saillant;246;58.0;55.0;80.0;53.0;Extrême-Droite
63310;Sainte-Agathe;133;30.0;43.0;17.0;43.0;Gauche
63311;Saint-Agoulin;216;39.0;52.0;52.0;73.0;Gauche
63312;Saint-Alyre-d'Arlanc;126;30.0;28.0;30.0;38.0;Gauche
63313;Saint-Alyre-ès-Montagne;95;13.0;55.0;17.0;10.0;Droite
63314;Saint-Amant-Roche-Savine;344;70.0;77.0;56.0;141.0;Gauche
63315;Saint-Amant-Tallende;1024;330.0;231.0;136.0;327.0;Centre
63317;Saint-André-le-Coq;327;96.0;72.0;74.0;85.0;Centre
63318;Saint-Angel;299;80.0;36.0;54.0;129.0;Gauche
63319;Saint-Anthème;598;136.0;198.0;148.0;116.0;Droite
63320;Saint-Avit;163;39.0;63.0;32.0;29.0;Droite
63321;Saint-Babel;621;163.0;130.0;115.0;213.0;Gauche
63322;Saint-Beauzire;1282;389.0;300.0;255.0;338.0;Centre
63323;Saint-Bonnet-le-Bourg;132;36.0;33.0;27.0;36.0;Gauche
63324;Saint-Bonnet-le-Chastel;183;48.0;46.0;46.0;43.0;Centre
63325;Saint-Bonnet-lès-Allier;281;50.0;60.0;55.0;116.0;Gauche
63326;Saint-Bonnet-près-Orcival;332;72.0;104.0;56.0;100.0;Droite
63327;Saint-Bonnet-près-Riom;1317;389.0;289.0;230.0;409.0;Gauche
63328;Sainte-Catherine;55;9.0;18.0;12.0;16.0;Droite
63329;Sainte-Christine;105;28.0;21.0;12.0;44.0;Gauche
63330;Saint-Cirgues-sur-Couze;205;41.0;50.0;48.0;66.0;Gauche
63331;Saint-Clément-de-Valorgue;172;38.0;61.0;39.0;34.0;Droite
63332;Saint-Clément-de-Régnat;364;80.0;106.0;80.0;98.0;Droite
63333;Saint-Denis-Combarnazat;153;35.0;39.0;41.0;38.0;Extrême-Droite
63334;Saint-Dier-d'Auvergne;364;77.0;81.0;87.0;119.0;Gauche
63335;Saint-Diéry;260;52.0;68.0;56.0;84.0;Gauche
63336;Saint-Donat;155;36.0;58.0;26.0;35.0;Droite
63337;Saint-Eloy-la-Glacière;58;23.0;9.0;7.0;19.0;Centre
63338;Saint-Eloy-les-Mines;1961;398.0;434.0;579.0;550.0;Extrême-Droite
63339;Saint-Etienne-des-Champs;84;26.0;19.0;17.0;22.0;Centre
63340;Saint-Etienne-sur-Usson;197;47.0;59.0;34.0;57.0;Droite
63341;Saint-Ferréol-des-Côtes;374;104.0;114.0;76.0;80.0;Droite
63342;Saint-Floret;169;38.0;32.0;45.0;54.0;Gauche
63343;Saint-Flour;196;40.0;52.0;44.0;60.0;Gauche
63344;Saint-Gal-sur-Sioule;113;30.0;24.0;25.0;34.0;Gauche
63345;Saint-Genès-Champanelle;2391;767.0;550.0;301.0;773.0;Gauche
63346;Saint-Genès-Champespe;196;51.0;80.0;36.0;29.0;Droite
63347;Saint-Genès-du-Retz;339;84.0;78.0;78.0;99.0;Gauche
63348;Saint-Genès-la-Tourette;133;35.0;25.0;26.0;47.0;Gauche
63349;Saint-Georges-de-Mons;1158;315.0;223.0;193.0;427.0;Gauche
63350;Saint-Georges-sur-Allier;803;236.0;157.0;167.0;243.0;Gauche
63351;Saint-Germain-près-Herment;56;18.0;12.0;8.0;18.0;Gauche
63352;Saint-Germain-Lembron;1029;275.0;197.0;175.0;382.0;Gauche
63353;Saint-Germain-l'Herm;362;98.0;79.0;73.0;112.0;Gauche
63354;Saint-Gervais-d'Auvergne;749;152.0;182.0;132.0;283.0;Gauche
63355;Saint-Gervais-sous-Meymont;161;29.0;28.0;45.0;59.0;Gauche
63356;Saint-Gervazy;192;42.0;60.0;31.0;59.0;Droite
63357;Saint-Hérent;77;17.0;27.0;15.0;18.0;Droite
63358;Saint-Hilaire-la-Croix;229;51.0;43.0;46.0;89.0;Gauche
63359;Saint-Hilaire-les-Monges;68;8.0;29.0;15.0;16.0;Droite
63360;Saint-Hilaire;125;20.0;33.0;19.0;53.0;Gauche
63362;Saint-Ignat;551;144.0;122.0;131.0;154.0;Gauche
63363;Saint-Jacques-d'Ambur;225;37.0;71.0;48.0;69.0;Droite
63364;Saint-Jean-d'Heurs;306;74.0;57.0;82.0;93.0;Gauche
63365;Saint-Jean-des-Ollières;271;64.0;48.0;60.0;99.0;Gauche
63366;Saint-Jean-en-Val;233;57.0;51.0;43.0;82.0;Gauche
63367;Saint-Jean-Saint-Gervais;80;29.0;13.0;14.0;24.0;Centre
63368;Saint-Julien-de-Coppel;761;179.0;165.0;169.0;248.0;Gauche
63369;Saint-Julien-la-Geneste;98;9.0;35.0;22.0;32.0;Droite
63370;Saint-Julien-Puy-Lavèze;238;60.0;65.0;57.0;56.0;Droite
63371;Saint-Just;144;48.0;32.0;28.0;36.0;Centre
63372;Saint-Laure;339;96.0;65.0;84.0;94.0;Centre
63373;Saint-Maigner;138;27.0;43.0;16.0;52.0;Gauche
63374;Saint-Martin-des-Olmes;204;35.0;51.0;62.0;56.0;Extrême-Droite
63375;Saint-Martin-des-Plains;91;18.0;30.0;21.0;22.0;Droite
63376;Saint-Martin-d'Ollières;107;28.0;25.0;24.0;30.0;Gauche
63377;Saint-Maurice-près-Pionsat;246;57.0;50.0;61.0;78.0;Gauche
63378;Saint-Maurice;575;161.0;123.0;90.0;201.0;Gauche
63379;Saint-Myon;310;82.0;87.0;65.0;76.0;Droite
63380;Saint-Nectaire;467;111.0;127.0;94.0;135.0;Gauche
63381;Saint-Ours;1003;195.0;261.0;218.0;329.0;Gauche
63382;Saint-Pardoux;276;74.0;61.0;42.0;99.0;Gauche
63383;Saint-Pierre-Colamine;157;25.0;33.0;40.0;59.0;Gauche
63384;Saint-Pierre-la-Bourlhonne;110;24.0;35.0;19.0;32.0;Droite
63385;Saint-Pierre-le-Chastel;258;54.0;68.0;63.0;73.0;Gauche
63386;Saint-Pierre-Roche;273;66.0;85.0;38.0;84.0;Droite
63387;Saint-Priest-Bramefant;547;133.0;120.0;154.0;140.0;Extrême-Droite
63388;Saint-Priest-des-Champs;436;124.0;97.0;94.0;121.0;Centre
63389;Saint-Quentin-sur-Sauxillanges;67;17.0;16.0;7.0;27.0;Gauche
63390;Saint-Quintin-sur-Sioule;249;59.0;66.0;49.0;75.0;Gauche
63391;Saint-Rémy-de-Blot;146;33.0;23.0;29.0;61.0;Gauche
63392;Saint-Rémy-de-Chargnat;376;73.0;91.0;65.0;147.0;Gauche
63393;Saint-Rémy-sur-Durolle;1025;264.0;293.0;224.0;244.0;Droite
63394;Saint-Romain;188;47.0;57.0;22.0;62.0;Gauche
63395;Saint-Sandoux;492;115.0;99.0;108.0;170.0;Gauche
63396;Saint-Saturnin;774;201.0;186.0;92.0;295.0;Gauche
63397;Saint-Sauves-d'Auvergne;775;199.0;225.0;127.0;224.0;Droite
63398;Saint-Sauveur-la-Sagne;74;15.0;23.0;23.0;13.0;Droite
63399;Saint-Sulpice;74;18.0;25.0;12.0;19.0;Droite
63400;Saint-Sylvestre-Pragoulin;704;156.0;146.0;213.0;189.0;Extrême-Droite
63401;Saint-Victor-la-Rivière;180;38.0;58.0;45.0;39.0;Droite
63402;Saint-Victor-Montvianeix;186;33.0;44.0;42.0;67.0;Gauche
63403;Saint-Vincent;256;58.0;68.0;62.0;68.0;Gauche
63404;Saint-Yvoine;325;89.0;82.0;66.0;88.0;Centre
63405;Sallèdes;378;69.0;76.0;89.0;144.0;Gauche
63406;Sardon;220;49.0;64.0;41.0;66.0;Gauche
63407;Saulzet-le-Froid;198;40.0;62.0;47.0;49.0;Droite
63408;Sauret-Besserve;141;29.0;23.0;23.0;66.0;Gauche
63409;Saurier;158;34.0;37.0;43.0;44.0;Gauche
63410;Sauvagnat;104;26.0;32.0;19.0;27.0;Droite
63411;Sauvagnat-Sainte-Marthe;275;62.0;47.0;60.0;106.0;Gauche
63412;Sauvessanges;405;86.0;142.0;100.0;77.0;Droite
63413;La Sauvetat;445;115.0;93.0;70.0;167.0;Gauche
63414;Sauviat;351;87.0;81.0;79.0;104.0;Gauche
63415;Sauxillanges;677;151.0;158.0;117.0;251.0;Gauche
63416;Savennes;76;19.0;15.0;15.0;27.0;Gauche
63417;Sayat;1572;512.0;457.0;244.0;359.0;Centre
63418;Sermentizon;361;72.0;81.0;68.0;140.0;Gauche
63419;Servant;397;81.0;103.0;98.0;115.0;Gauche
63420;Seychalles;410;98.0;77.0;114.0;121.0;Gauche
63421;Singles;147;40.0;48.0;20.0;39.0;Droite
63422;Solignat;293;75.0;101.0;46.0;71.0;Droite
63423;Sugères;382;99.0;83.0;80.0;120.0;Gauche
63424;Surat;323;82.0;77.0;101.0;63.0;Extrême-Droite
63425;Tallende;991;318.0;233.0;162.0;278.0;Centre
63426;Tauves;552;170.0;156.0;75.0;151.0;Centre
63427;Teilhède;297;89.0;69.0;63.0;76.0;Centre
63428;Teilhet;169;39.0;39.0;38.0;53.0;Gauche
63429;Ternant-les-Eaux;32;0.0;12.0;7.0;13.0;Gauche
63430;Thiers;5739;1386.0;1186.0;1218.0;1949.0;Gauche
63431;Thiolières;106;14.0;19.0;46.0;27.0;Extrême-Droite
63432;Thuret;530;137.0;126.0;110.0;157.0;Gauche
63433;Tortebesse;69;13.0;23.0;14.0;19.0;Droite
63434;Tours-sur-Meymont;368;70.0;80.0;87.0;131.0;Gauche
63435;Tourzel-Ronzières;124;20.0;15.0;37.0;52.0;Gauche
63436;Tralaigues;54;14.0;23.0;8.0;9.0;Droite
63437;Trémouille-Saint-Loup;129;27.0;49.0;24.0;29.0;Droite
63438;Trézioux;309;56.0;83.0;70.0;100.0;Gauche
63439;Usson;160;51.0;39.0;15.0;55.0;Gauche
63440;Valbeleix;87;15.0;30.0;27.0;15.0;Droite
63441;Valcivières;203;43.0;63.0;37.0;60.0;Droite
63442;Valz-sous-Châteauneuf;54;10.0;18.0;9.0;17.0;Droite
63443;Varennes-sur-Morge;256;88.0;69.0;43.0;56.0;Centre
63444;Varennes-sur-Usson;160;40.0;27.0;30.0;63.0;Gauche
63445;Vassel;158;33.0;38.0;41.0;46.0;Gauche
63446;Vensat;317;88.0;93.0;62.0;74.0;Droite
63447;Vergheas;66;25.0;8.0;11.0;22.0;Centre
63448;Vernet-la-Varenne;446;94.0;137.0;93.0;122.0;Droite
63449;Le Vernet-Sainte-Marguerite;211;37.0;83.0;49.0;42.0;Droite
63450;Verneugheol;177;48.0;48.0;37.0;44.0;Centre
63451;Vernines;268;45.0;102.0;51.0;70.0;Droite
63452;Verrières;64;7.0;24.0;12.0;21.0;Droite
63453;Vertaizon;1688;388.0;313.0;390.0;597.0;Gauche
63454;Vertolaye;379;71.0;113.0;98.0;97.0;Droite
63455;Veyre-Monton;2413;771.0;648.0;342.0;652.0;Centre
63456;Vichel;206;53.0;41.0;51.0;61.0;Gauche
63457;Vic-le-Comte;3252;926.0;650.0;501.0;1175.0;Gauche
63458;Villeneuve;96;18.0;14.0;39.0;25.0;Extrême-Droite
63459;Villeneuve-les-Cerfs;299;69.0;65.0;85.0;80.0;Extrême-Droite
63460;Villosanges;231;60.0;79.0;30.0;62.0;Droite
63461;Vinzelles;220;44.0;42.0;66.0;68.0;Gauche
63462;Virlet;158;27.0;39.0;34.0;58.0;Gauche
63463;Viscomtat;373;74.0;110.0;75.0;114.0;Gauche
63464;Vitrac;246;70.0;48.0;44.0;84.0;Gauche
63465;Viverols;306;61.0;100.0;75.0;70.0;Droite
63466;Vodable;142;39.0;36.0;19.0;48.0;Gauche
63467;Voingt;40;16.0;9.0;6.0;9.0;Centre
63468;Vollore-Montagne;261;55.0;67.0;85.0;54.0;Extrême-Droite
63469;Vollore-Ville;491;124.0;145.0;115.0;107.0;Droite
63470;Volvic;2565;750.0;437.0;405.0;973.0;Gauche
63471;Youx;631;146.0;113.0;162.0;210.0;Gauche
63472;Yronde-et-Buron;456;138.0;80.0;72.0;166.0;Gauche
63473;Yssac-la-Tourette;252;68.0;61.0;32.0;91.0;Gauche
69001;Affoux;227;46.0;70.0;75.0;36.0;Extrême-Droite
69002;Aigueperse;170;35.0;62.0;50.0;23.0;Droite
69003;Albigny-sur-Saône;1320;340.0;436.0;239.0;305.0;Droite
69004;Alix;360;97.0;100.0;88.0;75.0;Droite
69005;Ambérieux;342;64.0;105.0;126.0;47.0;Extrême-Droite
69006;Amplepuis;2763;551.0;804.0;767.0;641.0;Droite
69007;Ampuis;1636;385.0;515.0;462.0;274.0;Droite
69008;Ancy;398;71.0;153.0;95.0;79.0;Droite
69009;Anse;3627;967.0;1042.0;756.0;862.0;Droite
69010;L'Arbresle;3141;813.0;767.0;564.0;997.0;Gauche
69012;Les Ardillats;423;83.0;120.0;126.0;94.0;Extrême-Droite
69013;Arnas;2036;416.0;628.0;589.0;403.0;Droite
69014;Aveize;662;146.0;218.0;159.0;139.0;Droite
69015;Avenas;95;19.0;36.0;5.0;35.0;Droite
69016;Azolette;105;21.0;42.0;29.0;13.0;Droite
69017;Bagnols;464;101.0;158.0;98.0;107.0;Droite
69018;Beaujeu;983;212.0;349.0;256.0;166.0;Droite
69019;Belleville;3460;780.0;968.0;923.0;789.0;Droite
69020;Belmont-d'Azergues;405;111.0;75.0;96.0;123.0;Gauche
69021;Bessenay;1346;305.0;393.0;264.0;384.0;Droite
69022;Bibost;321;61.0;110.0;81.0;69.0;Droite
69023;Blacé;936;195.0;370.0;243.0;128.0;Droite
69024;Val d'Oingt;2502;670.0;778.0;516.0;538.0;Droite
69026;Le Breuil;291;65.0;111.0;75.0;40.0;Droite
69027;Brignais;6542;1846.0;2032.0;1052.0;1612.0;Droite
69028;Brindas;3683;1014.0;1316.0;605.0;748.0;Droite
69029;Bron;16585;4487.0;4232.0;2684.0;5182.0;Gauche
69030;Brullioles;509;83.0;193.0;127.0;106.0;Droite
69031;Brussieu;717;147.0;245.0;176.0;149.0;Droite
69032;Bully;1151;246.0;382.0;296.0;227.0;Droite
69033;Cailloux-sur-Fontaines;1707;474.0;730.0;266.0;237.0;Droite
69034;Caluire-et-Cuire;23293;7121.0;7961.0;2569.0;5642.0;Droite
69035;Cenves;253;72.0;71.0;42.0;68.0;Centre
69036;Cercié;617;110.0;192.0;189.0;126.0;Droite
69037;Chambost-Allières;468;82.0;141.0;136.0;109.0;Droite
69038;Chambost-Longessaigne;560;86.0;186.0;128.0;160.0;Droite
69039;Chamelet;388;79.0;109.0;101.0;99.0;Droite
69040;Champagne-au-Mont-d'Or;3056;860.0;1214.0;411.0;571.0;Droite
69042;La Chapelle-sur-Coise;361;72.0;124.0;94.0;71.0;Droite
69043;Chaponost;5530;1717.0;1992.0;729.0;1092.0;Droite
69044;Charbonnières-les-Bains;3494;971.0;1835.0;301.0;387.0;Droite
69045;Charentay;713;147.0;237.0;202.0;127.0;Droite
69046;Charly;3087;940.0;1279.0;372.0;496.0;Droite
69047;Charnay;568;158.0;227.0;63.0;120.0;Droite
69048;Chassagny;875;214.0;220.0;244.0;197.0;Extrême-Droite
69049;Chasselay;1818;482.0;764.0;244.0;328.0;Droite
69050;Châtillon;1342;316.0;448.0;241.0;337.0;Droite
69051;Chaussan;709;174.0;211.0;123.0;201.0;Droite
69052;Chazay-d'Azergues;2635;775.0;980.0;384.0;496.0;Droite
69053;Chénas;336;72.0;111.0;76.0;77.0;Droite
69054;Chénelette;240;50.0;70.0;93.0;27.0;Extrême-Droite
69055;Les Chères;827;202.0;290.0;205.0;130.0;Droite
69056;Chessy-les-Mines;1114;269.0;322.0;249.0;274.0;Droite
69057;Chevinay;377;81.0;132.0;67.0;97.0;Droite
69058;Chiroubles;244;44.0;86.0;62.0;52.0;Droite
69059;Civrieux-d'Azergues;905;245.0;283.0;190.0;187.0;Droite
69060;Claveisolles;370;76.0;120.0;130.0;44.0;Extrême-Droite
69061;Cogny;756;163.0;288.0;173.0;132.0;Droite
69062;Coise;510;107.0;205.0;104.0;94.0;Droite
69063;Collonges-au-Mont-d'Or;2744;779.0;1310.0;261.0;394.0;Droite
69064;Condrieu;2096;550.0;539.0;399.0;608.0;Gauche
69065;Corcelles-en-Beaujolais;543;98.0;180.0;192.0;73.0;Extrême-Droite
69066;Cours;2595;524.0;841.0;756.0;474.0;Droite
69067;Courzieu;723;129.0;269.0;193.0;132.0;Droite
69068;Couzon-au-Mont-d'Or;1409;367.0;437.0;184.0;421.0;Droite
69069;Craponne;6400;1828.0;2186.0;1045.0;1341.0;Droite
69070;Cublize;727;132.0;219.0;232.0;144.0;Extrême-Droite
69071;Curis-au-Mont-d'Or;700;189.0;257.0;86.0;168.0;Droite
69072;Dardilly;5207;1513.0;2298.0;588.0;808.0;Droite
69073;Dareizé;302;72.0;107.0;70.0;53.0;Droite
69074;Denicé;975;241.0;362.0;189.0;183.0;Droite
69075;Dième;110;21.0;36.0;37.0;16.0;Extrême-Droite
69076;Dommartin;1847;479.0;868.0;271.0;229.0;Droite
69077;Dracé;567;84.0;151.0;234.0;98.0;Extrême-Droite
69078;Duerne;492;98.0;169.0;129.0;96.0;Droite
69080;Echalas;1026;223.0;270.0;313.0;220.0;Extrême-Droite
69081;Ecully;9689;2609.0;4668.0;968.0;1444.0;Droite
69082;Emeringes;185;37.0;73.0;44.0;31.0;Droite
69083;Eveux;737;207.0;238.0;128.0;164.0;Droite
69084;Fleurie;783;179.0;290.0;212.0;102.0;Droite
69085;Fleurieu-sur-Saône;866;231.0;318.0;120.0;197.0;Droite
69086;Fleurieux-sur-l'Arbresle;1503;418.0;476.0;287.0;322.0;Droite
69087;Fontaines-Saint-Martin;1920;602.0;722.0;200.0;396.0;Droite
69088;Fontaines-sur-Saône;3631;1017.0;1168.0;606.0;840.0;Droite
69089;Francheville;7750;2475.0;2602.0;916.0;1757.0;Droite
69090;Frontenas;502;116.0;160.0;116.0;110.0;Droite
69091;Givors;7037;1381.0;1039.0;1558.0;3059.0;Gauche
69092;Gleizé;4139;991.0;1321.0;844.0;983.0;Droite
69093;Grandris;581;109.0;207.0;117.0;148.0;Droite
69094;Grézieu-la-Varenne;3285;930.0;1141.0;563.0;651.0;Droite
69095;Grézieu-le-Marché;506;105.0;169.0;122.0;110.0;Droite
69096;Grigny;4189;877.0;743.0;1007.0;1562.0;Gauche
69097;Les Haies;496;117.0;104.0;159.0;116.0;Extrême-Droite
69098;Les Halles;254;24.0;78.0;91.0;61.0;Extrême-Droite
69099;Haute-Rivoire;777;150.0;238.0;239.0;150.0;Extrême-Droite
69100;Irigny;4976;1302.0;1340.0;1023.0;1311.0;Droite
69101;Jarnioux;408;102.0;128.0;81.0;97.0;Droite
69102;Joux;424;86.0;103.0;120.0;115.0;Extrême-Droite
69103;Juliénas;580;169.0;178.0;115.0;118.0;Droite
69104;Jullié;279;36.0;96.0;76.0;71.0;Droite
69105;Lacenas;611;150.0;213.0;141.0;107.0;Droite
69106;Lachassagne;730;196.0;281.0;144.0;109.0;Droite
69107;Lamure-sur-Azergues;584;122.0;175.0;155.0;132.0;Droite
69108;Lancié;571;124.0;152.0;172.0;123.0;Extrême-Droite
69109;Lantignié;556;128.0;180.0;131.0;117.0;Droite
69110;Larajasse;1110;194.0;482.0;243.0;191.0;Droite
69111;Légny;418;96.0;127.0;84.0;111.0;Droite
69112;Lentilly;3671;994.0;1298.0;607.0;772.0;Droite
69113;Létra;489;111.0;138.0;105.0;135.0;Droite
69115;Limas;2650;671.0;879.0;582.0;518.0;Droite
69116;Limonest;2158;505.0;1099.0;300.0;254.0;Droite
69117;Lissieu;2063;577.0;889.0;303.0;294.0;Droite
69118;Loire-sur-Rhône;1508;317.0;457.0;420.0;314.0;Droite
69119;Longes;577;102.0;144.0;199.0;132.0;Extrême-Droite
69120;Longessaigne;364;80.0;128.0;76.0;80.0;Droite
69121;Lozanne;1568;413.0;490.0;336.0;329.0;Droite
69122;Lucenay;1167;290.0;496.0;245.0;136.0;Droite
69123;Lyon;234507;71468.0;64649.0;20766.0;77624.0;Gauche
69124;Marchampt;322;68.0;89.0;89.0;76.0;Droite
69125;Marcilly-d'Azergues;612;155.0;245.0;114.0;98.0;Droite
69126;Marcy;489;128.0;230.0;82.0;49.0;Droite
69127;Marcy-l'Etoile;1901;589.0;613.0;295.0;404.0;Droite
69130;Meaux-la-Montagne;143;30.0;50.0;35.0;28.0;Droite
69131;Messimy;2181;551.0;742.0;503.0;385.0;Droite
69132;Meys;504;80.0;174.0;162.0;88.0;Droite
69133;Millery;2665;820.0;894.0;427.0;524.0;Droite
69134;Moiré;154;42.0;66.0;22.0;24.0;Droite
69135;Monsols;437;81.0;125.0;142.0;89.0;Extrême-Droite
69136;Montagny;1646;400.0;524.0;422.0;300.0;Droite
69137;Montmelas-Saint-Sorlin;232;50.0;77.0;49.0;56.0;Droite
69138;Montromant;284;47.0;110.0;48.0;79.0;Droite
69139;Montrottier;839;162.0;264.0;228.0;185.0;Droite
69140;Morancé;1332;388.0;493.0;246.0;205.0;Droite
69141;Mornant;3689;951.0;1117.0;686.0;935.0;Droite
69142;La Mulatière;2870;738.0;913.0;459.0;760.0;Droite
69143;Neuville-sur-Saône;3586;984.0;980.0;602.0;1020.0;Gauche
69145;Odenas;493;107.0;169.0;128.0;89.0;Droite
69147;Les Olmes;524;103.0;179.0;139.0;103.0;Droite
69148;Orliénas;1532;432.0;474.0;283.0;343.0;Droite
69149;Oullins;12885;3483.0;3125.0;1942.0;4335.0;Gauche
69150;Ouroux;210;42.0;72.0;52.0;44.0;Droite
69151;Le Perréon;887;156.0;282.0;275.0;174.0;Droite
69152;Pierre-Bénite;4304;979.0;875.0;808.0;1642.0;Gauche
69153;Poleymieux-au-Mont-d'Or;660;197.0;278.0;77.0;108.0;Droite
69154;Pollionnay;1375;334.0;522.0;274.0;245.0;Droite
69155;Pomeys;722;199.0;248.0;120.0;155.0;Droite
69156;Pommiers;1595;487.0;619.0;228.0;261.0;Droite
69157;Pontcharra-sur-Turdine;1523;349.0;468.0;389.0;317.0;Droite
69159;Porte des Pierres Dorées;1830;392.0;645.0;478.0;315.0;Droite
69160;Poule-les-Echarmeaux;664;137.0;209.0;166.0;152.0;Droite
69161;Propières;308;39.0;101.0;115.0;53.0;Extrême-Droite
69162;Quincié-en-Beaujolais;853;213.0;300.0;198.0;142.0;Droite
69163;Quincieux;1898;428.0;541.0;538.0;391.0;Droite
69164;Ranchal;205;37.0;80.0;47.0;41.0;Droite
69165;Régnié-Durette;704;148.0;243.0;179.0;134.0;Droite
69166;Riverie;184;56.0;45.0;28.0;55.0;Centre
69167;Rivolet;361;67.0;122.0;84.0;88.0;Droite
69168;Rochetaillée-sur-Saône;756;229.0;250.0;108.0;169.0;Droite
69169;Ronno;440;83.0;168.0;127.0;62.0;Droite
69170;Rontalon;701;165.0;217.0;191.0;128.0;Droite
69171;Sain-Bel;1173;282.0;309.0;232.0;350.0;Gauche
69172;Salles-Arbuissonnas-en-Beaujolais;485;90.0;182.0;123.0;90.0;Droite
69173;Sarcey;620;140.0;218.0;150.0;112.0;Droite
69174;Les Sauvages;372;88.0;124.0;88.0;72.0;Droite
69175;Savigny;1305;301.0;438.0;313.0;253.0;Droite
69176;Soucieu-en-Jarrest;2646;746.0;820.0;512.0;568.0;Droite
69177;Sourcieux-les-Mines;1218;324.0;346.0;233.0;315.0;Droite
69178;Souzy;461;81.0;125.0;162.0;93.0;Extrême-Droite
69179;Saint-Andéol-le-Château;1097;334.0;302.0;209.0;252.0;Centre
69180;Saint-André-la-Côte;172;30.0;63.0;35.0;44.0;Droite
69181;Saint-Appolinaire;116;15.0;31.0;26.0;44.0;Gauche
69182;Saint-Bonnet-des-Bruyères;238;30.0;92.0;79.0;37.0;Droite
69183;Saint-Bonnet-le-Troncy;200;35.0;78.0;57.0;30.0;Droite
69184;Sainte-Catherine;573;91.0;183.0;158.0;141.0;Droite
69185;Saint-Christophe-la-Montagne;149;32.0;43.0;51.0;23.0;Extrême-Droite
69186;Saint-Clément-de-Vers;160;21.0;62.0;55.0;22.0;Droite
69187;Saint-Clément-les-Places;400;61.0;131.0;86.0;122.0;Droite
69188;Saint-Clément-sous-Valsonne;439;87.0;139.0;108.0;105.0;Droite
69189;Sainte-Colombe;1111;278.0;344.0;248.0;241.0;Droite
69190;Sainte-Consorce;1300;358.0;468.0;203.0;271.0;Droite
69191;Saint-Cyr-au-Mont-d'Or;3837;1037.0;2027.0;310.0;463.0;Droite
69192;Saint-Cyr-le-Chatoux;98;34.0;23.0;23.0;18.0;Centre
69193;Saint-Cyr-sur-le-Rhône;839;216.0;294.0;183.0;146.0;Droite
69194;Saint-Didier-au-Mont-d'Or;4606;1217.0;2543.0;312.0;534.0;Droite
69196;Saint-Didier-sur-Beaujeu;336;54.0;107.0;107.0;68.0;Droite
69197;Saint-Etienne-des-Oullières;1258;270.0;394.0;381.0;213.0;Droite
69198;Saint-Etienne-la-Varenne;476;86.0;136.0;170.0;84.0;Extrême-Droite
69199;Saint-Fons;4993;1082.0;733.0;910.0;2268.0;Gauche
69200;Saint-Forgeux;972;170.0;343.0;312.0;147.0;Droite
69201;Sainte-Foy-l'Argentière;654;122.0;184.0;187.0;161.0;Extrême-Droite
69202;Sainte-Foy-lès-Lyon;12638;3871.0;4945.0;1335.0;2487.0;Droite
69203;Saint-Genis-l'Argentière;596;112.0;183.0;154.0;147.0;Droite
69204;Saint-Genis-Laval;11796;3498.0;3810.0;1771.0;2717.0;Droite
69205;Saint-Genis-les-Ollières;3100;975.0;1055.0;379.0;691.0;Droite
69206;Saint-Georges-de-Reneins;2472;446.0;833.0;775.0;418.0;Droite
69207;Saint-Germain-au-Mont-d'Or;1681;447.0;417.0;300.0;517.0;Gauche
69208;Saint-Germain-Nuelles;1430;380.0;435.0;293.0;322.0;Droite
69209;Saint-Igny-de-Vers;366;50.0;135.0;127.0;54.0;Droite
69210;Saint-Jacques-des-Arrêts;72;12.0;28.0;21.0;11.0;Droite
69211;Saint-Jean-d'Ardières;2142;468.0;569.0;629.0;476.0;Extrême-Droite
69212;Saint-Jean-des-Vignes;300;73.0;108.0;65.0;54.0;Droite
69213;Saint-Jean-de-Touslas;543;152.0;150.0;122.0;119.0;Centre
69214;Saint-Jean-la-Bussière;684;112.0;220.0;217.0;135.0;Droite
69215;Saint-Julien;566;129.0;186.0;181.0;70.0;Droite
69216;Saint-Julien-sur-Bibost;353;73.0;132.0;89.0;59.0;Droite
69217;Saint-Just-d'Avray;502;104.0;196.0;106.0;96.0;Droite
69218;Saint-Lager;609;101.0;231.0;197.0;80.0;Droite
69219;Saint-Laurent-d'Agny;1485;405.0;468.0;248.0;364.0;Droite
69220;Saint-Laurent-de-Chamousset;1081;181.0;409.0;260.0;231.0;Droite
69223;Saint-Loup;727;170.0;262.0;173.0;122.0;Droite
69224;Saint-Mamert;51;6.0;23.0;12.0;10.0;Droite
69225;Saint-Marcel-l'Eclairé;357;89.0;107.0;91.0;70.0;Droite
69227;Saint-Martin-en-Haut;2491;495.0;1101.0;424.0;471.0;Droite
69228;Chabanière;2651;637.0;834.0;550.0;630.0;Droite
69229;Saint-Nizier-d'Azergues;427;73.0;145.0;134.0;75.0;Droite
69230;Sainte-Paule;211;38.0;90.0;39.0;44.0;Droite
69231;Saint-Pierre-la-Palud;1567;388.0;399.0;346.0;434.0;Gauche
69233;Saint-Romain-au-Mont-d'Or;738;203.0;287.0;86.0;162.0;Droite
69234;Saint-Romain-de-Popey;977;228.0;343.0;219.0;187.0;Droite
69235;Saint-Romain-en-Gal;1035;244.0;319.0;213.0;259.0;Droite
69236;Saint-Romain-en-Gier;337;60.0;72.0;113.0;92.0;Extrême-Droite
69238;Saint-Symphorien-sur-Coise;1947;499.0;582.0;467.0;399.0;Droite
69239;Saint-Vérand;762;142.0;274.0;214.0;132.0;Droite
69240;Saint-Vincent-de-Reins;423;69.0;137.0;145.0;72.0;Extrême-Droite
69241;Taluyers;1507;439.0;439.0;337.0;292.0;Centre
69242;Taponas;557;97.0;167.0;189.0;104.0;Extrême-Droite
69243;Tarare;4683;1087.0;1203.0;1126.0;1267.0;Gauche
69244;Tassin-la-Demi-Lune;11519;3196.0;4875.0;1423.0;2025.0;Droite
69245;Ternand;449;106.0;136.0;115.0;92.0;Droite
69246;Theizé;801;188.0;301.0;138.0;174.0;Droite
69248;Thizy-Les-Bourgs;3096;649.0;902.0;889.0;656.0;Droite
69249;Thurins;1870;450.0;648.0;425.0;347.0;Droite
69250;La Tour-de-Salvagny;2734;765.0;1226.0;309.0;434.0;Droite
69251;Trades;79;10.0;25.0;26.0;18.0;Extrême-Droite
69252;Trèves;444;106.0;106.0;101.0;131.0;Gauche
69253;Tupin-et-Semons;399;85.0;134.0;102.0;78.0;Droite
69254;Valsonne;470;85.0;130.0;146.0;109.0;Extrême-Droite
69255;Vaugneray;3437;871.0;1249.0;616.0;701.0;Droite
69256;Vaulx-en-Velin;13134;2749.0;1800.0;2214.0;6371.0;Gauche
69257;Vaux-en-Beaujolais;662;137.0;199.0;195.0;131.0;Droite
69258;Vauxrenard;221;30.0;101.0;42.0;48.0;Droite
69259;Vénissieux;19738;4358.0;2996.0;3448.0;8936.0;Gauche
69260;Vernaison;2557;749.0;815.0;410.0;583.0;Droite
69261;Vernay;44;15.0;20.0;2.0;7.0;Droite
69263;Villechenève;507;105.0;172.0;139.0;91.0;Droite
69264;Villefranche-sur-Saône;14010;3131.0;3927.0;2977.0;3975.0;Gauche
69265;Ville-sur-Jarnioux;531;117.0;196.0;100.0;118.0;Droite
69266;Villeurbanne;59637;16640.0;13031.0;7816.0;22150.0;Gauche
69267;Villié-Morgon;1331;267.0;483.0;333.0;248.0;Droite
69268;Vourles;2343;725.0;858.0;388.0;372.0;Droite
69269;Yzeron;631;154.0;204.0;124.0;149.0;Droite
69270;Chaponnay;2731;695.0;1015.0;607.0;414.0;Droite
69271;Chassieu;6144;1762.0;1945.0;1216.0;1221.0;Droite
69272;Communay;2736;799.0;765.0;544.0;628.0;Centre
69273;Corbas;5656;1352.0;1322.0;1471.0;1511.0;Gauche
69275;Décines-Charpieu;12627;2782.0;3085.0;3032.0;3728.0;Gauche
69276;Feyzin;4503;1034.0;835.0;1083.0;1551.0;Gauche
69277;Genas;8204;2385.0;2728.0;1685.0;1406.0;Droite
69278;Genay;3069;874.0;939.0;640.0;616.0;Droite
69279;Jonage;3678;851.0;1016.0;1018.0;793.0;Extrême-Droite
69280;Jons;796;136.0;229.0;286.0;145.0;Extrême-Droite
69281;Marennes;1041;278.0;338.0;258.0;167.0;Droite
69282;Meyzieu;15916;3989.0;4055.0;3478.0;4394.0;Gauche
69283;Mions;7173;1695.0;1717.0;1943.0;1818.0;Extrême-Droite
69284;Montanay;2026;687.0;699.0;243.0;397.0;Droite
69285;Pusignan;2138;377.0;612.0;749.0;400.0;Extrême-Droite
69286;Rillieux-la-Pape;12396;3004.0;3204.0;2196.0;3992.0;Gauche
69287;Saint-Bonnet-de-Mure;4112;1053.0;1301.0;1043.0;715.0;Droite
69288;Saint-Laurent-de-Mure;3222;639.0;1024.0;974.0;585.0;Droite
69289;Saint-Pierre-de-Chandieu;2950;693.0;826.0;881.0;550.0;Extrême-Droite
69290;Saint-Priest;19543;4371.0;4269.0;4522.0;6381.0;Gauche
69291;Saint-Symphorien-d'Ozon;3052;736.0;776.0;827.0;713.0;Extrême-Droite
69292;Sathonay-Camp;2805;665.0;703.0;751.0;686.0;Extrême-Droite
69293;Sathonay-Village;1547;440.0;568.0;250.0;289.0;Droite
69294;Sérézin-du-Rhône;1548;430.0;413.0;350.0;355.0;Centre
69295;Simandres;997;217.0;274.0;298.0;208.0;Extrême-Droite
69296;Solaize;1747;414.0;590.0;408.0;335.0;Droite
69297;Ternay;2949;835.0;793.0;689.0;632.0;Centre
69298;Toussieu;1741;382.0;573.0;474.0;312.0;Droite
69299;Colombier-Saugnieu;1538;258.0;425.0;617.0;238.0;Extrême-Droite
73001;Aiguebelette-le-Lac;193;36.0;59.0;46.0;52.0;Droite
73002;Aiguebelle;493;84.0;81.0;185.0;143.0;Extrême-Droite
73003;Aigueblanche;1790;431.0;506.0;429.0;424.0;Droite
73004;Aillon-le-Jeune;308;66.0;90.0;72.0;80.0;Droite
73005;Aillon-le-Vieux;130;27.0;27.0;26.0;50.0;Gauche
73006;Aime-la-Plagne;2957;648.0;914.0;614.0;781.0;Droite
73007;Aiton;685;113.0;130.0;288.0;154.0;Extrême-Droite
73008;Aix-les-Bains;16024;4026.0;5421.0;2968.0;3609.0;Droite
73010;Entrelacs;3716;838.0;1062.0;1028.0;788.0;Droite
73011;Albertville;7945;1762.0;2186.0;1814.0;2183.0;Droite
73012;Albiez-le-Jeune;96;21.0;26.0;15.0;34.0;Gauche
73013;Albiez-Montrond;363;78.0;103.0;89.0;93.0;Droite
73014;Allondaz;163;31.0;54.0;40.0;38.0;Droite
73015;Les Allues;1117;196.0;594.0;182.0;145.0;Droite
73017;Apremont;707;145.0;228.0;192.0;142.0;Droite
73018;Arbin;516;100.0;143.0;138.0;135.0;Droite
73019;Argentine;586;100.0;117.0;175.0;194.0;Gauche
73020;Arith;292;38.0;81.0;71.0;102.0;Gauche
73021;Arvillard;551;99.0;124.0;139.0;189.0;Gauche
73022;Attignat-Oncin;370;80.0;109.0;73.0;108.0;Droite
73023;Aussois;457;108.0;160.0;66.0;123.0;Droite
73024;Les Avanchers-Valmorel;533;103.0;225.0;102.0;103.0;Droite
73025;Avressieux;324;55.0;116.0;72.0;81.0;Droite
73026;Avrieux;240;59.0;55.0;69.0;57.0;Extrême-Droite
73027;Ayn;237;49.0;74.0;58.0;56.0;Droite
73028;La Balme;192;41.0;57.0;59.0;35.0;Extrême-Droite
73029;Barberaz;2749;765.0;857.0;412.0;715.0;Droite
73030;Barby;1540;444.0;378.0;275.0;443.0;Centre
73031;Bassens;2409;597.0;716.0;503.0;593.0;Droite
73032;La Bâthie;1235;232.0;258.0;352.0;393.0;Gauche
73033;La Bauche;250;24.0;50.0;75.0;101.0;Gauche
73034;Beaufort;1417;293.0;531.0;233.0;360.0;Droite
73036;Bellecombe-en-Bauges;458;97.0;114.0;87.0;160.0;Gauche
73039;Belmont-Tramonet;360;76.0;119.0;84.0;81.0;Droite
73040;Bessans;296;77.0;106.0;47.0;66.0;Droite
73041;Betton-Bettonet;197;33.0;58.0;66.0;40.0;Extrême-Droite
73042;Billième;198;44.0;52.0;57.0;45.0;Extrême-Droite
73043;La Biolle;1490;364.0;385.0;370.0;371.0;Droite
73045;Le Bois;229;65.0;48.0;45.0;71.0;Gauche
73046;Bonneval;77;14.0;17.0;26.0;20.0;Extrême-Droite
73047;Bonneval-sur-Arc;162;24.0;90.0;18.0;30.0;Droite
73048;Bonvillard;201;51.0;30.0;64.0;56.0;Extrême-Droite
73049;Bonvillaret;83;17.0;16.0;28.0;22.0;Extrême-Droite
73050;Bourdeau;355;103.0;130.0;48.0;74.0;Droite
73051;Le Bourget-du-Lac;2605;631.0;800.0;481.0;693.0;Droite
73052;Bourget-en-Huile;120;16.0;46.0;26.0;32.0;Droite
73053;Bourgneuf;404;56.0;85.0;151.0;112.0;Extrême-Droite
73054;Bourg-Saint-Maurice;3667;799.0;1264.0;592.0;1012.0;Droite
73055;Bozel;1190;270.0;421.0;174.0;325.0;Droite
73057;Brides-les-Bains;322;44.0;156.0;53.0;69.0;Droite
73058;La Bridoire;706;139.0;155.0;193.0;219.0;Gauche
73059;Brison-Saint-Innocent;1520;426.0;564.0;251.0;279.0;Droite
73061;Césarches;270;53.0;78.0;70.0;69.0;Droite
73063;Cevins;446;78.0;96.0;134.0;138.0;Gauche
73064;Challes-les-Eaux;3217;897.0;1006.0;610.0;704.0;Droite
73065;Chambéry;24899;6565.0;6079.0;3508.0;8747.0;Gauche
73067;La Chambre;603;145.0;182.0;158.0;118.0;Droite
73068;Chamousset;334;51.0;81.0;96.0;106.0;Gauche
73069;Chamoux-sur-Gelon;527;105.0;123.0;161.0;138.0;Extrême-Droite
73070;Champagneux;373;73.0;89.0;128.0;83.0;Extrême-Droite
73071;Champagny-en-Vanoise;479;130.0;180.0;53.0;116.0;Droite
73072;Champlaurent;47;9.0;16.0;7.0;15.0;Droite
73073;Chanaz;314;67.0;66.0;88.0;93.0;Gauche
73074;La Chapelle;222;32.0;31.0;73.0;86.0;Gauche
73075;La Chapelle-Blanche;402;127.0;97.0;70.0;108.0;Centre
73076;La Chapelle-du-Mont-du-Chat;137;34.0;23.0;31.0;49.0;Gauche
73077;Les Chapelles;380;68.0;135.0;75.0;102.0;Droite
73078;La Chapelle-Saint-Martin;100;25.0;29.0;20.0;26.0;Droite
73079;Châteauneuf;538;144.0;128.0;113.0;153.0;Gauche
73080;Le Châtel;133;27.0;48.0;23.0;35.0;Droite
73081;Le Châtelard;358;72.0;96.0;71.0;119.0;Gauche
73082;La Chavanne;437;116.0;77.0;110.0;134.0;Gauche
73083;Les Chavannes-en-Maurienne;169;26.0;36.0;81.0;26.0;Extrême-Droite
73084;Chignin;589;130.0;211.0;127.0;121.0;Droite
73085;Chindrieux;830;208.0;275.0;162.0;185.0;Droite
73086;Cléry;299;56.0;89.0;85.0;69.0;Droite
73087;Cognin;3357;772.0;815.0;660.0;1110.0;Gauche
73088;Cohennoz;132;15.0;62.0;41.0;14.0;Droite
73089;Coise-Saint-Jean-Pied-Gauthier;762;173.0;172.0;195.0;222.0;Gauche
73090;La Compôte;174;27.0;63.0;35.0;49.0;Droite
73091;Conjux;148;33.0;52.0;30.0;33.0;Droite
73092;Corbel;135;30.0;40.0;23.0;42.0;Gauche
73094;Crest-Voland;262;36.0;143.0;50.0;33.0;Droite
73095;La Croix-de-la-Rochette;230;40.0;69.0;55.0;66.0;Droite
73096;Cruet;686;165.0;157.0;161.0;203.0;Gauche
73097;Curienne;464;118.0;94.0;98.0;154.0;Gauche
73098;Les Déserts;591;137.0;148.0;131.0;175.0;Gauche
73099;Détrier;247;54.0;57.0;65.0;71.0;Gauche
73100;Domessin;1197;292.0;346.0;291.0;268.0;Droite
73101;Doucy-en-Bauges;71;16.0;19.0;7.0;29.0;Gauche
73103;Drumettaz-Clarafond;1691;499.0;509.0;313.0;370.0;Droite
73104;Dullin;283;53.0;68.0;69.0;93.0;Gauche
73105;Les Echelles;651;101.0;188.0;213.0;149.0;Extrême-Droite
73106;Ecole;188;33.0;72.0;44.0;39.0;Droite
73107;Entremont-le-Vieux;441;99.0;115.0;90.0;137.0;Gauche
73109;Epierre;462;82.0;108.0;151.0;121.0;Extrême-Droite
73110;Esserts-Blay;439;77.0;104.0;118.0;140.0;Gauche
73111;Etable;235;51.0;64.0;57.0;63.0;Droite
73112;Feissons-sur-Isère;384;59.0;68.0;136.0;121.0;Extrême-Droite
73113;Feissons-sur-Salins;118;40.0;24.0;23.0;31.0;Centre
73114;Flumet;510;82.0;210.0;132.0;86.0;Droite
73116;Fontcouverte-la Toussuire;444;95.0;177.0;107.0;65.0;Droite
73117;Fourneaux;377;96.0;88.0;93.0;100.0;Gauche
73118;Francin;594;160.0;139.0;105.0;190.0;Gauche
73119;Freney;75;18.0;24.0;14.0;19.0;Droite
73120;Fréterive;323;53.0;116.0;79.0;75.0;Droite
73121;Frontenex;891;208.0;214.0;256.0;213.0;Extrême-Droite
73122;Gerbaix;287;72.0;63.0;61.0;91.0;Gauche
73123;La Giettaz;302;58.0;143.0;61.0;40.0;Droite
73124;Gilly-sur-Isère;1904;514.0;569.0;436.0;385.0;Droite
73127;Gresin;219;46.0;65.0;44.0;64.0;Droite
73128;Grésy-sur-Aix;2602;633.0;750.0;615.0;604.0;Droite
73129;Grésy-sur-Isère;680;144.0;156.0;200.0;180.0;Extrême-Droite
73130;Grignon;1214;254.0;259.0;388.0;313.0;Extrême-Droite
73131;Hautecour;196;41.0;46.0;39.0;70.0;Gauche
73132;Hauteluce;580;79.0;228.0;182.0;91.0;Droite
73133;Hauteville;244;51.0;55.0;69.0;69.0;Gauche
73135;Hermillon;373;82.0;111.0;107.0;73.0;Droite
73137;Jacob-Bellecombette;1845;550.0;570.0;209.0;516.0;Droite
73138;Jarrier;387;93.0;120.0;89.0;85.0;Droite
73139;Jarsy;228;49.0;56.0;30.0;93.0;Gauche
73140;Jongieux;192;54.0;59.0;52.0;27.0;Droite
73141;Laissaud;408;90.0;92.0;112.0;114.0;Gauche
73142;Landry;487;112.0;120.0;107.0;148.0;Gauche
73145;Lépin-le-Lac;319;63.0;97.0;87.0;72.0;Droite
73146;Lescheraines;422;103.0;86.0;88.0;145.0;Gauche
73147;Loisieux;151;39.0;33.0;34.0;45.0;Gauche
73149;Lucey;199;39.0;53.0;64.0;43.0;Extrême-Droite
73150;La Plagne Tarentaise;2668;572.0;935.0;523.0;638.0;Droite
73151;Les Marches;1599;424.0;401.0;345.0;429.0;Gauche
73152;Marcieux;135;32.0;39.0;25.0;39.0;Gauche
73153;Marthod;947;207.0;241.0;273.0;226.0;Extrême-Droite
73154;Mercury;1921;436.0;617.0;429.0;439.0;Droite
73155;Méry;1149;312.0;278.0;282.0;277.0;Centre
73156;Meyrieux-Trouet;228;51.0;81.0;58.0;38.0;Droite
73157;Modane;1503;381.0;385.0;325.0;412.0;Gauche
73159;Les Mollettes;440;100.0;104.0;127.0;109.0;Extrême-Droite
73160;Montagnole;600;163.0;201.0;116.0;120.0;Droite
73161;Montagny;420;85.0;162.0;114.0;59.0;Droite
73162;Montailleur;452;92.0;118.0;112.0;130.0;Gauche
73164;Montcel;702;146.0;187.0;178.0;191.0;Gauche
73166;Montendry;37;8.0;5.0;7.0;17.0;Gauche
73168;Montgilbert;88;13.0;8.0;36.0;31.0;Extrême-Droite
73170;Monthion;340;61.0;77.0;104.0;98.0;Extrême-Droite
73171;Montmélian;1806;465.0;345.0;433.0;563.0;Gauche
73173;Montricher-Albanne;388;99.0;96.0;76.0;117.0;Gauche
73175;Montsapey;113;25.0;34.0;23.0;31.0;Droite
73176;Montvalezan;464;97.0;239.0;57.0;71.0;Droite
73177;Montvernier;172;52.0;40.0;31.0;49.0;Centre
73178;La Motte-en-Bauges;360;85.0;66.0;78.0;131.0;Gauche
73179;La Motte-Servolex;7119;1826.0;2183.0;1523.0;1587.0;Droite
73180;Motz;289;56.0;86.0;73.0;74.0;Droite
73181;Moûtiers;1275;238.0;398.0;307.0;332.0;Droite
73182;Mouxy;1478;434.0;457.0;297.0;290.0;Droite
73183;Myans;768;208.0;233.0;172.0;155.0;Droite
73184;Nances;335;59.0;105.0;68.0;103.0;Droite
73186;Notre-Dame-de-Bellecombe;366;44.0;202.0;65.0;55.0;Droite
73187;La Léchère;1214;197.0;319.0;327.0;371.0;Gauche
73188;Notre-Dame-des-Millières;566;99.0;130.0;221.0;116.0;Extrême-Droite
73189;Notre-Dame-du-Cruet;139;17.0;40.0;51.0;31.0;Extrême-Droite
73190;Notre-Dame-du-Pré;186;32.0;73.0;45.0;36.0;Droite
73191;Novalaise;1290;334.0;355.0;267.0;334.0;Droite
73192;Le Noyer;152;47.0;18.0;31.0;56.0;Gauche
73193;Ontex;75;11.0;27.0;17.0;20.0;Droite
73194;Orelle;242;60.0;42.0;69.0;71.0;Gauche
73196;Pallud;513;118.0;139.0;145.0;111.0;Extrême-Droite
73197;Peisey-Nancroix;413;122.0;158.0;46.0;87.0;Droite
73200;Planaise;318;94.0;72.0;71.0;81.0;Centre
73201;Planay;210;43.0;70.0;55.0;42.0;Droite
73202;Plancherine;295;70.0;87.0;42.0;96.0;Gauche
73203;Pontamafrey-Montpascal;256;47.0;50.0;94.0;65.0;Extrême-Droite
73204;Le Pont-de-Beauvoisin;937;210.0;233.0;257.0;237.0;Extrême-Droite
73205;Le Pontet;110;19.0;25.0;38.0;28.0;Extrême-Droite
73206;Pralognan-la-Vanoise;465;126.0;188.0;56.0;95.0;Droite
73207;Presle;303;61.0;59.0;99.0;84.0;Extrême-Droite
73208;Pugny-Chatenod;651;186.0;230.0;91.0;144.0;Droite
73210;Puygros;266;53.0;71.0;90.0;52.0;Extrême-Droite
73211;Queige;582;114.0;117.0;146.0;205.0;Gauche
73212;Randens;516;117.0;91.0;168.0;140.0;Extrême-Droite
73213;La Ravoire;4629;1201.0;1273.0;920.0;1235.0;Droite
73214;Rochefort;182;40.0;62.0;45.0;35.0;Droite
73215;La Rochette;1872;428.0;450.0;495.0;499.0;Gauche
73216;Rognaix;271;31.0;44.0;115.0;81.0;Extrême-Droite
73217;Rotherens;210;63.0;28.0;63.0;56.0;Centre
73218;Ruffieux;535;133.0;153.0;127.0;122.0;Droite
73219;Saint-Alban-de-Montbel;433;111.0;112.0;85.0;125.0;Gauche
73220;Saint-Alban-des-Hurtières;280;66.0;58.0;64.0;92.0;Gauche
73221;Saint-Alban-des-Villards;143;41.0;40.0;30.0;32.0;Centre
73222;Saint-Alban-Leysse;3685;963.0;1042.0;704.0;976.0;Droite
73223;Saint-André;335;79.0;98.0;80.0;78.0;Droite
73224;Saint-Avre;475;100.0;112.0;158.0;105.0;Extrême-Droite
73225;Saint-Baldoph;1884;485.0;545.0;372.0;482.0;Droite
73226;Saint-Béron;955;159.0;228.0;304.0;264.0;Extrême-Droite
73227;Courchevel;1477;228.0;804.0;202.0;243.0;Droite
73228;Saint-Cassin;512;128.0;122.0;128.0;134.0;Gauche
73229;Saint-Christophe-La-Grotte;291;57.0;67.0;106.0;61.0;Extrême-Droite
73230;Saint-Colomban-des-Villards;206;61.0;81.0;35.0;29.0;Droite
73231;Saint-Etienne-de-Cuines;735;135.0;183.0;229.0;188.0;Extrême-Droite
73232;Sainte-Foy-Tarentaise;468;87.0;220.0;74.0;87.0;Droite
73233;Saint-Franc;127;13.0;32.0;26.0;56.0;Gauche
73234;Saint-François-de-Sales;120;29.0;29.0;24.0;38.0;Gauche
73235;Saint François Longchamp;392;82.0;139.0;82.0;89.0;Droite
73236;Saint-Genix-sur-Guiers;1277;283.0;376.0;327.0;291.0;Droite
73237;Saint-Georges-des-Hurtières;196;31.0;35.0;31.0;99.0;Gauche
73240;Sainte-Hélène-du-Lac;520;138.0;124.0;125.0;133.0;Centre
73241;Sainte-Hélène-sur-Isère;678;127.0;202.0;194.0;155.0;Droite
73242;Saint-Jean-d'Arves;185;41.0;59.0;39.0;46.0;Droite
73243;Saint-Jean-d'Arvey;1099;303.0;238.0;200.0;358.0;Gauche
73244;Saint-Jean-de-Belleville;334;89.0;91.0;70.0;84.0;Droite
73245;Saint-Jean-de-Chevelu;506;93.0;130.0;153.0;130.0;Extrême-Droite
73246;Saint-Jean-de-Couz;164;43.0;25.0;43.0;53.0;Gauche
73247;Saint-Jean-de-la-Porte;643;142.0;153.0;116.0;232.0;Gauche
73248;Saint-Jean-de-Maurienne;3558;735.0;1011.0;877.0;935.0;Droite
73249;Saint-Jeoire-Prieuré;979;247.0;264.0;246.0;222.0;Droite
73250;Saint-Julien-Mont-Denis;992;210.0;201.0;287.0;294.0;Gauche
73252;Saint-Léger;190;33.0;38.0;71.0;48.0;Extrême-Droite
73253;Saint-Marcel;319;56.0;60.0;103.0;100.0;Extrême-Droite
73254;Sainte-Marie-d'Alvey;94;15.0;25.0;25.0;29.0;Gauche
73255;Sainte-Marie-de-Cuines;521;105.0;93.0;164.0;159.0;Extrême-Droite
73256;Saint-Martin-d'Arc;200;40.0;55.0;61.0;44.0;Extrême-Droite
73257;Les Belleville;2055;474.0;865.0;314.0;402.0;Droite
73258;Saint-Martin-de-la-Porte;453;159.0;87.0;106.0;101.0;Centre
73259;Saint-Martin-sur-la-Chambre;303;87.0;67.0;85.0;64.0;Centre
73260;Saint-Maurice-de-Rotherens;151;26.0;38.0;25.0;62.0;Gauche
73261;Saint-Michel-de-Maurienne;1346;306.0;295.0;397.0;348.0;Extrême-Droite
73262;Saint-Nicolas-la-Chapelle;326;61.0;144.0;71.0;50.0;Droite
73263;Saint-Offenge;672;172.0;186.0;152.0;162.0;Droite
73265;Saint-Ours;413;112.0;122.0;72.0;107.0;Droite
73266;Saint-Oyen;124;32.0;26.0;38.0;28.0;Extrême-Droite
73267;Saint-Pancrace;241;57.0;75.0;68.0;41.0;Droite
73268;Saint-Paul-sur-Isère;291;59.0;63.0;88.0;81.0;Extrême-Droite
73269;Saint-Paul sur Yenne;428;109.0;113.0;112.0;94.0;Droite
73270;Saint-Pierre-d'Albigny;2274;541.0;582.0;518.0;633.0;Gauche
73271;Saint-Pierre-d'Alvey;188;54.0;46.0;45.0;43.0;Centre
73272;Saint-Pierre-de-Belleville;136;20.0;22.0;62.0;32.0;Extrême-Droite
73273;Saint-Pierre-de-Curtille;219;48.0;66.0;58.0;47.0;Droite
73274;Saint-Pierre-d'Entremont;265;41.0;76.0;47.0;101.0;Gauche
73275;Saint-Pierre-de-Genebroz;232;49.0;62.0;71.0;50.0;Extrême-Droite
73276;Saint-Pierre-de-Soucy;287;66.0;81.0;55.0;85.0;Gauche
73277;Sainte-Reine;113;22.0;40.0;23.0;28.0;Droite
73278;Saint-Rémy-de-Maurienne;804;155.0;208.0;265.0;176.0;Extrême-Droite
73280;Saint-Sorlin-d'Arves;287;59.0;124.0;52.0;52.0;Droite
73281;Saint-Sulpice;537;144.0;156.0;127.0;110.0;Droite
73282;Saint-Thibaud-de-Couz;617;125.0;153.0;199.0;140.0;Extrême-Droite
73283;Saint-Vital;426;80.0;123.0;117.0;106.0;Droite
73284;Salins-Fontaine;575;126.0;213.0;113.0;123.0;Droite
73285;Séez;1314;268.0;420.0;292.0;334.0;Droite
73286;Serrières-en-Chautagne;655;119.0;160.0;213.0;163.0;Extrême-Droite
73288;Sonnaz;1133;272.0;350.0;225.0;286.0;Droite
73289;La Table;282;48.0;68.0;96.0;70.0;Extrême-Droite
73290;Val Cenis;1480;289.0;623.0;267.0;301.0;Droite
73292;Thénésol;186;42.0;40.0;60.0;44.0;Extrême-Droite
73293;Thoiry;338;95.0;70.0;57.0;116.0;Gauche
73294;La Thuile;206;37.0;46.0;57.0;66.0;Gauche
73296;Tignes;1077;217.0;414.0;167.0;279.0;Droite
73297;Tournon;372;88.0;115.0;76.0;93.0;Droite
73298;Tours-en-Savoie;543;109.0;130.0;187.0;117.0;Extrême-Droite
73299;Traize;209;44.0;69.0;43.0;53.0;Droite
73300;Tresserve;1928;445.0;891.0;272.0;320.0;Droite
73301;Trévignin;462;111.0;169.0;108.0;74.0;Droite
73302;La Trinité;220;43.0;59.0;56.0;62.0;Gauche
73303;Ugine;3593;717.0;899.0;1055.0;922.0;Extrême-Droite
73304;Val-d'Isère;1107;143.0;653.0;128.0;183.0;Droite
73306;Valloire;752;159.0;324.0;154.0;115.0;Droite
73307;Valmeinier;278;58.0;88.0;50.0;82.0;Droite
73308;Venthon;387;84.0;96.0;111.0;96.0;Extrême-Droite
73309;Verel-de-Montbel;182;30.0;47.0;60.0;45.0;Extrême-Droite
73310;Verel-Pragondran;330;84.0;112.0;53.0;81.0;Droite
73311;Le Verneil;69;11.0;21.0;13.0;24.0;Gauche
73312;Verrens-Arvey;557;127.0;189.0;121.0;120.0;Droite
73313;Verthemex;156;19.0;53.0;58.0;26.0;Extrême-Droite
73314;Villard-d'Héry;184;24.0;46.0;43.0;71.0;Gauche
73315;Villard-Léger;322;61.0;79.0;121.0;61.0;Extrême-Droite
73316;Villard-Sallet;182;34.0;48.0;58.0;42.0;Extrême-Droite
73317;Villard-sur-Doron;458;102.0;113.0;117.0;126.0;Gauche
73318;Villarembert;204;51.0;76.0;51.0;26.0;Droite
73320;Villargondran;590;138.0;105.0;226.0;121.0;Extrême-Droite
73322;Villarodin-Bourget;349;71.0;109.0;101.0;68.0;Droite
73323;Villaroger;317;71.0;110.0;76.0;60.0;Droite
73324;Villaroux;167;47.0;46.0;43.0;31.0;Centre
73326;Vimines;1340;355.0;396.0;276.0;313.0;Droite
73327;Vions;246;45.0;40.0;83.0;78.0;Extrême-Droite
73328;Viviers-du-Lac;1275;339.0;442.0;244.0;250.0;Droite
73329;Voglans;1085;280.0;324.0;282.0;199.0;Droite
73330;Yenne;1599;288.0;441.0;494.0;376.0;Extrême-Droite
74001;Abondance;909;143.0;419.0;229.0;118.0;Droite
74002;Alby-sur-Chéran;1274;319.0;281.0;313.0;361.0;Gauche
74003;Alex;668;200.0;232.0;88.0;148.0;Droite
74004;Allèves;238;49.0;66.0;55.0;68.0;Gauche
74005;Allinges;2693;697.0;824.0;569.0;603.0;Droite
74006;Allonzier-la-Caille;1012;238.0;319.0;203.0;252.0;Droite
74007;Amancy;1464;338.0;523.0;321.0;282.0;Droite
74008;Ambilly;2327;607.0;736.0;368.0;616.0;Droite
74009;Andilly;483;145.0;196.0;46.0;96.0;Droite
74010;Annecy;63186;18236.0;19974.0;8866.0;16110.0;Droite
74012;Annemasse;10991;2776.0;2876.0;1864.0;3475.0;Gauche
74013;Anthy-sur-Léman;1327;363.0;564.0;153.0;247.0;Droite
74014;Arâches;1177;262.0;448.0;147.0;320.0;Droite
74015;Arbusigny;647;100.0;176.0;202.0;169.0;Extrême-Droite
74016;Archamps;1069;307.0;464.0;114.0;184.0;Droite
74018;Arenthon;953;204.0;352.0;231.0;166.0;Droite
74019;Argonay;1558;452.0;535.0;237.0;334.0;Droite
74020;Armoy;833;224.0;306.0;134.0;169.0;Droite
74021;Arthaz-Pont-Notre-Dame;909;145.0;394.0;227.0;143.0;Droite
74024;Ayse;1330;298.0;508.0;275.0;249.0;Droite
74025;Ballaison;751;196.0;265.0;147.0;143.0;Droite
74026;La Balme-de-Sillingy;2840;728.0;829.0;690.0;593.0;Droite
74027;La Balme-de-Thuy;263;36.0;110.0;71.0;46.0;Droite
74029;Bassy;281;58.0;88.0;71.0;64.0;Droite
74030;La Baume;143;19.0;54.0;39.0;31.0;Droite
74031;Beaumont;1139;281.0;451.0;161.0;246.0;Droite
74032;Bellevaux;941;162.0;412.0;225.0;142.0;Droite
74033;Bernex;871;167.0;293.0;223.0;188.0;Droite
74034;Le Biot;314;59.0;114.0;61.0;80.0;Droite
74035;Bloye;389;75.0;125.0;124.0;65.0;Droite
74036;Bluffy;268;73.0;120.0;35.0;40.0;Droite
74037;Boëge;1043;196.0;377.0;186.0;284.0;Droite
74038;Bogève;736;124.0;283.0;174.0;155.0;Droite
74040;Bonne;1669;405.0;610.0;320.0;334.0;Droite
74041;Bonnevaux;163;35.0;53.0;47.0;28.0;Droite
74042;Bonneville;5547;1247.0;1475.0;1329.0;1496.0;Gauche
74043;Bons-en-Chablais;2882;636.0;927.0;653.0;666.0;Droite
74044;Bossey;331;94.0;149.0;29.0;59.0;Droite
74045;Le Bouchet Mont-Charvin;154;29.0;49.0;39.0;37.0;Droite
74046;Boussy;328;82.0;100.0;77.0;69.0;Droite
74048;Brenthonne;559;105.0;177.0;152.0;125.0;Droite
74049;Brizon;318;58.0;114.0;91.0;55.0;Droite
74050;Burdignin;419;81.0;130.0;89.0;119.0;Droite
74051;Cercier;313;77.0;116.0;45.0;75.0;Droite
74052;Cernex;555;133.0;226.0;85.0;111.0;Droite
74053;Cervens;621;134.0;175.0;117.0;195.0;Gauche
74054;Chainaz-les-Frasses;472;137.0;136.0;88.0;111.0;Centre
74055;Challonges;299;74.0;67.0;91.0;67.0;Extrême-Droite
74056;Chamonix-Mont-Blanc;5273;1393.0;2047.0;571.0;1262.0;Droite
74057;Champanges;659;153.0;224.0;118.0;164.0;Droite
74058;La Chapelle-d'Abondance;502;93.0;254.0;102.0;53.0;Droite
74059;La Chapelle-Rambaud;146;27.0;39.0;37.0;43.0;Gauche
74060;La Chapelle-Saint-Maurice;85;23.0;19.0;24.0;19.0;Extrême-Droite
74061;Chapeiry;520;115.0;182.0;99.0;124.0;Droite
74062;Charvonnex;787;223.0;276.0;121.0;167.0;Droite
74063;Châtel;818;90.0;472.0;185.0;71.0;Droite
74064;Châtillon-sur-Cluses;807;172.0;332.0;159.0;144.0;Droite
74065;Chaumont;278;59.0;94.0;43.0;82.0;Droite
74066;Chavannaz;121;28.0;52.0;11.0;30.0;Droite
74067;Chavanod;1621;456.0;616.0;284.0;265.0;Droite
74068;Chêne-en-Semine;275;42.0;101.0;80.0;52.0;Droite
74069;Chênex;359;79.0;132.0;82.0;66.0;Droite
74070;Chens-sur-Léman;974;250.0;354.0;146.0;224.0;Droite
74071;Chessenaz;116;18.0;49.0;21.0;28.0;Droite
74072;Chevaline;119;21.0;49.0;16.0;33.0;Droite
74073;Chevenoz;366;60.0;106.0;133.0;67.0;Extrême-Droite
74074;Chevrier;242;77.0;69.0;38.0;58.0;Centre
74075;Chilly;805;172.0;255.0;204.0;174.0;Droite
74076;Choisy;1061;246.0;351.0;245.0;219.0;Droite
74077;Clarafond-Arcine;554;110.0;175.0;158.0;111.0;Droite
74078;Clermont;251;54.0;83.0;51.0;63.0;Droite
74079;Les Clefs;402;91.0;180.0;64.0;67.0;Droite
74080;La Clusaz;1190;178.0;786.0;123.0;103.0;Droite
74081;Cluses;6569;1406.0;2000.0;1528.0;1635.0;Droite
74082;Collonges-sous-Salève;1514;430.0;594.0;175.0;315.0;Droite
74083;Combloux;1407;278.0;762.0;209.0;158.0;Droite
74085;Les Contamines-Montjoie;863;228.0;373.0;97.0;165.0;Droite
74086;Contamine-Sarzin;419;107.0;147.0;86.0;79.0;Droite
74087;Contamine-sur-Arve;1017;253.0;356.0;200.0;208.0;Droite
74088;Copponex;618;184.0;203.0;88.0;143.0;Droite
74089;Cordon;650;127.0;281.0;166.0;76.0;Droite
74090;Cornier;765;174.0;254.0;180.0;157.0;Droite
74091;La Côte-d'Arbroz;164;45.0;67.0;19.0;33.0;Droite
74094;Cranves-Sales;3558;840.0;1253.0;782.0;683.0;Droite
74095;Crempigny-Bonneguête;171;26.0;60.0;54.0;31.0;Droite
74096;Cruseilles;2404;624.0;888.0;371.0;521.0;Droite
74097;Cusy;1126;324.0;331.0;200.0;271.0;Droite
74098;Cuvat;848;264.0;343.0;93.0;148.0;Droite
74099;Demi-Quartier;659;98.0;399.0;108.0;54.0;Droite
74100;Desingy;497;104.0;171.0;136.0;86.0;Droite
74101;Dingy-en-Vuache;335;79.0;94.0;72.0;90.0;Droite
74102;Dingy-Saint-Clair;946;291.0;301.0;148.0;206.0;Droite
74103;Domancy;1312;344.0;457.0;292.0;219.0;Droite
74104;Doussard;2058;558.0;650.0;400.0;450.0;Droite
74105;Douvaine;2391;540.0;823.0;514.0;514.0;Droite
74106;Draillant;463;112.0;135.0;120.0;96.0;Droite
74107;Droisy;88;24.0;32.0;15.0;17.0;Droite
74108;Duingt;669;195.0;234.0;94.0;146.0;Droite
74109;Eloise;493;109.0;144.0;131.0;109.0;Droite
74110;Entremont;430;72.0;155.0;77.0;126.0;Droite
74111;Entrevernes;147;43.0;53.0;29.0;22.0;Droite
74112;Epagny Metz-Tessy;4328;1302.0;1466.0;662.0;898.0;Droite
74114;Essert-Romand;264;38.0;127.0;53.0;46.0;Droite
74116;Eteaux;1224;270.0;459.0;221.0;274.0;Droite
74117;Etercy;518;135.0;140.0;134.0;109.0;Droite
74118;Etrembières;713;140.0;217.0;184.0;172.0;Droite
74119;Evian-les-Bains;4224;1074.0;1379.0;697.0;1074.0;Droite
74121;Excenevex;605;139.0;260.0;106.0;100.0;Droite
74122;Faucigny;362;68.0;121.0;81.0;92.0;Droite
74123;Faverges-Seythenex;4072;936.0;1117.0;1014.0;1005.0;Droite
74124;Feigères;862;226.0;317.0;113.0;206.0;Droite
74126;Fessy;583;123.0;221.0;116.0;123.0;Droite
74127;Féternes;847;170.0;231.0;222.0;224.0;Droite
74128;Fillinges;2129;448.0;757.0;446.0;478.0;Droite
74129;La Forclaz;148;19.0;75.0;35.0;19.0;Droite
74130;Franclens;277;67.0;68.0;80.0;62.0;Extrême-Droite
74131;Frangy;1108;246.0;366.0;267.0;229.0;Droite
74133;Gaillard;3621;911.0;1042.0;640.0;1028.0;Droite
74134;Les Gets;865;149.0;530.0;105.0;81.0;Droite
74135;Giez;337;85.0;94.0;85.0;73.0;Droite
74136;Le Grand-Bornand;1578;270.0;981.0;164.0;163.0;Droite
74137;Groisy;2198;513.0;789.0;404.0;492.0;Droite
74138;Gruffy;944;253.0;262.0;154.0;275.0;Gauche
74139;Habère-Lullin;578;136.0;134.0;115.0;193.0;Gauche
74140;Habère-Poche;829;165.0;266.0;186.0;212.0;Droite
74141;Hauteville-sur-Fier;643;117.0;208.0;168.0;150.0;Droite
74142;Héry-sur-Alby;605;168.0;182.0;106.0;149.0;Droite
74143;Les Houches;1778;447.0;618.0;242.0;471.0;Droite
74144;Jonzier-Epagny;445;99.0;157.0;81.0;108.0;Droite
74145;Juvigny;351;86.0;164.0;40.0;61.0;Droite
74146;Larringes;781;166.0;266.0;192.0;157.0;Droite
74147;Lathuile;643;190.0;212.0;137.0;104.0;Droite
74148;Leschaux;205;50.0;53.0;45.0;57.0;Gauche
74150;Loisin;778;189.0;286.0;150.0;153.0;Droite
74151;Lornay;341;69.0;68.0;117.0;87.0;Extrême-Droite
74152;Lovagny;785;225.0;274.0;147.0;139.0;Droite
74153;Lucinges;976;231.0;371.0;161.0;213.0;Droite
74154;Lugrin;1309;289.0;421.0;284.0;315.0;Droite
74155;Lullin;526;94.0;169.0;139.0;124.0;Droite
74156;Lully;430;110.0;155.0;89.0;76.0;Droite
74157;Lyaud;1033;238.0;295.0;229.0;271.0;Droite
74158;Machilly;569;93.0;199.0;124.0;153.0;Droite
74159;Magland;1644;227.0;614.0;569.0;234.0;Droite
74160;Manigod;667;128.0;315.0;121.0;103.0;Droite
74161;Marcellaz-Albanais;1183;304.0;382.0;275.0;222.0;Droite
74162;Marcellaz-en-Faucigny;559;113.0;213.0;112.0;121.0;Droite
74163;Margencel;1257;330.0;379.0;233.0;315.0;Droite
74164;Marignier;3388;676.0;1065.0;926.0;721.0;Droite
74165;Marigny-Saint-Marcel;432;97.0;151.0;99.0;85.0;Droite
74166;Marin;1073;257.0;346.0;210.0;260.0;Droite
74167;Val de Chaise;857;195.0;241.0;246.0;175.0;Extrême-Droite
74168;Marlioz;486;139.0;145.0;77.0;125.0;Droite
74169;Marnaz;2400;523.0;762.0;670.0;445.0;Droite
74170;Massingy;529;124.0;164.0;111.0;130.0;Droite
74171;Massongy;801;215.0;252.0;140.0;194.0;Droite
74172;Maxilly-sur-Léman;864;203.0;275.0;165.0;221.0;Droite
74173;Megève;2289;342.0;1461.0;311.0;175.0;Droite
74174;Mégevette;348;62.0;97.0;106.0;83.0;Extrême-Droite
74175;Meillerie;161;31.0;38.0;52.0;40.0;Extrême-Droite
74176;Menthon-Saint-Bernard;1219;339.0;621.0;104.0;155.0;Droite
74177;Menthonnex-en-Bornes;509;100.0;189.0;104.0;116.0;Droite
74178;Menthonnex-sous-Clermont;423;99.0;113.0;112.0;99.0;Droite
74179;Mésigny;514;101.0;157.0;156.0;100.0;Droite
74180;Messery;962;260.0;405.0;118.0;179.0;Droite
74183;Mieussy;1461;360.0;473.0;295.0;333.0;Droite
74184;Minzier;489;115.0;156.0;84.0;134.0;Droite
74185;Monnetier-Mornex;1101;281.0;354.0;153.0;313.0;Droite
74186;Montagny-les-Lanches;433;97.0;135.0;75.0;126.0;Droite
74188;Montriond;523;83.0;265.0;65.0;110.0;Droite
74189;Mont-Saxonnex;999;214.0;271.0;248.0;266.0;Droite
74190;Morillon;439;83.0;163.0;79.0;114.0;Droite
74191;Morzine;1768;332.0;996.0;226.0;214.0;Droite
74192;Moye;645;146.0;176.0;197.0;126.0;Extrême-Droite
74193;La Muraz;510;91.0;158.0;124.0;137.0;Droite
74194;Mûres;514;134.0;171.0;108.0;101.0;Droite
74195;Musièges;206;46.0;60.0;60.0;40.0;Droite
74196;Nancy-sur-Cluses;319;82.0;110.0;59.0;68.0;Droite
74197;Nangy;767;177.0;266.0;149.0;175.0;Droite
74198;Nâves-Parmelan;676;210.0;213.0;92.0;161.0;Droite
74199;Nernier;266;98.0;118.0;8.0;42.0;Droite
74200;Neuvecelle;1802;446.0;693.0;262.0;401.0;Droite
74201;Neydens;894;212.0;385.0;121.0;176.0;Droite
74202;Nonglard;390;99.0;119.0;92.0;80.0;Droite
74203;Novel;65;11.0;21.0;18.0;15.0;Droite
74205;Onnion;799;182.0;199.0;197.0;221.0;Gauche
74206;Orcier;670;125.0;231.0;178.0;136.0;Droite
74208;Passy;6128;1391.0;1601.0;1443.0;1693.0;Gauche
74209;Peillonnex;834;228.0;251.0;172.0;183.0;Droite
74210;Perrignier;991;220.0;346.0;233.0;192.0;Droite
74211;Pers-Jussy;1809;456.0;564.0;408.0;381.0;Droite
74212;Le Petit-Bornand-les-Glières;771;127.0;238.0;248.0;158.0;Extrême-Droite
74213;Poisy;4472;1365.0;1467.0;710.0;930.0;Droite
74215;Praz-sur-Arly;774;137.0;361.0;170.0;106.0;Droite
74216;Présilly;480;81.0;220.0;86.0;93.0;Droite
74218;Publier;3834;865.0;1273.0;768.0;928.0;Droite
74219;Quintal;778;219.0;314.0;126.0;119.0;Droite
74220;Reignier-Esery;4144;977.0;1339.0;882.0;946.0;Droite
74221;Le Reposoir;337;66.0;168.0;44.0;59.0;Droite
74222;Reyvroz;315;53.0;119.0;89.0;54.0;Droite
74223;La Rivière-Enverse;290;48.0;96.0;59.0;87.0;Droite
74224;La Roche-sur-Foron;5184;1333.0;1486.0;858.0;1507.0;Gauche
74225;Rumilly;6893;1487.0;1778.0;1768.0;1860.0;Gauche
74226;Saint-André-de-Boëge;412;73.0;138.0;97.0;104.0;Droite
74228;Saint-Blaise;197;32.0;95.0;29.0;41.0;Droite
74229;Saint-Cergues;1737;384.0;629.0;378.0;346.0;Droite
74231;Saint-Eusèbe;346;74.0;117.0;92.0;63.0;Droite
74232;Saint-Eustache;365;105.0;128.0;68.0;64.0;Droite
74233;Saint-Félix;1295;278.0;346.0;384.0;287.0;Extrême-Droite
74234;Saint-Ferréol;592;149.0;183.0;142.0;118.0;Droite
74235;Saint-Germain-sur-Rhône;325;71.0;94.0;80.0;80.0;Droite
74236;Saint-Gervais-les-Bains;3483;874.0;1209.0;717.0;683.0;Droite
74237;Saint-Gingolph;435;91.0;160.0;77.0;107.0;Droite
74238;Saint-Jean-d'Aulps;617;123.0;227.0;108.0;159.0;Droite
74239;Saint-Jean-de-Sixt;855;179.0;393.0;122.0;161.0;Droite
74240;Saint-Jean-de-Tholome;552;105.0;166.0;114.0;167.0;Gauche
74241;Saint-Jeoire;1752;317.0;455.0;534.0;446.0;Extrême-Droite
74242;Saint-Jorioz;3980;1278.0;1541.0;480.0;681.0;Droite
74243;Saint-Julien-en-Genevois;5370;1507.0;1732.0;756.0;1375.0;Droite
74244;Saint-Laurent;496;111.0;129.0;105.0;151.0;Gauche
74249;Saint-Paul-en-Chablais;1454;302.0;494.0;344.0;314.0;Droite
74250;Saint-Pierre-en-Faucigny;3411;741.0;1006.0;898.0;766.0;Droite
74252;Saint-Sigismond;419;102.0;128.0;83.0;106.0;Droite
74253;Saint-Sixt;629;143.0;189.0;115.0;182.0;Droite
74254;Saint-Sylvestre;387;80.0;139.0;66.0;102.0;Droite
74255;Sales;1228;306.0;399.0;295.0;228.0;Droite
74256;Sallanches;8794;2100.0;2999.0;1786.0;1909.0;Droite
74257;Sallenôves;432;103.0;124.0;112.0;93.0;Droite
74258;Samoëns;1663;385.0;702.0;238.0;338.0;Droite
74259;Le Sappey;232;61.0;76.0;59.0;36.0;Droite
74260;Savigny;436;95.0;155.0;78.0;108.0;Droite
74261;Saxel;254;48.0;89.0;54.0;63.0;Droite
74262;Scientrier;583;96.0;200.0;179.0;108.0;Droite
74263;Sciez;3110;668.0;1024.0;613.0;805.0;Droite
74264;Scionzier;3251;604.0;946.0;954.0;747.0;Extrême-Droite
74265;Serraval;405;111.0;130.0;89.0;75.0;Droite
74266;Servoz;608;184.0;180.0;56.0;188.0;Gauche
74267;Sévrier;2712;760.0;1192.0;283.0;477.0;Droite
74269;Seyssel;1163;234.0;328.0;328.0;273.0;Droite
74271;Seytroux;263;64.0;103.0;38.0;58.0;Droite
74272;Sillingy;2745;751.0;884.0;565.0;545.0;Droite
74273;Sixt-Fer-à-Cheval;504;99.0;250.0;76.0;79.0;Droite
74274;Val-de-Fier;370;66.0;97.0;142.0;65.0;Extrême-Droite
74275;Talloires-Montmin;1467;389.0;626.0;190.0;262.0;Droite
74276;Taninges;1977;419.0;637.0;382.0;539.0;Droite
74278;Thyez;2978;636.0;997.0;726.0;619.0;Droite
74279;Thollon-les-Mémises;500;101.0;192.0;133.0;74.0;Droite
74280;Thônes;3674;773.0;1417.0;668.0;816.0;Droite
74281;Thonon-les-Bains;16126;4059.0;5023.0;2635.0;4409.0;Droite
74282;Fillière;5608;1457.0;1909.0;988.0;1254.0;Droite
74283;Thusy;645;137.0;196.0;166.0;146.0;Droite
74284;La Tour;570;107.0;166.0;163.0;134.0;Droite
74285;Usinens;223;49.0;86.0;44.0;44.0;Droite
74286;Vacheresse;500;74.0;176.0;146.0;104.0;Droite
74287;Vailly;512;103.0;157.0;138.0;114.0;Droite
74288;Valleiry;1814;427.0;543.0;448.0;396.0;Droite
74289;Vallières;1074;245.0;367.0;249.0;213.0;Droite
74290;Vallorcine;278;71.0;83.0;18.0;106.0;Gauche
74291;Vanzy;176;30.0;50.0;67.0;29.0;Extrême-Droite
74292;Vaulx;579;138.0;199.0;132.0;110.0;Droite
74293;Veigy-Foncenex;1446;376.0;544.0;234.0;292.0;Droite
74294;Verchaix;432;101.0;129.0;98.0;104.0;Droite
74295;La Vernaz;177;26.0;40.0;51.0;60.0;Gauche
74296;Vers;415;116.0;143.0;75.0;81.0;Droite
74297;Versonnex;393;64.0;142.0;94.0;93.0;Droite
74298;Vétraz-Monthoux;3708;922.0;1409.0;680.0;697.0;Droite
74299;Veyrier-du-Lac;1532;374.0;910.0;102.0;146.0;Droite
74301;Villard;454;90.0;158.0;94.0;112.0;Droite
74302;Les Villards-sur-Thônes;680;125.0;268.0;117.0;170.0;Droite
74303;Villaz;1962;595.0;714.0;291.0;362.0;Droite
74304;Ville-en-Sallaz;506;87.0;153.0;153.0;113.0;Droite
74305;Ville-la-Grand;3628;945.0;1083.0;669.0;931.0;Droite
74306;Villy-le-Bouveret;383;90.0;138.0;44.0;111.0;Droite
74307;Villy-le-Pelloux;497;139.0;156.0;88.0;114.0;Droite
74308;Vinzier;572;111.0;164.0;164.0;133.0;Droite
74309;Viry;2041;499.0;704.0;379.0;459.0;Droite
74310;Viuz-la-Chiésaz;869;226.0;299.0;153.0;191.0;Droite
74311;Viuz-en-Sallaz;2545;523.0;839.0;553.0;630.0;Droite
74312;Vougy;844;147.0;244.0;292.0;161.0;Extrême-Droite
74313;Vovray-en-Bornes;288;69.0;109.0;49.0;61.0;Droite
74314;Vulbens;713;166.0;263.0;138.0;146.0;Droite
74315;Yvoire;534;142.0;172.0;68.0;152.0;Droite
