commune_code;commune_name;exprimes_nb;vote_C;vote_D;vote_ED;vote_G;resultat_election_2022
01001;L'Abergement-Clémenciat;520;198.0;47.0;192.0;83.0;Centre
01002;L'Abergement-de-Varey;171;70.0;8.0;37.0;56.0;Centre
01004;Ambérieu-en-Bugey;6553;1917.0;490.0;2176.0;1970.0;Extrême-Droite
01005;Ambérieux-en-Dombes;1028;344.0;75.0;429.0;180.0;Extrême-Droite
01006;Ambléon;77;25.0;10.0;19.0;23.0;Centre
01007;Ambronay;1659;532.0;116.0;640.0;371.0;Extrême-Droite
01008;Ambutrix;463;148.0;40.0;183.0;92.0;Extrême-Droite
01009;Andert-et-Condon;228;78.0;21.0;63.0;66.0;Centre
01010;Anglefort;608;178.0;51.0;264.0;115.0;Extrême-Droite
01011;Apremont;236;81.0;20.0;92.0;43.0;Extrême-Droite
01012;Aranc;220;70.0;9.0;67.0;74.0;Gauche
01013;Arandas;94;26.0;12.0;42.0;14.0;Extrême-Droite
01014;Arbent;1563;482.0;108.0;500.0;473.0;Extrême-Droite
01015;Arboys en Bugey;461;184.0;37.0;134.0;106.0;Centre
01016;Arbigny;263;81.0;30.0;101.0;51.0;Extrême-Droite
01017;Argis;255;55.0;15.0;110.0;75.0;Extrême-Droite
01019;Armix;32;11.0;0.0;12.0;9.0;Extrême-Droite
01021;Ars-sur-Formans;879;297.0;86.0;355.0;141.0;Extrême-Droite
01022;Artemare;674;191.0;62.0;286.0;135.0;Extrême-Droite
01023;Asnières-sur-Saône;53;9.0;5.0;31.0;8.0;Extrême-Droite
01024;Attignat;1930;678.0;157.0;718.0;377.0;Extrême-Droite
01025;Bâgé-Dommartin;2346;842.0;213.0;841.0;450.0;Centre
01026;Bâgé-le-Châtel;470;204.0;28.0;167.0;71.0;Centre
01027;Balan;1032;360.0;69.0;426.0;177.0;Extrême-Droite
01028;Baneins;348;99.0;37.0;155.0;57.0;Extrême-Droite
01029;Beaupont;361;112.0;36.0;159.0;54.0;Extrême-Droite
01030;Beauregard;427;136.0;38.0;161.0;92.0;Extrême-Droite
01031;Bellignat;1292;400.0;85.0;457.0;350.0;Extrême-Droite
01032;Béligneux;1558;465.0;103.0;625.0;365.0;Extrême-Droite
01033;Valserhône;6449;1885.0;450.0;2035.0;2079.0;Gauche
01034;Belley;4241;1347.0;328.0;1379.0;1187.0;Extrême-Droite
01035;Belleydoux;216;69.0;27.0;60.0;60.0;Centre
01036;Valromey-sur-Seran;871;298.0;89.0;246.0;238.0;Centre
01037;Bénonces;179;51.0;26.0;64.0;38.0;Extrême-Droite
01038;Bény;498;175.0;57.0;164.0;102.0;Centre
01039;Béon;265;90.0;19.0;93.0;63.0;Extrême-Droite
01040;Béréziat;286;100.0;17.0;118.0;51.0;Extrême-Droite
01041;Bettant;429;136.0;25.0;145.0;123.0;Extrême-Droite
01042;Bey;204;90.0;15.0;57.0;42.0;Centre
01043;Beynost;2891;1220.0;201.0;844.0;626.0;Centre
01044;Billiat;323;91.0;23.0;127.0;82.0;Extrême-Droite
01045;Birieux;171;61.0;10.0;87.0;13.0;Extrême-Droite
01046;Biziat;511;178.0;36.0;223.0;74.0;Extrême-Droite
01047;Blyes;698;228.0;54.0;296.0;120.0;Extrême-Droite
01049;La Boisse;1803;651.0;125.0;611.0;416.0;Centre
01050;Boissey;205;64.0;16.0;91.0;34.0;Extrême-Droite
01051;Bolozon;65;14.0;4.0;22.0;25.0;Gauche
01052;Bouligneux;225;80.0;22.0;97.0;26.0;Extrême-Droite
01053;Bourg-en-Bresse;15992;5745.0;1165.0;4025.0;5057.0;Centre
01054;Bourg-Saint-Christophe;904;311.0;67.0;339.0;187.0;Extrême-Droite
01056;Boyeux-Saint-Jérôme;259;75.0;29.0;99.0;56.0;Extrême-Droite
01057;Boz;310;89.0;18.0;128.0;75.0;Extrême-Droite
01058;Brégnier-Cordon;479;159.0;30.0;162.0;128.0;Extrême-Droite
01060;Brénod;351;148.0;29.0;102.0;72.0;Centre
01061;Brens;759;255.0;71.0;277.0;156.0;Extrême-Droite
01062;Bressolles;586;269.0;60.0;162.0;95.0;Centre
01063;Brion;331;121.0;31.0;118.0;61.0;Centre
01064;Briord;593;137.0;35.0;302.0;119.0;Extrême-Droite
01065;Buellas;1161;466.0;96.0;394.0;205.0;Centre
01066;La Burbanche;71;17.0;6.0;23.0;25.0;Gauche
01067;Ceignes;159;56.0;13.0;63.0;27.0;Extrême-Droite
01068;Cerdon;421;97.0;42.0;203.0;79.0;Extrême-Droite
01069;Certines;916;290.0;73.0;357.0;196.0;Extrême-Droite
01071;Cessy;2204;1046.0;206.0;563.0;389.0;Centre
01072;Ceyzériat;1863;743.0;166.0;531.0;423.0;Centre
01073;Ceyzérieu;712;231.0;43.0;231.0;207.0;Centre
01074;Chalamont;1344;425.0;98.0;605.0;216.0;Extrême-Droite
01075;Chaleins;761;288.0;47.0;277.0;149.0;Centre
01076;Chaley;83;23.0;10.0;29.0;21.0;Extrême-Droite
01077;Challes-la-Montagne;118;41.0;10.0;43.0;24.0;Extrême-Droite
01078;Challex;612;275.0;53.0;156.0;128.0;Centre
01079;Champagne-en-Valromey;416;144.0;45.0;105.0;122.0;Centre
01080;Champdor-Corcelles;405;127.0;32.0;139.0;107.0;Extrême-Droite
01081;Champfromier;406;133.0;29.0;143.0;101.0;Extrême-Droite
01082;Chanay;276;85.0;22.0;93.0;76.0;Extrême-Droite
01083;Chaneins;610;186.0;46.0;292.0;86.0;Extrême-Droite
01084;Chanoz-Châtenay;515;179.0;52.0;206.0;78.0;Extrême-Droite
01085;La Chapelle-du-Châtelard;242;78.0;20.0;111.0;33.0;Extrême-Droite
01087;Charix;171;64.0;15.0;48.0;44.0;Centre
01088;Charnoz-sur-Ain;632;182.0;48.0;307.0;95.0;Extrême-Droite
01089;Château-Gaillard;1196;364.0;92.0;494.0;246.0;Extrême-Droite
01090;Châtenay;216;77.0;19.0;81.0;39.0;Extrême-Droite
01092;Châtillon-la-Palud;1011;302.0;77.0;391.0;241.0;Extrême-Droite
01093;Châtillon-sur-Chalaronne;2757;1041.0;254.0;1022.0;440.0;Centre
01094;Chavannes-sur-Reyssouze;432;143.0;34.0;195.0;60.0;Extrême-Droite
01095;Nivigne et Suran;479;135.0;45.0;164.0;135.0;Extrême-Droite
01096;Chaveyriat;604;195.0;45.0;258.0;106.0;Extrême-Droite
01098;Chazey-Bons;594;198.0;39.0;224.0;133.0;Extrême-Droite
01099;Chazey-sur-Ain;976;339.0;73.0;380.0;184.0;Extrême-Droite
01100;Cheignieu-la-Balme;98;31.0;7.0;37.0;23.0;Extrême-Droite
01101;Chevillard;119;35.0;13.0;43.0;28.0;Extrême-Droite
01102;Chevroux;514;146.0;49.0;249.0;70.0;Extrême-Droite
01103;Chevry;787;362.0;75.0;210.0;140.0;Centre
01104;Chézery-Forens;283;105.0;21.0;84.0;73.0;Centre
01105;Civrieux;1124;433.0;76.0;426.0;189.0;Centre
01106;Cize;104;33.0;7.0;36.0;28.0;Extrême-Droite
01107;Cleyzieu;90;24.0;8.0;35.0;23.0;Extrême-Droite
01108;Coligny;709;188.0;61.0;300.0;160.0;Extrême-Droite
01109;Collonges;920;334.0;73.0;299.0;214.0;Centre
01110;Colomieu;98;24.0;7.0;32.0;35.0;Gauche
01111;Conand;81;28.0;3.0;23.0;27.0;Centre
01112;Condamine;237;67.0;24.0;97.0;49.0;Extrême-Droite
01113;Condeissiat;464;190.0;36.0;170.0;68.0;Centre
01114;Confort;324;109.0;25.0;114.0;76.0;Extrême-Droite
01115;Confrançon;735;254.0;57.0;296.0;128.0;Extrême-Droite
01116;Contrevoz;320;97.0;22.0;115.0;86.0;Extrême-Droite
01117;Conzieu;88;32.0;1.0;35.0;20.0;Extrême-Droite
01118;Corbonod;639;210.0;52.0;228.0;149.0;Extrême-Droite
01121;Corlier;71;29.0;3.0;24.0;15.0;Centre
01123;Cormoranche-sur-Saône;718;273.0;56.0;271.0;118.0;Centre
01124;Cormoz;371;129.0;29.0;159.0;54.0;Extrême-Droite
01125;Corveissiat;353;109.0;24.0;133.0;87.0;Extrême-Droite
01127;Courmangoux;318;103.0;27.0;106.0;82.0;Extrême-Droite
01128;Courtes;159;44.0;8.0;76.0;31.0;Extrême-Droite
01129;Crans;195;61.0;17.0;82.0;35.0;Extrême-Droite
01130;Bresse Vallons;1341;452.0;129.0;540.0;220.0;Extrême-Droite
01133;Cressin-Rochefort;274;82.0;25.0;94.0;73.0;Extrême-Droite
01134;Crottet;1070;401.0;76.0;424.0;169.0;Extrême-Droite
01135;Crozet;944;400.0;79.0;280.0;185.0;Centre
01136;Cruzilles-lès-Mépillat;557;200.0;35.0;235.0;87.0;Extrême-Droite
01138;Culoz;1369;356.0;81.0;556.0;376.0;Extrême-Droite
01139;Curciat-Dongalon;252;82.0;25.0;109.0;36.0;Extrême-Droite
01140;Curtafond;479;161.0;38.0;180.0;100.0;Extrême-Droite
01141;Cuzieu;286;110.0;23.0;88.0;65.0;Centre
01142;Dagneux;2474;858.0;162.0;884.0;570.0;Extrême-Droite
01143;Divonne-les-Bains;4579;2453.0;432.0;1044.0;650.0;Centre
01145;Dompierre-sur-Veyle;701;230.0;44.0;312.0;115.0;Extrême-Droite
01146;Dompierre-sur-Chalaronne;256;84.0;29.0;100.0;43.0;Extrême-Droite
01147;Domsure;324;105.0;32.0;149.0;38.0;Extrême-Droite
01148;Dortan;1038;333.0;86.0;428.0;191.0;Extrême-Droite
01149;Douvres;708;253.0;65.0;253.0;137.0;Centre
01150;Drom;145;38.0;8.0;41.0;58.0;Gauche
01151;Druillat;741;257.0;55.0;304.0;125.0;Extrême-Droite
01152;Echallon;500;181.0;39.0;162.0;118.0;Centre
01153;Echenevex;985;482.0;103.0;228.0;172.0;Centre
01155;Evosges;106;30.0;7.0;50.0;19.0;Extrême-Droite
01156;Faramans;553;170.0;57.0;251.0;75.0;Extrême-Droite
01157;Fareins;1530;593.0;101.0;538.0;298.0;Centre
01158;Farges;439;161.0;34.0;132.0;112.0;Centre
01159;Feillens;1927;764.0;195.0;705.0;263.0;Centre
01160;Ferney-Voltaire;2937;1225.0;193.0;540.0;979.0;Centre
01162;Flaxieu;86;23.0;13.0;34.0;16.0;Extrême-Droite
01163;Foissiat;1205;432.0;118.0;485.0;170.0;Extrême-Droite
01165;Francheleins;919;319.0;67.0;397.0;136.0;Extrême-Droite
01166;Frans;1455;570.0;112.0;529.0;244.0;Centre
01167;Garnerans;438;144.0;34.0;171.0;89.0;Extrême-Droite
01169;Genouilleux;404;117.0;28.0;188.0;71.0;Extrême-Droite
01170;Beard-Géovreissiat;537;158.0;33.0;235.0;111.0;Extrême-Droite
01171;Géovreisset;417;130.0;29.0;165.0;93.0;Extrême-Droite
01173;Gex;4678;2029.0;357.0;1155.0;1137.0;Centre
01174;Giron;108;47.0;6.0;33.0;22.0;Centre
01175;Gorrevod;496;180.0;37.0;165.0;114.0;Centre
01177;Grand-Corent;134;39.0;3.0;35.0;57.0;Gauche
01179;Grièges;1150;410.0;114.0;437.0;189.0;Extrême-Droite
01180;Grilly;432;229.0;38.0;104.0;61.0;Centre
01181;Groissiat;728;247.0;77.0;268.0;136.0;Extrême-Droite
01183;Guéreins;847;298.0;82.0;337.0;130.0;Extrême-Droite
01184;Hautecourt-Romanèche;498;155.0;45.0;179.0;119.0;Extrême-Droite
01185;Plateau d'Hauteville;2328;766.0;205.0;730.0;627.0;Centre
01187;Haut Valromey;493;179.0;59.0;136.0;119.0;Centre
01188;Illiat;409;137.0;44.0;192.0;36.0;Extrême-Droite
01189;Injoux-Génissiat;586;191.0;46.0;215.0;134.0;Extrême-Droite
01190;Innimond;90;30.0;7.0;32.0;21.0;Extrême-Droite
01191;Izenave;113;47.0;14.0;37.0;15.0;Centre
01192;Izernore;1185;369.0;107.0;490.0;219.0;Extrême-Droite
01193;Izieu;160;50.0;15.0;68.0;27.0;Extrême-Droite
01194;Jassans-Riottier;3303;1228.0;235.0;1099.0;741.0;Centre
01195;Jasseron;1104;440.0;111.0;322.0;231.0;Centre
01196;Jayat;681;219.0;57.0;317.0;88.0;Extrême-Droite
01197;Journans;239;91.0;16.0;60.0;72.0;Centre
01198;Joyeux;174;71.0;17.0;44.0;42.0;Centre
01199;Jujurieux;1156;383.0;68.0;426.0;279.0;Extrême-Droite
01200;Labalme;125;28.0;7.0;37.0;53.0;Gauche
01202;Lagnieu;4006;1241.0;322.0;1575.0;868.0;Extrême-Droite
01203;Laiz;735;276.0;54.0;261.0;144.0;Centre
01204;Le Poizat-Lalleyriat;423;149.0;43.0;152.0;79.0;Extrême-Droite
01206;Lantenay;175;56.0;9.0;69.0;41.0;Extrême-Droite
01207;Lapeyrouse;224;64.0;16.0;114.0;30.0;Extrême-Droite
01208;Lavours;90;29.0;6.0;34.0;21.0;Extrême-Droite
01209;Léaz;390;144.0;25.0;123.0;98.0;Centre
01210;Lélex;173;66.0;19.0;47.0;41.0;Centre
01211;Lent;850;315.0;70.0;317.0;148.0;Extrême-Droite
01212;Lescheroux;392;114.0;36.0;188.0;54.0;Extrême-Droite
01213;Leyment;781;212.0;42.0;352.0;175.0;Extrême-Droite
01214;Leyssard;99;32.0;8.0;32.0;27.0;Centre
01215;Surjoux-Lhopital;93;36.0;5.0;35.0;17.0;Centre
01216;Lhuis;522;166.0;64.0;195.0;97.0;Extrême-Droite
01219;Lompnas;97;25.0;19.0;35.0;18.0;Extrême-Droite
01224;Loyettes;1544;489.0;91.0;649.0;315.0;Extrême-Droite
01225;Lurcy;308;99.0;24.0;120.0;65.0;Extrême-Droite
01227;Magnieu;439;129.0;36.0;173.0;101.0;Extrême-Droite
01228;Maillat;387;142.0;33.0;167.0;45.0;Extrême-Droite
01229;Malafretaz;730;260.0;64.0;270.0;136.0;Extrême-Droite
01230;Mantenay-Montlin;211;70.0;28.0;79.0;34.0;Extrême-Droite
01231;Manziat;1227;493.0;114.0;451.0;169.0;Centre
01232;Marboz;1358;505.0;121.0;517.0;215.0;Extrême-Droite
01233;Marchamp;90;27.0;7.0;30.0;26.0;Extrême-Droite
01234;Marignieu;129;36.0;8.0;62.0;23.0;Extrême-Droite
01235;Marlieux;574;191.0;39.0;248.0;96.0;Extrême-Droite
01236;Marsonnas;567;219.0;44.0;211.0;93.0;Centre
01237;Martignat;849;256.0;58.0;335.0;200.0;Extrême-Droite
01238;Massieux;1651;593.0;144.0;569.0;345.0;Centre
01239;Massignieu-de-Rives;404;134.0;40.0;151.0;79.0;Extrême-Droite
01240;Matafelon-Granges;379;123.0;32.0;157.0;67.0;Extrême-Droite
01241;Meillonnas;870;312.0;73.0;280.0;205.0;Centre
01242;Mérignat;93;29.0;8.0;14.0;42.0;Gauche
01243;Messimy-sur-Saône;790;311.0;72.0;267.0;140.0;Centre
01244;Meximieux;4136;1457.0;311.0;1274.0;1094.0;Centre
01245;Bohas-Meyriat-Rignat;594;212.0;44.0;189.0;149.0;Centre
01246;Mézériat;1187;421.0;94.0;435.0;237.0;Extrême-Droite
01247;Mijoux;175;77.0;26.0;43.0;29.0;Centre
01248;Mionnay;1491;541.0;109.0;539.0;302.0;Centre
01249;Miribel;5259;2001.0;413.0;1552.0;1293.0;Centre
01250;Misérieux;1107;436.0;96.0;355.0;220.0;Centre
01252;Mogneneins;497;196.0;40.0;189.0;72.0;Centre
01254;Montagnat;1331;588.0;107.0;405.0;231.0;Centre
01255;Montagnieu;338;113.0;26.0;136.0;63.0;Extrême-Droite
01257;Montanges;228;85.0;19.0;73.0;51.0;Centre
01258;Montceaux;732;254.0;61.0;310.0;107.0;Extrême-Droite
01259;Montcet;411;162.0;27.0;158.0;64.0;Centre
01260;Le Montellier;187;66.0;25.0;72.0;24.0;Extrême-Droite
01261;Monthieux;428;159.0;36.0;157.0;76.0;Centre
01262;Montluel;3241;1096.0;241.0;975.0;929.0;Centre
01263;Montmerle-sur-Saône;2290;857.0;178.0;853.0;402.0;Centre
01264;Montracol;633;203.0;56.0;261.0;113.0;Extrême-Droite
01265;Montréal-la-Cluse;1492;459.0;133.0;525.0;375.0;Extrême-Droite
01266;Montrevel-en-Bresse;1470;510.0;132.0;567.0;261.0;Extrême-Droite
01267;Nurieux-Volognat;593;187.0;64.0;230.0;112.0;Extrême-Droite
01268;Murs-et-Gélignieux;161;62.0;18.0;69.0;12.0;Extrême-Droite
01269;Nantua;1098;345.0;67.0;360.0;326.0;Extrême-Droite
01272;Neuville-les-Dames;862;300.0;76.0;336.0;150.0;Extrême-Droite
01273;Neuville-sur-Ain;987;298.0;86.0;387.0;216.0;Extrême-Droite
01274;Les Neyrolles;282;83.0;17.0;109.0;73.0;Extrême-Droite
01275;Neyron;1514;636.0;140.0;461.0;277.0;Centre
01276;Niévroz;984;310.0;84.0;411.0;179.0;Extrême-Droite
01277;Nivollet-Montgriffon;90;37.0;5.0;31.0;17.0;Centre
01279;Oncieu;67;18.0;12.0;21.0;16.0;Extrême-Droite
01280;Ordonnaz;109;40.0;15.0;37.0;17.0;Centre
01281;Ornex;1499;701.0;119.0;300.0;379.0;Centre
01282;Outriaz;148;49.0;14.0;50.0;35.0;Extrême-Droite
01283;Oyonnax;7248;2114.0;500.0;2248.0;2386.0;Gauche
01284;Ozan;442;125.0;25.0;195.0;97.0;Extrême-Droite
01285;Parcieux;827;352.0;54.0;259.0;162.0;Centre
01286;Parves et Nattages;645;230.0;38.0;175.0;202.0;Centre
01288;Péron;1109;481.0;79.0;299.0;250.0;Centre
01289;Péronnas;3547;1352.0;332.0;1003.0;860.0;Centre
01290;Pérouges;860;289.0;83.0;320.0;168.0;Extrême-Droite
01291;Perrex;540;223.0;49.0;196.0;72.0;Centre
01293;Peyriat;117;35.0;9.0;51.0;22.0;Extrême-Droite
01294;Peyrieu;522;183.0;41.0;176.0;122.0;Centre
01295;Peyzieux-sur-Saône;370;105.0;25.0;174.0;66.0;Extrême-Droite
01296;Pirajoux;225;59.0;21.0;101.0;44.0;Extrême-Droite
01297;Pizay;566;183.0;43.0;226.0;114.0;Extrême-Droite
01298;Plagne;95;38.0;4.0;40.0;13.0;Extrême-Droite
01299;Le Plantay;325;112.0;40.0;133.0;40.0;Extrême-Droite
01301;Polliat;1631;595.0;177.0;566.0;293.0;Centre
01302;Pollieu;117;42.0;15.0;27.0;33.0;Centre
01303;Poncin;953;263.0;78.0;400.0;212.0;Extrême-Droite
01304;Pont-d'Ain;1389;417.0;106.0;521.0;345.0;Extrême-Droite
01305;Pont-de-Vaux;1026;405.0;88.0;311.0;222.0;Centre
01306;Pont-de-Veyle;703;233.0;36.0;266.0;168.0;Extrême-Droite
01307;Port;444;163.0;32.0;151.0;98.0;Centre
01308;Pougny;283;114.0;19.0;76.0;74.0;Centre
01309;Pouillat;57;21.0;1.0;23.0;12.0;Extrême-Droite
01310;Prémeyzel;106;31.0;3.0;37.0;35.0;Extrême-Droite
01311;Prémillieu;40;10.0;3.0;21.0;6.0;Extrême-Droite
01313;Prévessin-Moëns;3119;1634.0;246.0;584.0;655.0;Centre
01314;Priay;1009;300.0;70.0;435.0;204.0;Extrême-Droite
01317;Ramasse;207;70.0;17.0;74.0;46.0;Extrême-Droite
01318;Rancé;460;159.0;54.0;169.0;78.0;Extrême-Droite
01319;Relevant;284;106.0;21.0;116.0;41.0;Extrême-Droite
01320;Replonges;2214;880.0;206.0;774.0;354.0;Centre
01321;Revonnas;567;215.0;39.0;171.0;142.0;Centre
01322;Reyrieux;2954;1259.0;205.0;901.0;589.0;Centre
01323;Reyssouze;554;194.0;45.0;215.0;100.0;Extrême-Droite
01325;Rignieux-le-Franc;679;216.0;48.0;271.0;144.0;Extrême-Droite
01328;Romans;317;123.0;37.0;120.0;37.0;Centre
01329;Rossillon;113;32.0;9.0;37.0;35.0;Extrême-Droite
01330;Ruffieu;133;47.0;10.0;29.0;47.0;Gauche
01331;Saint-Alban;115;51.0;13.0;26.0;25.0;Centre
01332;Saint-André-de-Bâgé;491;178.0;39.0;172.0;102.0;Centre
01333;Saint-André-de-Corcy;2094;697.0;155.0;798.0;444.0;Extrême-Droite
01334;Saint-André-d'Huiriat;385;117.0;31.0;171.0;66.0;Extrême-Droite
01335;Saint-André-le-Bouchoux;234;77.0;20.0;92.0;45.0;Extrême-Droite
01336;Saint-André-sur-Vieux-Jonc;704;270.0;40.0;264.0;130.0;Centre
01337;Saint-Bénigne;746;303.0;43.0;273.0;127.0;Centre
01338;Groslée-Saint-Benoît;735;247.0;52.0;297.0;139.0;Extrême-Droite
01339;Saint-Bernard;1070;480.0;109.0;320.0;161.0;Centre
01342;Sainte-Croix;343;118.0;44.0;119.0;62.0;Extrême-Droite
01343;Saint-Cyr-sur-Menthon;1064;373.0;100.0;416.0;175.0;Extrême-Droite
01344;Saint-Denis-lès-Bourg;3548;1417.0;279.0;1010.0;842.0;Centre
01345;Saint-Denis-en-Bugey;1220;353.0;75.0;514.0;278.0;Extrême-Droite
01346;Saint-Didier-d'Aussiat;500;183.0;67.0;174.0;76.0;Centre
01347;Saint-Didier-de-Formans;1446;599.0;122.0;451.0;274.0;Centre
01348;Saint-Didier-sur-Chalaronne;1634;570.0;141.0;685.0;238.0;Extrême-Droite
01349;Saint-Eloi;323;124.0;25.0;119.0;55.0;Centre
01350;Saint-Etienne-du-Bois;1527;562.0;159.0;511.0;295.0;Centre
01351;Saint-Etienne-sur-Chalaronne;951;295.0;81.0;438.0;137.0;Extrême-Droite
01352;Saint-Etienne-sur-Reyssouze;326;102.0;31.0;135.0;58.0;Extrême-Droite
01353;Sainte-Euphémie;946;384.0;54.0;331.0;177.0;Centre
01354;Saint-Genis-Pouilly;3658;1465.0;234.0;795.0;1164.0;Centre
01355;Saint-Genis-sur-Menthon;301;111.0;31.0;113.0;46.0;Extrême-Droite
01356;Saint-Georges-sur-Renon;147;56.0;11.0;52.0;28.0;Centre
01357;Saint-Germain-de-Joux;191;78.0;9.0;66.0;38.0;Centre
01358;Saint-Germain-les-Paroisses;275;73.0;33.0;107.0;62.0;Extrême-Droite
01359;Saint-Germain-sur-Renon;165;57.0;17.0;79.0;12.0;Extrême-Droite
01360;Saint-Jean-de-Gonville;853;360.0;80.0;255.0;158.0;Centre
01361;Saint-Jean-de-Niost;1080;379.0;96.0;428.0;177.0;Extrême-Droite
01362;Saint-Jean-de-Thurigneux;493;188.0;41.0;207.0;57.0;Extrême-Droite
01363;Saint-Jean-le-Vieux;1109;373.0;92.0;410.0;234.0;Extrême-Droite
01364;Saint-Jean-sur-Reyssouze;418;127.0;40.0;188.0;63.0;Extrême-Droite
01365;Saint-Jean-sur-Veyle;662;258.0;51.0;231.0;122.0;Centre
01366;Sainte-Julie;628;195.0;31.0;256.0;146.0;Extrême-Droite
01367;Saint-Julien-sur-Reyssouze;373;100.0;38.0;159.0;76.0;Extrême-Droite
01368;Saint-Julien-sur-Veyle;484;176.0;47.0;183.0;78.0;Extrême-Droite
01369;Saint-Just;585;230.0;51.0;164.0;140.0;Centre
01370;Saint-Laurent-sur-Saône;702;228.0;50.0;207.0;217.0;Centre
01371;Saint-Marcel;747;250.0;51.0;286.0;160.0;Extrême-Droite
01372;Saint-Martin-de-Bavel;278;109.0;16.0;79.0;74.0;Centre
01373;Saint-Martin-du-Frêne;586;205.0;58.0;239.0;84.0;Extrême-Droite
01374;Saint-Martin-du-Mont;1184;413.0;107.0;432.0;232.0;Extrême-Droite
01375;Saint-Martin-le-Châtel;525;196.0;45.0;204.0;80.0;Extrême-Droite
01376;Saint-Maurice-de-Beynost;1829;620.0;98.0;549.0;562.0;Centre
01378;Saint-Maurice-de-Gourdans;1753;594.0;104.0;790.0;265.0;Extrême-Droite
01379;Saint-Maurice-de-Rémens;406;103.0;28.0;198.0;77.0;Extrême-Droite
01380;Saint-Nizier-le-Bouchoux;399;143.0;31.0;164.0;61.0;Extrême-Droite
01381;Saint-Nizier-le-Désert;503;164.0;49.0;225.0;65.0;Extrême-Droite
01382;Sainte-Olive;206;76.0;14.0;88.0;28.0;Extrême-Droite
01383;Saint-Paul-de-Varax;869;271.0;58.0;394.0;146.0;Extrême-Droite
01384;Saint-Rambert-en-Bugey;897;233.0;46.0;368.0;250.0;Extrême-Droite
01385;Saint-Rémy;627;272.0;54.0;211.0;90.0;Centre
01386;Saint-Sorlin-en-Bugey;726;279.0;60.0;232.0;155.0;Centre
01387;Saint-Sulpice;142;43.0;21.0;49.0;29.0;Extrême-Droite
01388;Saint-Trivier-de-Courtes;530;173.0;59.0;224.0;74.0;Extrême-Droite
01389;Saint-Trivier-sur-Moignans;1035;332.0;66.0;486.0;151.0;Extrême-Droite
01390;Saint-Vulbas;690;179.0;42.0;377.0;92.0;Extrême-Droite
01391;Salavre;207;66.0;20.0;80.0;41.0;Extrême-Droite
01392;Samognat;390;134.0;39.0;153.0;64.0;Extrême-Droite
01393;Sandrans;378;130.0;33.0;163.0;52.0;Extrême-Droite
01396;Sault-Brénaz;434;127.0;31.0;177.0;99.0;Extrême-Droite
01397;Sauverny;452;214.0;41.0;110.0;87.0;Centre
01398;Savigneux;817;296.0;81.0;339.0;101.0;Extrême-Droite
01399;Ségny;853;396.0;81.0;207.0;169.0;Centre
01400;Seillonnaz;108;30.0;18.0;33.0;27.0;Extrême-Droite
01401;Sergy;812;400.0;71.0;171.0;170.0;Centre
01402;Sermoyer;388;115.0;31.0;165.0;77.0;Extrême-Droite
01403;Serrières-de-Briord;737;184.0;56.0;285.0;212.0;Extrême-Droite
01404;Serrières-sur-Ain;101;30.0;5.0;37.0;29.0;Extrême-Droite
01405;Servas;667;217.0;53.0;279.0;118.0;Extrême-Droite
01406;Servignat;111;38.0;8.0;46.0;19.0;Extrême-Droite
01407;Seyssel;510;171.0;36.0;166.0;137.0;Centre
01408;Simandre-sur-Suran;414;126.0;31.0;143.0;114.0;Extrême-Droite
01410;Sonthonnax-la-Montagne;199;62.0;9.0;74.0;54.0;Extrême-Droite
01411;Souclin;166;51.0;17.0;78.0;20.0;Extrême-Droite
01412;Sulignat;342;141.0;22.0;136.0;43.0;Centre
01415;Talissieu;236;66.0;18.0;104.0;48.0;Extrême-Droite
01416;Tenay;429;112.0;25.0;190.0;102.0;Extrême-Droite
01418;Thil;724;297.0;48.0;229.0;150.0;Centre
01419;Thoiry;2482;1173.0;209.0;581.0;519.0;Centre
01420;Thoissey;728;217.0;55.0;317.0;139.0;Extrême-Droite
01421;Torcieu;431;112.0;26.0;197.0;96.0;Extrême-Droite
01422;Tossiat;876;332.0;69.0;304.0;171.0;Centre
01423;Toussieux;690;264.0;51.0;247.0;128.0;Centre
01424;Tramoyes;1193;511.0;84.0;409.0;189.0;Centre
01425;La Tranclière;196;69.0;15.0;79.0;33.0;Extrême-Droite
01426;Val-Revermont;1489;558.0;109.0;502.0;320.0;Centre
01427;Trévoux;3198;1182.0;234.0;873.0;909.0;Centre
01428;Valeins;85;37.0;8.0;36.0;4.0;Centre
01429;Vandeins;400;113.0;35.0;191.0;61.0;Extrême-Droite
01430;Varambon;346;100.0;30.0;146.0;70.0;Extrême-Droite
01431;Vaux-en-Bugey;750;218.0;67.0;247.0;218.0;Extrême-Droite
01432;Verjon;222;82.0;20.0;70.0;50.0;Centre
01433;Vernoux;151;29.0;10.0;80.0;32.0;Extrême-Droite
01434;Versailleux;286;105.0;36.0;110.0;35.0;Extrême-Droite
01435;Versonnex;867;372.0;66.0;223.0;206.0;Centre
01436;Vesancy;260;139.0;25.0;49.0;47.0;Centre
01437;Vescours;120;31.0;22.0;53.0;14.0;Extrême-Droite
01439;Vésines;57;20.0;11.0;21.0;5.0;Extrême-Droite
01441;Vieu-d'Izenave;381;115.0;37.0;175.0;54.0;Extrême-Droite
01443;Villars-les-Dombes;2657;951.0;179.0;990.0;537.0;Extrême-Droite
01444;Villebois;710;182.0;42.0;292.0;194.0;Extrême-Droite
01445;Villemotier;377;138.0;27.0;153.0;59.0;Extrême-Droite
01446;Villeneuve;948;285.0;105.0;416.0;142.0;Extrême-Droite
01447;Villereversure;716;249.0;55.0;255.0;157.0;Extrême-Droite
01448;Villes;217;79.0;31.0;68.0;39.0;Centre
01449;Villette-sur-Ain;476;162.0;30.0;198.0;86.0;Extrême-Droite
01450;Villieu-Loyes-Mollon;2282;771.0;159.0;917.0;435.0;Extrême-Droite
01451;Viriat;3747;1496.0;371.0;1179.0;701.0;Centre
01452;Virieu-le-Grand;584;136.0;53.0;235.0;160.0;Extrême-Droite
01453;Arviere-en-Valromey;445;140.0;40.0;143.0;122.0;Extrême-Droite
01454;Virignin;584;164.0;36.0;245.0;139.0;Extrême-Droite
01456;Vongnes;57;24.0;9.0;11.0;13.0;Centre
01457;Vonnas;1645;598.0;156.0;585.0;306.0;Centre
03001;Abrest;1791;641.0;134.0;666.0;350.0;Extrême-Droite
03002;Agonges;197;49.0;7.0;58.0;83.0;Gauche
03003;Ainay-le-Château;609;213.0;51.0;242.0;103.0;Extrême-Droite
03004;Andelaroche;140;51.0;17.0;52.0;20.0;Extrême-Droite
03005;Archignat;169;43.0;21.0;53.0;52.0;Extrême-Droite
03006;Arfeuilles;377;96.0;29.0;128.0;124.0;Extrême-Droite
03007;Arpheuilles-Saint-Priest;222;92.0;14.0;64.0;52.0;Centre
03008;Arronnes;256;97.0;18.0;80.0;61.0;Centre
03009;Aubigny;63;14.0;4.0;30.0;15.0;Extrême-Droite
03010;Audes;265;82.0;13.0;95.0;75.0;Extrême-Droite
03011;Aurouër;233;65.0;26.0;94.0;48.0;Extrême-Droite
03012;Autry-Issards;227;58.0;13.0;62.0;94.0;Gauche
03013;Avermes;2437;935.0;167.0;763.0;572.0;Centre
03014;Avrilly;97;33.0;17.0;28.0;19.0;Centre
03015;Bagneux;210;66.0;18.0;74.0;52.0;Extrême-Droite
03016;Barberier;95;31.0;9.0;38.0;17.0;Extrême-Droite
03017;Barrais-Bussolles;139;36.0;17.0;59.0;27.0;Extrême-Droite
03018;Bayet;410;135.0;25.0;164.0;86.0;Extrême-Droite
03019;Beaulon;940;279.0;79.0;341.0;241.0;Extrême-Droite
03020;Beaune-d'Allier;197;57.0;10.0;70.0;60.0;Extrême-Droite
03021;Bègues;147;60.0;5.0;42.0;40.0;Centre
03022;Bellenaves;548;144.0;40.0;176.0;188.0;Gauche
03023;Bellerive-sur-Allier;4801;1897.0;465.0;1488.0;951.0;Centre
03024;Bert;160;35.0;11.0;90.0;24.0;Extrême-Droite
03025;Bessay-sur-Allier;801;257.0;61.0;315.0;168.0;Extrême-Droite
03026;Besson;539;183.0;69.0;176.0;111.0;Centre
03027;Bézenet;492;162.0;35.0;165.0;130.0;Extrême-Droite
03028;Billezois;226;69.0;19.0;70.0;68.0;Extrême-Droite
03029;Billy;455;153.0;31.0;176.0;95.0;Extrême-Droite
03030;Biozat;562;186.0;41.0;212.0;123.0;Extrême-Droite
03031;Bizeneuille;190;63.0;29.0;53.0;45.0;Centre
03032;Blomard;119;32.0;13.0;44.0;30.0;Extrême-Droite
03033;Bost;103;30.0;1.0;37.0;35.0;Extrême-Droite
03034;Boucé;299;83.0;17.0;139.0;60.0;Extrême-Droite
03035;Le Bouchaud;122;32.0;11.0;48.0;31.0;Extrême-Droite
03036;Bourbon-l'Archambault;1382;387.0;131.0;322.0;542.0;Gauche
03037;Braize;150;36.0;7.0;79.0;28.0;Extrême-Droite
03038;Bransat;301;106.0;17.0;101.0;77.0;Centre
03039;Bresnay;242;85.0;15.0;90.0;52.0;Extrême-Droite
03040;Bressolles;794;270.0;75.0;261.0;188.0;Centre
03041;Le Brethon;212;90.0;15.0;68.0;39.0;Centre
03042;Le Breuil;345;135.0;31.0;112.0;67.0;Centre
03043;Broût-Vernet;724;240.0;59.0;276.0;149.0;Extrême-Droite
03044;Brugheas;945;358.0;83.0;321.0;183.0;Centre
03045;Busset;549;174.0;56.0;201.0;118.0;Extrême-Droite
03046;Buxières-les-Mines;565;131.0;32.0;211.0;191.0;Extrême-Droite
03047;La Celle;264;80.0;12.0;108.0;64.0;Extrême-Droite
03048;Cérilly;728;239.0;66.0;192.0;231.0;Centre
03049;Cesset;261;86.0;18.0;101.0;56.0;Extrême-Droite
03050;La Chabanne;119;37.0;17.0;31.0;34.0;Centre
03051;Chambérat;194;52.0;11.0;79.0;52.0;Extrême-Droite
03052;Chamblet;593;198.0;46.0;209.0;140.0;Extrême-Droite
03053;Chantelle;624;240.0;55.0;177.0;152.0;Centre
03054;Chapeau;140;50.0;8.0;46.0;36.0;Centre
03055;La Chapelaude;554;169.0;38.0;210.0;137.0;Extrême-Droite
03056;La Chapelle;254;103.0;22.0;69.0;60.0;Centre
03057;La Chapelle-aux-Chasses;125;39.0;14.0;41.0;31.0;Extrême-Droite
03058;Chappes;124;29.0;8.0;37.0;50.0;Gauche
03059;Chareil-Cintrat;203;53.0;30.0;94.0;26.0;Extrême-Droite
03060;Charmeil;598;218.0;53.0;223.0;104.0;Extrême-Droite
03061;Charmes;271;89.0;18.0;114.0;50.0;Extrême-Droite
03062;Charroux;276;88.0;24.0;111.0;53.0;Extrême-Droite
03063;Chassenard;565;191.0;27.0;238.0;109.0;Extrême-Droite
03064;Château-sur-Allier;110;35.0;8.0;41.0;26.0;Extrême-Droite
03065;Châtel-de-Neuvre;307;96.0;33.0;95.0;83.0;Centre
03066;Châtel-Montagne;208;72.0;16.0;57.0;63.0;Centre
03067;Châtelperron;101;30.0;5.0;42.0;24.0;Extrême-Droite
03068;Châtelus;76;29.0;3.0;38.0;6.0;Extrême-Droite
03069;Châtillon;170;46.0;8.0;39.0;77.0;Gauche
03070;Chavenon;98;37.0;14.0;23.0;24.0;Centre
03071;Chavroches;160;52.0;11.0;55.0;42.0;Extrême-Droite
03072;Chazemais;299;101.0;20.0;105.0;73.0;Extrême-Droite
03073;Chemilly;390;119.0;32.0;137.0;102.0;Extrême-Droite
03074;Chevagnes;398;150.0;35.0;125.0;88.0;Centre
03075;Chezelle;93;20.0;11.0;40.0;22.0;Extrême-Droite
03076;Chézy;156;62.0;24.0;51.0;19.0;Centre
03077;Chirat-l'Eglise;76;28.0;7.0;31.0;10.0;Extrême-Droite
03078;Chouvigny;182;54.0;24.0;52.0;52.0;Centre
03079;Cindré;173;44.0;16.0;76.0;37.0;Extrême-Droite
03080;Cognat-Lyonne;443;169.0;40.0;137.0;97.0;Centre
03081;Colombier;195;60.0;15.0;54.0;66.0;Gauche
03082;Commentry;3223;953.0;202.0;1143.0;925.0;Extrême-Droite
03083;Contigny;424;139.0;36.0;150.0;99.0;Extrême-Droite
03084;Cosne-d'Allier;1152;383.0;108.0;355.0;306.0;Centre
03085;Coulandon;467;174.0;31.0;168.0;94.0;Centre
03086;Coulanges;169;53.0;11.0;68.0;37.0;Extrême-Droite
03087;Couleuvre;311;84.0;21.0;122.0;84.0;Extrême-Droite
03088;Courçais;180;40.0;14.0;68.0;58.0;Extrême-Droite
03089;Coutansouze;98;27.0;8.0;28.0;35.0;Gauche
03090;Couzon;192;66.0;13.0;77.0;36.0;Extrême-Droite
03091;Créchy;282;76.0;18.0;126.0;62.0;Extrême-Droite
03092;Cressanges;407;119.0;28.0;157.0;103.0;Extrême-Droite
03093;Creuzier-le-Neuf;728;291.0;42.0;260.0;135.0;Centre
03094;Creuzier-le-Vieux;2255;879.0;183.0;729.0;464.0;Centre
03095;Cusset;6371;2349.0;477.0;2001.0;1544.0;Centre
03096;Deneuille-lès-Chantelle;67;24.0;3.0;22.0;18.0;Centre
03097;Deneuille-les-Mines;204;60.0;11.0;79.0;54.0;Extrême-Droite
03098;Désertines;2519;774.0;166.0;822.0;757.0;Extrême-Droite
03099;Deux-Chaises;239;83.0;22.0;65.0;69.0;Centre
03100;Diou;738;229.0;70.0;289.0;150.0;Extrême-Droite
03101;Domérat;5083;1607.0;326.0;1812.0;1338.0;Extrême-Droite
03102;Dompierre-sur-Besbre;1665;530.0;117.0;579.0;439.0;Extrême-Droite
03103;Le Donjon;590;177.0;66.0;218.0;129.0;Extrême-Droite
03104;Doyet;626;188.0;38.0;244.0;156.0;Extrême-Droite
03105;Droiturier;219;65.0;20.0;99.0;35.0;Extrême-Droite
03106;Durdat-Larequille;765;234.0;63.0;259.0;209.0;Extrême-Droite
03107;Ebreuil;706;276.0;61.0;222.0;147.0;Centre
03108;Echassières;200;69.0;21.0;41.0;69.0;Gauche
03109;Escurolles;444;134.0;33.0;171.0;106.0;Extrême-Droite
03110;Espinasse-Vozelle;596;215.0;31.0;217.0;133.0;Extrême-Droite
03111;Estivareilles;710;230.0;43.0;262.0;175.0;Extrême-Droite
03112;Etroussat;390;129.0;41.0;142.0;78.0;Extrême-Droite
03113;Ferrières-sur-Sichon;316;128.0;22.0;101.0;65.0;Centre
03114;La Ferté-Hauterive;183;66.0;10.0;77.0;30.0;Extrême-Droite
03115;Fleuriel;212;85.0;14.0;65.0;48.0;Centre
03116;Fourilles;139;47.0;11.0;53.0;28.0;Extrême-Droite
03117;Franchesse;273;64.0;20.0;95.0;94.0;Extrême-Droite
03118;Gannat;2915;996.0;221.0;952.0;746.0;Centre
03119;Gannay-sur-Loire;269;107.0;34.0;90.0;38.0;Centre
03120;Garnat-sur-Engièvre;408;122.0;26.0;176.0;84.0;Extrême-Droite
03121;Gennetines;400;107.0;35.0;155.0;103.0;Extrême-Droite
03122;Gipcy;147;49.0;16.0;41.0;41.0;Centre
03124;Gouise;137;46.0;16.0;60.0;15.0;Extrême-Droite
03125;La Guillermie;80;22.0;5.0;30.0;23.0;Extrême-Droite
03126;Hauterive;735;268.0;37.0;291.0;139.0;Extrême-Droite
03127;Hérisson;342;124.0;23.0;87.0;108.0;Centre
03128;Huriel;1590;468.0;85.0;603.0;434.0;Extrême-Droite
03129;Hyds;212;69.0;17.0;75.0;51.0;Extrême-Droite
03130;Isle-et-Bardais;164;50.0;11.0;74.0;29.0;Extrême-Droite
03131;Isserpent;313;88.0;24.0;144.0;57.0;Extrême-Droite
03132;Jaligny-sur-Besbre;335;97.0;27.0;153.0;58.0;Extrême-Droite
03133;Jenzat;342;128.0;20.0;99.0;95.0;Centre
03134;Laféline;126;48.0;16.0;33.0;29.0;Centre
03135;Lalizolle;209;64.0;16.0;78.0;51.0;Extrême-Droite
03136;Lamaids;111;23.0;2.0;45.0;41.0;Extrême-Droite
03137;Langy;170;42.0;9.0;59.0;60.0;Gauche
03138;Lapalisse;1605;547.0;126.0;602.0;330.0;Extrême-Droite
03139;Laprugne;205;68.0;12.0;84.0;41.0;Extrême-Droite
03140;Lavault-Sainte-Anne;644;219.0;43.0;183.0;199.0;Centre
03141;Lavoine;135;73.0;11.0;30.0;21.0;Centre
03142;Lenax;159;46.0;15.0;75.0;23.0;Extrême-Droite
03143;Lételon;62;22.0;4.0;23.0;13.0;Extrême-Droite
03144;Liernolles;128;54.0;10.0;54.0;10.0;Centre
03145;Lignerolles;469;165.0;25.0;137.0;142.0;Centre
03146;Limoise;97;30.0;17.0;29.0;21.0;Centre
03147;Loddes;114;34.0;10.0;45.0;25.0;Extrême-Droite
03148;Loriges;203;50.0;12.0;112.0;29.0;Extrême-Droite
03149;Louchy-Montfand;303;120.0;28.0;77.0;78.0;Centre
03150;Louroux-Bourbonnais;159;43.0;14.0;41.0;61.0;Gauche
03151;Louroux-de-Beaune;114;42.0;21.0;24.0;27.0;Centre
03152;Louroux-de-Bouble;132;33.0;11.0;40.0;48.0;Gauche
03154;Luneau;172;56.0;17.0;68.0;31.0;Extrême-Droite
03155;Lurcy-Lévis;1016;323.0;95.0;369.0;229.0;Extrême-Droite
03156;Lusigny;955;378.0;72.0;323.0;182.0;Centre
03157;Magnet;593;159.0;34.0;264.0;136.0;Extrême-Droite
03158;Haut-Bocage;492;167.0;39.0;169.0;117.0;Extrême-Droite
03159;Malicorne;480;128.0;17.0;206.0;129.0;Extrême-Droite
03160;Marcenat;223;78.0;22.0;78.0;45.0;Centre
03161;Marcillat-en-Combraille;568;263.0;35.0;167.0;103.0;Centre
03162;Marigny;130;45.0;21.0;41.0;23.0;Centre
03163;Mariol;486;131.0;32.0;210.0;113.0;Extrême-Droite
03164;Le Mayet-d'Ecole;193;64.0;12.0;89.0;28.0;Extrême-Droite
03165;Le Mayet-de-Montagne;772;302.0;55.0;229.0;186.0;Centre
03166;Mazerier;201;81.0;21.0;55.0;44.0;Centre
03167;Mazirat;172;57.0;15.0;60.0;40.0;Extrême-Droite
03168;Meaulne-Vitray;617;160.0;61.0;251.0;145.0;Extrême-Droite
03169;Meillard;183;61.0;20.0;59.0;43.0;Centre
03170;Meillers;95;42.0;4.0;20.0;29.0;Centre
03171;Mercy;140;54.0;9.0;40.0;37.0;Centre
03172;Mesples;73;23.0;8.0;30.0;12.0;Extrême-Droite
03173;Molinet;681;235.0;59.0;245.0;142.0;Extrême-Droite
03174;Molles;585;217.0;53.0;199.0;116.0;Centre
03175;Monestier;177;55.0;13.0;66.0;43.0;Extrême-Droite
03176;Monétay-sur-Allier;358;138.0;26.0;125.0;69.0;Centre
03177;Monétay-sur-Loire;197;61.0;14.0;80.0;42.0;Extrême-Droite
03178;Montaiguët-en-Forez;171;57.0;16.0;65.0;33.0;Extrême-Droite
03179;Montaigu-le-Blin;226;84.0;20.0;86.0;36.0;Extrême-Droite
03180;Montbeugny;401;132.0;31.0;168.0;70.0;Extrême-Droite
03181;Montcombroux-les-Mines;188;63.0;9.0;70.0;46.0;Extrême-Droite
03182;Monteignet-sur-l'Andelot;154;46.0;21.0;57.0;30.0;Extrême-Droite
03183;Le Montet;205;75.0;17.0;64.0;49.0;Centre
03184;Montilly;318;109.0;29.0;111.0;69.0;Extrême-Droite
03185;Montluçon;14841;4731.0;1126.0;4544.0;4440.0;Centre
03186;Montmarault;706;209.0;60.0;247.0;190.0;Extrême-Droite
03187;Montoldre;289;78.0;23.0;141.0;47.0;Extrême-Droite
03188;Montord;131;50.0;5.0;47.0;29.0;Centre
03189;Montvicq;428;139.0;25.0;153.0;111.0;Extrême-Droite
03190;Moulins;8344;3072.0;653.0;2426.0;2193.0;Centre
03191;Murat;159;48.0;13.0;38.0;60.0;Gauche
03192;Nades;67;25.0;5.0;24.0;13.0;Centre
03193;Nassigny;116;40.0;6.0;39.0;31.0;Centre
03194;Naves;86;31.0;4.0;26.0;25.0;Centre
03195;Néris-les-Bains;1447;577.0;129.0;405.0;336.0;Centre
03196;Neuilly-en-Donjon;132;43.0;16.0;38.0;35.0;Centre
03197;Neuilly-le-Réal;923;337.0;65.0;307.0;214.0;Centre
03198;Neure;119;23.0;14.0;51.0;31.0;Extrême-Droite
03200;Neuvy;1004;435.0;75.0;249.0;245.0;Centre
03201;Nizerolles;184;62.0;15.0;65.0;42.0;Extrême-Droite
03202;Noyant-d'Allier;377;127.0;30.0;114.0;106.0;Centre
03203;Paray-le-Frésil;233;67.0;17.0;95.0;54.0;Extrême-Droite
03204;Paray-sous-Briailles;396;114.0;38.0;162.0;82.0;Extrême-Droite
03205;Périgny;279;70.0;28.0;124.0;57.0;Extrême-Droite
03206;La Petite-Marche;111;40.0;14.0;31.0;26.0;Centre
03207;Pierrefitte-sur-Loire;301;77.0;33.0;126.0;65.0;Extrême-Droite
03208;Le Pin;222;76.0;13.0;95.0;38.0;Extrême-Droite
03209;Poëzat;106;33.0;9.0;41.0;23.0;Extrême-Droite
03210;Pouzy-Mésangy;238;59.0;10.0;87.0;82.0;Extrême-Droite
03211;Prémilhat;1438;514.0;97.0;455.0;372.0;Centre
03212;Quinssaines;919;320.0;68.0;355.0;176.0;Extrême-Droite
03213;Reugny;181;66.0;7.0;61.0;47.0;Centre
03214;Rocles;175;55.0;15.0;63.0;42.0;Extrême-Droite
03215;Rongères;350;131.0;24.0;136.0;59.0;Extrême-Droite
03216;Ronnet;104;38.0;20.0;25.0;21.0;Centre
03217;Saint-Angel;478;154.0;27.0;174.0;123.0;Extrême-Droite
03218;Saint-Aubin-le-Monial;171;56.0;14.0;56.0;45.0;Centre
03219;Saint-Bonnet-de-Four;122;42.0;8.0;52.0;20.0;Extrême-Droite
03220;Saint-Bonnet-de-Rochefort;408;152.0;38.0;119.0;99.0;Centre
03221;Saint-Bonnet-Tronçais;421;140.0;50.0;161.0;70.0;Extrême-Droite
03222;Saint-Caprais;66;13.0;5.0;25.0;23.0;Extrême-Droite
03223;Saint-Christophe;288;94.0;28.0;115.0;51.0;Extrême-Droite
03224;Saint-Clément;212;87.0;21.0;58.0;46.0;Centre
03225;Saint-Désiré;268;85.0;23.0;90.0;70.0;Extrême-Droite
03226;Saint-Didier-en-Donjon;131;37.0;8.0;58.0;28.0;Extrême-Droite
03227;Saint-Didier-la-Forêt;226;68.0;16.0;101.0;41.0;Extrême-Droite
03228;Saint-Eloy-d'Allier;46;13.0;5.0;23.0;5.0;Extrême-Droite
03229;Saint-Ennemond;358;120.0;36.0;135.0;67.0;Extrême-Droite
03230;Saint-Etienne-de-Vicq;319;104.0;18.0;129.0;68.0;Extrême-Droite
03231;Saint-Fargeol;124;55.0;14.0;29.0;26.0;Centre
03232;Saint-Félix;199;63.0;17.0;70.0;49.0;Extrême-Droite
03233;Saint-Genest;231;82.0;13.0;87.0;49.0;Extrême-Droite
03234;Saint-Gérand-de-Vaux;250;64.0;22.0;114.0;50.0;Extrême-Droite
03235;Saint-Gérand-le-Puy;484;130.0;32.0;211.0;111.0;Extrême-Droite
03236;Saint-Germain-des-Fossés;1880;623.0;136.0;674.0;447.0;Extrême-Droite
03237;Saint-Germain-de-Salles;278;97.0;17.0;106.0;58.0;Extrême-Droite
03238;Saint-Hilaire;253;62.0;15.0;98.0;78.0;Extrême-Droite
03239;Saint-Léger-sur-Vouzance;152;54.0;11.0;38.0;49.0;Centre
03240;Saint-Léon;359;100.0;33.0;142.0;84.0;Extrême-Droite
03241;Saint-Léopardin-d'Augy;216;59.0;17.0;84.0;56.0;Extrême-Droite
03242;Saint-Loup;396;123.0;21.0;193.0;59.0;Extrême-Droite
03243;Saint-Marcel-en-Murat;103;32.0;9.0;31.0;31.0;Centre
03244;Saint-Marcel-en-Marcillat;102;38.0;15.0;36.0;13.0;Centre
03245;Saint-Martin-des-Lais;82;23.0;13.0;31.0;15.0;Extrême-Droite
03246;Saint-Martinien;346;109.0;21.0;136.0;80.0;Extrême-Droite
03247;Saint-Menoux;633;165.0;41.0;148.0;279.0;Gauche
03248;Saint-Nicolas-des-Biefs;115;45.0;4.0;43.0;23.0;Centre
03249;Saint-Palais;128;28.0;8.0;55.0;37.0;Extrême-Droite
03250;Saint-Pierre-Laval;244;100.0;24.0;76.0;44.0;Centre
03251;Saint-Plaisir;260;64.0;14.0;85.0;97.0;Gauche
03252;Saint-Pont;417;160.0;40.0;143.0;74.0;Centre
03253;Saint-Pourçain-sur-Besbre;235;92.0;19.0;87.0;37.0;Centre
03254;Saint-Pourçain-sur-Sioule;2702;1036.0;208.0;921.0;537.0;Centre
03255;Saint-Priest-d'Andelot;97;23.0;8.0;41.0;25.0;Extrême-Droite
03256;Saint-Priest-en-Murat;115;37.0;13.0;43.0;22.0;Extrême-Droite
03257;Saint-Prix;491;166.0;29.0;196.0;100.0;Extrême-Droite
03258;Saint-Rémy-en-Rollat;1074;415.0;72.0;424.0;163.0;Extrême-Droite
03259;Saint-Sauvier;199;55.0;19.0;67.0;58.0;Extrême-Droite
03260;Saint-Sornin;141;32.0;17.0;52.0;40.0;Extrême-Droite
03261;Sainte-Thérence;128;42.0;10.0;42.0;34.0;Centre
03262;Saint-Victor;1346;491.0;130.0;479.0;246.0;Centre
03263;Saint-Voir;85;24.0;10.0;34.0;17.0;Extrême-Droite
03264;Saint-Yorre;1435;464.0;98.0;534.0;339.0;Extrême-Droite
03265;Saligny-sur-Roudon;406;137.0;56.0;141.0;72.0;Extrême-Droite
03266;Sanssat;156;45.0;17.0;63.0;31.0;Extrême-Droite
03267;Saulcet;471;159.0;38.0;171.0;103.0;Extrême-Droite
03268;Saulzet;265;100.0;17.0;100.0;48.0;Centre
03269;Sauvagny;66;25.0;16.0;19.0;6.0;Centre
03270;Sazeret;97;34.0;19.0;32.0;12.0;Centre
03271;Serbannes;597;236.0;47.0;204.0;110.0;Centre
03272;Servilly;177;43.0;12.0;87.0;35.0;Extrême-Droite
03273;Seuillet;295;112.0;19.0;97.0;67.0;Centre
03274;Sorbier;173;51.0;17.0;71.0;34.0;Extrême-Droite
03275;Souvigny;1064;311.0;89.0;380.0;284.0;Extrême-Droite
03276;Sussat;73;30.0;5.0;27.0;11.0;Centre
03277;Target;184;54.0;21.0;54.0;55.0;Gauche
03278;Taxat-Senat;136;61.0;18.0;25.0;32.0;Centre
03279;Teillet-Argenty;340;107.0;16.0;142.0;75.0;Extrême-Droite
03280;Terjat;137;37.0;9.0;60.0;31.0;Extrême-Droite
03281;Le Theil;224;90.0;34.0;63.0;37.0;Centre
03282;Theneuille;228;75.0;18.0;54.0;81.0;Gauche
03283;Thiel-sur-Acolin;644;225.0;42.0;241.0;136.0;Extrême-Droite
03284;Thionne;201;66.0;10.0;87.0;38.0;Extrême-Droite
03285;Tortezais;122;38.0;10.0;46.0;28.0;Extrême-Droite
03286;Toulon-sur-Allier;741;298.0;53.0;227.0;163.0;Centre
03287;Treban;215;70.0;18.0;73.0;54.0;Extrême-Droite
03288;Treignat;279;93.0;17.0;106.0;63.0;Extrême-Droite
03289;Treteau;330;104.0;25.0;145.0;56.0;Extrême-Droite
03290;Trévol;979;355.0;60.0;306.0;258.0;Centre
03291;Trézelles;238;58.0;23.0;98.0;59.0;Extrême-Droite
03292;Tronget;519;146.0;32.0;144.0;197.0;Gauche
03293;Urçay;174;38.0;13.0;94.0;29.0;Extrême-Droite
03294;Ussel-d'Allier;110;41.0;18.0;27.0;24.0;Centre
03295;Valignat;47;20.0;0.0;18.0;9.0;Centre
03296;Valigny;210;67.0;19.0;78.0;46.0;Extrême-Droite
03297;Vallon-en-Sully;894;286.0;88.0;335.0;185.0;Extrême-Droite
03298;Varennes-sur-Allier;1831;605.0;132.0;714.0;380.0;Extrême-Droite
03299;Varennes-sur-Tèche;140;62.0;10.0;57.0;11.0;Centre
03300;Vaumas;291;100.0;16.0;108.0;67.0;Extrême-Droite
03301;Vaux;684;200.0;36.0;301.0;147.0;Extrême-Droite
03302;Veauce;35;11.0;3.0;17.0;4.0;Extrême-Droite
03303;Venas;160;43.0;11.0;54.0;52.0;Extrême-Droite
03304;Vendat;1527;600.0;123.0;523.0;281.0;Centre
03305;Verneix;377;121.0;34.0;132.0;90.0;Extrême-Droite
03306;Le Vernet;1210;485.0;115.0;349.0;261.0;Centre
03307;Verneuil-en-Bourbonnais;174;55.0;10.0;56.0;53.0;Extrême-Droite
03308;Vernusse;97;24.0;7.0;40.0;26.0;Extrême-Droite
03309;Le Veurdre;279;80.0;25.0;98.0;76.0;Extrême-Droite
03310;Vichy;12115;4700.0;1152.0;3642.0;2621.0;Centre
03311;Vicq;224;88.0;29.0;56.0;51.0;Centre
03312;Vieure;163;43.0;8.0;44.0;68.0;Gauche
03313;Le Vilhain;174;55.0;15.0;71.0;33.0;Extrême-Droite
03314;Villebret;799;315.0;54.0;247.0;183.0;Centre
03315;Villefranche-d'Allier;690;191.0;55.0;240.0;204.0;Extrême-Droite
03316;Villeneuve-sur-Allier;560;168.0;43.0;230.0;119.0;Extrême-Droite
03317;Viplaix;176;55.0;21.0;66.0;34.0;Extrême-Droite
03319;Voussac;304;99.0;35.0;111.0;59.0;Extrême-Droite
03320;Ygrande;436;86.0;29.0;125.0;196.0;Gauche
03321;Yzeure;7223;2676.0;408.0;2001.0;2138.0;Centre
07001;Accons;278;93.0;23.0;101.0;61.0;Extrême-Droite
07002;Ailhon;356;103.0;19.0;97.0;137.0;Gauche
07003;Aizac;127;40.0;3.0;28.0;56.0;Gauche
07004;Ajoux;80;34.0;1.0;9.0;36.0;Gauche
07005;Alba-la-Romaine;920;305.0;40.0;234.0;341.0;Gauche
07006;Albon d'Ardèche;132;28.0;7.0;31.0;66.0;Gauche
07007;Alboussière;607;207.0;49.0;178.0;173.0;Centre
07008;Alissas;1000;292.0;66.0;353.0;289.0;Extrême-Droite
07009;Andance;614;188.0;46.0;213.0;167.0;Extrême-Droite
07010;Annonay;7359;2362.0;536.0;2046.0;2415.0;Gauche
07011;Vallées-d'Antraigues-Asperjoc;556;128.0;23.0;171.0;234.0;Gauche
07012;Arcens;230;58.0;21.0;92.0;59.0;Extrême-Droite
07013;Ardoix;805;249.0;56.0;303.0;197.0;Extrême-Droite
07014;Arlebosc;248;94.0;33.0;57.0;64.0;Centre
07015;Arras-sur-Rhône;324;104.0;17.0;106.0;97.0;Extrême-Droite
07017;Assions (Les);441;144.0;23.0;106.0;168.0;Gauche
07018;Astet;51;15.0;4.0;20.0;12.0;Extrême-Droite
07019;Aubenas;5404;1682.0;396.0;1552.0;1774.0;Gauche
07020;Aubignas;284;91.0;8.0;95.0;90.0;Extrême-Droite
07022;Baix;633;178.0;44.0;243.0;168.0;Extrême-Droite
07023;Balazuc;269;96.0;27.0;66.0;80.0;Centre
07024;Banne;479;133.0;43.0;129.0;174.0;Gauche
07025;Barnas;172;35.0;12.0;45.0;80.0;Gauche
07026;Béage (Le);207;82.0;31.0;55.0;39.0;Centre
07027;Beauchastel;973;286.0;62.0;333.0;292.0;Extrême-Droite
07028;Beaulieu;330;97.0;38.0;83.0;112.0;Gauche
07029;Beaumont;182;46.0;6.0;18.0;112.0;Gauche
07030;Beauvène;158;34.0;11.0;48.0;65.0;Gauche
07031;Berrias-et-Casteljau;480;171.0;26.0;116.0;167.0;Centre
07032;Berzème;108;47.0;8.0;17.0;36.0;Centre
07033;Bessas;158;47.0;12.0;62.0;37.0;Extrême-Droite
07034;Bidon;137;43.0;3.0;46.0;45.0;Extrême-Droite
07035;Boffres;477;136.0;44.0;134.0;163.0;Gauche
07036;Bogy;292;100.0;22.0;119.0;51.0;Extrême-Droite
07037;Borée;145;45.0;17.0;53.0;30.0;Extrême-Droite
07038;Borne;40;18.0;10.0;6.0;6.0;Centre
07039;Bozas;187;56.0;29.0;62.0;40.0;Extrême-Droite
07040;Boucieu-le-Roi;170;44.0;22.0;68.0;36.0;Extrême-Droite
07041;Boulieu-lès-Annonay;1282;478.0;104.0;437.0;263.0;Centre
07042;Bourg-Saint-Andéol;3851;951.0;231.0;1590.0;1079.0;Extrême-Droite
07044;Brossainc;160;38.0;7.0;81.0;34.0;Extrême-Droite
07045;Burzet;329;106.0;14.0;110.0;99.0;Extrême-Droite
07047;Cellier-du-Luc;53;23.0;7.0;13.0;10.0;Centre
07048;Chalencon;240;71.0;26.0;63.0;80.0;Gauche
07049;Chambon (Le);52;15.0;8.0;14.0;15.0;Gauche
07050;Chambonas;503;151.0;38.0;102.0;212.0;Gauche
07051;Champagne;378;114.0;40.0;159.0;65.0;Extrême-Droite
07052;Champis;398;135.0;29.0;133.0;101.0;Centre
07053;Chandolas;343;96.0;36.0;93.0;118.0;Gauche
07054;Chanéac;187;70.0;13.0;50.0;54.0;Centre
07055;Charmes-sur-Rhône;1846;669.0;171.0;616.0;390.0;Centre
07056;Charnas;567;169.0;51.0;217.0;130.0;Extrême-Droite
07058;Chassiers;563;166.0;32.0;153.0;212.0;Gauche
07059;Châteaubourg;174;55.0;16.0;58.0;45.0;Extrême-Droite
07060;Châteauneuf-de-Vernoux;199;69.0;24.0;51.0;55.0;Centre
07061;Chauzon;293;106.0;27.0;83.0;77.0;Centre
07062;Chazeaux;97;19.0;2.0;26.0;50.0;Gauche
07063;Cheminas;234;64.0;35.0;72.0;63.0;Extrême-Droite
07064;Cheylard (Le);1730;655.0;152.0;532.0;391.0;Centre
07065;Chirols;189;40.0;9.0;45.0;95.0;Gauche
07066;Chomérac;2085;581.0;148.0;724.0;632.0;Extrême-Droite
07067;Colombier-le-Cardinal;201;91.0;5.0;70.0;35.0;Centre
07068;Colombier-le-Jeune;407;128.0;58.0;143.0;78.0;Extrême-Droite
07069;Colombier-le-Vieux;403;137.0;33.0;131.0;102.0;Centre
07070;Cornas;1602;572.0;130.0;574.0;326.0;Extrême-Droite
07071;Coucouron;495;154.0;51.0;221.0;69.0;Extrême-Droite
07072;Coux;1062;367.0;87.0;255.0;353.0;Centre
07073;Crestet (Le);371;128.0;30.0;133.0;80.0;Extrême-Droite
07074;Creysseilles;125;46.0;7.0;17.0;55.0;Gauche
07075;Cros-de-Géorand;139;43.0;22.0;38.0;36.0;Centre
07076;Cruas;1669;389.0;86.0;671.0;523.0;Extrême-Droite
07077;Darbres;162;44.0;11.0;46.0;61.0;Gauche
07078;Davézieux;1980;701.0;178.0;673.0;428.0;Centre
07079;Désaignes;773;235.0;67.0;194.0;277.0;Gauche
07080;Devesset;201;57.0;21.0;54.0;69.0;Gauche
07081;Dompnac;62;13.0;6.0;11.0;32.0;Gauche
07082;Dornas;160;34.0;8.0;72.0;46.0;Extrême-Droite
07083;Dunière-sur-Eyrieux;288;89.0;18.0;64.0;117.0;Gauche
07084;Eclassan;632;198.0;44.0;231.0;159.0;Extrême-Droite
07085;Empurany;373;132.0;41.0;104.0;96.0;Centre
07086;Etables;572;169.0;42.0;201.0;160.0;Extrême-Droite
07087;Fabras;247;83.0;5.0;65.0;94.0;Gauche
07088;Faugères;85;28.0;11.0;10.0;36.0;Gauche
07089;Félines;1162;390.0;98.0;451.0;223.0;Extrême-Droite
07090;Flaviac;658;178.0;37.0;272.0;171.0;Extrême-Droite
07091;Fons;217;81.0;12.0;58.0;66.0;Centre
07092;Freyssenet;42;21.0;8.0;9.0;4.0;Centre
07093;Genestelle;205;66.0;11.0;51.0;77.0;Gauche
07094;Gilhac-et-Bruzac;113;32.0;5.0;35.0;41.0;Gauche
07095;Gilhoc-sur-Ormèze;313;99.0;37.0;100.0;77.0;Extrême-Droite
07096;Gluiras;264;96.0;30.0;43.0;95.0;Centre
07097;Glun;428;146.0;26.0;139.0;117.0;Centre
07098;Gourdon;62;14.0;4.0;16.0;28.0;Gauche
07099;Gras;376;103.0;28.0;121.0;124.0;Gauche
07100;Gravières;357;105.0;24.0;93.0;135.0;Gauche
07101;Grospierres;549;131.0;43.0;177.0;198.0;Gauche
07102;Guilherand-Granges;6405;2412.0;522.0;2087.0;1384.0;Centre
07103;Saint-Julien-d'Intres;221;84.0;16.0;65.0;56.0;Centre
07104;Issamoulenc;56;19.0;4.0;20.0;13.0;Extrême-Droite
07105;Issanlas;123;33.0;12.0;46.0;32.0;Extrême-Droite
07106;Issarlès;99;31.0;11.0;47.0;10.0;Extrême-Droite
07107;Jaujac;786;235.0;44.0;169.0;338.0;Gauche
07108;Jaunac;88;31.0;8.0;32.0;17.0;Extrême-Droite
07109;Joannas;233;58.0;14.0;44.0;117.0;Gauche
07110;Joyeuse;969;295.0;66.0;284.0;324.0;Gauche
07111;Juvinas;123;28.0;11.0;31.0;53.0;Gauche
07112;Labastide-sur-Bésorgues;179;40.0;11.0;55.0;73.0;Gauche
07113;Labastide-de-Virac;199;77.0;10.0;42.0;70.0;Centre
07114;Labatie-d'Andaure;168;59.0;22.0;41.0;46.0;Centre
07115;Labeaume;481;173.0;31.0;141.0;136.0;Centre
07116;Labégude;719;173.0;53.0;296.0;197.0;Extrême-Droite
07117;Lablachère;1309;402.0;99.0;405.0;403.0;Extrême-Droite
07118;Laboule;100;28.0;3.0;10.0;59.0;Gauche
07119;Lac-d'Issarlès (Le);175;69.0;14.0;67.0;25.0;Centre
07120;Lachamp-Raphaël;57;23.0;9.0;12.0;13.0;Centre
07121;Lachapelle-Graillouse;177;61.0;21.0;61.0;34.0;Centre
07122;Lachapelle-sous-Aubenas;987;295.0;87.0;334.0;271.0;Extrême-Droite
07123;Lachapelle-sous-Chanéac;125;46.0;8.0;42.0;29.0;Centre
07124;Lafarre;38;17.0;3.0;13.0;5.0;Centre
07126;Lagorce;782;235.0;32.0;216.0;299.0;Gauche
07127;Lalevade-d'Ardèche;597;166.0;44.0;235.0;152.0;Extrême-Droite
07128;Lalouvesc;273;104.0;33.0;89.0;47.0;Centre
07129;Lamastre;1438;551.0;128.0;382.0;377.0;Centre
07130;Lanarce;151;40.0;17.0;68.0;26.0;Extrême-Droite
07131;Lanas;284;82.0;16.0;78.0;108.0;Gauche
07132;Largentière;837;238.0;52.0;197.0;350.0;Gauche
07133;Larnas;151;30.0;18.0;53.0;50.0;Extrême-Droite
07134;Laurac-en-Vivarais;630;213.0;52.0;172.0;193.0;Centre
07136;Laveyrune;67;22.0;11.0;23.0;11.0;Extrême-Droite
07137;Lavillatte;49;14.0;6.0;17.0;12.0;Extrême-Droite
07138;Lavilledieu;1356;364.0;82.0;548.0;362.0;Extrême-Droite
07139;Laviolle;82;22.0;5.0;21.0;34.0;Gauche
07140;Lemps;524;201.0;22.0;177.0;124.0;Centre
07141;Lentillères;161;48.0;8.0;35.0;70.0;Gauche
07142;Lespéron;224;79.0;23.0;90.0;32.0;Extrême-Droite
07143;Limony;464;119.0;37.0;194.0;114.0;Extrême-Droite
07144;Loubaresse;36;23.0;0.0;8.0;5.0;Centre
07145;Lussas;801;249.0;59.0;189.0;304.0;Gauche
07146;Lyas;417;136.0;32.0;105.0;144.0;Gauche
07147;Malarce-sur-la-Thines;163;35.0;5.0;18.0;105.0;Gauche
07148;Malbosc;158;38.0;8.0;34.0;78.0;Gauche
07149;Marcols-les-Eaux;131;43.0;14.0;29.0;45.0;Gauche
07150;Mariac;405;170.0;24.0;129.0;82.0;Centre
07151;Mars;174;62.0;18.0;45.0;49.0;Centre
07152;Mauves;759;275.0;70.0;262.0;152.0;Centre
07153;Mayres;173;56.0;12.0;57.0;48.0;Extrême-Droite
07154;Mazan-l'Abbaye;128;38.0;15.0;58.0;17.0;Extrême-Droite
07155;Mercuer;839;269.0;56.0;243.0;271.0;Gauche
07156;Meyras;558;164.0;32.0;186.0;176.0;Extrême-Droite
07157;Meysse;815;186.0;37.0;357.0;235.0;Extrême-Droite
07158;Mézilhac;93;39.0;11.0;27.0;16.0;Centre
07159;Mirabel;431;138.0;24.0;140.0;129.0;Extrême-Droite
07160;Monestier;46;11.0;1.0;11.0;23.0;Gauche
07161;Montpezat-sous-Bauzon;484;128.0;32.0;184.0;140.0;Extrême-Droite
07162;Montréal;347;129.0;22.0;102.0;94.0;Centre
07163;Montselgues;65;16.0;2.0;11.0;36.0;Gauche
07165;Belsentes;389;130.0;33.0;119.0;107.0;Centre
07166;Nozières;178;56.0;22.0;40.0;60.0;Gauche
07167;Ollières-sur-Eyrieux (Les);576;174.0;43.0;170.0;189.0;Gauche
07168;Orgnac-l'Aven;372;108.0;25.0;141.0;98.0;Extrême-Droite
07169;Ozon;227;68.0;18.0;89.0;52.0;Extrême-Droite
07170;Pailharès;233;55.0;14.0;66.0;98.0;Gauche
07171;Payzac;371;100.0;28.0;68.0;175.0;Gauche
07172;Peaugres;1401;484.0;123.0;515.0;279.0;Extrême-Droite
07173;Péreyres;47;19.0;1.0;16.0;11.0;Centre
07174;Peyraud;278;76.0;14.0;111.0;77.0;Extrême-Droite
07175;Plagnal (Le);50;22.0;4.0;10.0;14.0;Centre
07176;Planzolles;105;23.0;13.0;27.0;42.0;Gauche
07177;Plats;526;181.0;50.0;206.0;89.0;Extrême-Droite
07178;Pont-de-Labeaume;340;84.0;13.0;125.0;118.0;Extrême-Droite
07179;Pourchères;117;26.0;7.0;31.0;53.0;Gauche
07181;Pouzin (Le);1370;361.0;76.0;547.0;386.0;Extrême-Droite
07182;Prades;827;211.0;60.0;304.0;252.0;Extrême-Droite
07183;Pradons;322;96.0;25.0;122.0;79.0;Extrême-Droite
07184;Pranles;309;100.0;19.0;109.0;81.0;Extrême-Droite
07185;Préaux;449;151.0;19.0;135.0;144.0;Centre
07186;Privas;3982;1338.0;309.0;1002.0;1333.0;Centre
07187;Prunet;97;30.0;9.0;19.0;39.0;Gauche
07188;Quintenas;1063;336.0;75.0;415.0;237.0;Extrême-Droite
07189;Ribes;206;76.0;18.0;42.0;70.0;Centre
07190;Rochecolombe;173;56.0;16.0;52.0;49.0;Centre
07191;Rochemaure;1349;413.0;65.0;485.0;386.0;Extrême-Droite
07192;Rochepaule;213;78.0;19.0;68.0;48.0;Centre
07193;Rocher;125;37.0;7.0;37.0;44.0;Gauche
07194;Rochessauve;301;75.0;20.0;98.0;108.0;Gauche
07195;Rochette (La);66;27.0;11.0;7.0;21.0;Centre
07196;Rocles;158;42.0;10.0;28.0;78.0;Gauche
07197;Roiffieux;1774;646.0;142.0;638.0;348.0;Centre
07198;Rompon;703;222.0;37.0;239.0;205.0;Extrême-Droite
07199;Rosières;864;282.0;67.0;278.0;237.0;Centre
07200;Roux (Le);71;18.0;2.0;32.0;19.0;Extrême-Droite
07201;Ruoms;1357;439.0;100.0;531.0;287.0;Extrême-Droite
07202;Sablières;126;36.0;11.0;19.0;60.0;Gauche
07203;Sagnes-et-Goudoulet;94;39.0;10.0;19.0;26.0;Centre
07204;Saint-Agrève;1417;507.0;125.0;368.0;417.0;Centre
07205;Saint-Alban-d'Ay;911;258.0;67.0;380.0;206.0;Extrême-Droite
07206;Saint-Alban-en-Montagne;49;21.0;4.0;18.0;6.0;Centre
07207;Saint-Alban-Auriolles;750;218.0;56.0;264.0;212.0;Extrême-Droite
07208;Saint-Andéol-de-Berg;81;23.0;1.0;22.0;35.0;Gauche
07209;Saint-Andéol-de-Fourchades;49;18.0;4.0;24.0;3.0;Extrême-Droite
07210;Saint-Andéol-de-Vals;378;113.0;16.0;97.0;152.0;Gauche
07211;Saint-André-de-Cruzières;336;101.0;27.0;80.0;128.0;Gauche
07212;Saint-André-en-Vivarais;153;41.0;16.0;71.0;25.0;Extrême-Droite
07213;Saint-André-Lachamp;124;30.0;9.0;13.0;72.0;Gauche
07214;Saint-Apollinaire-de-Rias;131;40.0;7.0;44.0;40.0;Extrême-Droite
07215;Saint-Barthélemy-le-Meil;144;43.0;9.0;51.0;41.0;Extrême-Droite
07216;Saint-Barthélemy-Grozon;348;111.0;35.0;99.0;103.0;Centre
07217;Saint-Barthélemy-le-Plain;519;167.0;45.0;207.0;100.0;Extrême-Droite
07218;Saint-Basile;237;81.0;18.0;74.0;64.0;Centre
07219;Saint-Bauzile;180;49.0;8.0;69.0;54.0;Extrême-Droite
07220;Saint-Christol;70;27.0;3.0;15.0;25.0;Centre
07221;Saint-Cierge-la-Serre;186;39.0;9.0;95.0;43.0;Extrême-Droite
07222;Saint-Cierge-sous-le-Cheylard;149;60.0;20.0;18.0;51.0;Centre
07223;Saint-Cirgues-de-Prades;99;31.0;8.0;25.0;35.0;Gauche
07224;Saint-Cirgues-en-Montagne;166;68.0;14.0;64.0;20.0;Centre
07225;Saint-Clair;897;356.0;99.0;289.0;153.0;Centre
07226;Saint-Clément;82;31.0;5.0;29.0;17.0;Centre
07227;Saint-Cyr;903;284.0;83.0;352.0;184.0;Extrême-Droite
07228;Saint-Désirat;495;185.0;44.0;144.0;122.0;Centre
07229;Saint-Didier-sous-Aubenas;562;204.0;46.0;190.0;122.0;Centre
07230;Saint-Etienne-de-Boulogne;271;93.0;13.0;60.0;105.0;Gauche
07231;Saint-Etienne-de-Fontbellon;1677;569.0;141.0;557.0;410.0;Centre
07232;Saint-Etienne-de-Lugdarès;251;82.0;41.0;82.0;46.0;Centre
07233;Saint-Etienne-de-Serre;136;40.0;5.0;24.0;67.0;Gauche
07234;Saint-Etienne-de-Valoux;164;64.0;7.0;45.0;48.0;Centre
07235;Sainte-Eulalie;175;60.0;20.0;56.0;39.0;Centre
07236;Saint-Félicien;674;225.0;68.0;220.0;161.0;Centre
07237;Saint-Fortunat-sur-Eyrieux;517;202.0;31.0;152.0;132.0;Centre
07238;Saint-Genest-de-Beauzon;210;68.0;10.0;57.0;75.0;Gauche
07239;Saint-Genest-Lachamp;81;23.0;14.0;24.0;20.0;Extrême-Droite
07240;Saint-Georges-les-Bains;1469;575.0;106.0;463.0;325.0;Centre
07241;Saint-Germain;466;150.0;35.0;175.0;106.0;Extrême-Droite
07242;Saint-Gineys-en-Coiron;83;27.0;8.0;25.0;23.0;Centre
07243;Saint-Jacques-d'Atticieux;195;50.0;17.0;78.0;50.0;Extrême-Droite
07244;Saint-Jean-Chambre;196;68.0;10.0;31.0;87.0;Gauche
07245;Saint-Jean-de-Muzols;1638;682.0;124.0;472.0;360.0;Centre
07247;Saint-Jean-le-Centenier;495;144.0;37.0;140.0;174.0;Gauche
07248;Saint-Jean-Roure;193;46.0;10.0;74.0;63.0;Extrême-Droite
07249;Saint-Jeure-d'Andaure;65;19.0;4.0;29.0;13.0;Extrême-Droite
07250;Saint-Jeure-d'Ay;288;101.0;15.0;101.0;71.0;Centre
07251;Saint-Joseph-des-Bancs;115;30.0;10.0;40.0;35.0;Extrême-Droite
07253;Saint-Julien-du-Gua;140;38.0;9.0;42.0;51.0;Gauche
07254;Saint-Julien-du-Serre;611;188.0;41.0;154.0;228.0;Gauche
07255;Saint-Julien-en-Saint-Alban;958;275.0;55.0;390.0;238.0;Extrême-Droite
07257;Saint-Julien-le-Roux;87;29.0;4.0;28.0;26.0;Centre
07258;Saint-Julien-Vocance;140;55.0;9.0;37.0;39.0;Centre
07259;Saint-Just-d'Ardèche;976;256.0;70.0;429.0;221.0;Extrême-Droite
07260;Saint-Lager-Bressac;586;159.0;46.0;234.0;147.0;Extrême-Droite
07261;Saint-Laurent-du-Pape;1021;382.0;66.0;293.0;280.0;Centre
07262;Saint-Laurent-les-Bains-Laval-d'Aurelle;115;47.0;25.0;24.0;19.0;Centre
07263;Saint-Laurent-sous-Coiron;98;36.0;4.0;4.0;54.0;Gauche
07264;Saint-Marcel-d'Ardèche;1590;476.0;108.0;650.0;356.0;Extrême-Droite
07265;Saint-Marcel-lès-Annonay;889;286.0;55.0;392.0;156.0;Extrême-Droite
07266;Sainte-Marguerite-Lafigère;93;22.0;10.0;20.0;41.0;Gauche
07267;Saint-Martial;204;69.0;18.0;69.0;48.0;Centre
07268;Saint-Martin-d'Ardèche;633;221.0;42.0;242.0;128.0;Extrême-Droite
07269;Saint-Martin-de-Valamas;695;232.0;46.0;198.0;219.0;Centre
07270;Saint-Martin-sur-Lavezon;291;67.0;21.0;93.0;110.0;Gauche
07272;Saint-Maurice-d'Ardèche;232;98.0;15.0;61.0;58.0;Centre
07273;Saint-Maurice-d'Ibie;156;39.0;14.0;41.0;62.0;Gauche
07274;Saint-Maurice-en-Chalencon;138;40.0;9.0;36.0;53.0;Gauche
07275;Saint-Mélany;78;25.0;7.0;8.0;38.0;Gauche
07276;Saint-Michel-d'Aurance;181;56.0;15.0;64.0;46.0;Extrême-Droite
07277;Saint-Michel-de-Boulogne;94;23.0;8.0;27.0;36.0;Gauche
07278;Saint-Michel-de-Chabrillanoux;284;71.0;5.0;28.0;180.0;Gauche
07279;Saint-Montan;1288;346.0;76.0;505.0;361.0;Extrême-Droite
07280;Saint-Paul-le-Jeune;613;153.0;40.0;204.0;216.0;Gauche
07281;Saint-Péray;5035;2137.0;396.0;1373.0;1129.0;Centre
07282;Saint-Pierre-de-Colombier;330;66.0;13.0;175.0;76.0;Extrême-Droite
07283;Saint-Pierre-la-Roche;36;6.0;0.0;16.0;14.0;Extrême-Droite
07284;Saint-Pierre-Saint-Jean;133;49.0;8.0;26.0;50.0;Gauche
07285;Saint-Pierre-sur-Doux;63;13.0;12.0;18.0;20.0;Gauche
07286;Saint-Pierreville;306;99.0;23.0;75.0;109.0;Gauche
07287;Saint-Pons;222;82.0;26.0;51.0;63.0;Centre
07288;Saint-Priest;884;304.0;43.0;266.0;271.0;Centre
07289;Saint-Privat;1073;331.0;57.0;352.0;333.0;Extrême-Droite
07290;Saint-Prix;191;54.0;9.0;60.0;68.0;Gauche
07291;Saint-Remèze;659;157.0;48.0;299.0;155.0;Extrême-Droite
07292;Saint-Romain-d'Ay;734;230.0;46.0;274.0;184.0;Extrême-Droite
07293;Saint-Romain-de-Lerps;597;195.0;58.0;216.0;128.0;Extrême-Droite
07294;Saint-Sauveur-de-Cruzières;352;115.0;22.0;141.0;74.0;Extrême-Droite
07295;Saint-Sauveur-de-Montagut;666;212.0;52.0;193.0;209.0;Centre
07296;Saint-Sernin;1121;335.0;77.0;432.0;277.0;Extrême-Droite
07297;Saint-Sylvestre;330;87.0;39.0;146.0;58.0;Extrême-Droite
07298;Saint-Symphorien-sous-Chomérac;567;192.0;22.0;188.0;165.0;Centre
07299;Saint-Symphorien-de-Mahun;102;33.0;11.0;24.0;34.0;Gauche
07300;Saint-Thomé;304;98.0;17.0;113.0;76.0;Extrême-Droite
07301;Saint-Victor;636;179.0;46.0;257.0;154.0;Extrême-Droite
07302;Saint-Vincent-de-Barrès;495;131.0;35.0;176.0;153.0;Extrême-Droite
07303;Saint-Vincent-de-Durfort;187;58.0;10.0;41.0;78.0;Gauche
07304;Salavas;477;161.0;29.0;131.0;156.0;Centre
07305;Salelles (Les);228;81.0;16.0;34.0;97.0;Gauche
07306;Sampzon;175;41.0;10.0;73.0;51.0;Extrême-Droite
07307;Sanilhac;315;95.0;12.0;74.0;134.0;Gauche
07308;Sarras;1236;408.0;71.0;453.0;304.0;Extrême-Droite
07309;Satillieu;958;323.0;90.0;323.0;222.0;Centre
07310;Savas;646;231.0;52.0;220.0;143.0;Centre
07311;Sceautres;98;32.0;8.0;20.0;38.0;Gauche
07312;Sécheras;365;100.0;28.0;125.0;112.0;Extrême-Droite
07313;Serrières;551;175.0;52.0;223.0;101.0;Extrême-Droite
07314;Silhac;289;84.0;20.0;66.0;119.0;Gauche
07315;Souche (La);276;65.0;22.0;82.0;107.0;Gauche
07316;Soyons;1512;644.0;124.0;421.0;323.0;Centre
07317;Talencieux;742;253.0;65.0;270.0;154.0;Extrême-Droite
07318;Tauriers;141;42.0;6.0;44.0;49.0;Gauche
07319;Teil (Le);4026;946.0;200.0;1612.0;1268.0;Extrême-Droite
07321;Thorrenc;160;53.0;18.0;60.0;29.0;Extrême-Droite
07322;Thueyts;768;193.0;58.0;352.0;165.0;Extrême-Droite
07323;Toulaud;1124;434.0;70.0;331.0;289.0;Centre
07324;Tournon-sur-Rhône;5744;2181.0;421.0;1580.0;1562.0;Centre
07325;Ucel;1217;393.0;100.0;402.0;322.0;Extrême-Droite
07326;Usclades-et-Rieutord;79;29.0;7.0;28.0;15.0;Centre
07327;Uzer;252;91.0;17.0;62.0;82.0;Centre
07328;Vagnas;357;116.0;22.0;99.0;120.0;Gauche
07329;Valgorge;253;51.0;9.0;74.0;119.0;Gauche
07330;Vallon-Pont-d'Arc;1484;457.0;73.0;482.0;472.0;Extrême-Droite
07331;Vals-les-Bains;2119;578.0;194.0;743.0;604.0;Extrême-Droite
07332;Valvignères;324;109.0;27.0;86.0;102.0;Centre
07333;Vanosc;571;172.0;51.0;185.0;163.0;Extrême-Droite
07334;Vans (Les);1679;513.0;117.0;368.0;681.0;Gauche
07335;Vaudevant;136;51.0;9.0;37.0;39.0;Centre
07336;Vernon;166;57.0;14.0;36.0;59.0;Gauche
07337;Vernosc-lès-Annonay;1624;573.0;138.0;561.0;352.0;Centre
07338;Vernoux-en-Vivarais;1132;352.0;100.0;344.0;336.0;Centre
07339;Vesseaux;1277;403.0;83.0;414.0;377.0;Extrême-Droite
07340;Veyras;1019;340.0;88.0;258.0;333.0;Centre
07341;Villeneuve-de-Berg;1582;467.0;124.0;507.0;484.0;Extrême-Droite
07342;Villevocance;694;195.0;67.0;288.0;144.0;Extrême-Droite
07343;Vinezac;874;233.0;59.0;265.0;317.0;Gauche
07344;Vinzieux;296;102.0;20.0;99.0;75.0;Centre
07345;Vion;605;205.0;37.0;181.0;182.0;Centre
07346;Viviers;2075;513.0;119.0;847.0;596.0;Extrême-Droite
07347;Vocance;348;68.0;23.0;149.0;108.0;Extrême-Droite
07348;Vogüé;613;180.0;43.0;195.0;195.0;Gauche
07349;Voulte-sur-Rhône (La);2339;675.0;119.0;843.0;702.0;Extrême-Droite
15001;Allanche;486;170.0;47.0;164.0;105.0;Centre
15002;Alleuze;159;58.0;18.0;60.0;23.0;Extrême-Droite
15003;Ally;392;134.0;51.0;125.0;82.0;Centre
15004;Andelat;275;112.0;15.0;93.0;55.0;Centre
15005;Anglards-de-Saint-Flour;248;69.0;35.0;87.0;57.0;Extrême-Droite
15006;Anglards-de-Salers;476;209.0;57.0;135.0;75.0;Centre
15007;Anterrieux;89;45.0;11.0;26.0;7.0;Centre
15008;Antignac;187;69.0;16.0;58.0;44.0;Centre
15009;Apchon;142;54.0;22.0;32.0;34.0;Centre
15010;Arches;135;53.0;8.0;37.0;37.0;Centre
15011;Arnac;148;58.0;12.0;40.0;38.0;Centre
15012;Arpajon-sur-Cère;3924;1534.0;363.0;1159.0;868.0;Centre
15013;Auriac-l'Eglise;141;41.0;17.0;59.0;24.0;Extrême-Droite
15014;Aurillac;12259;5042.0;906.0;2932.0;3379.0;Centre
15015;Auzers;132;66.0;16.0;23.0;27.0;Centre
15016;Ayrens;380;123.0;36.0;142.0;79.0;Extrême-Droite
15017;Badailhac;82;33.0;4.0;39.0;6.0;Extrême-Droite
15018;Barriac-les-Bosquets;79;33.0;9.0;21.0;16.0;Centre
15019;Bassignac;157;68.0;11.0;29.0;49.0;Centre
15020;Beaulieu;66;21.0;5.0;20.0;20.0;Centre
15021;Boisset;424;172.0;35.0;125.0;92.0;Centre
15022;Bonnac;127;48.0;14.0;43.0;22.0;Centre
15024;Brageac;57;7.0;13.0;22.0;15.0;Extrême-Droite
15025;Albepierre-Bredons;204;93.0;28.0;43.0;40.0;Centre
15026;Brezons;132;37.0;31.0;44.0;20.0;Extrême-Droite
15027;Puycapel;478;248.0;61.0;106.0;63.0;Centre
15028;Carlat;236;73.0;29.0;85.0;49.0;Extrême-Droite
15029;Cassaniouze;327;157.0;30.0;85.0;55.0;Centre
15030;Cayrols;192;65.0;22.0;59.0;46.0;Centre
15032;Celoux;53;19.0;11.0;13.0;10.0;Centre
15033;Cézens;174;69.0;30.0;53.0;22.0;Centre
15034;Chaliers;108;48.0;15.0;24.0;21.0;Centre
15036;Chalvignac;316;97.0;33.0;125.0;61.0;Extrême-Droite
15037;Champagnac;643;221.0;40.0;229.0;153.0;Extrême-Droite
15038;Champs-sur-Tarentaine-Marchal;595;214.0;46.0;136.0;199.0;Centre
15040;Chanterelle;78;29.0;6.0;25.0;18.0;Centre
15041;La Chapelle-d'Alagnon;162;75.0;13.0;46.0;28.0;Centre
15042;La Chapelle-Laurent;191;83.0;20.0;72.0;16.0;Centre
15043;Charmensac;62;22.0;8.0;19.0;13.0;Centre
15045;Chaudes-Aigues;507;216.0;63.0;164.0;64.0;Centre
15046;Chaussenac;155;51.0;17.0;55.0;32.0;Extrême-Droite
15048;Chazelles;30;13.0;0.0;12.0;5.0;Centre
15049;Cheylade;174;67.0;49.0;33.0;25.0;Centre
15050;Le Claux;143;70.0;26.0;26.0;21.0;Centre
15051;Clavières;140;45.0;20.0;50.0;25.0;Extrême-Droite
15052;Collandres;134;51.0;16.0;39.0;28.0;Centre
15053;Coltines;307;86.0;17.0;132.0;72.0;Extrême-Droite
15054;Condat;519;182.0;62.0;166.0;109.0;Centre
15055;Coren;327;114.0;47.0;110.0;56.0;Centre
15056;Crandelles;506;218.0;35.0;144.0;109.0;Centre
15057;Cros-de-Montvert;131;44.0;18.0;44.0;25.0;Centre
15058;Cros-de-Ronesque;112;52.0;1.0;41.0;18.0;Centre
15059;Cussac;95;36.0;14.0;20.0;25.0;Centre
15060;Deux-Verges;37;11.0;5.0;16.0;5.0;Extrême-Droite
15061;Dienne;196;79.0;33.0;54.0;30.0;Centre
15063;Drugeac;240;93.0;27.0;79.0;41.0;Centre
15064;Escorailles;65;31.0;13.0;14.0;7.0;Centre
15065;Espinasse;55;18.0;17.0;17.0;3.0;Centre
15066;Le Falgoux;101;46.0;6.0;24.0;25.0;Centre
15067;Le Fau;35;14.0;5.0;3.0;13.0;Centre
15069;Ferrières-Saint-Mary;179;61.0;31.0;55.0;32.0;Centre
15070;Fontanges;165;72.0;13.0;41.0;39.0;Centre
15072;Freix-Anglards;153;48.0;17.0;65.0;23.0;Extrême-Droite
15073;Fridefont;70;35.0;12.0;21.0;2.0;Centre
15074;Giou-de-Mamou;500;198.0;42.0;149.0;111.0;Centre
15075;Girgols;62;23.0;6.0;23.0;10.0;Centre
15076;Glénat;128;41.0;6.0;46.0;35.0;Extrême-Droite
15077;Gourdièges;51;20.0;5.0;26.0;0.0;Extrême-Droite
15078;Jabrun;106;43.0;20.0;36.0;7.0;Centre
15079;Jaleyrac;283;83.0;32.0;114.0;54.0;Extrême-Droite
15080;Joursac;125;39.0;6.0;63.0;17.0;Extrême-Droite
15081;Jou-sous-Monjou;75;28.0;11.0;27.0;9.0;Centre
15082;Junhac;214;122.0;29.0;35.0;28.0;Centre
15083;Jussac;1245;508.0;96.0;398.0;243.0;Centre
15084;Labesserette;179;83.0;20.0;57.0;19.0;Centre
15085;Labrousse;326;109.0;21.0;139.0;57.0;Extrême-Droite
15086;Lacapelle-Barrès;34;9.0;7.0;14.0;4.0;Extrême-Droite
15087;Lacapelle-del-Fraisse;215;104.0;14.0;60.0;37.0;Centre
15088;Lacapelle-Viescamp;349;151.0;20.0;111.0;67.0;Centre
15089;Ladinhac;297;114.0;30.0;93.0;60.0;Centre
15090;Lafeuillade-en-Vézie;361;143.0;40.0;119.0;59.0;Centre
15091;Landeyrat;72;34.0;3.0;25.0;10.0;Centre
15092;Lanobre;941;361.0;91.0;261.0;228.0;Centre
15093;Lapeyrugue;57;20.0;11.0;15.0;11.0;Centre
15094;Laroquebrou;482;178.0;40.0;142.0;122.0;Centre
15095;Laroquevieille;232;71.0;21.0;104.0;36.0;Extrême-Droite
15096;Lascelle;167;62.0;18.0;62.0;25.0;Centre
15097;Lastic;68;25.0;7.0;29.0;7.0;Extrême-Droite
15098;Laurie;64;22.0;8.0;25.0;9.0;Extrême-Droite
15100;Laveissenet;80;27.0;10.0;29.0;14.0;Extrême-Droite
15101;Laveissière;372;142.0;24.0;136.0;70.0;Centre
15102;Lavigerie;81;38.0;9.0;27.0;7.0;Centre
15103;Leucamp;157;52.0;22.0;58.0;25.0;Extrême-Droite
15104;Leynhac;206;83.0;20.0;61.0;42.0;Centre
15105;Leyvaux;34;15.0;4.0;9.0;6.0;Centre
15106;Lieutadès;118;50.0;20.0;39.0;9.0;Centre
15107;Lorcières;129;50.0;20.0;31.0;28.0;Centre
15108;Val d'Arcomie;674;277.0;71.0;213.0;113.0;Centre
15110;Lugarde;97;48.0;14.0;23.0;12.0;Centre
15111;Madic;138;62.0;12.0;37.0;27.0;Centre
15112;Malbo;79;24.0;8.0;37.0;10.0;Extrême-Droite
15113;Mandailles-Saint-Julien;180;74.0;17.0;51.0;38.0;Centre
15114;Marcenat;327;147.0;30.0;98.0;52.0;Centre
15116;Marchastel;116;53.0;26.0;24.0;13.0;Centre
15117;Marcolès;416;190.0;59.0;98.0;69.0;Centre
15118;Marmanhac;467;185.0;43.0;151.0;88.0;Centre
15119;Massiac;1049;441.0;77.0;320.0;211.0;Centre
15120;Mauriac;1891;742.0;164.0;562.0;423.0;Centre
15121;Maurines;65;17.0;8.0;36.0;4.0;Extrême-Droite
15122;Maurs;1229;499.0;94.0;281.0;355.0;Centre
15123;Méallet;115;56.0;14.0;28.0;17.0;Centre
15124;Menet;371;112.0;42.0;110.0;107.0;Centre
15125;Mentières;86;31.0;13.0;33.0;9.0;Extrême-Droite
15126;Molèdes;77;31.0;19.0;23.0;4.0;Centre
15127;Molompize;215;67.0;19.0;73.0;56.0;Extrême-Droite
15128;La Monselie;100;39.0;10.0;27.0;24.0;Centre
15129;Montboudif;136;41.0;17.0;55.0;23.0;Extrême-Droite
15130;Montchamp;84;39.0;8.0;32.0;5.0;Centre
15131;Le Monteil;187;66.0;25.0;49.0;47.0;Centre
15132;Montgreleix;39;22.0;4.0;11.0;2.0;Centre
15133;Montmurat;81;26.0;4.0;41.0;10.0;Extrême-Droite
15134;Montsalvy;510;229.0;58.0;143.0;80.0;Centre
15135;Montvert;87;27.0;14.0;29.0;17.0;Extrême-Droite
15137;Moussages;180;78.0;25.0;36.0;41.0;Centre
15138;Murat;1053;445.0;92.0;305.0;211.0;Centre
15139;Narnhac;45;21.0;8.0;11.0;5.0;Centre
15140;Naucelles;1323;522.0;104.0;392.0;305.0;Centre
15141;Neussargues en Pinatelle;1144;429.0;113.0;373.0;229.0;Centre
15142;Neuvéglise-sur-Truyère;1190;487.0;135.0;383.0;185.0;Centre
15143;Nieudan;91;26.0;15.0;26.0;24.0;Centre
15144;Omps;202;78.0;15.0;56.0;53.0;Centre
15146;Pailherols;141;58.0;37.0;33.0;13.0;Centre
15147;Parlan;254;134.0;16.0;59.0;45.0;Centre
15148;Paulhac;296;132.0;43.0;83.0;38.0;Centre
15149;Paulhenc;124;39.0;31.0;43.0;11.0;Extrême-Droite
15151;Peyrusse;100;35.0;23.0;32.0;10.0;Centre
15152;Pierrefort;495;209.0;65.0;134.0;87.0;Centre
15153;Pleaux;993;405.0;101.0;319.0;168.0;Centre
15154;Polminhac;747;276.0;53.0;279.0;139.0;Extrême-Droite
15155;Pradiers;61;26.0;3.0;21.0;11.0;Centre
15156;Prunet;404;164.0;43.0;144.0;53.0;Centre
15157;Quézac;201;71.0;20.0;62.0;48.0;Centre
15158;Rageade;59;21.0;10.0;18.0;10.0;Centre
15159;Raulhac;189;93.0;29.0;39.0;28.0;Centre
15160;Reilhac;664;259.0;52.0;178.0;175.0;Centre
15161;Rézentières;77;27.0;4.0;37.0;9.0;Extrême-Droite
15162;Riom-ès-Montagnes;1397;564.0;129.0;391.0;313.0;Centre
15163;Roannes-Saint-Mary;675;275.0;61.0;204.0;135.0;Centre
15164;Roffiac;387;140.0;51.0;139.0;57.0;Centre
15165;Rouffiac;118;37.0;11.0;51.0;19.0;Extrême-Droite
15166;Roumégoux;215;105.0;15.0;44.0;51.0;Centre
15167;Rouziers;80;39.0;6.0;14.0;21.0;Centre
15168;Ruynes-en-Margeride;446;178.0;23.0;160.0;85.0;Centre
15169;Saignes;464;152.0;46.0;177.0;89.0;Extrême-Droite
15170;Saint-Amandin;180;56.0;16.0;73.0;35.0;Extrême-Droite
15172;Saint-Antoine;68;36.0;8.0;15.0;9.0;Centre
15173;Saint-Bonnet-de-Condat;94;32.0;9.0;30.0;23.0;Centre
15174;Saint-Bonnet-de-Salers;195;83.0;39.0;58.0;15.0;Centre
15175;Saint-Cernin;636;233.0;71.0;233.0;99.0;Centre
15176;Saint-Chamant;172;59.0;27.0;63.0;23.0;Extrême-Droite
15178;Saint-Cirgues-de-Jordanne;90;30.0;9.0;32.0;19.0;Extrême-Droite
15179;Saint-Cirgues-de-Malbert;181;63.0;31.0;56.0;31.0;Centre
15180;Saint-Clément;54;24.0;14.0;11.0;5.0;Centre
15181;Saint-Constant-Fournoulès;375;183.0;47.0;85.0;60.0;Centre
15182;Saint-Etienne-Cantalès;84;32.0;10.0;22.0;20.0;Centre
15183;Saint-Etienne-de-Carlat;89;17.0;15.0;29.0;28.0;Extrême-Droite
15184;Saint-Etienne-de-Maurs;489;218.0;52.0;133.0;86.0;Centre
15185;Saint-Etienne-de-Chomeil;176;68.0;18.0;49.0;41.0;Centre
15186;Sainte-Eulalie;147;46.0;17.0;46.0;38.0;Centre
15187;Saint-Flour;3065;1212.0;287.0;1001.0;565.0;Centre
15188;Saint-Georges;790;282.0;59.0;334.0;115.0;Extrême-Droite
15189;Saint-Gérons;154;54.0;7.0;58.0;35.0;Extrême-Droite
15190;Saint-Hippolyte;74;28.0;20.0;15.0;11.0;Centre
15191;Saint-Illide;374;144.0;39.0;136.0;55.0;Centre
15192;Saint-Jacques-des-Blats;194;58.0;21.0;68.0;47.0;Extrême-Droite
15194;Saint-Julien-de-Toursac;92;50.0;9.0;9.0;24.0;Centre
15196;Saint-Mamet-la-Salvetat;909;336.0;82.0;318.0;173.0;Centre
15198;Sainte-Marie;87;31.0;15.0;33.0;8.0;Extrême-Droite
15199;Saint-Martial;52;21.0;5.0;16.0;10.0;Centre
15200;Saint-Martin-Cantalès;112;43.0;7.0;45.0;17.0;Extrême-Droite
15201;Saint-Martin-sous-Vigouroux;151;62.0;16.0;61.0;12.0;Centre
15202;Saint-Martin-Valmeroux;465;175.0;43.0;140.0;107.0;Centre
15203;Saint-Mary-le-Plain;135;60.0;13.0;39.0;23.0;Centre
15204;Saint-Paul-des-Landes;1012;362.0;74.0;354.0;222.0;Centre
15205;Saint-Paul-de-Salers;95;26.0;23.0;26.0;20.0;Centre
15206;Saint-Pierre;127;48.0;10.0;46.0;23.0;Centre
15207;Saint-Poncy;229;89.0;21.0;71.0;48.0;Centre
15208;Saint-Projet-de-Salers;101;37.0;17.0;24.0;23.0;Centre
15209;Saint-Rémy-de-Chaudes-Aigues;108;46.0;16.0;34.0;12.0;Centre
15211;Saint-Santin-Cantalès;188;66.0;12.0;81.0;29.0;Extrême-Droite
15212;Saint-Santin-de-Maurs;201;84.0;10.0;68.0;39.0;Centre
15213;Saint-Saturnin;151;56.0;20.0;49.0;26.0;Centre
15214;Saint-Saury;150;53.0;14.0;42.0;41.0;Centre
15215;Saint-Simon;777;320.0;73.0;211.0;173.0;Centre
15216;Saint-Urcize;280;142.0;27.0;74.0;37.0;Centre
15217;Saint-Victor;69;25.0;18.0;15.0;11.0;Centre
15218;Saint-Vincent-de-Salers;60;25.0;5.0;16.0;14.0;Centre
15219;Salers;210;101.0;29.0;46.0;34.0;Centre
15220;Salins;112;43.0;14.0;31.0;24.0;Centre
15221;Sansac-de-Marmiesse;901;367.0;55.0;283.0;196.0;Centre
15222;Sansac-Veinazès;136;56.0;21.0;25.0;34.0;Centre
15223;Sauvat;136;57.0;12.0;40.0;27.0;Centre
15224;La Ségalassière;88;22.0;14.0;14.0;38.0;Gauche
15225;Ségur-les-Villas;142;62.0;26.0;40.0;14.0;Centre
15226;Sénezergues;119;55.0;14.0;34.0;16.0;Centre
15228;Siran;378;169.0;35.0;103.0;71.0;Centre
15229;Soulages;68;21.0;23.0;21.0;3.0;Droite
15230;Sourniac;131;34.0;9.0;46.0;42.0;Extrême-Droite
15231;Talizat;386;132.0;50.0;129.0;75.0;Centre
15232;Tanavelle;137;47.0;10.0;54.0;26.0;Extrême-Droite
15233;Teissières-de-Cornet;194;79.0;20.0;51.0;44.0;Centre
15234;Teissières-lès-Bouliès;234;95.0;36.0;66.0;37.0;Centre
15235;Les Ternes;376;109.0;39.0;157.0;71.0;Extrême-Droite
15236;Thiézac;428;167.0;43.0;123.0;95.0;Centre
15237;Tiviers;118;50.0;20.0;29.0;19.0;Centre
15238;Tournemire;94;38.0;11.0;33.0;12.0;Centre
15240;Trémouille;127;46.0;12.0;26.0;43.0;Centre
15241;La Trinitat;40;25.0;6.0;6.0;3.0;Centre
15242;Le Trioulou;72;38.0;10.0;13.0;11.0;Centre
15243;Trizac;330;118.0;44.0;113.0;55.0;Centre
15244;Ussel;280;111.0;24.0;116.0;29.0;Extrême-Droite
15245;Vabres;189;68.0;19.0;63.0;39.0;Centre
15246;Valette;173;56.0;21.0;67.0;29.0;Extrême-Droite
15247;Valjouze;25;9.0;7.0;4.0;5.0;Centre
15248;Valuéjols;397;159.0;46.0;123.0;69.0;Centre
15249;Le Vaulmier;63;31.0;10.0;12.0;10.0;Centre
15250;Vebret;303;77.0;27.0;110.0;89.0;Extrême-Droite
15251;Védrines-Saint-Loup;112;40.0;19.0;33.0;20.0;Centre
15252;Velzic;289;102.0;29.0;91.0;67.0;Centre
15253;Vernols;47;22.0;5.0;12.0;8.0;Centre
15254;Veyrières;96;33.0;5.0;27.0;31.0;Centre
15255;Vézac;843;305.0;72.0;279.0;187.0;Centre
15256;Vèze;65;16.0;10.0;25.0;14.0;Extrême-Droite
15257;Vezels-Roussy;91;37.0;3.0;34.0;17.0;Centre
15258;Vic-sur-Cère;1128;451.0;99.0;337.0;241.0;Centre
15259;Vieillespesse;187;70.0;28.0;54.0;35.0;Centre
15260;Vieillevie;65;29.0;7.0;13.0;16.0;Centre
15261;Le Vigean;561;225.0;56.0;147.0;133.0;Centre
15262;Villedieu;378;148.0;33.0;118.0;79.0;Centre
15263;Virargues;108;41.0;15.0;32.0;20.0;Centre
15264;Vitrac;191;71.0;21.0;63.0;36.0;Centre
15265;Ydes;916;299.0;69.0;305.0;243.0;Extrême-Droite
15266;Yolet;410;139.0;44.0;128.0;99.0;Centre
15267;Ytrac;2699;1151.0;193.0;788.0;567.0;Centre
15268;Le Rouget-Pers;678;231.0;74.0;217.0;156.0;Centre
15269;Besse;86;30.0;9.0;25.0;22.0;Centre
26001;Solaure-en-Diois;306;100.0;15.0;89.0;102.0;Gauche
26002;Albon;1149;351.0;79.0;452.0;267.0;Extrême-Droite
26003;Aleyrac;39;11.0;3.0;17.0;8.0;Extrême-Droite
26004;Alixan;1590;564.0;131.0;548.0;347.0;Centre
26005;Allan;1153;419.0;81.0;450.0;203.0;Extrême-Droite
26006;Allex;1712;570.0;103.0;529.0;510.0;Centre
26007;Ambonil;101;36.0;16.0;39.0;10.0;Extrême-Droite
26008;Ancône;783;205.0;53.0;328.0;197.0;Extrême-Droite
26009;Andancette;673;210.0;43.0;265.0;155.0;Extrême-Droite
26010;Anneyron;2365;862.0;154.0;857.0;492.0;Centre
26011;Aouste-sur-Sye;1518;474.0;68.0;413.0;563.0;Gauche
26012;Arnayon;28;12.0;1.0;6.0;9.0;Centre
26013;Arpavon;57;20.0;4.0;10.0;23.0;Gauche
26014;Arthémonay;356;128.0;21.0;140.0;67.0;Extrême-Droite
26015;Aubenasson;47;12.0;2.0;1.0;32.0;Gauche
26016;Aubres;279;91.0;15.0;93.0;80.0;Extrême-Droite
26017;Aucelon;31;13.0;1.0;1.0;16.0;Gauche
26018;Aulan;33;9.0;8.0;15.0;1.0;Extrême-Droite
26019;Aurel;169;68.0;7.0;28.0;66.0;Centre
26020;La Répara-Auriples;182;55.0;12.0;57.0;58.0;Gauche
26021;Autichamp;115;34.0;9.0;29.0;43.0;Gauche
26022;Ballons;72;16.0;4.0;21.0;31.0;Gauche
26023;Barbières;624;200.0;37.0;210.0;177.0;Extrême-Droite
26024;Barcelonne;250;91.0;18.0;76.0;65.0;Centre
26025;Barnave;135;33.0;3.0;15.0;84.0;Gauche
26026;Barret-de-Lioure;54;13.0;5.0;19.0;17.0;Extrême-Droite
26027;Barsac;108;36.0;5.0;26.0;41.0;Gauche
26028;Bathernay;159;54.0;17.0;56.0;32.0;Extrême-Droite
26030;La Bâtie-des-Fonts;10;3.0;0.0;2.0;5.0;Gauche
26031;La Bâtie-Rolland;604;203.0;48.0;218.0;135.0;Extrême-Droite
26032;La Baume-Cornillane;317;135.0;14.0;66.0;102.0;Centre
26033;La Baume-de-Transit;533;172.0;50.0;201.0;110.0;Extrême-Droite
26034;La Baume-d'Hostun;342;106.0;28.0;129.0;79.0;Extrême-Droite
26035;Beaufort-sur-Gervanne;334;94.0;24.0;53.0;163.0;Gauche
26036;Beaumont-en-Diois;69;11.0;0.0;2.0;56.0;Gauche
26037;Beaumont-lès-Valence;2587;1013.0;182.0;805.0;587.0;Centre
26038;Beaumont-Monteux;810;282.0;65.0;324.0;139.0;Extrême-Droite
26039;Beauregard-Baret;532;166.0;33.0;213.0;120.0;Extrême-Droite
26040;Beaurières;71;29.0;5.0;13.0;24.0;Centre
26041;Beausemblant;887;285.0;93.0;317.0;192.0;Extrême-Droite
26042;Beauvallon;993;391.0;69.0;317.0;216.0;Centre
26043;Beauvoisin;119;27.0;11.0;31.0;50.0;Gauche
26045;La Bégude-de-Mazenc;1134;334.0;81.0;396.0;323.0;Extrême-Droite
26046;Bellecombe-Tarendol;57;18.0;7.0;13.0;19.0;Gauche
26047;Bellegarde-en-Diois;70;20.0;5.0;11.0;34.0;Gauche
26048;Bénivay-Ollon;59;21.0;3.0;11.0;24.0;Gauche
26049;Bésayes;806;255.0;71.0;288.0;192.0;Extrême-Droite
26050;Bésignan;50;14.0;6.0;13.0;17.0;Gauche
26051;Bézaudun-sur-Bîne;49;19.0;1.0;9.0;20.0;Gauche
26052;Bonlieu-sur-Roubion;286;97.0;21.0;105.0;63.0;Extrême-Droite
26054;Bouchet;868;229.0;72.0;381.0;186.0;Extrême-Droite
26055;Boulc;97;22.0;10.0;9.0;56.0;Gauche
26056;Bourdeaux;430;115.0;24.0;103.0;188.0;Gauche
26057;Bourg-de-Péage;5486;1802.0;358.0;1849.0;1477.0;Extrême-Droite
26058;Bourg-lès-Valence;10551;3658.0;757.0;3146.0;2990.0;Centre
26059;Bouvante;165;55.0;15.0;49.0;46.0;Centre
26060;Bouvières;112;24.0;5.0;36.0;47.0;Gauche
26061;Bren;421;161.0;30.0;151.0;79.0;Centre
26062;Brette;32;18.0;2.0;3.0;9.0;Centre
26063;Buis-les-Baronnies;1335;420.0;101.0;339.0;475.0;Gauche
26064;Chabeuil;4581;1791.0;375.0;1329.0;1086.0;Centre
26065;Chabrillan;476;162.0;51.0;130.0;133.0;Centre
26066;Le Chaffal;32;14.0;4.0;10.0;4.0;Centre
26067;Chalancon;49;13.0;3.0;14.0;19.0;Gauche
26068;Le Chalon;145;38.0;18.0;46.0;43.0;Extrême-Droite
26069;Chamaloc;104;35.0;8.0;22.0;39.0;Gauche
26070;Chamaret;347;104.0;20.0;148.0;75.0;Extrême-Droite
26071;Chanos-Curson;753;282.0;58.0;263.0;150.0;Centre
26072;Chantemerle-les-Blés;755;298.0;39.0;244.0;174.0;Centre
26073;Chantemerle-lès-Grignan;203;71.0;21.0;52.0;59.0;Centre
26074;La Chapelle-en-Vercors;569;194.0;53.0;131.0;191.0;Centre
26075;La Charce;35;13.0;1.0;12.0;9.0;Centre
26076;Charens;35;12.0;3.0;2.0;18.0;Gauche
26077;Charmes-sur-l'Herbasse;529;159.0;45.0;199.0;126.0;Extrême-Droite
26078;Charols;555;182.0;41.0;189.0;143.0;Extrême-Droite
26079;Charpey;910;336.0;79.0;317.0;178.0;Centre
26080;Chastel-Arnaud;32;10.0;0.0;7.0;15.0;Gauche
26081;Châteaudouble;428;155.0;40.0;93.0;140.0;Centre
26082;Châteauneuf-de-Bordette;76;35.0;2.0;15.0;24.0;Centre
26083;Châteauneuf-de-Galaure;994;313.0;113.0;389.0;179.0;Extrême-Droite
26084;Châteauneuf-sur-Isère;2635;921.0;237.0;1002.0;475.0;Extrême-Droite
26085;Châteauneuf-du-Rhône;1667;475.0;106.0;758.0;328.0;Extrême-Droite
26086;Châtillon-en-Diois;516;189.0;45.0;102.0;180.0;Centre
26087;Châtillon-Saint-Jean;839;294.0;52.0;282.0;211.0;Centre
26088;Chatuzange-le-Goubet;3832;1284.0;280.0;1470.0;798.0;Extrême-Droite
26089;Chaudebonne;49;16.0;3.0;16.0;14.0;Centre
26090;La Chaudière;26;9.0;3.0;2.0;12.0;Gauche
26091;Chauvac-Laux-Montaux;40;13.0;2.0;16.0;9.0;Extrême-Droite
26092;Chavannes;433;159.0;37.0;153.0;84.0;Centre
26093;Clansayes;365;112.0;38.0;143.0;72.0;Extrême-Droite
26094;Claveyson;555;151.0;45.0;238.0;121.0;Extrême-Droite
26095;Cléon-d'Andran;589;201.0;27.0;241.0;120.0;Extrême-Droite
26096;Clérieux;1154;327.0;67.0;501.0;259.0;Extrême-Droite
26097;Cliousclat;417;153.0;18.0;134.0;112.0;Centre
26098;Cobonne;130;36.0;4.0;22.0;68.0;Gauche
26099;Colonzelle;352;115.0;20.0;143.0;74.0;Extrême-Droite
26100;Combovin;310;107.0;22.0;79.0;102.0;Centre
26101;Comps;112;37.0;14.0;17.0;44.0;Gauche
26102;Condillac;100;41.0;5.0;30.0;24.0;Centre
26103;Condorcet;266;86.0;26.0;78.0;76.0;Centre
26104;Cornillac;59;20.0;2.0;11.0;26.0;Gauche
26105;Cornillon-sur-l'Oule;46;19.0;3.0;8.0;16.0;Centre
26106;La Coucourde;646;131.0;39.0;346.0;130.0;Extrême-Droite
26107;Crépol;322;116.0;21.0;113.0;72.0;Centre
26108;Crest;5203;1486.0;348.0;1090.0;2279.0;Gauche
26110;Crozes-Hermitage;413;198.0;22.0;113.0;80.0;Centre
26111;Crupies;72;27.0;7.0;17.0;21.0;Centre
26112;Curnier;154;35.0;13.0;53.0;53.0;Gauche
26113;Die;2933;880.0;126.0;432.0;1495.0;Gauche
26114;Dieulefit;2070;682.0;117.0;340.0;931.0;Gauche
26115;Divajeu;404;121.0;32.0;118.0;133.0;Gauche
26116;Donzère;3322;763.0;210.0;1497.0;852.0;Extrême-Droite
26117;Echevis;51;15.0;1.0;9.0;26.0;Gauche
26118;Epinouze;897;269.0;80.0;375.0;173.0;Extrême-Droite
26119;Erôme;506;161.0;34.0;198.0;113.0;Extrême-Droite
26121;Espeluche;768;229.0;79.0;292.0;168.0;Extrême-Droite
26122;Espenel;124;28.0;1.0;11.0;84.0;Gauche
26123;Establet;27;9.0;0.0;4.0;14.0;Gauche
26124;Etoile-sur-Rhône;3188;1196.0;281.0;1057.0;654.0;Centre
26125;Eurre;955;342.0;63.0;232.0;318.0;Centre
26126;Eygalayes;73;23.0;2.0;25.0;23.0;Extrême-Droite
26127;Eygaliers;80;29.0;3.0;26.0;22.0;Centre
26128;Eygluy-Escoulin;52;19.0;2.0;8.0;23.0;Gauche
26129;Eymeux;563;174.0;49.0;213.0;127.0;Extrême-Droite
26130;Eyroles;24;4.0;3.0;14.0;3.0;Extrême-Droite
26131;Eyzahut;112;28.0;5.0;23.0;56.0;Gauche
26133;Fay-le-Clos;121;54.0;4.0;26.0;37.0;Centre
26134;Félines-sur-Rimandoule;56;18.0;4.0;3.0;31.0;Gauche
26135;Ferrassières;85;21.0;7.0;46.0;11.0;Extrême-Droite
26136;Val-Maravel;47;13.0;5.0;9.0;20.0;Gauche
26137;Francillon-sur-Roubion;130;39.0;2.0;26.0;63.0;Gauche
26138;La Garde-Adhémar;796;259.0;55.0;310.0;172.0;Extrême-Droite
26139;Génissieux;1586;637.0;133.0;508.0;308.0;Centre
26140;Geyssans;453;151.0;35.0;144.0;123.0;Centre
26141;Gigors-et-Lozeron;144;42.0;4.0;12.0;86.0;Gauche
26142;Glandage;108;31.0;2.0;20.0;55.0;Gauche
26143;Le Grand-Serre;475;137.0;51.0;188.0;99.0;Extrême-Droite
26144;Grane;1198;385.0;72.0;359.0;382.0;Centre
26145;Les Granges-Gontardes;408;121.0;35.0;147.0;105.0;Extrême-Droite
26146;Grignan;1198;453.0;112.0;349.0;284.0;Centre
26147;Gumiane;23;7.0;0.0;9.0;7.0;Extrême-Droite
26148;Hauterives;1162;380.0;133.0;422.0;227.0;Extrême-Droite
26149;Hostun;615;217.0;41.0;206.0;151.0;Centre
26150;Izon-la-Bruisse;11;8.0;0.0;1.0;2.0;Centre
26152;Jonchères;30;12.0;5.0;4.0;9.0;Centre
26153;Laborel;70;27.0;1.0;16.0;26.0;Centre
26154;Lachau;161;46.0;4.0;47.0;64.0;Gauche
26155;Lapeyrouse-Mornay;660;163.0;53.0;322.0;122.0;Extrême-Droite
26156;Larnage;735;323.0;73.0;210.0;129.0;Centre
26157;La Laupie;482;168.0;37.0;183.0;94.0;Extrême-Droite
26159;Laval-d'Aix;99;41.0;1.0;19.0;38.0;Centre
26160;Laveyron;666;196.0;51.0;221.0;198.0;Extrême-Droite
26161;Lemps;27;8.0;1.0;9.0;9.0;Gauche
26162;Lens-Lestang;540;138.0;40.0;255.0;107.0;Extrême-Droite
26163;Léoncel;40;20.0;2.0;12.0;6.0;Centre
26164;Lesches-en-Diois;67;30.0;4.0;12.0;21.0;Centre
26165;Livron-sur-Drôme;5136;1581.0;324.0;2068.0;1163.0;Extrême-Droite
26166;Loriol-sur-Drôme;3233;966.0;234.0;1197.0;836.0;Extrême-Droite
26167;Luc-en-Diois;363;111.0;22.0;63.0;167.0;Gauche
26168;Lus-la-Croix-Haute;368;115.0;28.0;91.0;134.0;Gauche
26169;Malataverne;1346;451.0;90.0;521.0;284.0;Extrême-Droite
26170;Malissard;2264;900.0;200.0;640.0;524.0;Centre
26171;Manas;135;43.0;7.0;29.0;56.0;Gauche
26172;Manthes;378;100.0;22.0;170.0;86.0;Extrême-Droite
26173;Marches;562;201.0;51.0;191.0;119.0;Centre
26174;Margès;614;213.0;41.0;217.0;143.0;Extrême-Droite
26175;Marignac-en-Diois;148;51.0;6.0;26.0;65.0;Gauche
26176;Marsanne;957;343.0;78.0;291.0;245.0;Centre
26177;Marsaz;405;140.0;30.0;129.0;106.0;Centre
26178;Menglon;343;88.0;17.0;51.0;187.0;Gauche
26179;Mercurol-Veaunes;1747;694.0;160.0;590.0;303.0;Centre
26180;Mérindol-les-Oliviers;138;51.0;19.0;45.0;23.0;Centre
26181;Mévouillon;155;33.0;13.0;55.0;54.0;Extrême-Droite
26182;Mirabel-aux-Baronnies;1005;330.0;70.0;313.0;292.0;Centre
26183;Mirabel-et-Blacons;685;230.0;29.0;160.0;266.0;Gauche
26185;Mirmande;400;168.0;31.0;79.0;122.0;Centre
26186;Miscon;53;22.0;3.0;7.0;21.0;Centre
26188;Mollans-sur-Ouvèze;656;196.0;53.0;201.0;206.0;Gauche
26189;Montauban-sur-l'Ouvèze;96;27.0;5.0;20.0;44.0;Gauche
26190;Montaulieu;64;19.0;2.0;13.0;30.0;Gauche
26191;Montboucher-sur-Jabron;1604;579.0;105.0;604.0;316.0;Extrême-Droite
26192;Montbrison sur Lez;195;62.0;25.0;69.0;39.0;Extrême-Droite
26193;Montbrun-les-Bains;280;79.0;16.0;74.0;111.0;Gauche
26194;Montchenu;422;132.0;44.0;132.0;114.0;Centre
26195;Montclar-sur-Gervanne;132;33.0;11.0;42.0;46.0;Gauche
26196;Montéléger;1015;426.0;98.0;267.0;224.0;Centre
26197;Montélier;2695;1126.0;272.0;768.0;529.0;Centre
26198;Montélimar;19064;6234.0;1357.0;6277.0;5196.0;Extrême-Droite
26199;Montferrand-la-Fare;25;10.0;0.0;4.0;11.0;Gauche
26200;Montfroc;78;22.0;10.0;16.0;30.0;Gauche
26201;Montguers;43;17.0;4.0;3.0;19.0;Gauche
26202;Montjoux;236;67.0;13.0;55.0;101.0;Gauche
26203;Montjoyer;205;73.0;12.0;75.0;45.0;Extrême-Droite
26204;Montlaur-en-Diois;106;35.0;8.0;33.0;30.0;Centre
26205;Montmaur-en-Diois;75;26.0;9.0;8.0;32.0;Gauche
26206;Montmeyran;1819;732.0;130.0;503.0;454.0;Centre
26207;Montmiral;408;102.0;42.0;167.0;97.0;Extrême-Droite
26208;Montoison;1248;474.0;74.0;394.0;306.0;Centre
26209;Montréal-les-Sources;28;12.0;3.0;8.0;5.0;Centre
26210;Valherbasse;663;152.0;65.0;260.0;186.0;Extrême-Droite
26211;Montségur-sur-Lauzon;879;245.0;93.0;334.0;207.0;Extrême-Droite
26212;Montvendre;812;333.0;76.0;223.0;180.0;Centre
26213;Moras-en-Valloire;375;124.0;21.0;128.0;102.0;Extrême-Droite
26214;Mornans;53;22.0;2.0;7.0;22.0;Gauche
26215;La Motte-Chalancon;279;91.0;22.0;74.0;92.0;Gauche
26216;Saint-Jean-de-Galaure;704;211.0;38.0;266.0;189.0;Extrême-Droite
26217;La Motte-Fanjas;125;39.0;15.0;35.0;36.0;Centre
26218;Mours-Saint-Eusèbe;1887;678.0;162.0;646.0;401.0;Centre
26220;Nyons;3781;1323.0;263.0;932.0;1263.0;Centre
26221;Omblèze;73;27.0;6.0;18.0;22.0;Centre
26222;Orcinas;31;5.0;2.0;13.0;11.0;Extrême-Droite
26223;Oriol-en-Royans;327;121.0;28.0;86.0;92.0;Centre
26224;Ourches;182;63.0;19.0;45.0;55.0;Centre
26225;Parnans;398;140.0;31.0;134.0;93.0;Centre
26226;Le Pègue;213;55.0;16.0;89.0;53.0;Extrême-Droite
26227;Pelonne;14;8.0;1.0;0.0;5.0;Centre
26228;Pennes-le-Sec;13;1.0;1.0;2.0;9.0;Gauche
26229;La Penne-sur-l'Ouvèze;61;23.0;3.0;22.0;13.0;Centre
26231;Peyrins;1643;562.0;128.0;546.0;407.0;Centre
26232;Peyrus;463;183.0;34.0;130.0;116.0;Centre
26233;Piégon;181;68.0;29.0;37.0;47.0;Centre
26234;Piégros-la-Clastre;596;169.0;26.0;143.0;258.0;Gauche
26235;Pierrelatte;7091;1739.0;457.0;2994.0;1901.0;Extrême-Droite
26236;Pierrelongue;108;33.0;9.0;24.0;42.0;Gauche
26238;Les Pilles;129;35.0;8.0;26.0;60.0;Gauche
26239;Plaisians;149;42.0;13.0;53.0;41.0;Extrême-Droite
26240;Plan-de-Baix;140;40.0;13.0;37.0;50.0;Gauche
26241;Le Poët-Célard;91;25.0;9.0;21.0;36.0;Gauche
26242;Le Poët-en-Percip;17;10.0;0.0;2.0;5.0;Centre
26243;Le Poët-Laval;629;218.0;38.0;139.0;234.0;Gauche
26244;Le Poët-Sigillat;87;32.0;7.0;14.0;34.0;Gauche
26245;Pommerol;11;4.0;0.0;7.0;0.0;Extrême-Droite
26246;Ponet-et-Saint-Auban;95;23.0;0.0;12.0;60.0;Gauche
26247;Ponsas;316;127.0;16.0;92.0;81.0;Centre
26248;Pontaix;104;34.0;5.0;18.0;47.0;Gauche
26249;Pont-de-Barret;449;126.0;31.0;89.0;203.0;Gauche
26250;Pont-de-l'Isère;1962;645.0;132.0;768.0;417.0;Extrême-Droite
26251;Portes-en-Valdaine;287;102.0;21.0;78.0;86.0;Centre
26252;Portes-lès-Valence;5571;1600.0;357.0;1979.0;1635.0;Extrême-Droite
26253;Poyols;62;21.0;2.0;8.0;31.0;Gauche
26254;Pradelle;23;7.0;3.0;1.0;12.0;Gauche
26255;Les Prés;26;5.0;5.0;0.0;16.0;Gauche
26256;Propiac;79;22.0;5.0;22.0;30.0;Gauche
26257;Puygiron;269;85.0;15.0;113.0;56.0;Extrême-Droite
26258;Puy-Saint-Martin;560;225.0;32.0;123.0;180.0;Centre
26259;Ratières;173;63.0;18.0;55.0;37.0;Centre
26261;Réauville;262;96.0;17.0;74.0;75.0;Centre
26262;Recoubeau-Jansac;189;53.0;20.0;37.0;79.0;Gauche
26263;Reilhanette;82;21.0;2.0;30.0;29.0;Extrême-Droite
26264;Rémuzat;210;69.0;19.0;63.0;59.0;Centre
26266;Rimon-et-Savel;24;9.0;4.0;2.0;9.0;Gauche
26267;Rioms;16;5.0;0.0;2.0;9.0;Gauche
26268;Rochebaudin;92;22.0;4.0;32.0;34.0;Gauche
26269;Rochebrune;39;14.0;0.0;9.0;16.0;Gauche
26270;Rochechinard;119;41.0;17.0;32.0;29.0;Centre
26271;La Roche-de-Glun;2196;850.0;168.0;733.0;445.0;Centre
26272;Rochefort-en-Valdaine;233;79.0;13.0;83.0;58.0;Extrême-Droite
26273;Rochefort-Samson;673;197.0;69.0;195.0;212.0;Gauche
26274;Rochefourchat;7;2.0;1.0;4.0;0.0;Extrême-Droite
26275;Rochegude;1104;339.0;101.0;470.0;194.0;Extrême-Droite
26276;Roche-Saint-Secret-Béconne;302;107.0;23.0;72.0;100.0;Centre
26277;La Roche-sur-Grane;124;35.0;5.0;47.0;37.0;Extrême-Droite
26278;La Roche-sur-le-Buis;180;76.0;7.0;28.0;69.0;Centre
26279;La Rochette-du-Buis;44;12.0;3.0;15.0;14.0;Extrême-Droite
26281;Romans-sur-Isère;15550;5214.0;972.0;4342.0;5022.0;Centre
26282;Romeyer;170;65.0;5.0;30.0;70.0;Gauche
26283;Rottier;20;5.0;4.0;7.0;4.0;Extrême-Droite
26284;Roussas;291;100.0;17.0;125.0;49.0;Extrême-Droite
26285;Rousset-les-Vignes;212;67.0;20.0;60.0;65.0;Centre
26286;Roussieux;19;5.0;0.0;5.0;9.0;Gauche
26287;Roynac;299;116.0;35.0;86.0;62.0;Centre
26288;Sahune;223;74.0;19.0;67.0;63.0;Centre
26289;Saillans;936;251.0;32.0;133.0;520.0;Gauche
26290;Saint-Agnan-en-Vercors;242;68.0;15.0;68.0;91.0;Gauche
26291;Saint-Andéol;45;10.0;0.0;8.0;27.0;Gauche
26292;Saint-Auban-sur-l'Ouvèze;158;64.0;19.0;38.0;37.0;Centre
26293;Saint-Avit;168;52.0;9.0;56.0;51.0;Extrême-Droite
26294;Saint-Bardoux;458;176.0;41.0;120.0;121.0;Centre
26295;Saint-Barthélemy-de-Vals;1193;364.0;65.0;453.0;311.0;Extrême-Droite
26296;Saint-Benoit-en-Diois;27;12.0;1.0;2.0;12.0;Gauche
26298;Saint-Christophe-et-le-Laris;255;80.0;12.0;88.0;75.0;Extrême-Droite
26299;Sainte-Croix;80;27.0;3.0;17.0;33.0;Gauche
26300;Saint-Dizier-en-Diois;34;8.0;0.0;3.0;23.0;Gauche
26301;Saint-Donat-sur-l'Herbasse;2357;829.0;166.0;794.0;568.0;Centre
26302;Sainte-Eulalie-en-Royans;321;88.0;26.0;108.0;99.0;Extrême-Droite
26303;Sainte-Euphémie-sur-Ouvèze;60;20.0;3.0;5.0;32.0;Gauche
26304;Saint-Ferréol-Trente-Pas;157;45.0;14.0;50.0;48.0;Extrême-Droite
26305;Saint-Gervais-sur-Roubion;688;215.0;50.0;276.0;147.0;Extrême-Droite
26306;Sainte-Jalle;180;51.0;11.0;53.0;65.0;Gauche
26307;Saint-Jean-en-Royans;1720;563.0;129.0;487.0;541.0;Centre
26308;Saint-Julien-en-Quint;128;50.0;12.0;27.0;39.0;Centre
26309;Saint-Julien-en-Vercors;193;72.0;12.0;39.0;70.0;Centre
26310;Saint-Laurent-d'Onay;87;25.0;3.0;32.0;27.0;Extrême-Droite
26311;Saint-Laurent-en-Royans;729;202.0;61.0;243.0;223.0;Extrême-Droite
26312;Saint-Marcel-lès-Sauzet;789;238.0;64.0;332.0;155.0;Extrême-Droite
26313;Saint-Marcel-lès-Valence;3559;1278.0;291.0;1147.0;843.0;Centre
26314;Saint-Martin-d'Août;251;81.0;32.0;84.0;54.0;Extrême-Droite
26315;Saint-Martin-en-Vercors;247;76.0;22.0;49.0;100.0;Gauche
26316;Saint-Martin-le-Colonel;142;57.0;9.0;38.0;38.0;Centre
26317;Saint-Maurice-sur-Eygues;442;129.0;28.0;167.0;118.0;Extrême-Droite
26318;Saint-May;34;11.0;3.0;11.0;9.0;Centre
26319;Saint-Michel-sur-Savasse;352;110.0;22.0;117.0;103.0;Extrême-Droite
26320;Saint-Nazaire-en-Royans;389;116.0;18.0;137.0;118.0;Extrême-Droite
26321;Saint-Nazaire-le-Désert;163;58.0;17.0;37.0;51.0;Centre
26322;Saint-Pantaléon-les-Vignes;296;102.0;26.0;115.0;53.0;Extrême-Droite
26323;Saint-Paul-lès-Romans;1154;405.0;97.0;419.0;233.0;Extrême-Droite
26324;Saint-Paul-Trois-Châteaux;5459;1684.0;453.0;1962.0;1360.0;Extrême-Droite
26325;Saint-Rambert-d'Albon;2870;745.0;170.0;1131.0;824.0;Extrême-Droite
26326;Saint-Restitut;1042;347.0;90.0;394.0;211.0;Extrême-Droite
26327;Saint-Roman;141;44.0;5.0;14.0;78.0;Gauche
26328;Saint-Sauveur-en-Diois;42;19.0;5.0;3.0;15.0;Centre
26329;Saint-Sauveur-Gouvernet;134;61.0;11.0;28.0;34.0;Centre
26330;Saint-Sorlin-en-Valloire;1260;383.0;73.0;539.0;265.0;Extrême-Droite
26331;Saint-Thomas-en-Royans;295;98.0;25.0;104.0;68.0;Extrême-Droite
26332;Saint-Uze;985;277.0;72.0;347.0;289.0;Extrême-Droite
26333;Saint-Vallier;1519;443.0;112.0;430.0;534.0;Gauche
26334;Salettes;88;24.0;10.0;27.0;27.0;Gauche
26335;Salles-sous-Bois;163;61.0;18.0;50.0;34.0;Centre
26336;Saou;379;111.0;18.0;46.0;204.0;Gauche
26337;Saulce-sur-Rhône;1102;277.0;68.0;493.0;264.0;Extrême-Droite
26338;Sauzet;1245;447.0;90.0;407.0;301.0;Centre
26339;Savasse;962;336.0;78.0;406.0;142.0;Extrême-Droite
26340;Séderon;187;52.0;20.0;66.0;49.0;Extrême-Droite
26341;Serves-sur-Rhône;402;132.0;27.0;179.0;64.0;Extrême-Droite
26342;Solérieux;228;56.0;19.0;113.0;40.0;Extrême-Droite
26343;Souspierre;76;39.0;6.0;13.0;18.0;Centre
26344;Soyans;284;84.0;27.0;62.0;111.0;Gauche
26345;Suze-la-Rousse;1376;432.0;106.0;598.0;240.0;Extrême-Droite
26346;Suze;215;68.0;22.0;45.0;80.0;Gauche
26347;Tain-l'Hermitage;3156;1185.0;187.0;1028.0;756.0;Centre
26348;Taulignan;1067;347.0;75.0;372.0;273.0;Extrême-Droite
26349;Tersanne;214;57.0;10.0;109.0;38.0;Extrême-Droite
26350;Teyssières;55;31.0;2.0;0.0;22.0;Centre
26351;Les Tonils;21;9.0;2.0;0.0;10.0;Gauche
26352;La Touche;188;51.0;23.0;56.0;58.0;Gauche
26353;Les Tourrettes;538;121.0;25.0;253.0;139.0;Extrême-Droite
26355;Triors;391;133.0;19.0;152.0;87.0;Extrême-Droite
26356;Truinas;79;18.0;4.0;12.0;45.0;Gauche
26357;Tulette;1068;319.0;76.0;410.0;263.0;Extrême-Droite
26358;Upie;961;377.0;63.0;261.0;260.0;Centre
26359;Vachères-en-Quint;25;0.0;1.0;0.0;24.0;Gauche
26360;Valaurie;445;149.0;32.0;165.0;99.0;Extrême-Droite
26361;Valdrôme;113;36.0;5.0;15.0;57.0;Gauche
26362;Valence;28661;10047.0;1996.0;6759.0;9859.0;Centre
26363;Valouse;30;9.0;3.0;1.0;17.0;Gauche
26364;Vassieux-en-Vercors;241;73.0;18.0;67.0;83.0;Gauche
26365;Vaunaveys-la-Rochette;415;149.0;29.0;99.0;138.0;Centre
26367;Venterol;496;182.0;21.0;152.0;141.0;Centre
26368;Vercheny;231;81.0;11.0;55.0;84.0;Gauche
26369;Verclause;46;15.0;2.0;16.0;13.0;Extrême-Droite
26370;Vercoiran;86;31.0;9.0;28.0;18.0;Centre
26371;Véronne;29;7.0;0.0;4.0;18.0;Gauche
26372;Vers-sur-Méouge;34;11.0;5.0;11.0;7.0;Centre
26373;Vesc;169;65.0;14.0;32.0;58.0;Centre
26374;Villebois-les-Pins;23;8.0;2.0;4.0;9.0;Gauche
26375;Villefranche-le-Château;12;4.0;0.0;5.0;3.0;Extrême-Droite
26376;Villeperdrix;84;26.0;7.0;20.0;31.0;Gauche
26377;Vinsobres;742;214.0;82.0;239.0;207.0;Extrême-Droite
26378;Volvent;41;16.0;7.0;12.0;6.0;Centre
26379;Granges-les-Beaumont;626;206.0;49.0;260.0;111.0;Extrême-Droite
26380;Gervans;324;117.0;22.0;101.0;84.0;Centre
26381;Jaillans;579;169.0;57.0;217.0;136.0;Extrême-Droite
26382;Saint-Vincent-la-Commanderie;400;120.0;35.0;146.0;99.0;Extrême-Droite
38001;Les Abrets en Dauphiné;3404;918.0;252.0;1449.0;785.0;Extrême-Droite
38002;Les Adrets;699;282.0;41.0;121.0;255.0;Centre
38003;Agnin;721;217.0;40.0;302.0;162.0;Extrême-Droite
38004;L'Albenc;721;227.0;45.0;248.0;201.0;Extrême-Droite
38005;Allemond;639;242.0;51.0;173.0;173.0;Centre
38006;Allevard;2291;748.0;149.0;629.0;765.0;Gauche
38008;Ambel;27;13.0;0.0;9.0;5.0;Centre
38009;Anjou;559;184.0;37.0;199.0;139.0;Extrême-Droite
38010;Annoisin-Chatelans;433;153.0;21.0;169.0;90.0;Extrême-Droite
38011;Anthon;696;254.0;49.0;276.0;117.0;Extrême-Droite
38012;Aoste;1381;381.0;94.0;587.0;319.0;Extrême-Droite
38013;Apprieu;1959;727.0;119.0;630.0;483.0;Centre
38015;Artas;1023;343.0;64.0;420.0;196.0;Extrême-Droite
38017;Assieu;972;321.0;75.0;382.0;194.0;Extrême-Droite
38018;Auberives-en-Royans;247;80.0;21.0;81.0;65.0;Extrême-Droite
38019;Auberives-sur-Varèze;826;231.0;58.0;344.0;193.0;Extrême-Droite
38020;Auris;168;64.0;17.0;51.0;36.0;Centre
38022;Les Avenières Veyrins-Thuellin;4236;1292.0;313.0;1867.0;764.0;Extrême-Droite
38023;Avignonet;155;89.0;13.0;26.0;27.0;Centre
38026;La Balme-les-Grottes;588;159.0;40.0;274.0;115.0;Extrême-Droite
38027;Barraux;1297;516.0;85.0;353.0;343.0;Centre
38029;La Bâtie-Montgascon;1056;348.0;54.0;446.0;208.0;Extrême-Droite
38030;Beaucroissant;964;316.0;52.0;379.0;217.0;Extrême-Droite
38031;Beaufin;31;16.0;3.0;4.0;8.0;Centre
38032;Beaufort;335;108.0;34.0;138.0;55.0;Extrême-Droite
38033;Beaulieu;427;155.0;39.0;138.0;95.0;Centre
38034;Beaurepaire;2219;682.0;124.0;878.0;535.0;Extrême-Droite
38035;Beauvoir-de-Marc;646;216.0;51.0;263.0;116.0;Extrême-Droite
38036;Beauvoir-en-Royans;67;11.0;4.0;16.0;36.0;Gauche
38037;Bellegarde-Poussieu;646;240.0;34.0;262.0;110.0;Extrême-Droite
38038;Belmont;330;101.0;14.0;157.0;58.0;Extrême-Droite
38039;Bernin;2301;1196.0;161.0;448.0;496.0;Centre
38040;Besse;104;51.0;7.0;29.0;17.0;Centre
38041;Bessins;80;38.0;3.0;22.0;17.0;Centre
38042;Bévenais;625;196.0;44.0;231.0;154.0;Extrême-Droite
38043;Bilieu;1015;378.0;68.0;288.0;281.0;Centre
38044;Biol;922;282.0;87.0;402.0;151.0;Extrême-Droite
38045;Biviers;1702;873.0;203.0;336.0;290.0;Centre
38046;Bizonnes;588;168.0;49.0;289.0;82.0;Extrême-Droite
38047;Blandin;100;33.0;6.0;42.0;19.0;Extrême-Droite
38048;Bonnefamille;689;245.0;37.0;262.0;145.0;Extrême-Droite
38049;Bossieu;210;50.0;27.0;99.0;34.0;Extrême-Droite
38050;Le Bouchage;376;94.0;24.0;199.0;59.0;Extrême-Droite
38051;Bougé-Chambalud;826;302.0;57.0;339.0;128.0;Extrême-Droite
38052;Le Bourg-d'Oisans;1849;639.0;112.0;607.0;491.0;Centre
38053;Bourgoin-Jallieu;11799;3986.0;817.0;3349.0;3647.0;Centre
38054;Bouvesse-Quirieu;841;203.0;62.0;377.0;199.0;Extrême-Droite
38055;Brangues;369;110.0;28.0;145.0;86.0;Extrême-Droite
38056;Bressieux;73;31.0;12.0;13.0;17.0;Centre
38057;Bresson;526;251.0;59.0;130.0;86.0;Centre
38058;Brézins;1179;385.0;95.0;426.0;273.0;Extrême-Droite
38059;Brié-et-Angonnes;1748;792.0;145.0;527.0;284.0;Centre
38060;Brion;94;35.0;13.0;34.0;12.0;Centre
38061;La Buisse;2026;859.0;116.0;520.0;531.0;Centre
38062;La Buissière;415;179.0;30.0;124.0;82.0;Centre
38063;Burcin;280;102.0;43.0;98.0;37.0;Centre
38064;Cessieu;1655;497.0;121.0;726.0;311.0;Extrême-Droite
38065;Châbons;1202;351.0;83.0;471.0;297.0;Extrême-Droite
38066;Chalon;118;35.0;9.0;53.0;21.0;Extrême-Droite
38067;Chamagnieu;1046;407.0;85.0;382.0;172.0;Centre
38068;Champagnier;877;393.0;60.0;214.0;210.0;Centre
38069;Champier;764;205.0;63.0;365.0;131.0;Extrême-Droite
38070;Le Champ-près-Froges;799;325.0;49.0;256.0;169.0;Centre
38071;Champ-sur-Drac;1969;615.0;99.0;747.0;508.0;Extrême-Droite
38072;Chanas;1323;384.0;98.0;561.0;280.0;Extrême-Droite
38073;Chantepérier;174;74.0;13.0;47.0;40.0;Centre
38074;Chantesse;261;84.0;22.0;97.0;58.0;Extrême-Droite
38075;Chapareillan;1854;679.0;144.0;545.0;486.0;Centre
38076;La Chapelle-de-la-Tour;1211;401.0;95.0;488.0;227.0;Extrême-Droite
38077;La Chapelle-de-Surieu;418;117.0;27.0;185.0;89.0;Extrême-Droite
38078;La Chapelle-du-Bard;324;105.0;23.0;79.0;117.0;Gauche
38080;Charancieu;494;143.0;43.0;206.0;102.0;Extrême-Droite
38081;Charantonnay;1177;363.0;74.0;525.0;215.0;Extrême-Droite
38082;Charavines;1167;419.0;62.0;380.0;306.0;Centre
38083;Charette;280;76.0;9.0;137.0;58.0;Extrême-Droite
38084;Charnècles;986;417.0;64.0;297.0;208.0;Centre
38085;Charvieu-Chavagneux;4723;1183.0;220.0;2033.0;1287.0;Extrême-Droite
38086;Chasselay;257;74.0;26.0;93.0;64.0;Extrême-Droite
38087;Chasse-sur-Rhône;2738;745.0;134.0;1048.0;811.0;Extrême-Droite
38089;Chassignieu;166;52.0;16.0;71.0;27.0;Extrême-Droite
38090;Château-Bernard;206;82.0;20.0;52.0;52.0;Centre
38091;Châteauvilain;481;165.0;33.0;195.0;88.0;Extrême-Droite
38092;Châtelus;76;22.0;6.0;33.0;15.0;Extrême-Droite
38093;Châtenay;278;92.0;27.0;91.0;68.0;Centre
38094;Châtonnay;1106;370.0;54.0;499.0;183.0;Extrême-Droite
38095;Chatte;1569;559.0;125.0;550.0;335.0;Centre
38097;Chavanoz;2259;601.0;137.0;883.0;638.0;Extrême-Droite
38098;Chélieu;482;151.0;43.0;192.0;96.0;Extrême-Droite
38099;Chevrières;446;147.0;42.0;123.0;134.0;Centre
38100;Le Cheylas;1472;521.0;75.0;435.0;441.0;Centre
38101;Cheyssieu;622;229.0;31.0;225.0;137.0;Centre
38102;Chèzeneuve;387;148.0;34.0;152.0;53.0;Extrême-Droite
38103;Chichilianne;261;98.0;8.0;65.0;90.0;Centre
38104;Chimilin;843;271.0;59.0;341.0;172.0;Extrême-Droite
38105;Chirens;1476;525.0;106.0;441.0;404.0;Centre
38106;Cholonge;233;55.0;21.0;87.0;70.0;Extrême-Droite
38107;Chonas-l'Amballan;1087;399.0;74.0;389.0;225.0;Centre
38108;Choranche;102;32.0;4.0;39.0;27.0;Extrême-Droite
38109;Chozeau;665;274.0;60.0;236.0;95.0;Centre
38110;Chuzelles;1425;520.0;97.0;540.0;268.0;Extrême-Droite
38111;Claix;5228;2355.0;348.0;1255.0;1270.0;Centre
38112;Clavans-en-Haut-Oisans;87;37.0;6.0;26.0;18.0;Centre
38113;Clelles;365;104.0;34.0;95.0;132.0;Gauche
38114;Clonas-sur-Varèze;989;324.0;66.0;352.0;247.0;Extrême-Droite
38115;Saint-Martin-de-la-Cluze;453;145.0;23.0;145.0;140.0;Centre
38116;Cognet;30;12.0;1.0;9.0;8.0;Centre
38117;Cognin-les-Gorges;380;145.0;23.0;92.0;120.0;Centre
38118;Colombe;1053;388.0;87.0;349.0;229.0;Centre
38120;La Combe-de-Lancey;485;199.0;38.0;118.0;130.0;Centre
38124;Corbelin;1437;438.0;113.0;582.0;304.0;Extrême-Droite
38126;Corenc;2777;1417.0;260.0;508.0;592.0;Centre
38127;Cornillon-en-Trièves;126;43.0;8.0;24.0;51.0;Gauche
38128;Corps;308;125.0;27.0;105.0;51.0;Centre
38129;Corrençon-en-Vercors;306;152.0;34.0;66.0;54.0;Centre
38130;La Côte-Saint-André;2241;754.0;181.0;759.0;547.0;Extrême-Droite
38131;Les Côtes-d'Arey;1343;546.0;109.0;460.0;228.0;Centre
38132;Les Côtes-de-Corps;78;34.0;4.0;12.0;28.0;Centre
38133;Coublevie;3315;1577.0;230.0;673.0;835.0;Centre
38134;Cour-et-Buis;530;161.0;42.0;209.0;118.0;Extrême-Droite
38135;Courtenay;713;213.0;60.0;328.0;112.0;Extrême-Droite
38136;Crachier;365;113.0;26.0;154.0;72.0;Extrême-Droite
38137;Cras;283;72.0;16.0;94.0;101.0;Gauche
38138;Crémieu;1741;642.0;113.0;559.0;427.0;Centre
38139;Creys-Mépieu;933;278.0;50.0;431.0;174.0;Extrême-Droite
38140;Crolles;5280;2461.0;316.0;1011.0;1492.0;Centre
38141;Culin;481;153.0;35.0;195.0;98.0;Extrême-Droite
38144;Diémoz;1730;475.0;118.0;820.0;317.0;Extrême-Droite
38146;Dizimieu;492;175.0;26.0;192.0;99.0;Extrême-Droite
38147;Doissin;539;176.0;50.0;210.0;103.0;Extrême-Droite
38148;Dolomieu;1938;597.0;148.0;783.0;410.0;Extrême-Droite
38149;Domarin;973;394.0;74.0;305.0;200.0;Centre
38150;Domène;3808;1310.0;221.0;1145.0;1132.0;Centre
38151;Echirolles;14249;4125.0;562.0;3516.0;6046.0;Gauche
38152;Eclose-Badinières;872;282.0;59.0;359.0;172.0;Extrême-Droite
38153;Engins;311;127.0;12.0;63.0;109.0;Centre
38154;Entraigues;153;47.0;14.0;58.0;34.0;Extrême-Droite
38155;Entre-deux-Guiers;990;278.0;71.0;394.0;247.0;Extrême-Droite
38156;Les Eparres;566;197.0;47.0;228.0;94.0;Extrême-Droite
38157;Estrablin;2157;772.0;163.0;735.0;487.0;Centre
38158;Eybens;5349;1994.0;302.0;1340.0;1713.0;Centre
38159;Eydoche;305;105.0;31.0;132.0;37.0;Extrême-Droite
38160;Eyzin-Pinet;1412;526.0;124.0;510.0;252.0;Centre
38161;Faramans;617;198.0;52.0;269.0;98.0;Extrême-Droite
38162;Faverges-de-la-Tour;899;266.0;62.0;344.0;227.0;Extrême-Droite
38163;Le Haut-Bréda;378;138.0;38.0;91.0;111.0;Centre
38166;La Flachère;284;102.0;15.0;95.0;72.0;Centre
38167;Flachères;354;106.0;31.0;152.0;65.0;Extrême-Droite
38169;Fontaine;9258;2750.0;333.0;2376.0;3799.0;Gauche
38170;Fontanil-Cornillon;1916;791.0;150.0;535.0;440.0;Centre
38171;La Forteresse;196;47.0;28.0;69.0;52.0;Extrême-Droite
38172;Four;902;306.0;78.0;335.0;183.0;Extrême-Droite
38173;Le Freney-d'Oisans;161;60.0;5.0;40.0;56.0;Centre
38174;La Frette;629;205.0;55.0;226.0;143.0;Extrême-Droite
38175;Froges;1951;737.0;106.0;613.0;495.0;Centre
38176;Frontonas;1419;565.0;115.0;493.0;246.0;Centre
38177;La Garde;81;28.0;13.0;24.0;16.0;Centre
38179;Gières;3570;1456.0;216.0;846.0;1052.0;Centre
38180;Gillonnay;705;212.0;61.0;282.0;150.0;Extrême-Droite
38181;Goncelin;1476;539.0;93.0;444.0;400.0;Centre
38182;Le Grand-Lemps;1606;571.0;116.0;507.0;412.0;Centre
38183;Granieu;299;112.0;16.0;108.0;63.0;Centre
38184;Grenay;814;274.0;58.0;350.0;132.0;Extrême-Droite
38185;Grenoble;63090;22457.0;2680.0;9833.0;28120.0;Gauche
38186;Gresse-en-Vercors;317;110.0;30.0;73.0;104.0;Centre
38187;Le Gua;1199;415.0;74.0;367.0;343.0;Centre
38188;Herbeys;983;487.0;68.0;196.0;232.0;Centre
38189;Heyrieux;2705;926.0;199.0;1119.0;461.0;Extrême-Droite
38190;Hières-sur-Amby;609;147.0;25.0;300.0;137.0;Extrême-Droite
38191;Huez;926;390.0;87.0;304.0;145.0;Centre
38192;Hurtières;129;52.0;11.0;36.0;30.0;Centre
38193;L'Isle-d'Abeau;6805;2024.0;361.0;2235.0;2185.0;Extrême-Droite
38194;Izeaux;1153;348.0;86.0;423.0;296.0;Extrême-Droite
38195;Izeron;476;134.0;26.0;197.0;119.0;Extrême-Droite
38197;Janneyrias;1028;305.0;80.0;463.0;180.0;Extrême-Droite
38198;Jarcieu;645;211.0;51.0;228.0;155.0;Extrême-Droite
38199;Jardin;1424;592.0;113.0;408.0;311.0;Centre
38200;Jarrie;2456;985.0;164.0;722.0;585.0;Centre
38203;Laffrey;264;71.0;22.0;107.0;64.0;Extrême-Droite
38204;Lalley;146;69.0;7.0;19.0;51.0;Centre
38205;Lans-en-Vercors;1918;818.0;152.0;328.0;620.0;Centre
38206;Laval-en-Belledonne;723;267.0;38.0;176.0;242.0;Centre
38207;Lavaldens;136;49.0;7.0;40.0;40.0;Centre
38208;Lavars;117;34.0;3.0;32.0;48.0;Gauche
38209;Lentiol;172;42.0;21.0;51.0;58.0;Gauche
38210;Leyrieu;499;154.0;38.0;190.0;117.0;Extrême-Droite
38211;Lieudieu;192;35.0;11.0;103.0;43.0;Extrême-Droite
38212;Livet-et-Gavet;615;108.0;29.0;252.0;226.0;Extrême-Droite
38213;Longechenal;346;120.0;26.0;112.0;88.0;Centre
38214;Lumbin;1423;640.0;93.0;359.0;331.0;Centre
38215;Luzinay;1511;568.0;118.0;569.0;256.0;Extrême-Droite
38216;Malleval-en-Vercors;55;20.0;1.0;9.0;25.0;Gauche
38217;Marcieu;56;19.0;0.0;25.0;12.0;Extrême-Droite
38218;Marcilloles;560;172.0;38.0;226.0;124.0;Extrême-Droite
38219;Marcollin;373;105.0;21.0;151.0;96.0;Extrême-Droite
38221;Marnans;92;24.0;12.0;36.0;20.0;Extrême-Droite
38222;Massieu;438;157.0;28.0;129.0;124.0;Centre
38223;Maubec;1197;483.0;113.0;351.0;250.0;Centre
38224;Mayres-Savel;73;26.0;2.0;17.0;28.0;Gauche
38225;Autrans-Méaudre en Vercors;2104;850.0;157.0;372.0;725.0;Centre
38226;Mens;989;308.0;53.0;230.0;398.0;Gauche
38228;Merlas;318;102.0;16.0;126.0;74.0;Extrême-Droite
38229;Meylan;11378;5527.0;925.0;2216.0;2710.0;Centre
38230;Meyrié;797;342.0;54.0;227.0;174.0;Centre
38231;Meyrieu-les-Etangs;594;187.0;65.0;226.0;116.0;Extrême-Droite
38232;Meyssiez;429;107.0;46.0;205.0;71.0;Extrême-Droite
38235;Miribel-Lanchâtre;267;84.0;15.0;96.0;72.0;Extrême-Droite
38236;Miribel-les-Echelles;1076;402.0;75.0;286.0;313.0;Centre
38237;Mizoën;140;35.0;15.0;34.0;56.0;Gauche
38238;Moidieu-Détourbe;1248;395.0;90.0;504.0;259.0;Extrême-Droite
38239;Moirans;4394;1514.0;268.0;1227.0;1385.0;Centre
38240;Moissieu-sur-Dolon;453;146.0;21.0;171.0;115.0;Extrême-Droite
38241;Monestier-d'Ambel;17;8.0;3.0;5.0;1.0;Centre
38242;Monestier-de-Clermont;774;248.0;63.0;242.0;221.0;Centre
38243;Le Monestier-du-Percy;206;64.0;13.0;33.0;96.0;Gauche
38244;Monsteroux-Milieu;483;139.0;41.0;204.0;99.0;Extrême-Droite
38245;Montagne;179;45.0;18.0;58.0;58.0;Gauche
38246;Montagnieu;711;191.0;59.0;316.0;145.0;Extrême-Droite
38247;Montalieu-Vercieu;1449;378.0;82.0;679.0;310.0;Extrême-Droite
38248;Montaud;365;181.0;19.0;60.0;105.0;Centre
38249;Montbonnot-Saint-Martin;3516;1833.0;323.0;734.0;626.0;Centre
38250;Montcarra;362;123.0;29.0;140.0;70.0;Extrême-Droite
38252;Montchaboud;230;98.0;12.0;56.0;64.0;Centre
38253;Les Deux-Alpes;1193;506.0;83.0;365.0;239.0;Centre
38254;Monteynard;328;104.0;17.0;128.0;79.0;Extrême-Droite
38255;Montfalcon;85;17.0;14.0;29.0;25.0;Extrême-Droite
38256;Montferrat;1031;346.0;95.0;341.0;249.0;Centre
38257;Montrevel;280;71.0;29.0;130.0;50.0;Extrême-Droite
38258;Mont-Saint-Martin;78;28.0;7.0;14.0;29.0;Gauche
38259;Montseveroux;565;181.0;28.0;228.0;128.0;Extrême-Droite
38260;Moras;375;142.0;27.0;141.0;65.0;Centre
38261;Morestel;2183;707.0;160.0;843.0;473.0;Extrême-Droite
38263;Morette;251;95.0;17.0;78.0;61.0;Centre
38264;La Morte;140;51.0;8.0;38.0;43.0;Centre
38265;La Motte-d'Aveillans;979;288.0;32.0;403.0;256.0;Extrême-Droite
38266;La Motte-Saint-Martin;295;81.0;12.0;89.0;113.0;Gauche
38267;Mottier;457;161.0;37.0;179.0;80.0;Extrême-Droite
38268;Le Moutaret;178;68.0;10.0;45.0;55.0;Centre
38269;La Mure;2359;684.0;143.0;860.0;672.0;Extrême-Droite
38270;La Murette;1219;565.0;94.0;293.0;267.0;Centre
38271;Murianette;548;196.0;39.0;185.0;128.0;Centre
38272;Murinais;243;81.0;15.0;87.0;60.0;Extrême-Droite
38273;Nantes-en-Ratier;359;138.0;18.0;87.0;116.0;Centre
38275;Serre-Nerpol;162;57.0;17.0;60.0;28.0;Extrême-Droite
38276;Nivolas-Vermelle;1447;533.0;114.0;481.0;319.0;Centre
38277;Notre-Dame-de-Commiers;339;115.0;17.0;125.0;82.0;Extrême-Droite
38278;Notre-Dame-de-l'Osier;313;99.0;24.0;121.0;69.0;Extrême-Droite
38279;Notre-Dame-de-Mésage;742;256.0;40.0;236.0;210.0;Centre
38280;Notre-Dame-de-Vaulx;391;128.0;17.0;109.0;137.0;Gauche
38281;Noyarey;1342;539.0;85.0;410.0;308.0;Centre
38282;Optevoz;524;131.0;42.0;241.0;110.0;Extrême-Droite
38283;Oris-en-Rattier;76;28.0;6.0;11.0;31.0;Gauche
38284;Ornacieux-Balbins;598;221.0;58.0;196.0;123.0;Centre
38285;Ornon;131;57.0;8.0;18.0;48.0;Centre
38286;Oulles;29;10.0;4.0;13.0;2.0;Extrême-Droite
38287;Oyeu;622;240.0;55.0;194.0;133.0;Centre
38288;Oytier-Saint-Oblas;1008;347.0;80.0;412.0;169.0;Extrême-Droite
38289;Oz;183;72.0;23.0;37.0;51.0;Centre
38290;Pact;520;134.0;35.0;242.0;109.0;Extrême-Droite
38291;Pajay;582;171.0;53.0;253.0;105.0;Extrême-Droite
38292;Villages du lac de Paladru;1591;532.0;120.0;535.0;404.0;Extrême-Droite
38294;Panossas;450;159.0;33.0;170.0;88.0;Extrême-Droite
38295;Parmilieu;429;124.0;29.0;179.0;97.0;Extrême-Droite
38296;Le Passage;588;221.0;49.0;202.0;116.0;Centre
38297;Arandon-Passins;1012;271.0;87.0;482.0;172.0;Extrême-Droite
38298;Le Péage-de-Roussillon;2452;659.0;125.0;786.0;882.0;Gauche
38299;Pellafol;128;48.0;13.0;31.0;36.0;Centre
38300;Penol;241;80.0;30.0;98.0;33.0;Extrême-Droite
38301;Percy;114;36.0;4.0;17.0;57.0;Gauche
38303;La Pierre;383;151.0;23.0;119.0;90.0;Centre
38304;Pierre-Châtel;865;224.0;64.0;316.0;261.0;Extrême-Droite
38307;Pisieu;360;114.0;21.0;137.0;88.0;Extrême-Droite
38308;Plan;173;69.0;13.0;56.0;35.0;Centre
38309;Poisat;1302;530.0;72.0;302.0;398.0;Centre
38310;Poliénas;657;204.0;57.0;229.0;167.0;Extrême-Droite
38311;Pommier-de-Beaurepaire;451;150.0;49.0;186.0;66.0;Extrême-Droite
38313;Ponsonnas;198;70.0;16.0;58.0;54.0;Centre
38314;Pontcharra;3892;1297.0;217.0;1227.0;1151.0;Centre
38315;Le Pont-de-Beauvoisin;1680;531.0;117.0;581.0;451.0;Extrême-Droite
38316;Pont-de-Chéruy;2083;477.0;97.0;764.0;745.0;Extrême-Droite
38317;Le Pont-de-Claix;4433;1112.0;193.0;1306.0;1822.0;Gauche
38318;Pont-Evêque;2437;735.0;140.0;733.0;829.0;Gauche
38319;Pont-en-Royans;460;137.0;26.0;99.0;198.0;Gauche
38320;Porcieu-Amblagnieu;995;307.0;54.0;439.0;195.0;Extrême-Droite
38321;Prébois;123;45.0;10.0;26.0;42.0;Centre
38322;Presles;85;20.0;4.0;20.0;41.0;Gauche
38323;Pressins;754;222.0;47.0;324.0;161.0;Extrême-Droite
38324;Primarette;450;130.0;30.0;184.0;106.0;Extrême-Droite
38325;Proveysieux;337;141.0;14.0;56.0;126.0;Centre
38326;Prunières;245;58.0;21.0;78.0;88.0;Gauche
38328;Quaix-en-Chartreuse;671;299.0;36.0;141.0;195.0;Centre
38329;Quet-en-Beaumont;57;15.0;6.0;16.0;20.0;Gauche
38330;Quincieu;56;15.0;7.0;21.0;13.0;Extrême-Droite
38331;Réaumont;650;268.0;40.0;183.0;159.0;Centre
38332;Renage;1709;574.0;93.0;536.0;506.0;Centre
38333;Rencurel;227;70.0;15.0;56.0;86.0;Gauche
38334;Revel;997;423.0;60.0;195.0;319.0;Centre
38335;Revel-Tourdan;690;222.0;58.0;257.0;153.0;Extrême-Droite
38336;Reventin-Vaugris;1202;401.0;87.0;469.0;245.0;Extrême-Droite
38337;Rives;3130;1039.0;226.0;1044.0;821.0;Extrême-Droite
38338;La Rivière;434;141.0;24.0;169.0;100.0;Extrême-Droite
38339;Roche;1431;515.0;116.0;555.0;245.0;Extrême-Droite
38340;Les Roches-de-Condrieu;1028;325.0;62.0;347.0;294.0;Extrême-Droite
38341;Rochetoirin;747;242.0;48.0;295.0;162.0;Extrême-Droite
38342;Roissard;221;69.0;16.0;63.0;73.0;Gauche
38343;Romagnieu;1078;331.0;82.0;456.0;209.0;Extrême-Droite
38344;Roussillon;3895;1123.0;228.0;1346.0;1198.0;Extrême-Droite
38345;Rovon;401;114.0;9.0;167.0;111.0;Extrême-Droite
38346;Royas;247;83.0;18.0;105.0;41.0;Extrême-Droite
38347;Roybon;615;221.0;51.0;169.0;174.0;Centre
38348;Ruy-Montceau;3002;1202.0;246.0;1049.0;505.0;Centre
38349;Sablons;1141;334.0;77.0;489.0;241.0;Extrême-Droite
38350;Sainte-Agnès;410;166.0;34.0;72.0;138.0;Centre
38351;Saint-Agnin-sur-Bion;647;222.0;60.0;261.0;104.0;Extrême-Droite
38352;Saint-Alban-de-Roche;1271;532.0;122.0;366.0;251.0;Centre
38353;Saint-Alban-du-Rhône;539;157.0;29.0;234.0;119.0;Extrême-Droite
38354;Saint-Albin-de-Vaulserre;271;93.0;20.0;107.0;51.0;Extrême-Droite
38355;Saint-Andéol;94;36.0;4.0;20.0;34.0;Centre
38356;Saint-André-en-Royans;252;69.0;29.0;67.0;87.0;Gauche
38357;Saint-André-le-Gaz;1597;450.0;113.0;642.0;392.0;Extrême-Droite
38358;Sainte-Anne-sur-Gervonde;440;132.0;32.0;180.0;96.0;Extrême-Droite
38359;Saint-Antoine-l'Abbaye;820;271.0;55.0;246.0;248.0;Centre
38360;Saint-Appolinard;266;90.0;19.0;99.0;58.0;Extrême-Droite
38361;Saint-Arey;65;18.0;9.0;20.0;18.0;Extrême-Droite
38362;Saint-Aupre;754;339.0;48.0;209.0;158.0;Centre
38363;Saint-Barthélemy;509;141.0;30.0;214.0;124.0;Extrême-Droite
38364;Saint-Barthélemy-de-Séchilienne;268;84.0;12.0;86.0;86.0;Gauche
38365;Saint-Baudille-de-la-Tour;508;147.0;39.0;224.0;98.0;Extrême-Droite
38366;Saint-Baudille-et-Pipet;214;78.0;26.0;49.0;61.0;Centre
38368;Saint-Blaise-du-Buis;654;232.0;63.0;204.0;155.0;Centre
38369;Sainte-Blandine;688;183.0;51.0;305.0;149.0;Extrême-Droite
38370;Saint-Bonnet-de-Chavagne;450;135.0;45.0;167.0;103.0;Extrême-Droite
38372;Saint-Bueil;379;123.0;20.0;125.0;111.0;Extrême-Droite
38373;Saint-Cassien;758;321.0;43.0;239.0;155.0;Centre
38374;Saint-Chef;2090;695.0;166.0;869.0;360.0;Extrême-Droite
38375;Saint-Christophe-en-Oisans;87;44.0;3.0;15.0;25.0;Centre
38376;Saint-Christophe-sur-Guiers;548;173.0;34.0;184.0;157.0;Extrême-Droite
38377;Saint-Clair-de-la-Tour;1839;563.0;114.0;715.0;447.0;Extrême-Droite
38378;Saint-Clair-du-Rhône;2274;717.0;141.0;874.0;542.0;Extrême-Droite
38379;Saint-Clair-sur-Galaure;167;73.0;14.0;42.0;38.0;Centre
38380;Saint-Didier-de-Bizonnes;184;48.0;12.0;75.0;49.0;Extrême-Droite
38381;Saint-Didier-de-la-Tour;1293;355.0;98.0;605.0;235.0;Extrême-Droite
38382;Saint-Egrève;9245;3734.0;564.0;1951.0;2996.0;Centre
38383;Saint-Etienne-de-Crossey;1840;827.0;123.0;382.0;508.0;Centre
38384;Saint-Etienne-de-Saint-Geoirs;1787;630.0;151.0;649.0;357.0;Extrême-Droite
38386;Saint-Geoire-en-Valdaine;1258;430.0;80.0;429.0;319.0;Centre
38387;Saint-Geoirs;300;118.0;24.0;98.0;60.0;Centre
38388;Saint-Georges-de-Commiers;1487;489.0;78.0;552.0;368.0;Extrême-Droite
38389;Saint-Georges-d'Espéranche;2075;743.0;188.0;796.0;348.0;Extrême-Droite
38390;Saint-Gervais;280;70.0;22.0;118.0;70.0;Extrême-Droite
38391;Saint-Guillaume;163;58.0;18.0;50.0;37.0;Centre
38392;Saint-Hilaire-de-Brens;397;136.0;40.0;136.0;85.0;Centre
38393;Saint-Hilaire-de-la-Côte;928;314.0;69.0;325.0;220.0;Extrême-Droite
38394;Saint-Hilaire-du-Rosier;1223;377.0;97.0;480.0;269.0;Extrême-Droite
38395;Plateau des Petites Roches;1486;509.0;57.0;182.0;738.0;Gauche
38396;Saint-Honoré;529;177.0;34.0;162.0;156.0;Centre
38397;Saint-Ismier;4827;2619.0;466.0;972.0;770.0;Centre
38398;Saint-Jean-d'Avelanne;560;166.0;32.0;208.0;154.0;Extrême-Droite
38399;Saint-Jean-de-Bournay;2675;880.0;218.0;1111.0;466.0;Extrême-Droite
38400;Saint-Jean-de-Moirans;2099;779.0;150.0;568.0;602.0;Centre
38401;Saint-Jean-de-Soudain;853;300.0;52.0;322.0;179.0;Extrême-Droite
38402;Saint-Jean-de-Vaulx;374;135.0;18.0;90.0;131.0;Centre
38403;Saint-Jean-d'Hérans;246;55.0;23.0;82.0;86.0;Gauche
38404;Saint-Jean-le-Vieux;200;96.0;12.0;50.0;42.0;Centre
38405;Saint-Joseph-de-Rivière;766;261.0;38.0;233.0;234.0;Centre
38406;Saint-Julien-de-l'Herms;91;24.0;6.0;42.0;19.0;Extrême-Droite
38407;La Sure en Chartreuse;712;299.0;59.0;144.0;210.0;Centre
38408;Saint-Just-Chaleyssin;1730;669.0;147.0;621.0;293.0;Centre
38409;Saint-Just-de-Claix;756;222.0;47.0;300.0;187.0;Extrême-Droite
38410;Saint-Lattier;857;268.0;65.0;345.0;179.0;Extrême-Droite
38412;Saint-Laurent-du-Pont;2499;818.0;182.0;850.0;649.0;Extrême-Droite
38413;Saint-Laurent-en-Beaumont;314;88.0;24.0;115.0;87.0;Extrême-Droite
38414;Sainte-Luce;37;11.0;1.0;10.0;15.0;Gauche
38415;Saint-Marcel-Bel-Accueil;976;415.0;85.0;290.0;186.0;Centre
38416;Saint-Marcellin;3822;1251.0;256.0;1173.0;1142.0;Centre
38417;Sainte-Marie-d'Alloix;330;126.0;19.0;116.0;69.0;Centre
38418;Sainte-Marie-du-Mont;161;72.0;4.0;27.0;58.0;Centre
38419;Saint-Martin-de-Clelles;139;54.0;8.0;33.0;44.0;Centre
38420;Saint-Martin-de-Vaulserre;192;84.0;11.0;54.0;43.0;Centre
38421;Saint-Martin-d'Hères;12782;3753.0;461.0;2950.0;5618.0;Gauche
38422;Saint-Martin-d'Uriage;3888;1913.0;239.0;689.0;1047.0;Centre
38423;Saint-Martin-le-Vinoux;2665;908.0;128.0;535.0;1094.0;Gauche
38424;Saint-Maurice-en-Trièves;116;25.0;10.0;49.0;32.0;Extrême-Droite
38425;Saint-Maurice-l'Exil;2984;807.0;156.0;1130.0;891.0;Extrême-Droite
38426;Saint-Maximin;454;156.0;20.0;146.0;132.0;Centre
38427;Saint-Michel-de-Saint-Geoirs;201;72.0;17.0;65.0;47.0;Centre
38428;Saint-Michel-en-Beaumont;52;15.0;3.0;12.0;22.0;Gauche
38429;Saint-Michel-les-Portes;208;77.0;12.0;44.0;75.0;Centre
38430;Saint-Mury-Monteymond;231;76.0;14.0;66.0;75.0;Centre
38431;Saint-Nazaire-les-Eymes;2041;1070.0;162.0;435.0;374.0;Centre
38432;Saint-Nicolas-de-Macherin;655;267.0;39.0;173.0;176.0;Centre
38433;Saint-Nizier-du-Moucherotte;754;328.0;38.0;111.0;277.0;Centre
38434;Saint-Ondras;369;121.0;29.0;135.0;84.0;Extrême-Droite
38436;Saint-Paul-de-Varces;1612;681.0;89.0;498.0;344.0;Centre
38437;Saint-Paul-d'Izeaux;190;59.0;12.0;74.0;45.0;Extrême-Droite
38438;Saint-Paul-lès-Monestier;186;71.0;16.0;46.0;53.0;Centre
38439;Crêts en Belledonne;2020;681.0;105.0;655.0;579.0;Centre
38440;Saint-Pierre-de-Bressieux;462;214.0;43.0;135.0;70.0;Centre
38442;Saint-Pierre-de-Chartreuse;782;285.0;53.0;138.0;306.0;Gauche
38443;Saint-Pierre-de-Chérennes;348;130.0;21.0;108.0;89.0;Centre
38444;Saint-Pierre-de-Méaroz;99;29.0;4.0;38.0;28.0;Extrême-Droite
38445;Saint-Pierre-de-Mésage;487;156.0;30.0;172.0;129.0;Extrême-Droite
38446;Saint-Pierre-d'Entremont;391;136.0;32.0;104.0;119.0;Centre
38448;Saint-Prim;904;350.0;67.0;338.0;149.0;Centre
38449;Saint-Quentin-Fallavier;2634;717.0;137.0;947.0;833.0;Extrême-Droite
38450;Saint-Quentin-sur-Isère;886;330.0;61.0;299.0;196.0;Centre
38451;Saint-Romain-de-Jalionas;1977;564.0;137.0;939.0;337.0;Extrême-Droite
38452;Saint-Romain-de-Surieu;282;88.0;16.0;117.0;61.0;Extrême-Droite
38453;Saint-Romans;1089;396.0;78.0;376.0;239.0;Centre
38454;Saint-Sauveur;1060;357.0;65.0;393.0;245.0;Extrême-Droite
38455;Saint-Savin;2527;858.0;209.0;970.0;490.0;Extrême-Droite
38456;Châtel en Trièves;358;124.0;27.0;79.0;128.0;Gauche
38457;Saint-Siméon-de-Bressieux;1594;467.0;132.0;560.0;435.0;Extrême-Droite
38458;Saint-Sorlin-de-Morestel;355;97.0;32.0;159.0;67.0;Extrême-Droite
38459;Saint-Sorlin-de-Vienne;601;194.0;63.0;244.0;100.0;Extrême-Droite
38460;Saint-Sulpice-des-Rivoires;291;103.0;28.0;94.0;66.0;Centre
38462;Saint-Théoffrey;370;135.0;22.0;98.0;115.0;Centre
38463;Saint-Vérand;1080;406.0;72.0;337.0;265.0;Centre
38464;Saint-Victor-de-Cessieu;1224;355.0;106.0;531.0;232.0;Extrême-Droite
38465;Saint-Victor-de-Morestel;694;187.0;47.0;308.0;152.0;Extrême-Droite
38466;Saint-Vincent-de-Mercuze;1056;481.0;98.0;240.0;237.0;Centre
38467;Salagnon;865;284.0;46.0;388.0;147.0;Extrême-Droite
38468;Salaise-sur-Sanne;2337;680.0;117.0;848.0;692.0;Extrême-Droite
38469;La Salette-Fallavaux;103;35.0;8.0;41.0;19.0;Extrême-Droite
38470;La Salle-en-Beaumont;236;57.0;17.0;99.0;63.0;Extrême-Droite
38471;Le Sappey-en-Chartreuse;832;389.0;41.0;110.0;292.0;Centre
38472;Sarcenas;157;63.0;7.0;18.0;69.0;Gauche
38473;Sardieu;649;169.0;65.0;287.0;128.0;Extrême-Droite
38474;Sassenage;6405;2495.0;371.0;1942.0;1597.0;Centre
38475;Satolas-et-Bonce;1516;486.0;100.0;674.0;256.0;Extrême-Droite
38476;Savas-Mépin;554;153.0;39.0;272.0;90.0;Extrême-Droite
38478;Séchilienne;618;180.0;29.0;225.0;184.0;Extrême-Droite
38479;Porte-des-Bonnevaux;1208;387.0;105.0;504.0;212.0;Extrême-Droite
38480;Septème;1296;402.0;81.0;601.0;212.0;Extrême-Droite
38481;Sérézin-de-la-Tour;676;241.0;47.0;262.0;126.0;Extrême-Droite
38483;Sermérieu;1065;331.0;79.0;436.0;219.0;Extrême-Droite
38484;Serpaize;1220;424.0;68.0;480.0;248.0;Extrême-Droite
38485;Seyssinet-Pariset;6413;2456.0;376.0;1714.0;1867.0;Centre
38486;Seyssins;4762;2203.0;306.0;1150.0;1103.0;Centre
38487;Seyssuel;1344;566.0;99.0;410.0;269.0;Centre
38488;Siccieu-Saint-Julien-et-Carisieu;373;125.0;39.0;127.0;82.0;Extrême-Droite
38489;Siévoz;92;30.0;1.0;20.0;41.0;Gauche
38490;Sillans;1138;387.0;69.0;436.0;246.0;Extrême-Droite
38492;Sinard;440;159.0;22.0;101.0;158.0;Centre
38494;Soleymieu;528;173.0;47.0;224.0;84.0;Extrême-Droite
38495;La Sône;338;108.0;21.0;120.0;89.0;Extrême-Droite
38496;Sonnay;799;235.0;61.0;344.0;159.0;Extrême-Droite
38497;Sousville;117;40.0;10.0;48.0;19.0;Extrême-Droite
38498;Succieu;477;137.0;40.0;194.0;106.0;Extrême-Droite
38499;Susville;646;135.0;41.0;282.0;188.0;Extrême-Droite
38500;Têche;348;99.0;29.0;140.0;80.0;Extrême-Droite
38501;Tencin;1058;353.0;71.0;370.0;264.0;Extrême-Droite
38503;La Terrasse;1630;642.0;96.0;441.0;451.0;Centre
38504;Theys;1481;595.0;113.0;368.0;405.0;Centre
38505;Thodure;482;176.0;28.0;169.0;109.0;Centre
38507;Tignieu-Jameyzieu;3943;1187.0;210.0;1537.0;1009.0;Extrême-Droite
38508;Torchefelon;478;176.0;28.0;166.0;108.0;Centre
38509;La Tour-du-Pin;3258;1002.0;244.0;1100.0;912.0;Extrême-Droite
38511;Le Touvet;1993;790.0;136.0;550.0;517.0;Centre
38512;Tramolé;462;205.0;39.0;138.0;80.0;Centre
38513;Treffort;179;85.0;14.0;38.0;42.0;Centre
38514;Tréminis;170;48.0;16.0;40.0;66.0;Gauche
38515;Trept;1216;407.0;83.0;502.0;224.0;Extrême-Droite
38516;La Tronche;3235;1567.0;248.0;517.0;903.0;Centre
38517;Tullins;4018;1374.0;219.0;1233.0;1192.0;Centre
38518;Valbonnais;371;152.0;24.0;96.0;99.0;Centre
38519;Valencin;1696;614.0;110.0;695.0;277.0;Extrême-Droite
38520;Valencogne;403;172.0;27.0;136.0;68.0;Centre
38521;La Valette;49;20.0;1.0;8.0;20.0;Gauche
38522;Valjouffrey;154;54.0;12.0;38.0;50.0;Centre
38523;Varacieux;552;190.0;34.0;228.0;100.0;Extrême-Droite
38524;Varces-Allières-et-Risset;4107;1559.0;266.0;1361.0;921.0;Centre
38525;Vasselin;277;79.0;24.0;120.0;54.0;Extrême-Droite
38526;Vatilieu;277;116.0;21.0;79.0;61.0;Centre
38527;Vaujany;318;140.0;13.0;105.0;60.0;Centre
38528;Vaulnaveys-le-Bas;833;333.0;33.0;270.0;197.0;Centre
38529;Vaulnaveys-le-Haut;2567;1173.0;190.0;666.0;538.0;Centre
38530;Vaulx-Milieu;1454;548.0;87.0;514.0;305.0;Centre
38531;Velanne;327;111.0;23.0;113.0;80.0;Extrême-Droite
38532;Vénérieu;512;192.0;38.0;219.0;63.0;Extrême-Droite
38533;Venon;535;232.0;36.0;97.0;170.0;Centre
38535;Vernas;163;48.0;12.0;55.0;48.0;Extrême-Droite
38536;Vernioz;888;304.0;65.0;360.0;159.0;Extrême-Droite
38537;La Verpillière;3344;1049.0;190.0;1193.0;912.0;Extrême-Droite
38538;Le Versoud;2816;1135.0;162.0;826.0;693.0;Centre
38539;Vertrieu;392;106.0;27.0;166.0;93.0;Extrême-Droite
38540;Veurey-Voroize;872;333.0;59.0;276.0;204.0;Centre
38542;Veyssilieu;258;102.0;16.0;84.0;56.0;Centre
38543;Vézeronce-Curtin;1264;372.0;82.0;589.0;221.0;Extrême-Droite
38544;Vienne;13707;4770.0;976.0;3550.0;4411.0;Centre
38545;Vif;5190;1883.0;303.0;1797.0;1207.0;Centre
38546;Vignieu;577;170.0;40.0;248.0;119.0;Extrême-Droite
38547;Villard-Bonnot;3866;1322.0;199.0;1115.0;1230.0;Centre
38548;Villard-de-Lans;3150;1380.0;223.0;729.0;818.0;Centre
38549;Villard-Notre-Dame;30;9.0;4.0;5.0;12.0;Gauche
38550;Villard-Reculas;78;41.0;8.0;10.0;19.0;Centre
38551;Villard-Reymond;26;4.0;4.0;3.0;15.0;Gauche
38552;Villard-Saint-Christophe;270;91.0;15.0;88.0;76.0;Centre
38553;Villefontaine;7204;1882.0;323.0;2030.0;2969.0;Gauche
38554;Villemoirieu;1183;469.0;85.0;397.0;232.0;Centre
38555;Villeneuve-de-Marc;648;230.0;44.0;265.0;109.0;Extrême-Droite
38556;Ville-sous-Anjou;732;261.0;48.0;306.0;117.0;Extrême-Droite
38557;Villette-d'Anthon;2863;1067.0;192.0;1224.0;380.0;Extrême-Droite
38558;Villette-de-Vienne;1221;479.0;80.0;454.0;208.0;Centre
38559;Vinay;2331;747.0;155.0;861.0;568.0;Extrême-Droite
38560;Val-de-Virieu;833;272.0;58.0;294.0;209.0;Extrême-Droite
38561;Viriville;866;289.0;60.0;319.0;198.0;Extrême-Droite
38562;Vizille;3478;1051.0;156.0;1125.0;1146.0;Gauche
38563;Voiron;10929;4241.0;749.0;2602.0;3337.0;Centre
38564;Voissant;135;61.0;7.0;43.0;24.0;Centre
38565;Voreppe;5496;2177.0;378.0;1417.0;1524.0;Centre
38566;Vourey;1085;465.0;65.0;295.0;260.0;Centre
38567;Chamrousse;370;163.0;34.0;93.0;80.0;Centre
42001;Aboën;306;68.0;21.0;141.0;76.0;Extrême-Droite
42002;Ailleux;108;37.0;4.0;48.0;19.0;Extrême-Droite
42003;Ambierle;1241;408.0;73.0;397.0;363.0;Centre
42005;Andrézieux-Bouthéon;4736;1765.0;315.0;1550.0;1106.0;Centre
42006;Apinac;259;99.0;25.0;84.0;51.0;Centre
42007;Arcinges;136;48.0;20.0;43.0;25.0;Centre
42008;Arcon;81;24.0;9.0;28.0;20.0;Extrême-Droite
42009;Arthun;343;83.0;26.0;148.0;86.0;Extrême-Droite
42010;Aveizieux;1008;396.0;105.0;333.0;174.0;Centre
42011;Balbigny;1545;468.0;113.0;668.0;296.0;Extrême-Droite
42012;Bard;444;159.0;53.0;104.0;128.0;Centre
42013;Bellegarde-en-Forez;1103;379.0;107.0;423.0;194.0;Extrême-Droite
42014;Belleroche;170;60.0;13.0;61.0;36.0;Extrême-Droite
42015;Belmont-de-la-Loire;862;320.0;70.0;299.0;173.0;Centre
42016;La Bénisson-Dieu;293;83.0;25.0;134.0;51.0;Extrême-Droite
42017;Le Bessat;323;120.0;32.0;86.0;85.0;Centre
42018;Bessey;268;101.0;16.0;101.0;50.0;Centre
42019;Boën-sur-Lignon;1722;583.0;123.0;602.0;414.0;Extrême-Droite
42020;Boisset-lès-Montrond;739;241.0;61.0;317.0;120.0;Extrême-Droite
42021;Boisset-Saint-Priest;752;270.0;46.0;256.0;180.0;Centre
42022;Bonson;2418;849.0;148.0;934.0;487.0;Extrême-Droite
42023;Bourg-Argental;1745;570.0;144.0;585.0;446.0;Extrême-Droite
42025;Boyer;116;48.0;17.0;27.0;24.0;Centre
42026;Briennon;990;354.0;65.0;359.0;212.0;Extrême-Droite
42027;Bully;272;70.0;24.0;119.0;59.0;Extrême-Droite
42028;Burdignes;257;88.0;17.0;53.0;99.0;Gauche
42029;Bussières;819;247.0;60.0;310.0;202.0;Extrême-Droite
42030;Bussy-Albieux;318;98.0;22.0;125.0;73.0;Extrême-Droite
42031;Caloire;226;84.0;11.0;93.0;38.0;Extrême-Droite
42032;Cellieu;1078;423.0;84.0;404.0;167.0;Centre
42033;Le Cergne;386;130.0;42.0;153.0;61.0;Extrême-Droite
42034;Cervières;77;31.0;11.0;17.0;18.0;Centre
42035;Cezay;118;31.0;8.0;55.0;24.0;Extrême-Droite
42036;Chagnon;327;112.0;31.0;107.0;77.0;Centre
42037;Chalain-d'Uzore;465;183.0;51.0;163.0;68.0;Centre
42038;Chalain-le-Comtal;466;173.0;51.0;175.0;67.0;Extrême-Droite
42039;Chalmazel-Jeansagnière;344;156.0;31.0;83.0;74.0;Centre
42040;La Chamba;55;32.0;1.0;11.0;11.0;Centre
42041;Chambéon;340;105.0;39.0;136.0;60.0;Extrême-Droite
42042;Chambles;712;269.0;52.0;248.0;143.0;Centre
42043;Chamboeuf;1181;519.0;118.0;344.0;200.0;Centre
42044;Le Chambon-Feugerolles;5281;1247.0;236.0;1892.0;1906.0;Gauche
42045;La Chambonie;38;11.0;3.0;12.0;12.0;Gauche
42046;Champdieu;1141;430.0;87.0;399.0;225.0;Centre
42047;Champoly;197;74.0;15.0;41.0;67.0;Centre
42048;Chandon;866;312.0;76.0;290.0;188.0;Centre
42049;Changy;386;115.0;25.0;175.0;71.0;Extrême-Droite
42050;La Chapelle-en-Lafaye;101;38.0;6.0;34.0;23.0;Centre
42051;La Chapelle-Villars;328;116.0;23.0;119.0;70.0;Extrême-Droite
42052;Charlieu;1818;696.0;126.0;498.0;498.0;Centre
42053;Châteauneuf;1041;312.0;78.0;424.0;227.0;Extrême-Droite
42054;Châtelneuf;213;75.0;23.0;80.0;35.0;Extrême-Droite
42055;Châtelus;93;38.0;5.0;34.0;16.0;Centre
42056;Chavanay;1568;539.0;112.0;573.0;344.0;Extrême-Droite
42058;Chazelles-sur-Lavieu;179;51.0;12.0;67.0;49.0;Extrême-Droite
42059;Chazelles-sur-Lyon;2992;1089.0;246.0;1010.0;647.0;Centre
42060;Chenereilles;340;90.0;25.0;131.0;94.0;Extrême-Droite
42061;Cherier;352;96.0;34.0;150.0;72.0;Extrême-Droite
42062;Chevrières;705;285.0;53.0;221.0;146.0;Centre
42063;Chirassimont;253;84.0;26.0;102.0;41.0;Extrême-Droite
42064;Chuyer;532;198.0;54.0;182.0;98.0;Centre
42065;Civens;952;399.0;85.0;298.0;170.0;Centre
42066;Cleppé;351;124.0;31.0;139.0;57.0;Extrême-Droite
42067;Colombier;214;58.0;18.0;82.0;56.0;Extrême-Droite
42068;Combre;253;65.0;27.0;124.0;37.0;Extrême-Droite
42069;Commelle-Vernay;1841;753.0;143.0;601.0;344.0;Centre
42070;Cordelle;515;173.0;29.0;212.0;101.0;Extrême-Droite
42071;Le Coteau;3497;1316.0;255.0;1184.0;742.0;Centre
42072;La Côte-en-Couzan;51;17.0;0.0;12.0;22.0;Gauche
42073;Cottance;423;147.0;26.0;162.0;88.0;Extrême-Droite
42074;Coutouvre;596;239.0;65.0;191.0;101.0;Centre
42075;Craintilleux;778;294.0;48.0;305.0;131.0;Extrême-Droite
42076;Cremeaux;555;234.0;52.0;173.0;96.0;Centre
42077;Croizet-sur-Gand;162;50.0;11.0;57.0;44.0;Extrême-Droite
42078;Le Crozet;161;54.0;12.0;69.0;26.0;Extrême-Droite
42079;Cuinzier;367;113.0;23.0;169.0;62.0;Extrême-Droite
42081;Cuzieu;935;342.0;76.0;376.0;141.0;Extrême-Droite
42083;Dargoire;334;130.0;25.0;98.0;81.0;Centre
42084;Débats-Rivière-d'Orpra;100;22.0;7.0;40.0;31.0;Extrême-Droite
42085;Doizieux;591;183.0;43.0;242.0;123.0;Extrême-Droite
42086;Ecoche;330;117.0;18.0;121.0;74.0;Extrême-Droite
42087;Ecotay-l'Olme;885;418.0;97.0;202.0;168.0;Centre
42088;Epercieux-Saint-Paul;446;176.0;45.0;155.0;70.0;Centre
42089;Essertines-en-Châtelneuf;460;196.0;36.0;120.0;108.0;Centre
42090;Essertines-en-Donzy;290;92.0;36.0;106.0;56.0;Extrême-Droite
42091;Estivareilles;465;146.0;38.0;214.0;67.0;Extrême-Droite
42092;L'Etrat;1721;729.0;163.0;561.0;268.0;Centre
42093;Farnay;930;387.0;62.0;285.0;196.0;Centre
42094;Feurs;3983;1479.0;412.0;1314.0;778.0;Centre
42095;Firminy;7411;1897.0;358.0;2522.0;2634.0;Gauche
42096;Fontanès;422;159.0;43.0;129.0;91.0;Centre
42097;La Fouillouse;2822;1123.0;240.0;1002.0;457.0;Centre
42098;Fourneaux;390;130.0;23.0;134.0;103.0;Extrême-Droite
42099;Fraisses;2131;645.0;138.0;774.0;574.0;Extrême-Droite
42100;La Gimond;203;83.0;19.0;68.0;33.0;Centre
42101;Graix;107;38.0;5.0;30.0;34.0;Centre
42102;Grammond;568;256.0;63.0;138.0;111.0;Centre
42103;La Grand-Croix;2215;636.0;127.0;778.0;674.0;Extrême-Droite
42104;La Gresle;473;171.0;43.0;176.0;83.0;Extrême-Droite
42105;Grézieux-le-Fromental;111;21.0;6.0;70.0;14.0;Extrême-Droite
42106;Grézolles;160;59.0;10.0;63.0;28.0;Extrême-Droite
42107;Gumières;211;59.0;10.0;75.0;67.0;Extrême-Droite
42108;L'Hôpital-le-Grand;639;181.0;40.0;310.0;108.0;Extrême-Droite
42109;L'Hôpital-sous-Rochefort;78;18.0;8.0;35.0;17.0;Extrême-Droite
42110;L'Horme;2132;644.0;142.0;809.0;537.0;Extrême-Droite
42112;Jarnosse;289;75.0;21.0;110.0;83.0;Extrême-Droite
42113;Jas;169;57.0;9.0;62.0;41.0;Extrême-Droite
42115;Jonzieux;699;259.0;68.0;215.0;157.0;Centre
42116;Juré;173;72.0;17.0;65.0;19.0;Centre
42117;Lavieu;91;33.0;4.0;37.0;17.0;Extrême-Droite
42118;Lay;435;140.0;26.0;173.0;96.0;Extrême-Droite
42119;Leigneux;219;78.0;17.0;69.0;55.0;Centre
42120;Lentigny;1063;383.0;84.0;392.0;204.0;Extrême-Droite
42121;Lérigneux;111;43.0;18.0;26.0;24.0;Centre
42122;Lézigneux;1168;505.0;95.0;329.0;239.0;Centre
42123;Lorette;2260;602.0;119.0;860.0;679.0;Extrême-Droite
42124;Lupé;212;81.0;21.0;63.0;47.0;Centre
42125;Luré;89;40.0;9.0;30.0;10.0;Centre
42126;Luriecq;712;223.0;54.0;272.0;163.0;Extrême-Droite
42127;Mably;3974;1361.0;233.0;1321.0;1059.0;Centre
42128;Machézal;251;75.0;30.0;88.0;58.0;Extrême-Droite
42129;Maclas;1076;369.0;71.0;334.0;302.0;Centre
42130;Magneux-Haute-Rive;337;115.0;21.0;148.0;53.0;Extrême-Droite
42131;Maizilly;196;68.0;18.0;60.0;50.0;Centre
42132;Malleval;391;142.0;34.0;126.0;89.0;Centre
42133;Marcenod;438;134.0;43.0;197.0;64.0;Extrême-Droite
42134;Marcilly-le-Châtel;838;339.0;70.0;258.0;171.0;Centre
42135;Marclopt;374;169.0;31.0;137.0;37.0;Centre
42136;Marcoux;488;163.0;43.0;178.0;104.0;Extrême-Droite
42137;Margerie-Chantagret;486;130.0;48.0;208.0;100.0;Extrême-Droite
42138;Maringes;413;147.0;46.0;142.0;78.0;Centre
42139;Marlhes;871;364.0;83.0;254.0;170.0;Centre
42140;Marols;295;109.0;29.0;89.0;68.0;Centre
42141;Mars;346;126.0;33.0;109.0;78.0;Centre
42142;Merle-Leignec;221;60.0;30.0;75.0;56.0;Extrême-Droite
42143;Mizérieux;288;95.0;28.0;119.0;46.0;Extrême-Droite
42145;Montagny;634;201.0;49.0;284.0;100.0;Extrême-Droite
42146;Montarcher;70;29.0;5.0;20.0;16.0;Centre
42147;Montbrison;8214;3109.0;698.0;2447.0;1960.0;Centre
42148;Montchal;291;90.0;24.0;105.0;72.0;Extrême-Droite
42149;Montrond-les-Bains;3030;1122.0;248.0;1198.0;462.0;Extrême-Droite
42150;Montverdun;731;239.0;60.0;274.0;158.0;Extrême-Droite
42151;Mornand-en-Forez;230;75.0;27.0;93.0;35.0;Extrême-Droite
42152;Nandax;325;125.0;33.0;104.0;63.0;Centre
42153;Neaux;293;102.0;19.0;110.0;62.0;Extrême-Droite
42154;Néronde;270;87.0;23.0;93.0;67.0;Extrême-Droite
42155;Nervieux;626;197.0;49.0;290.0;90.0;Extrême-Droite
42156;Neulise;692;245.0;68.0;260.0;119.0;Extrême-Droite
42157;Noailly;500;170.0;44.0;186.0;100.0;Extrême-Droite
42158;Les Noës;138;48.0;15.0;48.0;27.0;Centre
42159;Noirétable;978;372.0;83.0;321.0;202.0;Centre
42160;Nollieux;105;39.0;14.0;40.0;12.0;Extrême-Droite
42161;Notre-Dame-de-Boisset;381;129.0;40.0;133.0;79.0;Extrême-Droite
42162;Ouches;752;240.0;70.0;323.0;119.0;Extrême-Droite
42163;La Pacaudière;583;182.0;58.0;238.0;105.0;Extrême-Droite
42164;Palogneux;51;15.0;7.0;21.0;8.0;Extrême-Droite
42165;Panissières;1626;573.0;129.0;583.0;341.0;Extrême-Droite
42166;Parigny;371;142.0;31.0;137.0;61.0;Centre
42167;Pavezin;232;79.0;14.0;82.0;57.0;Extrême-Droite
42168;Pélussin;2342;774.0;190.0;710.0;668.0;Centre
42169;Périgneux;994;315.0;81.0;384.0;214.0;Extrême-Droite
42170;Perreux;1257;468.0;100.0;471.0;218.0;Extrême-Droite
42171;Pinay;185;76.0;20.0;62.0;27.0;Centre
42172;Planfoy;669;275.0;48.0;170.0;176.0;Centre
42173;Pommiers;214;72.0;26.0;85.0;31.0;Extrême-Droite
42174;Poncins;724;272.0;46.0;302.0;104.0;Extrême-Droite
42175;Pouilly-lès-Feurs;778;297.0;48.0;275.0;158.0;Centre
42176;Pouilly-les-Nonains;1231;482.0;90.0;426.0;233.0;Centre
42177;Pouilly-sous-Charlieu;1465;497.0;78.0;609.0;281.0;Extrême-Droite
42178;Pradines;565;202.0;55.0;226.0;82.0;Extrême-Droite
42179;Pralong;586;219.0;47.0;211.0;109.0;Centre
42180;Précieux;582;185.0;44.0;242.0;111.0;Extrême-Droite
42181;Régny;747;232.0;51.0;261.0;203.0;Extrême-Droite
42182;Renaison;2042;809.0;190.0;638.0;405.0;Centre
42183;La Ricamarie;2748;585.0;101.0;728.0;1334.0;Gauche
42184;Riorges;6114;2329.0;437.0;1906.0;1442.0;Centre
42185;Rivas;420;171.0;48.0;138.0;63.0;Centre
42186;Rive-de-Gier;5689;1377.0;258.0;1967.0;2087.0;Gauche
42187;Roanne;14083;5036.0;934.0;4202.0;3911.0;Centre
42188;Roche;166;58.0;24.0;68.0;16.0;Extrême-Droite
42189;Roche-la-Molière;5577;1710.0;294.0;2029.0;1544.0;Extrême-Droite
42191;Roisey;618;221.0;42.0;192.0;163.0;Centre
42192;Rozier-Côtes-d'Aurec;281;59.0;19.0;144.0;59.0;Extrême-Droite
42193;Rozier-en-Donzy;882;321.0;73.0;279.0;209.0;Centre
42194;Sail-les-Bains;149;47.0;18.0;46.0;38.0;Centre
42195;Sail-sous-Couzan;575;154.0;31.0;190.0;200.0;Gauche
42196;Sainte-Agathe-en-Donzy;82;25.0;9.0;26.0;22.0;Extrême-Droite
42197;Sainte-Agathe-la-Bouteresse;630;184.0;55.0;263.0;128.0;Extrême-Droite
42198;Saint-Alban-les-Eaux;601;199.0;49.0;234.0;119.0;Extrême-Droite
42199;Saint-André-d'Apchon;1311;522.0;76.0;395.0;318.0;Centre
42200;Saint-André-le-Puy;871;287.0;85.0;386.0;113.0;Extrême-Droite
42201;Saint-Appolinard;480;164.0;42.0;136.0;138.0;Centre
42202;Saint-Barthélemy-Lestra;435;179.0;46.0;121.0;89.0;Centre
42203;Saint-Bonnet-des-Quarts;207;75.0;14.0;73.0;45.0;Centre
42204;Saint-Bonnet-le-Château;696;247.0;56.0;221.0;172.0;Centre
42205;Saint-Bonnet-le-Courreau;472;184.0;48.0;164.0;76.0;Centre
42206;Saint-Bonnet-les-Oules;1146;490.0;131.0;378.0;147.0;Centre
42207;Saint-Chamond;15510;4772.0;950.0;4949.0;4839.0;Extrême-Droite
42208;Saint-Christo-en-Jarez;1203;450.0;136.0;453.0;164.0;Extrême-Droite
42209;Sainte-Colombe-sur-Gand;265;79.0;41.0;106.0;39.0;Extrême-Droite
42210;Sainte-Croix-en-Jarez;308;110.0;40.0;98.0;60.0;Centre
42211;Saint-Cyprien;1424;494.0;90.0;580.0;260.0;Extrême-Droite
42212;Saint-Cyr-de-Favières;531;171.0;41.0;220.0;99.0;Extrême-Droite
42213;Saint-Cyr-de-Valorges;201;67.0;23.0;63.0;48.0;Centre
42214;Saint-Cyr-les-Vignes;624;237.0;48.0;254.0;85.0;Extrême-Droite
42215;Saint-Denis-de-Cabanne;681;243.0;51.0;224.0;163.0;Centre
42216;Saint-Denis-sur-Coise;426;176.0;52.0;121.0;77.0;Centre
42217;Saint-Didier-sur-Rochefort;252;83.0;20.0;68.0;81.0;Centre
42218;Saint-Etienne;62062;19740.0;3369.0;14845.0;24108.0;Gauche
42219;Saint-Etienne-le-Molard;625;210.0;47.0;247.0;121.0;Extrême-Droite
42220;Saint-Forgeux-Lespinasse;347;114.0;34.0;139.0;60.0;Extrême-Droite
42221;Sainte-Foy-Saint-Sulpice;300;94.0;30.0;121.0;55.0;Extrême-Droite
42222;Saint-Galmier;3368;1426.0;303.0;1060.0;579.0;Centre
42223;Saint-Genest-Lerpt;3358;1254.0;241.0;1024.0;839.0;Centre
42224;Saint-Genest-Malifaux;1871;768.0;187.0;546.0;370.0;Centre
42225;Genilac;2310;845.0;141.0;781.0;543.0;Centre
42226;Saint-Georges-de-Baroille;268;78.0;25.0;99.0;66.0;Extrême-Droite
42227;Saint-Georges-en-Couzan;277;126.0;21.0;99.0;31.0;Centre
42228;Saint-Georges-Haute-Ville;914;268.0;52.0;400.0;194.0;Extrême-Droite
42229;Saint-Germain-la-Montagne;158;48.0;18.0;56.0;36.0;Extrême-Droite
42230;Saint-Germain-Laval;924;315.0;83.0;340.0;186.0;Extrême-Droite
42231;Saint-Germain-Lespinasse;725;235.0;63.0;298.0;129.0;Extrême-Droite
42232;Saint-Haon-le-Châtel;365;143.0;17.0;85.0;120.0;Centre
42233;Saint-Haon-le-Vieux;681;226.0;48.0;244.0;163.0;Extrême-Droite
42234;Saint-Héand;2283;1074.0;209.0;624.0;376.0;Centre
42235;Saint-Hilaire-Cusson-la-Valmitte;228;89.0;25.0;70.0;44.0;Centre
42236;Saint-Hilaire-sous-Charlieu;311;126.0;22.0;111.0;52.0;Centre
42237;Saint-Jean-Bonnefonds;3603;1195.0;195.0;1259.0;954.0;Extrême-Droite
42238;Saint-Jean-la-Vêtre;203;58.0;17.0;80.0;48.0;Extrême-Droite
42239;Saint-Jean-Saint-Maurice-sur-Loire;777;284.0;58.0;288.0;147.0;Extrême-Droite
42240;Saint-Jean-Soleymieux;509;170.0;21.0;160.0;158.0;Centre
42241;Saint-Jodard;200;69.0;20.0;70.0;41.0;Extrême-Droite
42242;Saint-Joseph;1192;377.0;81.0;449.0;285.0;Extrême-Droite
42243;Saint-Julien-d'Oddes;180;77.0;15.0;57.0;31.0;Centre
42245;Vêtre-sur-Anzon;364;111.0;28.0;134.0;91.0;Extrême-Droite
42246;Saint-Julien-Molin-Molette;727;196.0;55.0;198.0;278.0;Gauche
42247;Saint-Just-en-Bas;200;60.0;25.0;74.0;41.0;Extrême-Droite
42248;Saint-Just-en-Chevalet;647;246.0;71.0;230.0;100.0;Centre
42249;Saint-Just-la-Pendue;952;306.0;88.0;370.0;188.0;Extrême-Droite
42251;Saint-Laurent-la-Conche;404;146.0;42.0;170.0;46.0;Extrême-Droite
42252;Saint-Laurent-Rochefort;165;54.0;12.0;58.0;41.0;Extrême-Droite
42253;Saint-Léger-sur-Roanne;751;286.0;58.0;294.0;113.0;Extrême-Droite
42254;Saint-Marcel-de-Félines;469;134.0;58.0;195.0;82.0;Extrême-Droite
42255;Saint-Marcel-d'Urfé;163;62.0;11.0;50.0;40.0;Centre
42256;Saint-Marcellin-en-Forez;2802;984.0;197.0;1135.0;486.0;Extrême-Droite
42257;Saint-Martin-d'Estréaux;538;184.0;32.0;202.0;120.0;Extrême-Droite
42259;Saint-Martin-la-Plaine;2281;867.0;157.0;771.0;486.0;Centre
42260;Saint-Martin-la-Sauveté;524;183.0;45.0;211.0;85.0;Extrême-Droite
42261;Saint-Martin-Lestra;567;194.0;66.0;223.0;84.0;Extrême-Droite
42262;Saint-Maurice-en-Gourgois;1049;331.0;79.0;455.0;184.0;Extrême-Droite
42264;Saint-Médard-en-Forez;635;262.0;57.0;180.0;136.0;Centre
42265;Saint-Michel-sur-Rhône;548;186.0;52.0;180.0;130.0;Centre
42266;Saint-Nizier-de-Fornas;434;147.0;32.0;157.0;98.0;Extrême-Droite
42267;Saint-Nizier-sous-Charlieu;1025;395.0;72.0;345.0;213.0;Centre
42268;Vézelin-sur-Loire;491;197.0;51.0;162.0;81.0;Centre
42269;Saint-Paul-d'Uzore;124;45.0;6.0;54.0;19.0;Extrême-Droite
42270;Saint-Paul-en-Cornillon;859;315.0;58.0;288.0;198.0;Centre
42271;Saint-Paul-en-Jarez;2578;867.0;203.0;904.0;604.0;Extrême-Droite
42272;Saint-Pierre-de-Boeuf;932;314.0;58.0;331.0;229.0;Extrême-Droite
42273;Saint-Pierre-la-Noaille;239;99.0;19.0;91.0;30.0;Centre
42274;Saint-Polgues;156;51.0;9.0;58.0;38.0;Extrême-Droite
42275;Saint-Priest-en-Jarez;3060;1257.0;268.0;854.0;681.0;Centre
42276;Saint-Priest-la-Prugne;266;100.0;20.0;108.0;38.0;Extrême-Droite
42277;Saint-Priest-la-Roche;193;69.0;10.0;82.0;32.0;Extrême-Droite
42278;Saint-Priest-la-Vêtre;109;35.0;6.0;35.0;33.0;Centre
42279;Saint-Just-Saint-Rambert;8817;3562.0;697.0;2769.0;1789.0;Centre
42280;Saint-Régis-du-Coin;270;101.0;14.0;88.0;67.0;Centre
42281;Saint-Rirand;100;26.0;4.0;38.0;32.0;Extrême-Droite
42282;Saint-Romain-d'Urfé;187;77.0;16.0;49.0;45.0;Centre
42283;Saint-Romain-en-Jarez;797;257.0;72.0;347.0;121.0;Extrême-Droite
42284;Saint-Romain-la-Motte;939;358.0;68.0;312.0;201.0;Centre
42285;Saint-Romain-le-Puy;2322;641.0;151.0;1037.0;493.0;Extrême-Droite
42286;Saint-Romain-les-Atheux;625;209.0;32.0;238.0;146.0;Extrême-Droite
42287;Saint-Sauveur-en-Rue;660;209.0;77.0;188.0;186.0;Centre
42288;Saint-Sixte;437;156.0;24.0;154.0;103.0;Centre
42289;Saint-Symphorien-de-Lay;1104;375.0;68.0;443.0;218.0;Extrême-Droite
42290;Saint-Thomas-la-Garde;390;164.0;25.0;123.0;78.0;Centre
42293;Saint-Victor-sur-Rhins;676;207.0;58.0;291.0;120.0;Extrême-Droite
42294;Saint-Vincent-de-Boisset;639;283.0;74.0;193.0;89.0;Centre
42295;Les Salles;354;132.0;36.0;132.0;54.0;Centre
42296;Salt-en-Donzy;356;144.0;39.0;128.0;45.0;Centre
42297;Salvizinet;405;186.0;28.0;116.0;75.0;Centre
42298;Sauvain;267;119.0;27.0;92.0;29.0;Centre
42299;Savigneux;2123;826.0;168.0;736.0;393.0;Centre
42300;Sevelinges;413;129.0;43.0;173.0;68.0;Extrême-Droite
42301;Soleymieux;399;120.0;26.0;110.0;143.0;Gauche
42302;Sorbiers;4951;1931.0;390.0;1576.0;1054.0;Centre
42303;Souternon;218;85.0;9.0;86.0;38.0;Extrême-Droite
42304;Sury-le-Comtal;2992;886.0;205.0;1271.0;630.0;Extrême-Droite
42305;La Talaudière;3519;1289.0;286.0;1166.0;778.0;Centre
42306;Tarentaise;358;153.0;41.0;89.0;75.0;Centre
42307;Tartaras;564;220.0;40.0;193.0;111.0;Centre
42308;La Terrasse-sur-Dorlay;451;136.0;23.0;183.0;109.0;Extrême-Droite
42310;Thélis-la-Combe;121;44.0;14.0;38.0;25.0;Centre
42311;La Tour-en-Jarez;777;331.0;59.0;211.0;176.0;Centre
42312;La Tourette;426;119.0;44.0;178.0;85.0;Extrême-Droite
42313;Trelins;437;169.0;30.0;143.0;95.0;Centre
42314;La Tuilière;197;61.0;26.0;91.0;19.0;Extrême-Droite
42315;Unias;277;95.0;23.0;115.0;44.0;Extrême-Droite
42316;Unieux;4392;1181.0;248.0;1568.0;1395.0;Extrême-Droite
42317;Urbise;82;39.0;5.0;20.0;18.0;Centre
42318;Usson-en-Forez;992;325.0;91.0;420.0;156.0;Extrême-Droite
42319;Valeille;413;122.0;45.0;185.0;61.0;Extrême-Droite
42320;Valfleury;396;141.0;37.0;160.0;58.0;Extrême-Droite
42321;La Valla-sur-Rochefort;71;15.0;6.0;39.0;11.0;Extrême-Droite
42322;La Valla-en-Gier;605;171.0;43.0;304.0;87.0;Extrême-Droite
42323;Veauche;5522;2070.0;414.0;2091.0;947.0;Extrême-Droite
42324;Veauchette;696;227.0;41.0;288.0;140.0;Extrême-Droite
42325;Vendranges;213;86.0;14.0;87.0;26.0;Extrême-Droite
42326;Véranne;594;202.0;33.0;157.0;202.0;Gauche
42327;Vérin;430;163.0;37.0;135.0;95.0;Centre
42328;Verrières-en-Forez;411;128.0;34.0;115.0;134.0;Gauche
42329;La Versanne;243;81.0;24.0;69.0;69.0;Centre
42330;Villars;4531;1637.0;304.0;1389.0;1201.0;Centre
42331;Villemontais;634;273.0;39.0;190.0;132.0;Centre
42332;Villerest;3108;1225.0;215.0;1042.0;626.0;Centre
42333;Villers;383;125.0;44.0;146.0;68.0;Extrême-Droite
42334;Violay;788;290.0;79.0;291.0;128.0;Extrême-Droite
42335;Viricelles;294;118.0;37.0;96.0;43.0;Centre
42336;Virigneux;376;131.0;26.0;151.0;68.0;Extrême-Droite
42337;Vivans;157;56.0;15.0;64.0;22.0;Extrême-Droite
42338;Vougy;948;353.0;77.0;341.0;177.0;Centre
42339;Chausseterre;158;60.0;5.0;65.0;28.0;Extrême-Droite
43001;Agnat;123;38.0;15.0;46.0;24.0;Extrême-Droite
43002;Aiguilhe;896;357.0;99.0;216.0;224.0;Centre
43003;Allègre;502;161.0;52.0;194.0;95.0;Extrême-Droite
43004;Alleyrac;110;35.0;8.0;40.0;27.0;Extrême-Droite
43005;Alleyras;159;37.0;23.0;39.0;60.0;Gauche
43006;Ally;113;40.0;15.0;46.0;12.0;Extrême-Droite
43007;Araules;463;151.0;55.0;164.0;93.0;Extrême-Droite
43008;Arlempdes;124;48.0;22.0;39.0;15.0;Centre
43009;Arlet;21;4.0;1.0;6.0;10.0;Gauche
43010;Arsac-en-Velay;814;269.0;94.0;254.0;197.0;Centre
43011;Aubazat;135;43.0;12.0;42.0;38.0;Centre
43012;Aurec-sur-Loire;3523;1068.0;247.0;1454.0;754.0;Extrême-Droite
43013;Vissac-Auteyrac;258;89.0;32.0;70.0;67.0;Centre
43014;Autrac;48;23.0;4.0;14.0;7.0;Centre
43015;Auvers;41;19.0;4.0;8.0;10.0;Centre
43016;Auzon;529;139.0;27.0;221.0;142.0;Extrême-Droite
43017;Azérat;202;69.0;18.0;55.0;60.0;Centre
43018;Bains;773;221.0;77.0;331.0;144.0;Extrême-Droite
43019;Barges;79;28.0;11.0;22.0;18.0;Centre
43020;Bas-en-Basset;2783;845.0;224.0;1181.0;533.0;Extrême-Droite
43021;Beaulieu;677;217.0;75.0;255.0;130.0;Extrême-Droite
43022;Beaumont;204;72.0;15.0;54.0;63.0;Centre
43023;Beaune-sur-Arzon;162;42.0;20.0;71.0;29.0;Extrême-Droite
43024;Beaux;510;156.0;37.0;183.0;134.0;Extrême-Droite
43025;Beauzac;1828;522.0;168.0;803.0;335.0;Extrême-Droite
43026;Bellevue-la-Montagne;338;83.0;49.0;131.0;75.0;Extrême-Droite
43027;Berbezit;44;13.0;4.0;12.0;15.0;Gauche
43028;Bessamorel;314;87.0;38.0;137.0;52.0;Extrême-Droite
43029;La Besseyre-Saint-Mary;88;33.0;17.0;25.0;13.0;Centre
43030;Blanzac;304;106.0;35.0;101.0;62.0;Centre
43031;Blassac;106;34.0;4.0;34.0;34.0;Gauche
43032;Blavozy;1117;419.0;98.0;356.0;244.0;Centre
43033;Blesle;458;162.0;47.0;135.0;114.0;Centre
43034;Boisset;263;78.0;39.0;116.0;30.0;Extrême-Droite
43035;Bonneval;47;14.0;7.0;13.0;13.0;Centre
43036;Borne;275;79.0;31.0;105.0;60.0;Extrême-Droite
43037;Le Bouchet-Saint-Nicolas;226;76.0;32.0;94.0;24.0;Extrême-Droite
43038;Bournoncle-Saint-Pierre;632;184.0;43.0;244.0;161.0;Extrême-Droite
43039;Le Brignon;410;133.0;30.0;150.0;97.0;Extrême-Droite
43040;Brioude;3482;1268.0;275.0;919.0;1020.0;Centre
43041;Brives-Charensac;2266;751.0;190.0;731.0;594.0;Centre
43042;Cayres;469;138.0;45.0;216.0;70.0;Extrême-Droite
43043;Céaux-d'Allègre;301;92.0;24.0;120.0;65.0;Extrême-Droite
43044;Cerzat;158;53.0;9.0;52.0;44.0;Centre
43045;Ceyssac;260;86.0;27.0;89.0;58.0;Extrême-Droite
43046;Chadrac;1521;575.0;139.0;434.0;373.0;Centre
43047;Chadron;214;81.0;14.0;56.0;63.0;Centre
43048;La Chaise-Dieu;405;137.0;44.0;138.0;86.0;Extrême-Droite
43049;Chamalières sur Loire;345;101.0;37.0;127.0;80.0;Extrême-Droite
43050;Chambezon;69;19.0;3.0;24.0;23.0;Extrême-Droite
43051;Le Chambon-sur-Lignon;1524;640.0;137.0;370.0;377.0;Centre
43052;Champagnac-le-Vieux;157;51.0;17.0;46.0;43.0;Centre
43053;Champclause;176;51.0;26.0;59.0;40.0;Extrême-Droite
43054;Chanaleilles;167;64.0;36.0;50.0;17.0;Centre
43055;Chaniat;117;36.0;8.0;43.0;30.0;Extrême-Droite
43056;Chanteuges;274;86.0;25.0;89.0;74.0;Extrême-Droite
43057;La Chapelle-Bertin;52;16.0;5.0;17.0;14.0;Extrême-Droite
43058;La Chapelle-d'Aurec;663;196.0;65.0;282.0;120.0;Extrême-Droite
43059;La Chapelle-Geneste;93;31.0;9.0;30.0;23.0;Centre
43060;Charraix;59;26.0;13.0;9.0;11.0;Centre
43061;Chaspinhac;523;196.0;41.0;156.0;130.0;Centre
43062;Chaspuzac;504;173.0;38.0;196.0;97.0;Extrême-Droite
43063;Chassagnes;100;35.0;12.0;15.0;38.0;Gauche
43064;Chassignolles;80;34.0;13.0;21.0;12.0;Centre
43065;Chastel;87;32.0;5.0;37.0;13.0;Extrême-Droite
43066;Chaudeyrolles;90;27.0;11.0;28.0;24.0;Extrême-Droite
43067;Chavaniac-Lafayette;188;60.0;27.0;64.0;37.0;Extrême-Droite
43068;Chazelles;33;1.0;3.0;11.0;18.0;Gauche
43069;Chenereilles;222;80.0;20.0;91.0;31.0;Extrême-Droite
43070;Chilhac;145;34.0;16.0;38.0;57.0;Gauche
43071;Chomelix;313;122.0;33.0;90.0;68.0;Centre
43072;La Chomette;98;31.0;12.0;42.0;13.0;Extrême-Droite
43073;Cistrières;119;35.0;11.0;43.0;30.0;Extrême-Droite
43074;Cohade;490;144.0;39.0;175.0;132.0;Extrême-Droite
43075;Collat;76;23.0;8.0;30.0;15.0;Extrême-Droite
43076;Connangles;101;38.0;14.0;38.0;11.0;Centre
43077;Costaros;310;84.0;30.0;140.0;56.0;Extrême-Droite
43078;Coubon;2041;765.0;181.0;614.0;481.0;Centre
43079;Couteuges;161;36.0;17.0;66.0;42.0;Extrême-Droite
43080;Craponne-sur-Arzon;1146;390.0;132.0;411.0;213.0;Extrême-Droite
43082;Cronce;50;18.0;6.0;19.0;7.0;Extrême-Droite
43083;Cubelles;97;28.0;12.0;43.0;14.0;Extrême-Droite
43084;Cussac-sur-Loire;1116;307.0;114.0;406.0;289.0;Extrême-Droite
43085;Desges;42;21.0;6.0;4.0;11.0;Centre
43086;Domeyrat;134;39.0;15.0;35.0;45.0;Gauche
43087;Dunières;1595;517.0;192.0;611.0;275.0;Extrême-Droite
43088;Espalem;228;79.0;30.0;69.0;50.0;Centre
43089;Espaly-Saint-Marcel;1862;625.0;182.0;532.0;523.0;Centre
43090;Esplantas-Vazeilles;102;51.0;7.0;31.0;13.0;Centre
43091;Les Estables;244;85.0;29.0;78.0;52.0;Centre
43092;Fay-sur-Lignon;208;69.0;29.0;73.0;37.0;Extrême-Droite
43093;Félines;206;60.0;22.0;74.0;50.0;Extrême-Droite
43094;Ferrussac;62;22.0;11.0;20.0;9.0;Centre
43095;Fix-Saint-Geneys;99;25.0;9.0;44.0;21.0;Extrême-Droite
43096;Fontannes;531;194.0;36.0;159.0;142.0;Centre
43097;Freycenet-la-Cuche;98;31.0;22.0;33.0;12.0;Extrême-Droite
43098;Freycenet-la-Tour;97;32.0;13.0;15.0;37.0;Gauche
43099;Frugerès-les-Mines;282;89.0;9.0;118.0;66.0;Extrême-Droite
43100;Frugières-le-Pin;114;18.0;12.0;49.0;35.0;Extrême-Droite
43101;Goudet;87;26.0;6.0;34.0;21.0;Extrême-Droite
43102;Grazac;769;192.0;65.0;378.0;134.0;Extrême-Droite
43103;Grenier-Montgon;88;24.0;4.0;28.0;32.0;Gauche
43104;Grèzes;145;61.0;13.0;48.0;23.0;Centre
43105;Javaugues;133;46.0;15.0;42.0;30.0;Centre
43106;Jax;105;45.0;8.0;20.0;32.0;Centre
43107;Josat;68;20.0;3.0;23.0;22.0;Extrême-Droite
43108;Jullianges;299;91.0;38.0;129.0;41.0;Extrême-Droite
43109;Lafarre;63;13.0;12.0;23.0;15.0;Extrême-Droite
43110;Lamothe;533;186.0;57.0;159.0;131.0;Centre
43111;Landos;528;165.0;42.0;223.0;98.0;Extrême-Droite
43112;Langeac;1987;743.0;142.0;536.0;566.0;Centre
43113;Lantriac;1260;399.0;94.0;445.0;322.0;Extrême-Droite
43114;Lapte;1143;369.0;114.0;414.0;246.0;Extrême-Droite
43115;Laussonne;674;199.0;63.0;262.0;150.0;Extrême-Droite
43116;Laval-sur-Doulon;36;8.0;2.0;21.0;5.0;Extrême-Droite
43117;Lavaudieu;175;80.0;14.0;34.0;47.0;Centre
43118;Lavoûte-Chilhac;198;76.0;26.0;56.0;40.0;Centre
43119;Lavoûte-sur-Loire;463;148.0;45.0;144.0;126.0;Centre
43120;Lempdes-sur-Allagnon;733;210.0;50.0;263.0;210.0;Extrême-Droite
43121;Léotoing;149;40.0;9.0;54.0;46.0;Extrême-Droite
43122;Lissac;189;62.0;20.0;72.0;35.0;Extrême-Droite
43123;Lorlanges;251;81.0;33.0;75.0;62.0;Centre
43124;Loudes;593;187.0;43.0;210.0;153.0;Extrême-Droite
43125;Lubilhac;92;34.0;6.0;27.0;25.0;Centre
43126;Malrevers;472;149.0;28.0;189.0;106.0;Extrême-Droite
43127;Malvalette;490;158.0;35.0;184.0;113.0;Extrême-Droite
43128;Malvières;87;32.0;8.0;22.0;25.0;Centre
43129;Le Mas-de-Tence;158;42.0;17.0;55.0;44.0;Extrême-Droite
43130;Mazet-Saint-Voy;715;317.0;74.0;143.0;181.0;Centre
43131;Mazerat-Aurouze;156;50.0;9.0;38.0;59.0;Gauche
43132;Mazeyrat-d'Allier;975;304.0;92.0;356.0;223.0;Extrême-Droite
43133;Mercoeur;114;47.0;23.0;32.0;12.0;Centre
43134;Mézères;138;42.0;17.0;49.0;30.0;Extrême-Droite
43135;Le Monastier-sur-Gazeille;1065;306.0;91.0;381.0;287.0;Extrême-Droite
43136;Monistrol-d'Allier;163;48.0;18.0;43.0;54.0;Gauche
43137;Monistrol-sur-Loire;5444;1784.0;466.0;2018.0;1176.0;Extrême-Droite
43138;Monlet;262;87.0;38.0;86.0;51.0;Centre
43139;Montclard;27;5.0;5.0;7.0;10.0;Gauche
43140;Le Monteil;477;179.0;53.0;127.0;118.0;Centre
43141;Montfaucon-en-Velay;723;260.0;81.0;297.0;85.0;Extrême-Droite
43142;Montregard;386;136.0;44.0;138.0;68.0;Extrême-Droite
43143;Montusclat;107;32.0;12.0;39.0;24.0;Extrême-Droite
43144;Moudeyres;71;24.0;11.0;23.0;13.0;Centre
43145;Ouides;45;8.0;14.0;13.0;10.0;Droite
43147;Paulhac;445;145.0;39.0;155.0;106.0;Extrême-Droite
43148;Paulhaguet;470;145.0;38.0;172.0;115.0;Extrême-Droite
43149;Pébrac;86;32.0;12.0;18.0;24.0;Centre
43150;Le Pertuis;387;129.0;42.0;127.0;89.0;Centre
43151;Pinols;169;56.0;19.0;55.0;39.0;Centre
43152;Polignac;1887;718.0;200.0;578.0;391.0;Centre
43153;Pont-Salomon;1053;242.0;67.0;487.0;257.0;Extrême-Droite
43154;Pradelles;290;88.0;35.0;105.0;62.0;Extrême-Droite
43155;Prades;77;23.0;8.0;26.0;20.0;Extrême-Droite
43156;Présailles;106;34.0;13.0;41.0;18.0;Extrême-Droite
43157;Le Puy-en-Velay;8695;3037.0;762.0;2145.0;2751.0;Centre
43158;Queyrières;250;64.0;20.0;80.0;86.0;Gauche
43159;Raucoules;619;175.0;54.0;285.0;105.0;Extrême-Droite
43160;Rauret;147;49.0;23.0;45.0;30.0;Centre
43162;Retournac;1850;519.0;133.0;708.0;490.0;Extrême-Droite
43163;Riotord;779;251.0;99.0;322.0;107.0;Extrême-Droite
43164;Roche-en-Régnier;370;106.0;52.0;125.0;87.0;Extrême-Droite
43165;Rosières;923;312.0;83.0;334.0;194.0;Extrême-Droite
43166;Saint-André-de-Chalencon;263;76.0;35.0;74.0;78.0;Gauche
43167;Saint-Arcons-d'Allier;139;53.0;12.0;49.0;25.0;Centre
43168;Saint-Arcons-de-Barges;87;24.0;9.0;45.0;9.0;Extrême-Droite
43169;Saint-Austremoine;46;15.0;8.0;14.0;9.0;Centre
43170;Saint-Beauzire;224;67.0;17.0;85.0;55.0;Extrême-Droite
43171;Saint-Bérain;77;24.0;14.0;23.0;16.0;Centre
43172;Saint-Bonnet-le-Froid;159;80.0;8.0;43.0;28.0;Centre
43173;Saint-Christophe-d'Allier;85;36.0;11.0;14.0;24.0;Centre
43174;Saint-Christophe-sur-Dolaison;605;184.0;57.0;215.0;149.0;Extrême-Droite
43175;Saint-Cirgues;118;42.0;9.0;51.0;16.0;Extrême-Droite
43177;Saint-Didier-en-Velay;2075;662.0;150.0;823.0;440.0;Extrême-Droite
43178;Saint-Didier-sur-Doulon;171;61.0;14.0;47.0;49.0;Centre
43180;Saint-Etienne-du-Vigan;87;26.0;15.0;32.0;14.0;Extrême-Droite
43181;Saint-Etienne-Lardeyrol;514;189.0;42.0;135.0;148.0;Centre
43182;Saint-Etienne-sur-Blesle;46;19.0;5.0;16.0;6.0;Centre
43183;Sainte-Eugénie-de-Villeneuve;78;30.0;7.0;29.0;12.0;Centre
43184;Saint-Ferréol-d'Auroure;1533;457.0;125.0;671.0;280.0;Extrême-Droite
43185;Sainte-Florine;1708;502.0;71.0;620.0;515.0;Extrême-Droite
43186;Saint-Front;311;113.0;31.0;98.0;69.0;Centre
43187;Saint-Geneys-près-Saint-Paulien;226;79.0;27.0;81.0;39.0;Extrême-Droite
43188;Saint-Georges-d'Aurac;274;75.0;26.0;105.0;68.0;Extrême-Droite
43189;Saint-Georges-Lagricol;342;123.0;48.0;97.0;74.0;Centre
43190;Saint-Germain-Laprade;2401;853.0;209.0;730.0;609.0;Centre
43191;Saint-Géron;152;53.0;9.0;42.0;48.0;Centre
43192;Saint-Haon;226;64.0;19.0;99.0;44.0;Extrême-Droite
43193;Saint-Hilaire;116;29.0;14.0;44.0;29.0;Extrême-Droite
43194;Saint-Hostien;420;142.0;49.0;113.0;116.0;Centre
43195;Saint-Ilpize;168;44.0;16.0;49.0;59.0;Gauche
43196;Saint-Jean-d'Aubrigoux;144;46.0;19.0;51.0;28.0;Extrême-Droite
43197;Saint-Jean-de-Nay;252;79.0;31.0;90.0;52.0;Extrême-Droite
43198;Saint-Jean-Lachalm;222;66.0;29.0;94.0;33.0;Extrême-Droite
43199;Saint-Jeures;683;262.0;58.0;212.0;151.0;Centre
43200;Saint-Julien-Chapteuil;1187;432.0;131.0;316.0;308.0;Centre
43201;Saint-Julien-d'Ance;190;54.0;13.0;82.0;41.0;Extrême-Droite
43202;Saint-Julien-des-Chazes;65;25.0;13.0;12.0;15.0;Centre
43203;Saint-Julien-du-Pinet;371;119.0;36.0;118.0;98.0;Centre
43204;Saint-Julien-Molhesabate;124;51.0;11.0;43.0;19.0;Centre
43205;Saint-Just-Malmont;2545;798.0;205.0;1022.0;520.0;Extrême-Droite
43206;Saint-Just-près-Brioude;279;97.0;22.0;78.0;82.0;Centre
43207;Saint-Laurent-Chabreuges;179;83.0;10.0;39.0;47.0;Centre
43208;Sainte-Marguerite;34;22.0;3.0;7.0;2.0;Centre
43210;Saint-Martin-de-Fugères;198;55.0;23.0;76.0;44.0;Extrême-Droite
43211;Saint-Maurice-de-Lignon;1479;454.0;127.0;595.0;303.0;Extrême-Droite
43212;Saint-Pal-de-Chalencon;722;258.0;84.0;246.0;134.0;Centre
43213;Saint-Pal-de-Mons;1411;405.0;131.0;563.0;312.0;Extrême-Droite
43214;Saint-Pal-de-Senouire;78;19.0;10.0;28.0;21.0;Extrême-Droite
43215;Saint-Paul-de-Tartas;160;57.0;20.0;55.0;28.0;Centre
43216;Saint-Paulien;1449;457.0;127.0;525.0;340.0;Extrême-Droite
43217;Saint-Pierre-du-Champ;391;122.0;48.0;137.0;84.0;Extrême-Droite
43218;Saint-Pierre-Eynac;794;250.0;65.0;242.0;237.0;Centre
43219;Saint-Préjet-Armandon;74;27.0;4.0;9.0;34.0;Gauche
43220;Saint-Préjet-d'Allier;136;47.0;18.0;35.0;36.0;Centre
43221;Saint-Privat-d'Allier;303;121.0;23.0;83.0;76.0;Centre
43222;Saint-Privat-du-Dragon;117;50.0;8.0;32.0;27.0;Centre
43223;Saint-Romain-Lachalm;739;209.0;86.0;299.0;145.0;Extrême-Droite
43224;Sainte-Sigolène;3241;1005.0;324.0;1237.0;675.0;Extrême-Droite
43225;Saint-Vénérand;41;16.0;4.0;10.0;11.0;Centre
43226;Saint-Vert;80;33.0;14.0;25.0;8.0;Centre
43227;Saint-Victor-Malescours;515;161.0;69.0;198.0;87.0;Extrême-Droite
43228;Saint-Victor-sur-Arlanc;81;23.0;17.0;24.0;17.0;Extrême-Droite
43229;Saint-Vidal;366;116.0;28.0;144.0;78.0;Extrême-Droite
43230;Saint-Vincent;684;181.0;56.0;289.0;158.0;Extrême-Droite
43231;Salettes;142;49.0;12.0;54.0;27.0;Extrême-Droite
43232;Salzuit;206;52.0;27.0;76.0;51.0;Extrême-Droite
43233;Sanssac-l'Eglise;744;216.0;76.0;290.0;162.0;Extrême-Droite
43234;Saugues;1105;476.0;143.0;333.0;153.0;Centre
43236;La Séauve-sur-Semène;824;252.0;63.0;355.0;154.0;Extrême-Droite
43237;Sembadel;208;57.0;15.0;85.0;51.0;Extrême-Droite
43238;Séneujols;251;69.0;22.0;92.0;68.0;Extrême-Droite
43239;Siaugues-Sainte-Marie;539;185.0;48.0;198.0;108.0;Extrême-Droite
43240;Solignac-sous-Roche;183;42.0;10.0;71.0;60.0;Extrême-Droite
43241;Solignac-sur-Loire;812;279.0;87.0;274.0;172.0;Centre
43242;Tailhac;44;16.0;8.0;12.0;8.0;Centre
43244;Tence;1975;652.0;190.0;644.0;489.0;Centre
43245;Thoras;184;87.0;37.0;44.0;16.0;Centre
43246;Tiranges;345;105.0;48.0;121.0;71.0;Extrême-Droite
43247;Torsiac;47;19.0;9.0;11.0;8.0;Centre
43249;Valprivas;388;129.0;30.0;149.0;80.0;Extrême-Droite
43250;Vals-le-Chastel;41;10.0;2.0;12.0;17.0;Gauche
43251;Vals-près-le-Puy;1801;715.0;157.0;479.0;450.0;Centre
43252;Varennes-Saint-Honorat;23;7.0;0.0;12.0;4.0;Extrême-Droite
43253;Les Vastres;158;57.0;27.0;38.0;36.0;Centre
43254;Vazeilles-Limandre;174;55.0;18.0;68.0;33.0;Extrême-Droite
43256;Venteuges;247;118.0;32.0;70.0;27.0;Centre
43257;Vergezac;314;90.0;29.0;145.0;50.0;Extrême-Droite
43258;Vergongheon;1015;321.0;51.0;359.0;284.0;Extrême-Droite
43259;Vernassal;278;107.0;37.0;95.0;39.0;Centre
43260;Le Vernet;21;10.0;3.0;2.0;6.0;Centre
43261;Vézézoux;406;113.0;28.0;160.0;105.0;Extrême-Droite
43262;Vieille-Brioude;816;276.0;57.0;247.0;236.0;Centre
43263;Vielprat;48;15.0;1.0;23.0;9.0;Extrême-Droite
43264;Villeneuve-d'Allier;193;68.0;15.0;43.0;67.0;Centre
43265;Les Villettes;876;277.0;54.0;349.0;196.0;Extrême-Droite
43267;Vorey;912;284.0;92.0;344.0;192.0;Extrême-Droite
43268;Yssingeaux;4446;1518.0;419.0;1594.0;915.0;Extrême-Droite
63001;Aigueperse;1287;416.0;77.0;488.0;306.0;Extrême-Droite
63002;Aix-la-Fayette;79;31.0;11.0;19.0;18.0;Centre
63003;Ambert;3477;1329.0;259.0;1106.0;783.0;Centre
63004;Les Ancizes-Comps;975;313.0;51.0;317.0;294.0;Extrême-Droite
63005;Antoingt;236;81.0;31.0;77.0;47.0;Centre
63006;Anzat-le-Luguet;124;44.0;16.0;39.0;25.0;Centre
63007;Apchat;134;47.0;14.0;29.0;44.0;Centre
63008;Arconsat;379;142.0;23.0;127.0;87.0;Centre
63009;Ardes;302;97.0;20.0;94.0;91.0;Centre
63010;Arlanc;950;306.0;100.0;349.0;195.0;Extrême-Droite
63011;Ars-les-Favets;147;44.0;15.0;50.0;38.0;Extrême-Droite
63012;Artonne;592;216.0;46.0;174.0;156.0;Centre
63013;Aubiat;663;227.0;53.0;229.0;154.0;Extrême-Droite
63014;Aubière;5050;2072.0;356.0;1152.0;1470.0;Centre
63015;Aubusson-d'Auvergne;153;58.0;11.0;48.0;36.0;Centre
63016;Augerolles;564;192.0;27.0;177.0;168.0;Centre
63017;Augnat;106;36.0;11.0;33.0;26.0;Centre
63019;Aulnat;2004;657.0;90.0;615.0;642.0;Centre
63020;Aurières;236;113.0;16.0;52.0;55.0;Centre
63021;Authezat;445;157.0;26.0;142.0;120.0;Centre
63022;Auzat-la-Combelle;1214;261.0;68.0;463.0;422.0;Extrême-Droite
63023;Auzelles;277;94.0;16.0;84.0;83.0;Centre
63024;Avèze;128;44.0;20.0;33.0;31.0;Centre
63025;Ayat-sur-Sioule;109;53.0;10.0;24.0;22.0;Centre
63026;Aydat;1730;699.0;111.0;418.0;502.0;Centre
63027;Baffie;97;42.0;8.0;31.0;16.0;Centre
63028;Bagnols;303;103.0;58.0;73.0;69.0;Centre
63029;Bansat;173;45.0;8.0;53.0;67.0;Gauche
63030;Bas-et-Lezat;224;71.0;12.0;109.0;32.0;Extrême-Droite
63031;Beaulieu;284;69.0;19.0;123.0;73.0;Extrême-Droite
63032;Beaumont;5885;2716.0;398.0;1118.0;1653.0;Centre
63033;Beaumont-lès-Randan;194;60.0;6.0;84.0;44.0;Extrême-Droite
63034;Beauregard-l'Evêque;949;342.0;74.0;304.0;229.0;Centre
63035;Beauregard-Vendon;802;282.0;45.0;286.0;189.0;Extrême-Droite
63036;Bergonne;204;70.0;14.0;64.0;56.0;Centre
63037;Bertignat;312;130.0;21.0;87.0;74.0;Centre
63038;Besse-et-Saint-Anastaise;981;411.0;67.0;275.0;228.0;Centre
63039;Beurières;225;76.0;17.0;74.0;58.0;Centre
63040;Billom;2587;806.0;135.0;695.0;951.0;Gauche
63041;Biollet;196;50.0;6.0;50.0;90.0;Gauche
63042;Blanzat;2155;857.0;146.0;477.0;675.0;Centre
63043;Blot-l'Eglise;289;90.0;13.0;80.0;106.0;Gauche
63044;Bongheat;286;89.0;9.0;76.0;112.0;Gauche
63045;Bort-l'Etang;416;112.0;15.0;134.0;155.0;Gauche
63046;Boudes;185;70.0;12.0;26.0;77.0;Gauche
63047;La Bourboule;1056;392.0;103.0;313.0;248.0;Centre
63048;Bourg-Lastic;544;180.0;48.0;159.0;157.0;Centre
63049;Bouzel;470;177.0;22.0;156.0;115.0;Centre
63050;Brassac-les-Mines;1803;514.0;96.0;678.0;515.0;Extrême-Droite
63051;Brenat;417;163.0;33.0;117.0;104.0;Centre
63052;Le Breuil-sur-Couze;623;174.0;37.0;202.0;210.0;Gauche
63053;Briffons;191;57.0;22.0;60.0;52.0;Extrême-Droite
63054;Le Broc;424;127.0;41.0;151.0;105.0;Extrême-Droite
63055;Bromont-Lamothe;679;245.0;57.0;255.0;122.0;Extrême-Droite
63056;Brousse;276;84.0;14.0;64.0;114.0;Gauche
63057;Le Brugeron;225;62.0;16.0;74.0;73.0;Extrême-Droite
63058;Bulhon;363;140.0;20.0;116.0;87.0;Centre
63059;Busséol;136;43.0;10.0;38.0;45.0;Gauche
63060;Bussières;70;21.0;8.0;26.0;15.0;Extrême-Droite
63061;Bussières-et-Pruns;238;81.0;16.0;83.0;58.0;Extrême-Droite
63062;Buxières-sous-Montaigut;139;34.0;8.0;53.0;44.0;Extrême-Droite
63063;Cébazat;4546;1862.0;268.0;1164.0;1252.0;Centre
63064;La Celle;60;14.0;5.0;23.0;18.0;Extrême-Droite
63065;Ceilloux;125;48.0;9.0;26.0;42.0;Centre
63066;Celles-sur-Durolle;1041;331.0;76.0;368.0;266.0;Extrême-Droite
63067;La Cellette;122;44.0;10.0;43.0;25.0;Centre
63069;Le Cendre;3116;1218.0;179.0;857.0;862.0;Centre
63070;Ceyrat;4055;1942.0;356.0;784.0;973.0;Centre
63071;Ceyssat;456;180.0;39.0;117.0;120.0;Centre
63072;Chabreloche;682;233.0;31.0;251.0;167.0;Extrême-Droite
63073;Chadeleuf;261;97.0;13.0;60.0;91.0;Centre
63074;Chalus;110;40.0;7.0;26.0;37.0;Centre
63075;Chamalières;9882;4782.0;1089.0;1961.0;2050.0;Centre
63076;Chambon-sur-Dolore;119;31.0;10.0;46.0;32.0;Extrême-Droite
63077;Chambon-sur-Lac;359;138.0;21.0;123.0;77.0;Centre
63079;Champagnat-le-Jeune;122;41.0;9.0;37.0;35.0;Centre
63080;Champeix;777;233.0;45.0;272.0;227.0;Extrême-Droite
63081;Champétières;184;40.0;27.0;64.0;53.0;Extrême-Droite
63082;Champs;286;89.0;24.0;88.0;85.0;Centre
63083;Chanat-la-Mouteyre;584;243.0;35.0;156.0;150.0;Centre
63084;Chanonat;1164;527.0;70.0;244.0;323.0;Centre
63085;Chapdes-Beaufort;765;251.0;60.0;249.0;205.0;Centre
63086;La Chapelle-Agnon;259;108.0;19.0;78.0;54.0;Centre
63087;La Chapelle-Marcousse;54;21.0;8.0;18.0;7.0;Centre
63088;La Chapelle-sur-Usson;66;24.0;3.0;22.0;17.0;Centre
63089;Chappes;1025;381.0;57.0;331.0;256.0;Centre
63090;Chaptuzat;307;123.0;19.0;103.0;62.0;Centre
63091;Charbonnier-les-Mines;486;162.0;17.0;163.0;144.0;Extrême-Droite
63092;Charbonnières-les-Varennes;1201;452.0;59.0;366.0;324.0;Centre
63093;Charbonnières-les-Vieilles;701;224.0;39.0;219.0;219.0;Centre
63094;Charensat;315;109.0;29.0;106.0;71.0;Centre
63095;Charnat;120;37.0;10.0;39.0;34.0;Extrême-Droite
63096;Chas;257;102.0;15.0;78.0;62.0;Centre
63097;Chassagne;62;26.0;5.0;19.0;12.0;Centre
63098;Chastreix;165;63.0;20.0;41.0;41.0;Centre
63099;Châteaugay;1961;775.0;135.0;567.0;484.0;Centre
63100;Châteauneuf-les-Bains;218;64.0;19.0;72.0;63.0;Extrême-Droite
63101;Château-sur-Cher;53;15.0;8.0;21.0;9.0;Extrême-Droite
63102;Châteldon;488;140.0;26.0;152.0;170.0;Gauche
63103;Châtel-Guyon;3910;1674.0;379.0;992.0;865.0;Centre
63104;La Chaulme;111;45.0;9.0;37.0;20.0;Centre
63105;Chaumont-le-Bourg;155;57.0;10.0;49.0;39.0;Centre
63106;Chauriat;1106;375.0;61.0;365.0;305.0;Centre
63107;Chavaroux;318;142.0;23.0;84.0;69.0;Centre
63108;Le Cheix;453;192.0;26.0;129.0;106.0;Centre
63109;Chidrac;276;79.0;19.0;101.0;77.0;Extrême-Droite
63110;Cisternes-la-Forêt;268;100.0;18.0;81.0;69.0;Centre
63111;Clémensat;77;22.0;3.0;32.0;20.0;Extrême-Droite
63112;Clerlande;401;161.0;32.0;128.0;80.0;Centre
63113;Clermont-Ferrand;52140;18869.0;2912.0;10470.0;19889.0;Gauche
63114;Collanges;110;34.0;6.0;36.0;34.0;Extrême-Droite
63115;Combrailles;140;46.0;6.0;53.0;35.0;Extrême-Droite
63116;Combronde;1231;412.0;58.0;430.0;331.0;Extrême-Droite
63117;Compains;82;29.0;8.0;27.0;18.0;Centre
63118;Condat-en-Combraille;299;132.0;30.0;83.0;54.0;Centre
63119;Condat-lès-Montboissier;160;71.0;7.0;30.0;52.0;Centre
63120;Corent;468;174.0;27.0;119.0;148.0;Centre
63121;Coudes;737;249.0;30.0;216.0;242.0;Centre
63122;Courgoul;63;21.0;1.0;23.0;18.0;Extrême-Droite
63123;Cournols;170;59.0;13.0;70.0;28.0;Extrême-Droite
63124;Cournon-d'Auvergne;11175;4268.0;720.0;2914.0;3273.0;Centre
63125;Courpière;2370;743.0;155.0;800.0;672.0;Extrême-Droite
63126;Le Crest;865;408.0;61.0;182.0;214.0;Centre
63128;Crevant-Laveine;569;177.0;38.0;207.0;147.0;Extrême-Droite
63129;Cros;143;41.0;19.0;51.0;32.0;Extrême-Droite
63130;La Crouzille;187;68.0;20.0;56.0;43.0;Centre
63131;Culhat;674;206.0;36.0;280.0;152.0;Extrême-Droite
63132;Cunlhat;674;232.0;49.0;147.0;246.0;Gauche
63134;Dauzat-sur-Vodable;54;16.0;8.0;24.0;6.0;Extrême-Droite
63135;Davayat;402;156.0;33.0;104.0;109.0;Centre
63136;Domaize;280;90.0;17.0;65.0;108.0;Gauche
63137;Doranges;135;40.0;10.0;49.0;36.0;Extrême-Droite
63138;Dorat;448;152.0;27.0;142.0;127.0;Centre
63139;Dore-l'Église;447;151.0;48.0;165.0;83.0;Extrême-Droite
63140;Durmignat;129;47.0;5.0;50.0;27.0;Extrême-Droite
63141;Durtol;1200;510.0;122.0;253.0;315.0;Centre
63142;Échandelys;160;54.0;17.0;47.0;42.0;Centre
63143;Effiat;668;236.0;53.0;223.0;156.0;Centre
63144;Égliseneuve-d'Entraigues;249;95.0;36.0;68.0;50.0;Centre
63145;Égliseneuve-des-Liards;110;40.0;2.0;27.0;41.0;Gauche
63146;Égliseneuve-près-Billom;599;206.0;32.0;130.0;231.0;Gauche
63147;Églisolles;204;83.0;20.0;68.0;33.0;Centre
63148;Ennezat;1483;573.0;86.0;461.0;363.0;Centre
63149;Entraigues;433;162.0;17.0;124.0;130.0;Centre
63150;Enval;945;420.0;54.0;217.0;254.0;Centre
63151;Escoutoux;923;299.0;56.0;344.0;224.0;Extrême-Droite
63152;Espinasse;187;65.0;18.0;57.0;47.0;Centre
63153;Espinchal;88;30.0;5.0;39.0;14.0;Extrême-Droite
63154;Espirat;247;80.0;17.0;81.0;69.0;Extrême-Droite
63155;Estandeuil;301;85.0;10.0;100.0;106.0;Gauche
63156;Esteil;49;11.0;2.0;10.0;26.0;Gauche
63157;Fayet-le-Château;237;90.0;10.0;70.0;67.0;Centre
63158;Fayet-Ronaye;87;23.0;8.0;25.0;31.0;Gauche
63159;Fernoël;96;30.0;10.0;36.0;20.0;Extrême-Droite
63160;Aulhat-Flat;662;246.0;54.0;171.0;191.0;Centre
63161;La Forie;198;61.0;20.0;73.0;44.0;Extrême-Droite
63162;Fournols;220;70.0;26.0;57.0;67.0;Centre
63163;Gelles;623;249.0;48.0;213.0;113.0;Centre
63164;Gerzat;5088;1665.0;278.0;1671.0;1474.0;Extrême-Droite
63165;Giat;490;177.0;58.0;165.0;90.0;Centre
63166;Gignat;162;56.0;13.0;48.0;45.0;Centre
63167;Gimeaux;258;99.0;16.0;64.0;79.0;Centre
63168;Glaine-Montaigut;398;97.0;26.0;126.0;149.0;Gauche
63169;La Godivelle;40;12.0;9.0;10.0;9.0;Centre
63170;La Goutelle;411;164.0;35.0;123.0;89.0;Centre
63171;Gouttières;215;76.0;11.0;56.0;72.0;Centre
63172;Grandeyrolles;44;10.0;6.0;20.0;8.0;Extrême-Droite
63173;Grandrif;155;51.0;9.0;44.0;51.0;Gauche
63174;Grandval;95;39.0;6.0;19.0;31.0;Centre
63175;Herment;154;65.0;13.0;39.0;37.0;Centre
63176;Heume-l'Église;91;40.0;8.0;22.0;21.0;Centre
63177;Isserteaux;280;81.0;19.0;77.0;103.0;Gauche
63178;Issoire;7753;2959.0;501.0;2311.0;1982.0;Centre
63179;Job;632;203.0;44.0;223.0;162.0;Extrême-Droite
63180;Joze;694;212.0;53.0;308.0;121.0;Extrême-Droite
63181;Jozerand;347;141.0;32.0;107.0;67.0;Centre
63182;Jumeaux;363;97.0;15.0;154.0;97.0;Extrême-Droite
63183;Labessette;45;24.0;6.0;11.0;4.0;Centre
63184;Lachaux;199;56.0;18.0;53.0;72.0;Gauche
63185;Lamontgie;368;101.0;25.0;146.0;96.0;Extrême-Droite
63186;Landogne;185;65.0;27.0;62.0;31.0;Centre
63187;Lapeyrouse;365;100.0;28.0;110.0;127.0;Gauche
63188;Laps;349;164.0;18.0;87.0;80.0;Centre
63189;Laqueuille;246;72.0;41.0;78.0;55.0;Extrême-Droite
63190;Larodde;202;65.0;22.0;44.0;71.0;Gauche
63191;Lastic;85;33.0;11.0;26.0;15.0;Centre
63192;La Tour-d'Auvergne;446;178.0;28.0;98.0;142.0;Centre
63193;Lempdes;4787;1792.0;305.0;1446.0;1244.0;Centre
63194;Lempty;244;73.0;22.0;105.0;44.0;Extrême-Droite
63195;Lezoux;3215;1090.0;207.0;1157.0;761.0;Extrême-Droite
63196;Limons;479;140.0;23.0;183.0;133.0;Extrême-Droite
63197;Lisseuil;67;28.0;11.0;15.0;13.0;Centre
63198;Loubeyrat;889;295.0;62.0;271.0;261.0;Centre
63199;Ludesse;304;94.0;20.0;112.0;78.0;Extrême-Droite
63200;Lussat;571;196.0;50.0;220.0;105.0;Extrême-Droite
63201;Luzillat;614;177.0;31.0;257.0;149.0;Extrême-Droite
63202;Madriat;92;46.0;7.0;20.0;19.0;Centre
63203;Malauzat;737;296.0;60.0;195.0;186.0;Centre
63204;Malintrat;679;246.0;37.0;231.0;165.0;Centre
63205;Manglieu;281;80.0;23.0;78.0;100.0;Gauche
63206;Manzat;833;297.0;59.0;262.0;215.0;Centre
63207;Marat;512;154.0;39.0;187.0;132.0;Extrême-Droite
63208;Marcillat;229;58.0;14.0;79.0;78.0;Extrême-Droite
63209;Mareugheol;146;52.0;9.0;51.0;34.0;Centre
63210;Maringues;1466;477.0;84.0;529.0;376.0;Extrême-Droite
63211;Marsac-en-Livradois;890;258.0;72.0;349.0;211.0;Extrême-Droite
63212;Marsat;885;398.0;100.0;186.0;201.0;Centre
63213;Les Martres-d'Artière;1346;515.0;70.0;526.0;235.0;Extrême-Droite
63214;Les Martres-de-Veyre;2361;886.0;117.0;668.0;690.0;Centre
63215;Martres-sur-Morge;457;150.0;30.0;167.0;110.0;Extrême-Droite
63216;Mauzun;93;25.0;5.0;16.0;47.0;Gauche
63218;Mayres;128;50.0;18.0;42.0;18.0;Centre
63219;Mazaye;472;177.0;26.0;109.0;160.0;Centre
63220;Mazoires;81;36.0;8.0;31.0;6.0;Centre
63221;Medeyrolles;85;23.0;23.0;24.0;15.0;Extrême-Droite
63222;Meilhaud;307;86.0;27.0;118.0;76.0;Extrême-Droite
63223;Menat;359;135.0;19.0;109.0;96.0;Centre
63224;Ménétrol;1046;376.0;53.0;347.0;270.0;Centre
63225;Messeix;666;186.0;38.0;239.0;203.0;Extrême-Droite
63226;Mur-sur-Allier;2226;918.0;147.0;593.0;568.0;Centre
63227;Mirefleurs;1487;608.0;106.0;365.0;408.0;Centre
63228;Miremont;223;74.0;15.0;77.0;57.0;Extrême-Droite
63229;Moissat;776;255.0;52.0;244.0;225.0;Centre
63230;Le Monestier;151;70.0;8.0;41.0;32.0;Centre
63231;La Monnerie-le-Montel;751;241.0;52.0;251.0;207.0;Extrême-Droite
63232;Mons;347;75.0;16.0;155.0;101.0;Extrême-Droite
63233;Montaigut;535;141.0;28.0;213.0;153.0;Extrême-Droite
63234;Montaigut-le-Blanc;580;208.0;33.0;147.0;192.0;Centre
63235;Montcel;350;126.0;25.0;76.0;123.0;Centre
63236;Mont-Dore;765;336.0;62.0;228.0;139.0;Centre
63237;Montel-de-Gelat;284;125.0;28.0;85.0;46.0;Centre
63238;Montfermy;148;43.0;14.0;54.0;37.0;Extrême-Droite
63239;Montmorin;442;130.0;22.0;124.0;166.0;Gauche
63240;Montpensier;283;115.0;28.0;79.0;61.0;Centre
63241;Montpeyroux;283;125.0;31.0;57.0;70.0;Centre
63242;Moriat;266;75.0;21.0;92.0;78.0;Extrême-Droite
63243;Moureuille;243;73.0;38.0;82.0;50.0;Extrême-Droite
63244;Chambaron-sur-Morge;999;371.0;50.0;337.0;241.0;Centre
63245;Mozac;2318;1000.0;171.0;552.0;595.0;Centre
63246;Murat-le-Quaire;332;107.0;28.0;106.0;91.0;Centre
63247;Murol;422;183.0;25.0;130.0;84.0;Centre
63248;Nébouzat;541;229.0;52.0;138.0;122.0;Centre
63249;Néronde-sur-Dore;316;108.0;22.0;109.0;77.0;Extrême-Droite
63250;Neschers;524;138.0;28.0;178.0;180.0;Gauche
63251;Neuf-Église;222;65.0;10.0;64.0;83.0;Gauche
63252;Neuville;260;88.0;20.0;88.0;64.0;Centre
63253;Noalhat;139;33.0;6.0;66.0;34.0;Extrême-Droite
63254;Nohanent;1430;616.0;96.0;372.0;346.0;Centre
63255;Nonette-Orsonnette;372;114.0;16.0;129.0;113.0;Extrême-Droite
63256;Novacelles;101;33.0;14.0;35.0;19.0;Extrême-Droite
63257;Olby;522;209.0;26.0;129.0;158.0;Centre
63258;Olliergues;464;165.0;26.0;152.0;121.0;Centre
63259;Olloix;226;94.0;16.0;47.0;69.0;Centre
63260;Olmet;111;43.0;2.0;34.0;32.0;Centre
63261;Orbeil;582;219.0;39.0;166.0;158.0;Centre
63262;Orcet;1847;741.0;143.0;490.0;473.0;Centre
63263;Orcines;2383;1155.0;208.0;512.0;508.0;Centre
63264;Orcival;169;68.0;14.0;53.0;34.0;Centre
63265;Orléat;1402;502.0;93.0;528.0;279.0;Extrême-Droite
63267;Palladuc;358;103.0;27.0;127.0;101.0;Extrême-Droite
63268;Pardines;180;48.0;19.0;57.0;56.0;Extrême-Droite
63269;Parent;546;212.0;25.0;131.0;178.0;Centre
63270;Parentignat;353;149.0;30.0;114.0;60.0;Centre
63271;Paslières;911;271.0;34.0;334.0;272.0;Extrême-Droite
63272;Pérignat-lès-Sarliève;1913;890.0;170.0;439.0;414.0;Centre
63273;Pérignat-sur-Allier;1021;386.0;58.0;313.0;264.0;Centre
63274;Perpezat;266;130.0;31.0;54.0;51.0;Centre
63275;Perrier;518;210.0;50.0;136.0;122.0;Centre
63276;Peschadoires;1301;485.0;82.0;408.0;326.0;Centre
63277;Peslières;39;19.0;1.0;11.0;8.0;Centre
63278;Pessat-Villeneuve;435;171.0;23.0;144.0;97.0;Centre
63279;Picherande;247;105.0;20.0;61.0;61.0;Centre
63280;Pignols;249;100.0;11.0;62.0;76.0;Centre
63281;Pionsat;516;187.0;52.0;157.0;120.0;Centre
63282;Plauzat;982;345.0;58.0;282.0;297.0;Centre
63283;Pontaumur;374;139.0;37.0;125.0;73.0;Centre
63284;Pont-du-Château;6688;2529.0;426.0;2066.0;1667.0;Centre
63285;Pontgibaud;404;164.0;27.0;112.0;101.0;Centre
63286;Pouzol;181;66.0;16.0;52.0;47.0;Centre
63287;Les Pradeaux;204;77.0;20.0;59.0;48.0;Centre
63288;Prompsat;284;96.0;16.0;68.0;104.0;Gauche
63289;Prondines;201;81.0;12.0;54.0;54.0;Centre
63290;Pulvérières;268;104.0;23.0;66.0;75.0;Centre
63291;Puy-Guillaume;1551;488.0;82.0;572.0;409.0;Extrême-Droite
63292;Puy-Saint-Gulmier;93;33.0;7.0;34.0;19.0;Extrême-Droite
63293;Le Quartier;145;37.0;21.0;39.0;48.0;Gauche
63294;Queuille;169;33.0;10.0;64.0;62.0;Extrême-Droite
63295;Randan;782;217.0;57.0;336.0;172.0;Extrême-Droite
63296;Ravel;469;144.0;25.0;134.0;166.0;Gauche
63297;Reignat;227;88.0;13.0;62.0;64.0;Centre
63298;La Renaudie;82;29.0;9.0;21.0;23.0;Centre
63299;Rentières;77;22.0;6.0;28.0;21.0;Extrême-Droite
63300;Riom;9199;3565.0;644.0;2247.0;2743.0;Centre
63301;Ris;457;118.0;23.0;193.0;123.0;Extrême-Droite
63302;La Roche-Blanche;2120;964.0;152.0;492.0;512.0;Centre
63303;Roche-Charles-la-Mayrand;27;8.0;6.0;9.0;4.0;Extrême-Droite
63304;Roche-d'Agoux;76;31.0;5.0;20.0;20.0;Centre
63305;Rochefort-Montagne;421;174.0;33.0;108.0;106.0;Centre
63306;La Roche-Noire;440;177.0;26.0;135.0;102.0;Centre
63307;Romagnat;4709;2076.0;325.0;1044.0;1264.0;Centre
63308;Royat;2710;1296.0;237.0;612.0;565.0;Centre
63309;Saillant;233;60.0;12.0;101.0;60.0;Extrême-Droite
63310;Sainte-Agathe;140;55.0;8.0;33.0;44.0;Centre
63311;Saint-Agoulin;239;84.0;23.0;75.0;57.0;Centre
63312;Saint-Alyre-d'Arlanc;113;32.0;7.0;43.0;31.0;Extrême-Droite
63313;Saint-Alyre-ès-Montagne;92;27.0;14.0;40.0;11.0;Extrême-Droite
63314;Saint-Amant-Roche-Savine;341;100.0;20.0;77.0;144.0;Gauche
63315;Saint-Amant-Tallende;1100;492.0;72.0;249.0;287.0;Centre
63317;Saint-André-le-Coq;333;102.0;17.0;136.0;78.0;Extrême-Droite
63318;Saint-Angel;271;82.0;16.0;82.0;91.0;Gauche
63319;Saint-Anthème;592;199.0;53.0;207.0;133.0;Extrême-Droite
63320;Saint-Avit;156;67.0;28.0;44.0;17.0;Centre
63321;Saint-Babel;634;261.0;51.0;155.0;167.0;Centre
63322;Saint-Beauzire;1361;560.0;95.0;359.0;347.0;Centre
63323;Saint-Bonnet-le-Bourg;130;49.0;12.0;35.0;34.0;Centre
63324;Saint-Bonnet-le-Chastel;138;48.0;14.0;26.0;50.0;Gauche
63325;Saint-Bonnet-lès-Allier;263;82.0;16.0;84.0;81.0;Extrême-Droite
63326;Saint-Bonnet-près-Orcival;355;143.0;31.0;69.0;112.0;Centre
63327;Saint-Bonnet-près-Riom;1415;554.0;89.0;398.0;374.0;Centre
63328;Sainte-Catherine;47;15.0;2.0;22.0;8.0;Extrême-Droite
63329;Sainte-Christine;101;51.0;5.0;11.0;34.0;Centre
63330;Saint-Cirgues-sur-Couze;210;60.0;15.0;87.0;48.0;Extrême-Droite
63331;Saint-Clément-de-Valorgue;185;65.0;22.0;64.0;34.0;Centre
63332;Saint-Clément-de-Régnat;379;137.0;30.0;133.0;79.0;Centre
63333;Saint-Denis-Combarnazat;162;53.0;15.0;63.0;31.0;Extrême-Droite
63334;Saint-Dier-d'Auvergne;350;108.0;19.0;113.0;110.0;Extrême-Droite
63335;Saint-Diéry;323;102.0;21.0;123.0;77.0;Extrême-Droite
63336;Saint-Donat;149;59.0;24.0;45.0;21.0;Centre
63337;Saint-Éloy-la-Glacière;47;17.0;1.0;11.0;18.0;Gauche
63338;Saint-Éloy-les-Mines;1840;527.0;116.0;758.0;439.0;Extrême-Droite
63339;Saint-Étienne-des-Champs;89;41.0;4.0;24.0;20.0;Centre
63340;Saint-Étienne-sur-Usson;196;62.0;27.0;64.0;43.0;Extrême-Droite
63341;Saint-Ferréol-des-Côtes;382;160.0;26.0;111.0;85.0;Centre
63342;Saint-Floret;175;50.0;16.0;52.0;57.0;Gauche
63343;Saint-Flour-l'Étang;188;54.0;17.0;68.0;49.0;Extrême-Droite
63344;Saint-Gal-sur-Sioule;122;38.0;9.0;31.0;44.0;Gauche
63345;Saint-Genès-Champanelle;2502;1179.0;149.0;511.0;663.0;Centre
63346;Saint-Genès-Champespe;180;72.0;26.0;55.0;27.0;Centre
63347;Saint-Genès-du-Retz;354;131.0;31.0;116.0;76.0;Centre
63348;Saint-Genès-la-Tourette;137;55.0;8.0;36.0;38.0;Centre
63349;Saint-Georges-de-Mons;1152;385.0;83.0;331.0;353.0;Centre
63350;Saint-Georges-sur-Allier;855;304.0;46.0;293.0;212.0;Centre
63351;Saint-Germain-près-Herment;60;20.0;4.0;10.0;26.0;Gauche
63352;Saint-Germain-Lembron;1101;333.0;83.0;319.0;366.0;Gauche
63353;Saint-Germain-l'Herm;310;125.0;27.0;89.0;69.0;Centre
63354;Saint-Gervais-d'Auvergne;737;233.0;56.0;207.0;241.0;Gauche
63355;Saint-Gervais-sous-Meymont;145;28.0;8.0;51.0;58.0;Gauche
63356;Saint-Gervazy;206;74.0;17.0;62.0;53.0;Centre
63357;Saint-Hérent;68;25.0;5.0;27.0;11.0;Extrême-Droite
63358;Saint-Hilaire-la-Croix;238;84.0;14.0;51.0;89.0;Gauche
63359;Saint-Hilaire-les-Monges;61;25.0;7.0;18.0;11.0;Centre
63360;Saint-Hilaire;107;42.0;9.0;26.0;30.0;Centre
63362;Saint-Ignat;543;188.0;59.0;173.0;123.0;Centre
63363;Saint-Jacques-d'Ambur;208;61.0;21.0;67.0;59.0;Extrême-Droite
63364;Saint-Jean-d'Heurs;347;111.0;23.0;126.0;87.0;Extrême-Droite
63365;Saint-Jean-des-Ollières;315;108.0;15.0;71.0;121.0;Gauche
63366;Saint-Jean-en-Val;240;97.0;6.0;81.0;56.0;Centre
63367;Saint-Jean-Saint-Gervais;81;28.0;5.0;22.0;26.0;Centre
63368;Saint-Julien-de-Coppel;791;267.0;44.0;245.0;235.0;Centre
63369;Saint-Julien-la-Geneste;93;26.0;8.0;38.0;21.0;Extrême-Droite
63370;Saint-Julien-Puy-Lavèze;246;88.0;16.0;83.0;59.0;Centre
63371;Saint-Just;137;50.0;5.0;45.0;37.0;Centre
63372;Saint-Laure;385;130.0;24.0;133.0;98.0;Extrême-Droite
63373;Saint-Maigner;119;43.0;5.0;23.0;48.0;Gauche
63374;Saint-Martin-des-Olmes;217;60.0;18.0;84.0;55.0;Extrême-Droite
63375;Saint-Martin-des-Plains;113;34.0;14.0;45.0;20.0;Extrême-Droite
63376;Saint-Martin-d'Ollières;109;37.0;8.0;37.0;27.0;Centre
63377;Saint-Maurice-près-Pionsat;227;68.0;21.0;77.0;61.0;Extrême-Droite
63378;Saint-Maurice;604;249.0;38.0;144.0;173.0;Centre
63379;Saint-Myon;342;110.0;28.0;120.0;84.0;Extrême-Droite
63380;Saint-Nectaire;517;219.0;30.0;127.0;141.0;Centre
63381;Saint-Ours;1016;360.0;70.0;331.0;255.0;Centre
63382;Saint-Pardoux;291;112.0;18.0;78.0;83.0;Centre
63383;Saint-Pierre-Colamine;179;44.0;14.0;67.0;54.0;Extrême-Droite
63384;Saint-Pierre-la-Bourlhonne;104;27.0;10.0;34.0;33.0;Extrême-Droite
63385;Saint-Pierre-le-Chastel;286;95.0;23.0;103.0;65.0;Extrême-Droite
63386;Saint-Pierre-Roche;298;97.0;35.0;63.0;103.0;Gauche
63387;Saint-Priest-Bramefant;547;205.0;30.0;206.0;106.0;Extrême-Droite
63388;Saint-Priest-des-Champs;455;154.0;24.0;161.0;116.0;Extrême-Droite
63389;Saint-Quentin-sur-Sauxillanges;78;28.0;4.0;20.0;26.0;Centre
63390;Saint-Quintin-sur-Sioule;249;102.0;13.0;72.0;62.0;Centre
63391;Saint-Rémy-de-Blot;158;39.0;9.0;44.0;66.0;Gauche
63392;Saint-Rémy-de-Chargnat;385;101.0;18.0;132.0;134.0;Gauche
63393;Saint-Rémy-sur-Durolle;953;342.0;76.0;317.0;218.0;Centre
63394;Saint-Romain;195;71.0;20.0;52.0;52.0;Centre
63395;Saint-Sandoux;553;213.0;38.0;171.0;131.0;Centre
63396;Saint-Saturnin;830;353.0;49.0;183.0;245.0;Centre
63397;Saint-Sauves-d'Auvergne;770;288.0;62.0;212.0;208.0;Centre
63398;Saint-Sauveur-la-Sagne;72;23.0;13.0;16.0;20.0;Centre
63399;Saint-Sulpice;67;37.0;3.0;11.0;16.0;Centre
63400;Saint-Sylvestre-Pragoulin;678;219.0;41.0;272.0;146.0;Extrême-Droite
63401;Saint-Victor-la-Rivière;161;64.0;10.0;54.0;33.0;Centre
63402;Saint-Victor-Montvianeix;204;69.0;9.0;59.0;67.0;Centre
63403;Saint-Vincent;252;87.0;17.0;82.0;66.0;Centre
63404;Saint-Yvoine;340;137.0;19.0;106.0;78.0;Centre
63405;Sallèdes;349;104.0;16.0;106.0;123.0;Gauche
63406;Sardon;201;66.0;28.0;59.0;48.0;Centre
63407;Saulzet-le-Froid;187;62.0;13.0;62.0;50.0;Centre
63408;Sauret-Besserve;116;30.0;7.0;35.0;44.0;Gauche
63409;Saurier;166;44.0;11.0;70.0;41.0;Extrême-Droite
63410;Sauvagnat;115;36.0;19.0;30.0;30.0;Centre
63411;Sauvagnat-Sainte-Marthe;297;86.0;6.0;115.0;90.0;Extrême-Droite
63412;Sauvessanges;405;137.0;53.0;129.0;86.0;Centre
63413;La Sauvetat;443;150.0;18.0;135.0;140.0;Centre
63414;Sauviat;344;103.0;24.0;123.0;94.0;Extrême-Droite
63415;Sauxillanges;690;216.0;38.0;201.0;235.0;Gauche
63416;Savennes;77;26.0;3.0;27.0;21.0;Extrême-Droite
63417;Sayat;1587;734.0;113.0;409.0;331.0;Centre
63418;Sermentizon;389;109.0;15.0;127.0;138.0;Gauche
63419;Servant;391;102.0;39.0;154.0;96.0;Extrême-Droite
63420;Seychalles;437;138.0;25.0;172.0;102.0;Extrême-Droite
63421;Singles;144;62.0;18.0;39.0;25.0;Centre
63422;Solignat;277;97.0;32.0;79.0;69.0;Centre
63423;Sugères;390;119.0;18.0;137.0;116.0;Extrême-Droite
63424;Surat;404;131.0;26.0;152.0;95.0;Extrême-Droite
63425;Tallende;1088;479.0;80.0;292.0;237.0;Centre
63426;Tauves;515;203.0;64.0;124.0;124.0;Centre
63427;Teilhède;344;136.0;19.0;119.0;70.0;Centre
63428;Teilhet;187;56.0;17.0;64.0;50.0;Extrême-Droite
63429;Ternant-les-Eaux;40;7.0;3.0;18.0;12.0;Extrême-Droite
63430;Thiers;5407;1740.0;277.0;1574.0;1816.0;Gauche
63431;Thiolières;101;30.0;3.0;45.0;23.0;Extrême-Droite
63432;Thuret;555;177.0;42.0;178.0;158.0;Extrême-Droite
63433;Tortebesse;68;22.0;10.0;21.0;15.0;Centre
63434;Tours-sur-Meymont;376;119.0;18.0;116.0;123.0;Gauche
63435;Tourzel-Ronzières;126;29.0;8.0;45.0;44.0;Extrême-Droite
63436;Tralaigues;55;17.0;8.0;18.0;12.0;Extrême-Droite
63437;Trémouille-Saint-Loup;139;49.0;23.0;34.0;33.0;Centre
63438;Trézioux;320;110.0;21.0;101.0;88.0;Centre
63439;Usson;185;85.0;18.0;38.0;44.0;Centre
63440;Valbeleix;81;32.0;12.0;24.0;13.0;Centre
63441;Valcivières;217;73.0;15.0;52.0;77.0;Gauche
63442;Valz-sous-Châteauneuf;60;24.0;7.0;6.0;23.0;Centre
63443;Varennes-sur-Morge;259;106.0;19.0;76.0;58.0;Centre
63444;Varennes-sur-Usson;166;66.0;6.0;58.0;36.0;Centre
63445;Vassel;152;50.0;7.0;49.0;46.0;Centre
63446;Vensat;355;146.0;20.0;109.0;80.0;Centre
63447;Vergheas;54;13.0;4.0;13.0;24.0;Gauche
63448;Le Vernet-Chaméane;583;158.0;68.0;205.0;152.0;Extrême-Droite
63449;Le Vernet-Sainte-Marguerite;216;87.0;23.0;61.0;45.0;Centre
63450;Verneugheol;155;61.0;11.0;39.0;44.0;Centre
63451;Vernines;266;108.0;23.0;81.0;54.0;Centre
63452;Verrières;55;25.0;5.0;16.0;9.0;Centre
63453;Vertaizon;1880;639.0;92.0;645.0;504.0;Extrême-Droite
63454;Vertolaye;369;114.0;33.0;142.0;80.0;Extrême-Droite
63455;Veyre-Monton;2485;1063.0;199.0;635.0;588.0;Centre
63456;Vichel;205;69.0;15.0;63.0;58.0;Centre
63457;Vic-le-Comte;3390;1277.0;166.0;861.0;1086.0;Centre
63458;Villeneuve;95;35.0;4.0;34.0;22.0;Centre
63459;Villeneuve-les-Cerfs;322;89.0;18.0;140.0;75.0;Extrême-Droite
63460;Villossanges;220;94.0;26.0;50.0;50.0;Centre
63461;Vinzelles;240;84.0;13.0;89.0;54.0;Extrême-Droite
63462;Virlet;171;56.0;13.0;48.0;54.0;Centre
63463;Viscomtat;358;109.0;23.0;121.0;105.0;Extrême-Droite
63464;Vitrac;254;81.0;9.0;86.0;78.0;Extrême-Droite
63465;Viverols;298;92.0;23.0;119.0;64.0;Extrême-Droite
63466;Vodable;126;38.0;15.0;35.0;38.0;Gauche
63467;Voingt;42;17.0;4.0;13.0;8.0;Centre
63468;Vollore-Montagne;262;84.0;20.0;97.0;61.0;Extrême-Droite
63469;Vollore-Ville;493;173.0;46.0;168.0;106.0;Centre
63470;Volvic;2769;1050.0;132.0;687.0;900.0;Centre
63471;Youx;519;160.0;36.0;171.0;152.0;Extrême-Droite
63472;Yronde-et-Buron;451;186.0;27.0;94.0;144.0;Centre
63473;Yssac-la-Tourette;277;117.0;19.0;56.0;85.0;Centre
69001;Affoux;250;81.0;28.0;110.0;31.0;Extrême-Droite
69002;Aigueperse;153;58.0;22.0;57.0;16.0;Centre
69003;Albigny-sur-Saône;1416;588.0;110.0;399.0;319.0;Centre
69004;Alix;389;146.0;35.0;138.0;70.0;Centre
69005;Ambérieux;342;108.0;32.0;160.0;42.0;Extrême-Droite
69006;Amplepuis;2609;864.0;201.0;952.0;592.0;Extrême-Droite
69007;Ampuis;1693;590.0;149.0;658.0;296.0;Extrême-Droite
69008;Ancy;417;150.0;48.0;137.0;82.0;Centre
69009;Anse;3904;1552.0;266.0;1104.0;982.0;Centre
69010;L'Arbresle;3166;1131.0;200.0;825.0;1010.0;Centre
69012;Les Ardillats;384;140.0;30.0;131.0;83.0;Centre
69013;Arnas;2224;807.0;174.0;799.0;444.0;Centre
69014;Aveize;638;241.0;59.0;205.0;133.0;Centre
69016;Azolette;100;33.0;14.0;40.0;13.0;Extrême-Droite
69017;Bagnols;489;187.0;34.0;165.0;103.0;Centre
69018;Beaujeu;979;358.0;82.0;375.0;164.0;Extrême-Droite
69019;Belleville-en-Beaujolais;6118;2004.0;420.0;2226.0;1468.0;Extrême-Droite
69020;Belmont-d'Azergues;448;171.0;32.0;130.0;115.0;Centre
69021;Bessenay;1406;502.0;143.0;372.0;389.0;Centre
69022;Bibost;337;110.0;42.0;122.0;63.0;Extrême-Droite
69023;Blacé;985;375.0;90.0;362.0;158.0;Centre
69024;Val d'Oingt;2616;1027.0;240.0;753.0;596.0;Centre
69026;Le Breuil;292;112.0;26.0;112.0;42.0;Centre
69027;Brignais;6902;2904.0;523.0;1714.0;1761.0;Centre
69028;Brindas;3986;1779.0;389.0;1087.0;731.0;Centre
69029;Bron;16861;5814.0;1083.0;3698.0;6266.0;Gauche
69030;Brullioles;515;192.0;51.0;172.0;100.0;Centre
69031;Brussieu;787;296.0;73.0;279.0;139.0;Centre
69032;Bully;1287;499.0;117.0;442.0;229.0;Centre
69033;Cailloux-sur-Fontaines;1782;897.0;173.0;483.0;229.0;Centre
69034;Caluire-et-Cuire;23320;10470.0;2027.0;4774.0;6049.0;Centre
69035;Cenves;269;106.0;26.0;73.0;64.0;Centre
69036;Cercié;640;226.0;40.0;266.0;108.0;Extrême-Droite
69037;Chambost-Allières;482;138.0;49.0;190.0;105.0;Extrême-Droite
69038;Chambost-Longessaigne;564;194.0;43.0;165.0;162.0;Centre
69039;Chamelet;426;145.0;37.0;132.0;112.0;Centre
69040;Champagne-au-Mont-d'Or;3219;1361.0;278.0;881.0;699.0;Centre
69042;La Chapelle-sur-Coise;371;134.0;36.0;124.0;77.0;Centre
69043;Chaponost;5581;2645.0;514.0;1349.0;1073.0;Centre
69044;Charbonnières-les-Bains;3638;1871.0;488.0;872.0;407.0;Centre
69045;Charentay;727;247.0;62.0;277.0;141.0;Extrême-Droite
69046;Charly;3230;1563.0;316.0;816.0;535.0;Centre
69047;Charnay;586;269.0;41.0;161.0;115.0;Centre
69049;Chasselay;1832;839.0;176.0;527.0;290.0;Centre
69050;Châtillon;1382;575.0;98.0;376.0;333.0;Centre
69051;Chaussan;734;290.0;73.0;200.0;171.0;Centre
69052;Chazay-d'Azergues;2771;1314.0;227.0;745.0;485.0;Centre
69053;Chénas;350;141.0;25.0;119.0;65.0;Centre
69054;Chénelette;237;72.0;31.0;98.0;36.0;Extrême-Droite
69055;Les Chères;898;370.0;61.0;315.0;152.0;Centre
69056;Chessy-les-Mines;1199;471.0;89.0;382.0;257.0;Centre
69057;Chevinay;361;144.0;21.0;101.0;95.0;Centre
69058;Chiroubles;274;120.0;21.0;72.0;61.0;Centre
69059;Civrieux-d'Azergues;976;419.0;88.0;291.0;178.0;Centre
69060;Claveisolles;372;130.0;46.0;139.0;57.0;Extrême-Droite
69061;Cogny;767;285.0;83.0;243.0;156.0;Centre
69062;Coise;536;196.0;69.0;165.0;106.0;Centre
69063;Collonges-au-Mont-d'Or;2763;1354.0;292.0;694.0;423.0;Centre
69064;Condrieu;2116;811.0;154.0;573.0;578.0;Centre
69065;Corcelles-en-Beaujolais;542;184.0;32.0;228.0;98.0;Extrême-Droite
69066;Cours;2317;688.0;245.0;963.0;421.0;Extrême-Droite
69067;Courzieu;687;249.0;77.0;222.0;139.0;Centre
69068;Couzon-au-Mont-d'Or;1460;617.0;116.0;322.0;405.0;Centre
69069;Craponne;6732;2988.0;596.0;1780.0;1368.0;Centre
69070;Cublize;725;211.0;88.0;282.0;144.0;Extrême-Droite
69071;Curis-au-Mont-d'Or;751;347.0;70.0;155.0;179.0;Centre
69072;Dardilly;5415;2569.0;546.0;1411.0;889.0;Centre
69074;Denicé;974;426.0;73.0;315.0;160.0;Centre
69075;Dième;108;33.0;7.0;50.0;18.0;Extrême-Droite
69076;Dommartin;1947;887.0;208.0;614.0;238.0;Centre
69077;Dracé;657;175.0;55.0;321.0;106.0;Extrême-Droite
69078;Duerne;498;190.0;41.0;173.0;94.0;Centre
69080;Echalas;1092;381.0;76.0;445.0;190.0;Extrême-Droite
69081;Ecully;9475;4320.0;1118.0;2448.0;1589.0;Centre
69082;Emeringes;166;65.0;31.0;50.0;20.0;Centre
69083;Eveux;754;349.0;55.0;187.0;163.0;Centre
69084;Fleurie;774;319.0;59.0;300.0;96.0;Centre
69085;Fleurieu-sur-Saône;877;411.0;88.0;214.0;164.0;Centre
69086;Fleurieux-sur-l'Arbresle;1584;744.0;114.0;429.0;297.0;Centre
69087;Fontaines-Saint-Martin;1922;954.0;170.0;405.0;393.0;Centre
69088;Fontaines-sur-Saône;3758;1547.0;297.0;996.0;918.0;Centre
69089;Francheville;8106;3745.0;704.0;1837.0;1820.0;Centre
69090;Frontenas;540;213.0;52.0;169.0;106.0;Centre
69091;Givors;7271;1492.0;265.0;1881.0;3633.0;Gauche
69092;Gleizé;4056;1424.0;366.0;1276.0;990.0;Centre
69093;Grandris;614;214.0;58.0;197.0;145.0;Centre
69094;Grézieu-la-Varenne;3515;1491.0;289.0;1075.0;660.0;Centre
69095;Grézieu-le-Marché;535;207.0;62.0;170.0;96.0;Centre
69096;Grigny;4212;1157.0;233.0;1196.0;1626.0;Gauche
69097;Les Haies;513;167.0;23.0;211.0;112.0;Extrême-Droite
69098;Les Halles;283;67.0;17.0;143.0;56.0;Extrême-Droite
69099;Haute-Rivoire;782;237.0;76.0;309.0;160.0;Extrême-Droite
69100;Irigny;5078;1930.0;350.0;1467.0;1331.0;Centre
69102;Joux;459;144.0;31.0;171.0;113.0;Extrême-Droite
69103;Juliénas;565;258.0;45.0;166.0;96.0;Centre
69104;Jullié;261;94.0;28.0;94.0;45.0;Centre
69105;Lacenas;683;312.0;63.0;191.0;117.0;Centre
69106;Lachassagne;823;341.0;73.0;276.0;133.0;Centre
69107;Lamure-sur-Azergues;606;187.0;59.0;241.0;119.0;Extrême-Droite
69108;Lancié;617;234.0;50.0;215.0;118.0;Centre
69109;Lantignié;547;223.0;46.0;188.0;90.0;Centre
69110;Larajasse;1136;404.0;181.0;353.0;198.0;Centre
69111;Légny;417;149.0;25.0;143.0;100.0;Centre
69112;Lentilly;4162;1865.0;355.0;1123.0;819.0;Centre
69113;Létra;503;216.0;35.0;136.0;116.0;Centre
69115;Limas;2687;1003.0;214.0;846.0;624.0;Centre
69116;Limonest;2272;1027.0;244.0;737.0;264.0;Centre
69117;Lissieu;2086;964.0;232.0;588.0;302.0;Centre
69118;Loire-sur-Rhône;1546;461.0;131.0;647.0;307.0;Extrême-Droite
69119;Longes;564;156.0;64.0;220.0;124.0;Extrême-Droite
69120;Longessaigne;348;133.0;42.0;92.0;81.0;Centre
69121;Lozanne;1762;658.0;154.0;587.0;363.0;Centre
69122;Lucenay;1332;551.0;136.0;450.0;195.0;Centre
69123;Lyon;236228;96721.0;15951.0;39310.0;84246.0;Centre
69124;Marchampt;297;119.0;35.0;87.0;56.0;Centre
69125;Marcilly-d'Azergues;659;302.0;52.0;190.0;115.0;Centre
69126;Marcy;551;261.0;65.0;151.0;74.0;Centre
69127;Marcy-l'Etoile;1968;887.0;180.0;465.0;436.0;Centre
69130;Meaux-la-Montagne;159;58.0;14.0;58.0;29.0;Centre
69131;Messimy;2239;892.0;200.0;764.0;383.0;Centre
69132;Meys;495;136.0;61.0;205.0;93.0;Extrême-Droite
69133;Millery;2738;1316.0;236.0;693.0;493.0;Centre
69134;Moiré;159;59.0;18.0;50.0;32.0;Centre
69135;Deux-Grosnes;1047;390.0;85.0;368.0;204.0;Centre
69136;Montagny;1818;720.0;136.0;633.0;329.0;Centre
69137;Montmelas-Saint-Sorlin;287;96.0;34.0;68.0;89.0;Centre
69138;Montromant;285;118.0;25.0;67.0;75.0;Centre
69139;Montrottier;864;307.0;75.0;286.0;196.0;Centre
69140;Morancé;1508;683.0;132.0;443.0;250.0;Centre
69141;Mornant;3855;1558.0;329.0;1087.0;881.0;Centre
69142;La Mulatière;2880;1064.0;241.0;720.0;855.0;Centre
69143;Neuville-sur-Saône;3794;1439.0;251.0;961.0;1143.0;Centre
69145;Odenas;505;208.0;54.0;155.0;88.0;Centre
69148;Orliénas;1646;715.0;141.0;491.0;299.0;Centre
69149;Oullins;12910;4822.0;861.0;2849.0;4378.0;Centre
69151;Le Perréon;901;284.0;85.0;377.0;155.0;Extrême-Droite
69152;Pierre-Bénite;4416;1148.0;263.0;1110.0;1895.0;Gauche
69153;Poleymieux-au-Mont-d'Or;722;337.0;68.0;194.0;123.0;Centre
69154;Pollionnay;1501;626.0;128.0;455.0;292.0;Centre
69155;Pomeys;752;298.0;99.0;213.0;142.0;Centre
69156;Pommiers;1670;861.0;141.0;411.0;257.0;Centre
69157;Vindry-sur-Turdine;3124;1253.0;279.0;1056.0;536.0;Centre
69159;Porte des Pierres Dorées;2492;963.0;214.0;873.0;442.0;Centre
69160;Poule-les-Echarmeaux;656;235.0;50.0;252.0;119.0;Extrême-Droite
69161;Propières;294;90.0;19.0;129.0;56.0;Extrême-Droite
69162;Quincié-en-Beaujolais;810;359.0;75.0;257.0;119.0;Centre
69163;Quincieux;2093;734.0;148.0;771.0;440.0;Extrême-Droite
69164;Ranchal;203;69.0;13.0;72.0;49.0;Extrême-Droite
69165;Régnié-Durette;662;235.0;57.0;222.0;148.0;Centre
69166;Riverie;158;71.0;6.0;35.0;46.0;Centre
69167;Rivolet;389;157.0;26.0;114.0;92.0;Centre
69168;Rochetaillée-sur-Saône;806;367.0;59.0;200.0;180.0;Centre
69169;Ronno;443;164.0;43.0;181.0;55.0;Extrême-Droite
69170;Rontalon;702;252.0;78.0;227.0;145.0;Centre
69171;Sain-Bel;1304;455.0;88.0;393.0;368.0;Centre
69172;Salles-Arbuissonnas-en-Beaujolais;493;207.0;49.0;172.0;65.0;Centre
69173;Sarcey;607;260.0;61.0;186.0;100.0;Centre
69174;Les Sauvages;375;174.0;32.0;118.0;51.0;Centre
69175;Savigny;1297;500.0;132.0;398.0;267.0;Centre
69176;Soucieu-en-Jarrest;2681;1110.0;212.0;795.0;564.0;Centre
69177;Sourcieux-les-Mines;1300;529.0;107.0;359.0;305.0;Centre
69178;Souzy;422;120.0;42.0;183.0;77.0;Extrême-Droite
69179;Beauvallon;2512;1080.0;185.0;764.0;483.0;Centre
69180;Saint-André-la-Côte;179;69.0;16.0;58.0;36.0;Centre
69181;Saint-Appolinaire;118;36.0;8.0;44.0;30.0;Extrême-Droite
69182;Saint-Bonnet-des-Bruyères;248;76.0;20.0;104.0;48.0;Extrême-Droite
69183;Saint-Bonnet-le-Troncy;189;66.0;18.0;69.0;36.0;Extrême-Droite
69184;Sainte-Catherine;602;214.0;61.0;193.0;134.0;Centre
69186;Saint-Clément-de-Vers;155;52.0;12.0;74.0;17.0;Extrême-Droite
69187;Saint-Clément-les-Places;403;136.0;40.0;126.0;101.0;Centre
69188;Saint-Clément-sous-Valsonne;445;130.0;44.0;162.0;109.0;Extrême-Droite
69189;Sainte-Colombe;1190;446.0;106.0;377.0;261.0;Centre
69190;Sainte-Consorce;1328;597.0;137.0;362.0;232.0;Centre
69191;Saint-Cyr-au-Mont-d'Or;4008;2142.0;485.0;886.0;495.0;Centre
69192;Saint-Cyr-le-Chatoux;121;57.0;5.0;40.0;19.0;Centre
69193;Saint-Cyr-sur-le-Rhône;912;379.0;87.0;303.0;143.0;Centre
69194;Saint-Didier-au-Mont-d'Or;4875;2439.0;733.0;1119.0;584.0;Centre
69196;Saint-Didier-sur-Beaujeu;367;120.0;27.0;139.0;81.0;Extrême-Droite
69197;Saint-Etienne-des-Oullières;1328;510.0;119.0;489.0;210.0;Centre
69198;Saint-Etienne-la-Varenne;490;175.0;37.0;212.0;66.0;Extrême-Droite
69199;Saint-Fons;5146;1005.0;158.0;1003.0;2980.0;Gauche
69200;Saint-Forgeux;914;325.0;108.0;334.0;147.0;Extrême-Droite
69201;Sainte-Foy-l'Argentière;648;229.0;67.0;244.0;108.0;Extrême-Droite
69202;Sainte-Foy-lès-Lyon;12817;6004.0;1445.0;2744.0;2624.0;Centre
69203;Saint-Genis-l'Argentière;578;164.0;53.0;214.0;147.0;Extrême-Droite
69204;Saint-Genis-Laval;11705;5021.0;1021.0;2864.0;2799.0;Centre
69205;Saint-Genis-les-Ollières;3168;1436.0;324.0;741.0;667.0;Centre
69206;Saint-Georges-de-Reneins;2600;893.0;215.0;1066.0;426.0;Extrême-Droite
69207;Saint-Germain-au-Mont-d'Or;1641;675.0;90.0;400.0;476.0;Centre
69208;Saint-Germain-Nuelles;1504;638.0;123.0;423.0;320.0;Centre
69209;Saint-Igny-de-Vers;351;103.0;35.0;166.0;47.0;Extrême-Droite
69212;Saint-Jean-des-Vignes;317;129.0;13.0;116.0;59.0;Centre
69214;Saint-Jean-la-Bussière;726;208.0;62.0;308.0;148.0;Extrême-Droite
69215;Saint-Julien;562;229.0;47.0;211.0;75.0;Centre
69216;Saint-Julien-sur-Bibost;347;143.0;40.0;95.0;69.0;Centre
69217;Saint-Just-d'Avray;487;168.0;63.0;144.0;112.0;Centre
69218;Saint-Lager;590;228.0;59.0;224.0;79.0;Centre
69219;Saint-Laurent-d'Agny;1459;650.0;111.0;371.0;327.0;Centre
69220;Saint-Laurent-de-Chamousset;1105;430.0;129.0;340.0;206.0;Centre
69225;Saint-Marcel-l'Eclairé;364;141.0;21.0;119.0;83.0;Centre
69227;Saint-Martin-en-Haut;2543;1061.0;329.0;676.0;477.0;Centre
69228;Chabanière;2706;1058.0;269.0;822.0;557.0;Centre
69229;Saint-Nizier-d'Azergues;424;133.0;43.0;162.0;86.0;Extrême-Droite
69230;Sainte-Paule;206;87.0;20.0;62.0;37.0;Centre
69231;Saint-Pierre-la-Palud;1612;645.0;100.0;497.0;370.0;Centre
69233;Saint-Romain-au-Mont-d'Or;801;363.0;65.0;204.0;169.0;Centre
69234;Saint-Romain-de-Popey;1060;438.0;81.0;347.0;194.0;Centre
69235;Saint-Romain-en-Gal;1075;398.0;77.0;314.0;286.0;Centre
69236;Saint-Romain-en-Gier;312;77.0;21.0;134.0;80.0;Extrême-Droite
69238;Saint-Symphorien-sur-Coise;2042;766.0;205.0;639.0;432.0;Centre
69239;Saint-Vérand;771;282.0;69.0;274.0;146.0;Centre
69240;Saint-Vincent-de-Reins;392;105.0;43.0;180.0;64.0;Extrême-Droite
69241;Taluyers;1610;687.0;99.0;521.0;303.0;Centre
69242;Taponas;572;157.0;58.0;237.0;120.0;Extrême-Droite
69243;Tarare;4630;1469.0;333.0;1471.0;1357.0;Extrême-Droite
69244;Tassin-la-Demi-Lune;12076;5530.0;1312.0;3069.0;2165.0;Centre
69245;Ternand;482;184.0;42.0;161.0;95.0;Centre
69246;Theizé;835;367.0;92.0;194.0;182.0;Centre
69248;Thizy-Les-Bourgs;2877;895.0;237.0;1089.0;656.0;Extrême-Droite
69249;Thurins;1957;783.0;164.0;646.0;364.0;Centre
69250;La Tour-de-Salvagny;2880;1424.0;306.0;712.0;438.0;Centre
69252;Trèves;433;164.0;28.0;159.0;82.0;Centre
69253;Tupin-et-Semons;401;145.0;33.0;155.0;68.0;Extrême-Droite
69254;Valsonne;507;148.0;47.0;207.0;105.0;Extrême-Droite
69255;Vaugneray;3654;1557.0;337.0;1068.0;692.0;Centre
69256;Vaulx-en-Velin;14065;2868.0;366.0;2483.0;8348.0;Gauche
69257;Vaux-en-Beaujolais;680;239.0;54.0;254.0;133.0;Extrême-Droite
69258;Vauxrenard;227;84.0;28.0;70.0;45.0;Centre
69259;Vénissieux;19648;4266.0;616.0;3959.0;10807.0;Gauche
69260;Vernaison;2670;1149.0;268.0;661.0;592.0;Centre
69261;Vernay;44;23.0;7.0;11.0;3.0;Centre
69263;Villechenève;538;190.0;42.0;217.0;89.0;Extrême-Droite
69264;Villefranche-sur-Saône;13432;4374.0;962.0;3821.0;4275.0;Centre
69265;Ville-sur-Jarnioux;591;236.0;44.0;196.0;115.0;Centre
69266;Villeurbanne;62836;21162.0;2830.0;11762.0;27082.0;Gauche
69267;Villié-Morgon;1367;503.0;109.0;524.0;231.0;Extrême-Droite
69268;Vourles;2249;1021.0;229.0;644.0;355.0;Centre
69269;Yzeron;638;266.0;52.0;161.0;159.0;Centre
69270;Chaponnay;2834;1171.0;296.0;968.0;399.0;Centre
69271;Chassieu;6483;2593.0;547.0;2014.0;1329.0;Centre
69272;Communay;2879;1141.0;201.0;899.0;638.0;Centre
69273;Corbas;5657;1890.0;334.0;1966.0;1467.0;Extrême-Droite
69275;Décines-Charpieu;12710;3679.0;749.0;3971.0;4311.0;Gauche
69276;Feyzin;4486;1218.0;194.0;1432.0;1642.0;Gauche
69277;Genas;8347;3679.0;665.0;2635.0;1368.0;Centre
69278;Genay;3084;1217.0;250.0;979.0;638.0;Centre
69279;Jonage;3788;1336.0;217.0;1457.0;778.0;Extrême-Droite
69280;Jons;822;266.0;60.0;370.0;126.0;Extrême-Droite
69281;Marennes;1134;425.0;82.0;453.0;174.0;Extrême-Droite
69282;Meyzieu;16426;5490.0;1021.0;4709.0;5206.0;Centre
69283;Mions;7276;2456.0;435.0;2422.0;1963.0;Centre
69284;Montanay;2070;1057.0;202.0;470.0;341.0;Centre
69285;Pusignan;2226;679.0;135.0;989.0;423.0;Extrême-Droite
69286;Rillieux-la-Pape;12303;4045.0;788.0;2963.0;4507.0;Gauche
69287;Saint-Bonnet-de-Mure;4096;1564.0;300.0;1571.0;661.0;Extrême-Droite
69288;Saint-Laurent-de-Mure;3342;1143.0;228.0;1368.0;603.0;Extrême-Droite
69289;Saint-Pierre-de-Chandieu;3041;1065.0;217.0;1241.0;518.0;Extrême-Droite
69290;Saint-Priest;20295;5914.0;1052.0;5758.0;7571.0;Gauche
69291;Saint-Symphorien-d'Ozon;3094;1153.0;233.0;1051.0;657.0;Centre
69292;Sathonay-Camp;3182;1028.0;231.0;1101.0;822.0;Extrême-Droite
69293;Sathonay-Village;1610;723.0;139.0;446.0;302.0;Centre
69294;Sérézin-du-Rhône;1653;655.0;108.0;539.0;351.0;Centre
69295;Simandres;1184;446.0;78.0;468.0;192.0;Extrême-Droite
69296;Solaize;1858;719.0;170.0;632.0;337.0;Centre
69297;Ternay;3076;1238.0;211.0;1031.0;596.0;Centre
69298;Toussieu;1795;690.0;159.0;677.0;269.0;Centre
69299;Colombier-Saugnieu;1563;472.0;95.0;754.0;242.0;Extrême-Droite
73001;Aiguebelette-le-Lac;201;70.0;17.0;40.0;74.0;Gauche
73003;Grand-Aigueblanche;2143;739.0;177.0;728.0;499.0;Centre
73004;Aillon-le-Jeune;281;100.0;31.0;72.0;78.0;Centre
73005;Aillon-le-Vieux;143;46.0;15.0;30.0;52.0;Gauche
73006;Aime-la-Plagne;2855;1108.0;238.0;802.0;707.0;Centre
73007;Aiton;712;174.0;54.0;337.0;147.0;Extrême-Droite
73008;Aix-les-Bains;17124;6656.0;1529.0;4970.0;3969.0;Centre
73010;Entrelacs;3896;1469.0;316.0;1323.0;788.0;Centre
73011;Albertville;7747;2459.0;596.0;2425.0;2267.0;Centre
73012;Albiez-le-Jeune;119;39.0;14.0;21.0;45.0;Gauche
73013;Albiez-Montrond;334;108.0;32.0;103.0;91.0;Centre
73014;Allondaz;177;64.0;9.0;52.0;52.0;Centre
73015;Les Allues;1040;467.0;109.0;315.0;149.0;Centre
73017;Apremont;682;242.0;61.0;264.0;115.0;Extrême-Droite
73018;Arbin;503;180.0;57.0;145.0;121.0;Centre
73019;Argentine;601;172.0;37.0;199.0;193.0;Extrême-Droite
73020;Arith;330;127.0;29.0;99.0;75.0;Centre
73021;Arvillard;558;169.0;34.0;174.0;181.0;Gauche
73022;Attignat-Oncin;368;133.0;28.0;106.0;101.0;Centre
73023;Aussois;517;200.0;60.0;111.0;146.0;Centre
73024;Les Avanchers-Valmorel;533;186.0;96.0;151.0;100.0;Centre
73025;Avressieux;346;116.0;32.0;126.0;72.0;Extrême-Droite
73026;Avrieux;250;84.0;28.0;94.0;44.0;Extrême-Droite
73027;Ayn;252;94.0;26.0;63.0;69.0;Centre
73028;La Balme;218;60.0;25.0;98.0;35.0;Extrême-Droite
73029;Barberaz;2948;1119.0;241.0;784.0;804.0;Centre
73030;Barby;1604;622.0;94.0;416.0;472.0;Centre
73031;Bassens;2598;945.0;210.0;783.0;660.0;Centre
73032;La Bâthie;1169;278.0;82.0;498.0;311.0;Extrême-Droite
73033;La Bauche;315;75.0;19.0;110.0;111.0;Gauche
73034;Beaufort;1464;563.0;178.0;368.0;355.0;Centre
73036;Bellecombe-en-Bauges;511;179.0;33.0;114.0;185.0;Gauche
73039;Belmont-Tramonet;350;119.0;40.0;106.0;85.0;Centre
73040;Bessans;296;127.0;32.0;71.0;66.0;Centre
73041;Betton-Bettonet;200;58.0;10.0;86.0;46.0;Extrême-Droite
73042;Billième;200;82.0;14.0;63.0;41.0;Centre
73043;La Biolle;1678;652.0;126.0;547.0;353.0;Centre
73047;Bonneval-sur-Arc;165;42.0;33.0;54.0;36.0;Extrême-Droite
73048;Bonvillard;209;59.0;11.0;85.0;54.0;Extrême-Droite
73049;Bonvillaret;91;27.0;3.0;30.0;31.0;Gauche
73050;Bourdeau;346;164.0;34.0;87.0;61.0;Centre
73051;Le Bourget-du-Lac;2806;1092.0;246.0;795.0;673.0;Centre
73052;Bourget-en-Huile;117;47.0;15.0;29.0;26.0;Centre
73053;Bourgneuf;410;99.0;39.0;185.0;87.0;Extrême-Droite
73054;Bourg-Saint-Maurice;3641;1416.0;304.0;968.0;953.0;Centre
73055;Bozel;1160;483.0;115.0;275.0;287.0;Centre
73057;Brides-les-Bains;298;111.0;35.0;97.0;55.0;Centre
73058;La Bridoire;673;219.0;45.0;225.0;184.0;Extrême-Droite
73059;Brison-Saint-Innocent;1654;728.0;158.0;477.0;291.0;Centre
73061;Césarches;278;102.0;24.0;81.0;71.0;Centre
73063;Cevins;428;92.0;25.0;190.0;121.0;Extrême-Droite
73064;Challes-les-Eaux;3339;1330.0;289.0;978.0;742.0;Centre
73065;Chambéry;24897;8751.0;1640.0;4999.0;9507.0;Gauche
73067;La Chambre;596;185.0;68.0;222.0;121.0;Extrême-Droite
73068;Chamousset;390;91.0;38.0;160.0;101.0;Extrême-Droite
73069;Chamoux-sur-Gelon;562;144.0;40.0;216.0;162.0;Extrême-Droite
73070;Champagneux;403;103.0;18.0;188.0;94.0;Extrême-Droite
73071;Champagny-en-Vanoise;456;215.0;54.0;93.0;94.0;Centre
73072;Champ-Laurent;52;21.0;8.0;10.0;13.0;Centre
73073;Chanaz;305;100.0;19.0;124.0;62.0;Extrême-Droite
73074;La Chapelle;227;57.0;20.0;87.0;63.0;Extrême-Droite
73075;La Chapelle-Blanche;429;186.0;26.0;112.0;105.0;Centre
73076;La Chapelle-du-Mont-du-Chat;153;54.0;10.0;50.0;39.0;Centre
73077;Les Chapelles;374;129.0;36.0;98.0;111.0;Centre
73078;La Chapelle-Saint-Martin;110;54.0;6.0;28.0;22.0;Centre
73079;Châteauneuf;557;177.0;28.0;196.0;156.0;Extrême-Droite
73081;Le Châtelard;382;109.0;34.0;97.0;142.0;Gauche
73082;La Chavanne;481;175.0;42.0;124.0;140.0;Centre
73083;Les Chavannes-en-Maurienne;162;30.0;7.0;100.0;25.0;Extrême-Droite
73084;Chignin;553;223.0;50.0;161.0;119.0;Centre
73085;Chindrieux;888;348.0;79.0;276.0;185.0;Centre
73086;Cléry;301;99.0;18.0;101.0;83.0;Extrême-Droite
73087;Cognin;3316;1135.0;211.0;853.0;1117.0;Centre
73088;Cohennoz;126;53.0;16.0;44.0;13.0;Centre
73089;Coise-Saint-Jean-Pied-Gauthier;739;238.0;63.0;234.0;204.0;Centre
73090;La Compôte;174;48.0;20.0;53.0;53.0;Gauche
73091;Conjux;151;64.0;7.0;51.0;29.0;Centre
73092;Corbel;136;46.0;10.0;47.0;33.0;Extrême-Droite
73094;Crest-Voland;297;139.0;39.0;87.0;32.0;Centre
73095;La Croix-de-la-Rochette;234;74.0;19.0;91.0;50.0;Extrême-Droite
73096;Cruet;685;234.0;44.0;202.0;205.0;Centre
73097;Curienne;465;158.0;28.0;128.0;151.0;Centre
73098;Les Déserts;636;218.0;34.0;199.0;185.0;Centre
73099;Détrier;243;78.0;18.0;87.0;60.0;Extrême-Droite
73100;Domessin;1201;415.0;100.0;423.0;263.0;Extrême-Droite
73101;Doucy-en-Bauges;67;27.0;3.0;14.0;23.0;Centre
73103;Drumettaz-Clarafond;1850;738.0;170.0;547.0;395.0;Centre
73104;Dullin;302;98.0;17.0;98.0;89.0;Centre
73105;Les Echelles;629;150.0;67.0;254.0;158.0;Extrême-Droite
73106;Ecole;181;67.0;18.0;49.0;47.0;Centre
73107;Entremont-le-Vieux;444;187.0;26.0;97.0;134.0;Centre
73109;Epierre;435;121.0;34.0;187.0;93.0;Extrême-Droite
73110;Esserts-Blay;470;115.0;35.0;185.0;135.0;Extrême-Droite
73113;Feissons-sur-Salins;116;36.0;8.0;30.0;42.0;Gauche
73114;Flumet;491;184.0;72.0;167.0;68.0;Centre
73116;Fontcouverte-la-Toussuire;449;151.0;60.0;162.0;76.0;Extrême-Droite
73117;Fourneaux;327;102.0;23.0;108.0;94.0;Extrême-Droite
73119;Freney;77;28.0;7.0;24.0;18.0;Centre
73120;Fréterive;333;128.0;31.0;112.0;62.0;Centre
73121;Frontenex;973;281.0;81.0;375.0;236.0;Extrême-Droite
73122;Gerbaix;323;121.0;17.0;101.0;84.0;Centre
73123;La Giettaz;268;97.0;44.0;91.0;36.0;Centre
73124;Gilly-sur-Isère;1911;672.0;212.0;641.0;386.0;Centre
73128;Grésy-sur-Aix;2681;1012.0;201.0;841.0;627.0;Centre
73129;Grésy-sur-Isère;741;198.0;49.0;303.0;191.0;Extrême-Droite
73130;Grignon;1234;311.0;89.0;527.0;307.0;Extrême-Droite
73131;Hautecour;216;93.0;10.0;49.0;64.0;Centre
73132;Hauteluce;609;206.0;67.0;248.0;88.0;Extrême-Droite
73133;Hauteville;245;79.0;27.0;77.0;62.0;Centre
73135;La Tour-en-Maurienne;751;230.0;85.0;283.0;153.0;Extrême-Droite
73137;Jacob-Bellecombette;2061;839.0;159.0;445.0;618.0;Centre
73138;Jarrier;381;121.0;47.0;127.0;86.0;Extrême-Droite
73139;Jarsy;222;85.0;13.0;45.0;79.0;Centre
73140;Jongieux;202;88.0;16.0;64.0;34.0;Centre
73141;Laissaud;427;161.0;41.0;155.0;70.0;Centre
73142;Landry;478;164.0;36.0;134.0;144.0;Centre
73145;Lépin-le-Lac;299;101.0;23.0;98.0;77.0;Centre
73146;Lescheraines;426;151.0;30.0;108.0;137.0;Centre
73147;Loisieux;140;50.0;15.0;36.0;39.0;Centre
73149;Lucey;197;73.0;12.0;73.0;39.0;Centre
73150;La Plagne Tarentaise;2633;1009.0;307.0;693.0;624.0;Centre
73151;Porte-de-Savoie;2291;929.0;158.0;653.0;551.0;Centre
73152;Marcieux;164;66.0;11.0;35.0;52.0;Centre
73153;Marthod;877;262.0;71.0;347.0;197.0;Extrême-Droite
73154;Mercury;2163;809.0;184.0;699.0;471.0;Centre
73155;Méry;1293;484.0;99.0;400.0;310.0;Centre
73156;Meyrieux-Trouet;224;67.0;32.0;81.0;44.0;Extrême-Droite
73157;Modane;1379;536.0;90.0;421.0;332.0;Centre
73159;Les Mollettes;518;166.0;30.0;200.0;122.0;Extrême-Droite
73160;Montagnole;692;283.0;53.0;219.0;137.0;Centre
73161;Montagny;408;138.0;52.0;142.0;76.0;Extrême-Droite
73162;Montailleur;423;125.0;30.0;157.0;111.0;Extrême-Droite
73164;Montcel;709;258.0;54.0;211.0;186.0;Centre
73166;Montendry;41;12.0;2.0;11.0;16.0;Gauche
73168;Montgilbert;74;17.0;5.0;30.0;22.0;Extrême-Droite
73170;Monthion;359;82.0;27.0;166.0;84.0;Extrême-Droite
73171;Montmélian;1712;553.0;86.0;558.0;515.0;Extrême-Droite
73173;Montricher-Albanne;358;118.0;30.0;112.0;98.0;Centre
73175;Montsapey;104;36.0;5.0;37.0;26.0;Extrême-Droite
73176;Montvalezan;471;185.0;77.0;122.0;87.0;Centre
73177;Montvernier;171;58.0;10.0;48.0;55.0;Centre
73178;La Motte-en-Bauges;371;112.0;21.0;108.0;130.0;Gauche
73179;La Motte-Servolex;7174;2895.0;606.0;2072.0;1601.0;Centre
73180;Motz;309;93.0;24.0;104.0;88.0;Extrême-Droite
73181;Moûtiers;1250;409.0;101.0;423.0;317.0;Extrême-Droite
73182;Mouxy;1510;635.0;134.0;449.0;292.0;Centre
73183;Myans;850;346.0;75.0;264.0;165.0;Centre
73184;Nances;358;130.0;22.0;123.0;83.0;Centre
73186;Notre-Dame-de-Bellecombe;318;140.0;53.0;83.0;42.0;Centre
73187;La Léchère;1612;425.0;138.0;586.0;463.0;Extrême-Droite
73188;Notre-Dame-des-Millières;580;147.0;37.0;269.0;127.0;Extrême-Droite
73189;Notre-Dame-du-Cruet;151;32.0;7.0;84.0;28.0;Extrême-Droite
73190;Notre-Dame-du-Pré;151;56.0;12.0;54.0;29.0;Centre
73191;Novalaise;1402;581.0;96.0;383.0;342.0;Centre
73192;Le Noyer;151;52.0;9.0;35.0;55.0;Gauche
73193;Ontex;59;24.0;4.0;19.0;12.0;Centre
73194;Orelle;219;77.0;15.0;81.0;46.0;Extrême-Droite
73196;Pallud;516;183.0;48.0;167.0;118.0;Centre
73197;Peisey-Nancroix;425;208.0;49.0;80.0;88.0;Centre
73200;Planaise;335;133.0;22.0;91.0;89.0;Centre
73201;Planay;216;70.0;26.0;81.0;39.0;Extrême-Droite
73202;Plancherine;292;103.0;28.0;74.0;87.0;Centre
73204;Le Pont-de-Beauvoisin;928;251.0;54.0;358.0;265.0;Extrême-Droite
73205;Le Pontet;97;29.0;11.0;37.0;20.0;Extrême-Droite
73206;Pralognan-la-Vanoise;471;193.0;63.0;105.0;110.0;Centre
73207;Presle;306;95.0;25.0;109.0;77.0;Extrême-Droite
73208;Pugny-Chatenod;695;337.0;69.0;160.0;129.0;Centre
73210;Puygros;286;113.0;28.0;91.0;54.0;Centre
73211;Queige;643;204.0;41.0;192.0;206.0;Gauche
73212;Val-d'Arc;963;269.0;67.0;391.0;236.0;Extrême-Droite
73213;La Ravoire;4854;1773.0;371.0;1409.0;1301.0;Centre
73214;Rochefort;181;66.0;22.0;59.0;34.0;Centre
73215;Valgelon-La Rochette;2100;687.0;157.0;771.0;485.0;Extrême-Droite
73216;Rognaix;282;63.0;18.0;143.0;58.0;Extrême-Droite
73217;Rotherens;200;83.0;10.0;68.0;39.0;Centre
73218;Ruffieux;529;182.0;52.0;173.0;122.0;Centre
73219;Saint-Alban-de-Montbel;434;189.0;25.0;95.0;125.0;Centre
73220;Saint-Alban-d'Hurtières;290;93.0;14.0;95.0;88.0;Extrême-Droite
73221;Saint-Alban-des-Villards;129;43.0;13.0;40.0;33.0;Centre
73222;Saint-Alban-Leysse;4012;1533.0;303.0;1168.0;1008.0;Centre
73223;Saint-André;337;97.0;39.0;125.0;76.0;Extrême-Droite
73224;Saint-Avre;458;96.0;40.0;211.0;111.0;Extrême-Droite
73225;Saint-Baldoph;1904;703.0;167.0;578.0;456.0;Centre
73226;Saint-Béron;987;277.0;59.0;392.0;259.0;Extrême-Droite
73227;Courchevel;1420;574.0;170.0;445.0;231.0;Centre
73228;Saint-Cassin;556;201.0;37.0;180.0;138.0;Centre
73229;Saint-Christophe;330;108.0;25.0;136.0;61.0;Extrême-Droite
73230;Saint-Colomban-des-Villards;211;76.0;27.0;64.0;44.0;Centre
73231;Saint-Etienne-de-Cuines;702;174.0;71.0;278.0;179.0;Extrême-Droite
73232;Sainte-Foy-Tarentaise;474;197.0;78.0;125.0;74.0;Centre
73233;Saint-Franc;126;57.0;10.0;20.0;39.0;Centre
73234;Saint-François-de-Sales;126;51.0;4.0;35.0;36.0;Centre
73235;Saint François Longchamp;381;139.0;54.0;115.0;73.0;Centre
73236;Saint-Genix-les-Villages;1739;594.0;118.0;587.0;440.0;Centre
73237;Saint-Georges-d'Hurtières;234;50.0;17.0;63.0;104.0;Gauche
73240;Sainte-Hélène-du-Lac;576;202.0;37.0;189.0;148.0;Centre
73241;Sainte-Hélène-sur-Isère;772;233.0;69.0;311.0;159.0;Extrême-Droite
73242;Saint-Jean-d'Arves;212;58.0;24.0;75.0;55.0;Extrême-Droite
73243;Saint-Jean-d'Arvey;1186;426.0;80.0;287.0;393.0;Centre
73245;Saint-Jean-de-Chevelu;502;176.0;37.0;174.0;115.0;Centre
73246;Saint-Jean-de-Couz;189;62.0;12.0;60.0;55.0;Centre
73247;Saint-Jean-de-la-Porte;597;226.0;33.0;159.0;179.0;Centre
73248;Saint-Jean-de-Maurienne;3324;963.0;306.0;1196.0;859.0;Extrême-Droite
73249;Saint-Jeoire-Prieuré;1073;416.0;90.0;353.0;214.0;Centre
73250;Saint-Julien-Mont-Denis;953;236.0;64.0;389.0;264.0;Extrême-Droite
73252;Saint-Léger;164;36.0;10.0;81.0;37.0;Extrême-Droite
73253;Saint-Marcel;271;72.0;17.0;105.0;77.0;Extrême-Droite
73254;Sainte-Marie-d'Alvey;96;33.0;10.0;29.0;24.0;Centre
73255;Sainte-Marie-de-Cuines;494;113.0;40.0;222.0;119.0;Extrême-Droite
73256;Saint-Martin-d'Arc;173;49.0;11.0;79.0;34.0;Extrême-Droite
73257;Les Belleville;2233;1008.0;224.0;559.0;442.0;Centre
73258;Saint-Martin-de-la-Porte;478;161.0;28.0;141.0;148.0;Centre
73259;Saint-Martin-sur-la-Chambre;325;132.0;18.0;124.0;51.0;Centre
73261;Saint-Michel-de-Maurienne;1329;408.0;98.0;451.0;372.0;Extrême-Droite
73262;Saint-Nicolas-la-Chapelle;323;128.0;39.0;104.0;52.0;Centre
73263;Saint-Offenge;708;285.0;54.0;218.0;151.0;Centre
73265;Saint-Ours;476;200.0;33.0;124.0;119.0;Centre
73267;Saint-Pancrace;228;68.0;15.0;93.0;52.0;Extrême-Droite
73268;Saint-Paul-sur-Isère;272;70.0;20.0;98.0;84.0;Extrême-Droite
73269;Saint-Paul;459;173.0;31.0;160.0;95.0;Centre
73270;Saint-Pierre-d'Albigny;2327;890.0;141.0;668.0;628.0;Centre
73271;Saint-Pierre-d'Alvey;201;88.0;9.0;48.0;56.0;Centre
73272;Saint-Pierre-de-Belleville;138;31.0;15.0;64.0;28.0;Extrême-Droite
73273;Saint-Pierre-de-Curtille;225;71.0;23.0;91.0;40.0;Extrême-Droite
73274;Saint-Pierre-d'Entremont;258;102.0;20.0;64.0;72.0;Centre
73275;Saint-Pierre-de-Genebroz;235;81.0;16.0;81.0;57.0;Centre
73276;Saint-Pierre-de-Soucy;298;90.0;25.0;110.0;73.0;Extrême-Droite
73277;Sainte-Reine;117;52.0;11.0;29.0;25.0;Centre
73278;Saint-Rémy-de-Maurienne;798;229.0;67.0;361.0;141.0;Extrême-Droite
73280;Saint-Sorlin-d'Arves;315;106.0;42.0;88.0;79.0;Centre
73281;Saint-Sulpice;564;235.0;39.0;188.0;102.0;Centre
73282;Saint-Thibaud-de-Couz;666;219.0;46.0;239.0;162.0;Extrême-Droite
73283;Saint-Vital;434;122.0;42.0;160.0;110.0;Extrême-Droite
73284;Salins-Fontaine;534;195.0;58.0;164.0;117.0;Centre
73285;Séez;1278;477.0;98.0;401.0;302.0;Centre
73286;Serrières-en-Chautagne;661;160.0;50.0;288.0;163.0;Extrême-Droite
73288;Sonnaz;1191;479.0;93.0;342.0;277.0;Centre
73289;La Table;264;69.0;27.0;109.0;59.0;Extrême-Droite
73290;Val Cenis;1462;576.0;197.0;394.0;295.0;Centre
73292;Thénésol;207;54.0;14.0;83.0;56.0;Extrême-Droite
73293;Thoiry;335;140.0;7.0;88.0;100.0;Centre
73294;La Thuile;241;70.0;21.0;72.0;78.0;Gauche
73296;Tignes;1063;426.0;81.0;289.0;267.0;Centre
73297;Tournon;375;126.0;40.0;114.0;95.0;Centre
73298;Tours-en-Savoie;562;133.0;53.0;248.0;128.0;Extrême-Droite
73299;Traize;210;75.0;30.0;58.0;47.0;Centre
73300;Tresserve;1830;832.0;216.0;504.0;278.0;Centre
73301;Trévignin;507;207.0;37.0;174.0;89.0;Centre
73302;La Trinité;222;77.0;18.0;77.0;50.0;Centre
73303;Ugine;3668;1102.0;265.0;1447.0;854.0;Extrême-Droite
73304;Val-d'Isère;1018;481.0;146.0;228.0;163.0;Centre
73306;Valloire;872;400.0;109.0;250.0;113.0;Centre
73307;Valmeinier;327;103.0;56.0;88.0;80.0;Centre
73308;Venthon;394;108.0;26.0;160.0;100.0;Extrême-Droite
73309;Verel-de-Montbel;203;64.0;14.0;72.0;53.0;Extrême-Droite
73310;Verel-Pragondran;389;161.0;32.0;99.0;97.0;Centre
73311;Le Verneil;65;18.0;3.0;24.0;20.0;Extrême-Droite
73312;Verrens-Arvey;607;240.0;51.0;189.0;127.0;Centre
73313;Verthemex;146;46.0;12.0;47.0;41.0;Extrême-Droite
73314;Villard-d'Héry;198;66.0;27.0;57.0;48.0;Centre
73315;Villard-Léger;328;88.0;21.0;144.0;75.0;Extrême-Droite
73316;Villard-Sallet;215;58.0;17.0;97.0;43.0;Extrême-Droite
73317;Villard-sur-Doron;471;154.0;36.0;141.0;140.0;Centre
73318;Villarembert;197;81.0;24.0;57.0;35.0;Centre
73320;Villargondran;527;135.0;29.0;248.0;115.0;Extrême-Droite
73322;Villarodin-Bourget;342;128.0;39.0;108.0;67.0;Centre
73323;Villaroger;294;106.0;43.0;94.0;51.0;Centre
73324;Villaroux;180;79.0;14.0;54.0;33.0;Centre
73326;Vimines;1462;635.0;90.0;427.0;310.0;Centre
73327;Vions;241;65.0;17.0;98.0;61.0;Extrême-Droite
73328;Viviers-du-Lac;1268;570.0;110.0;339.0;249.0;Centre
73329;Voglans;1099;437.0;66.0;368.0;228.0;Centre
73330;Yenne;1703;592.0;120.0;629.0;362.0;Extrême-Droite
74001;Abondance;860;308.0;115.0;324.0;113.0;Extrême-Droite
74002;Alby-sur-Chéran;1370;455.0;113.0;441.0;361.0;Centre
74003;Alex;663;340.0;54.0;135.0;134.0;Centre
74004;Allèves;257;89.0;20.0;77.0;71.0;Centre
74005;Allinges;2825;1138.0;250.0;893.0;544.0;Centre
74006;Allonzier-la-Caille;1075;418.0;84.0;351.0;222.0;Centre
74007;Amancy;1516;581.0;132.0;475.0;328.0;Centre
74008;Ambilly;2213;823.0;174.0;549.0;667.0;Centre
74009;Andilly;537;265.0;60.0;116.0;96.0;Centre
74010;Annecy;63610;27989.0;4973.0;14334.0;16314.0;Centre
74012;Annemasse;10679;3419.0;637.0;2561.0;4062.0;Gauche
74013;Anthy-sur-Léman;1464;712.0;145.0;370.0;237.0;Centre
74014;Arâches-la-Frasse;1178;528.0;101.0;284.0;265.0;Centre
74015;Arbusigny;668;216.0;61.0;244.0;147.0;Extrême-Droite
74016;Archamps;1145;580.0;101.0;280.0;184.0;Centre
74018;Arenthon;1138;437.0;80.0;430.0;191.0;Centre
74019;Argonay;1850;847.0;172.0;470.0;361.0;Centre
74020;Armoy;953;439.0;84.0;249.0;181.0;Centre
74021;Arthaz-Pont-Notre-Dame;889;299.0;78.0;367.0;145.0;Extrême-Droite
74024;Ayse;1340;532.0;130.0;408.0;270.0;Centre
74025;Ballaison;814;359.0;80.0;242.0;133.0;Centre
74026;La Balme-de-Sillingy;2860;1127.0;271.0;912.0;550.0;Centre
74027;La Balme-de-Thuy;295;119.0;23.0;107.0;46.0;Centre
74029;Bassy;259;92.0;25.0;96.0;46.0;Extrême-Droite
74030;La Baume;153;63.0;15.0;37.0;38.0;Centre
74031;Beaumont;1218;572.0;106.0;286.0;254.0;Centre
74032;Bellevaux;969;397.0;111.0;316.0;145.0;Centre
74033;Bernex;901;328.0;84.0;324.0;165.0;Centre
74034;Le Biot;306;121.0;26.0;93.0;66.0;Centre
74035;Bloye;387;150.0;31.0;150.0;56.0;Centre
74036;Bluffy;281;173.0;28.0;54.0;26.0;Centre
74037;Boëge;1116;392.0;138.0;311.0;275.0;Centre
74038;Bogève;768;293.0;71.0;260.0;144.0;Centre
74040;Bonne;1730;717.0;169.0;509.0;335.0;Centre
74041;Bonnevaux;148;37.0;15.0;65.0;31.0;Extrême-Droite
74042;Bonneville;5646;1883.0;388.0;1745.0;1630.0;Centre
74043;Bons-en-Chablais;3024;1174.0;263.0;937.0;650.0;Centre
74044;Bossey;313;166.0;22.0;65.0;60.0;Centre
74045;Le Bouchet-Mont-Charvin;163;59.0;16.0;50.0;38.0;Centre
74046;Boussy;360;144.0;37.0;114.0;65.0;Centre
74048;Brenthonne;641;231.0;58.0;208.0;144.0;Centre
74049;Brizon;325;113.0;32.0;122.0;58.0;Extrême-Droite
74050;Burdignin;464;164.0;45.0;139.0;116.0;Centre
74051;Cercier;368;152.0;36.0;114.0;66.0;Centre
74052;Cernex;610;271.0;65.0;167.0;107.0;Centre
74053;Cervens;683;254.0;47.0;188.0;194.0;Centre
74054;Chainaz-les-Frasses;496;207.0;38.0;128.0;123.0;Centre
74055;Challonges;331;131.0;22.0;112.0;66.0;Centre
74056;Chamonix-Mont-Blanc;5143;2502.0;382.0;1064.0;1195.0;Centre
74057;Champanges;728;289.0;73.0;235.0;131.0;Centre
74058;La Chapelle-d'Abondance;507;192.0;58.0;190.0;67.0;Centre
74059;La Chapelle-Rambaud;161;54.0;18.0;58.0;31.0;Extrême-Droite
74060;La Chapelle-Saint-Maurice;90;22.0;18.0;33.0;17.0;Extrême-Droite
74061;Chapeiry;587;239.0;47.0;185.0;116.0;Centre
74062;Charvonnex;854;370.0;107.0;228.0;149.0;Centre
74063;Châtel;746;294.0;84.0;292.0;76.0;Centre
74064;Châtillon-sur-Cluses;821;304.0;81.0;277.0;159.0;Centre
74065;Chaumont;315;133.0;28.0;78.0;76.0;Centre
74066;Chavannaz;136;57.0;17.0;29.0;33.0;Centre
74067;Chavanod;1745;799.0;158.0;509.0;279.0;Centre
74068;Chêne-en-Semine;294;113.0;27.0;113.0;41.0;Centre
74069;Chênex;371;160.0;39.0;119.0;53.0;Centre
74070;Chens-sur-Léman;1130;490.0;79.0;306.0;255.0;Centre
74071;Chessenaz;141;45.0;22.0;51.0;23.0;Extrême-Droite
74072;Chevaline;123;51.0;16.0;32.0;24.0;Centre
74073;Chevenoz;421;111.0;35.0;211.0;64.0;Extrême-Droite
74074;Chevrier;269;122.0;21.0;72.0;54.0;Centre
74075;Chilly;892;319.0;95.0;325.0;153.0;Extrême-Droite
74076;Choisy;1046;445.0;81.0;348.0;172.0;Centre
74077;Clarafond-Arcine;572;203.0;62.0;198.0;109.0;Centre
74078;Clermont;249;92.0;23.0;78.0;56.0;Centre
74079;Les Clefs;435;231.0;48.0;88.0;68.0;Centre
74080;La Clusaz;1158;578.0;181.0;283.0;116.0;Centre
74081;Cluses;6413;2114.0;425.0;2167.0;1707.0;Extrême-Droite
74082;Collonges-sous-Salève;1534;745.0;154.0;326.0;309.0;Centre
74083;Combloux;1399;671.0;174.0;406.0;148.0;Centre
74085;Les Contamines-Montjoie;872;444.0;100.0;192.0;136.0;Centre
74086;Contamine-Sarzin;410;151.0;43.0;135.0;81.0;Centre
74087;Contamine-sur-Arve;1106;456.0;92.0;351.0;207.0;Centre
74088;Copponex;708;322.0;80.0;163.0;143.0;Centre
74089;Cordon;680;321.0;72.0;214.0;73.0;Centre
74090;Cornier;824;311.0;84.0;277.0;152.0;Centre
74091;La Côte-d'Arbroz;176;81.0;18.0;40.0;37.0;Centre
74094;Cranves-Sales;3639;1477.0;287.0;1181.0;694.0;Centre
74095;Crempigny-Bonneguête;186;77.0;10.0;64.0;35.0;Centre
74096;Cruseilles;2629;1190.0;243.0;682.0;514.0;Centre
74097;Cusy;1195;494.0;88.0;337.0;276.0;Centre
74098;Cuvat;980;497.0;99.0;234.0;150.0;Centre
74099;Demi-Quartier;605;294.0;80.0;181.0;50.0;Centre
74100;Desingy;499;171.0;54.0;176.0;98.0;Extrême-Droite
74101;Dingy-en-Vuache;379;152.0;39.0;98.0;90.0;Centre
74102;Dingy-Saint-Clair;989;475.0;92.0;201.0;221.0;Centre
74103;Domancy;1331;589.0;122.0;390.0;230.0;Centre
74104;Doussard;2228;920.0;193.0;595.0;520.0;Centre
74105;Douvaine;2619;1032.0;218.0;849.0;520.0;Centre
74106;Draillant;487;182.0;50.0;143.0;112.0;Centre
74107;Droisy;101;39.0;12.0;35.0;15.0;Centre
74108;Duingt;688;304.0;59.0;173.0;152.0;Centre
74109;Éloise;493;178.0;42.0;174.0;99.0;Centre
74111;Entrevernes;150;81.0;9.0;42.0;18.0;Centre
74112;Epagny Metz-Tessy;4674;2230.0;407.0;1151.0;886.0;Centre
74114;Essert-Romand;267;102.0;31.0;80.0;54.0;Centre
74116;Etaux;1327;555.0;122.0;406.0;244.0;Centre
74117;Étercy;572;233.0;43.0;184.0;112.0;Centre
74118;Étrembières;721;239.0;49.0;241.0;192.0;Extrême-Droite
74119;Évian-les-Bains;4344;1811.0;342.0;1122.0;1069.0;Centre
74121;Excenevex;680;278.0;52.0;212.0;138.0;Centre
74122;Faucigny;380;161.0;28.0;111.0;80.0;Centre
74123;Faverges-Seythenex;4191;1522.0;303.0;1352.0;1014.0;Centre
74124;Feigères;897;394.0;86.0;212.0;205.0;Centre
74126;Fessy;659;278.0;70.0;190.0;121.0;Centre
74127;Féternes;932;314.0;89.0;319.0;210.0;Extrême-Droite
74128;Fillinges;2211;846.0;202.0;714.0;449.0;Centre
74129;La Forclaz;145;61.0;18.0;44.0;22.0;Centre
74130;Franclens;293;97.0;27.0;108.0;61.0;Extrême-Droite
74131;Frangy;1167;441.0;100.0;411.0;215.0;Centre
74133;Gaillard;3441;1260.0;243.0;815.0;1123.0;Centre
74134;Les Gets;879;436.0;133.0;219.0;91.0;Centre
74135;Giez;389;142.0;40.0;134.0;73.0;Centre
74136;Le Grand-Bornand;1570;800.0;248.0;354.0;168.0;Centre
74137;Groisy;2378;1020.0;233.0;660.0;465.0;Centre
74138;Gruffy;962;416.0;83.0;198.0;265.0;Centre
74139;Habère-Lullin;576;213.0;44.0;155.0;164.0;Centre
74140;Habère-Poche;936;341.0;82.0;298.0;215.0;Centre
74141;Hauteville-sur-Fier;667;224.0;64.0;255.0;124.0;Extrême-Droite
74142;Héry-sur-Alby;613;250.0;55.0;184.0;124.0;Centre
74143;Les Houches;1919;853.0;173.0;452.0;441.0;Centre
74144;Jonzier-Épagny;448;208.0;24.0;107.0;109.0;Centre
74145;Juvigny;354;152.0;49.0;89.0;64.0;Centre
74146;Larringes;838;339.0;67.0;278.0;154.0;Centre
74147;Lathuile;717;306.0;53.0;220.0;138.0;Centre
74148;Leschaux;224;74.0;19.0;71.0;60.0;Centre
74150;Loisin;841;333.0;78.0;261.0;169.0;Centre
74151;Lornay;328;90.0;19.0;140.0;79.0;Extrême-Droite
74152;Lovagny;855;428.0;71.0;211.0;145.0;Centre
74153;Lucinges;1005;444.0;91.0;279.0;191.0;Centre
74154;Lugrin;1412;537.0;155.0;412.0;308.0;Centre
74155;Lullin;529;182.0;69.0;178.0;100.0;Centre
74156;Lully;402;172.0;35.0;136.0;59.0;Centre
74157;Lyaud;1113;472.0;68.0;363.0;210.0;Centre
74158;Machilly;607;236.0;40.0;210.0;121.0;Centre
74159;Magland;1636;506.0;146.0;742.0;242.0;Extrême-Droite
74160;Manigod;699;295.0;106.0;206.0;92.0;Centre
74161;Marcellaz-Albanais;1323;513.0;125.0;416.0;269.0;Centre
74162;Marcellaz;594;244.0;63.0;183.0;104.0;Centre
74163;Margencel;1341;548.0;95.0;412.0;286.0;Centre
74164;Marignier;3488;1142.0;275.0;1358.0;713.0;Extrême-Droite
74165;Marigny-Saint-Marcel;442;159.0;41.0;147.0;95.0;Centre
74166;Marin;1051;423.0;104.0;279.0;245.0;Centre
74167;Val de Chaise;871;326.0;74.0;300.0;171.0;Centre
74168;Marlioz;579;252.0;62.0;149.0;116.0;Centre
74169;Marnaz;2439;818.0;174.0;951.0;496.0;Extrême-Droite
74170;Massingy;515;238.0;41.0;147.0;89.0;Centre
74171;Massongy;840;363.0;61.0;255.0;161.0;Centre
74172;Maxilly-sur-Léman;901;364.0;61.0;280.0;196.0;Centre
74173;Megève;2102;940.0;295.0;681.0;186.0;Centre
74174;Mégevette;380;115.0;38.0;149.0;78.0;Extrême-Droite
74175;Meillerie;149;45.0;12.0;58.0;34.0;Extrême-Droite
74176;Menthon-Saint-Bernard;1257;666.0;159.0;248.0;184.0;Centre
74177;Menthonnex-en-Bornes;571;217.0;63.0;182.0;109.0;Centre
74178;Menthonnex-sous-Clermont;453;147.0;37.0;175.0;94.0;Extrême-Droite
74179;Mésigny;529;193.0;35.0;191.0;110.0;Centre
74180;Messery;1113;528.0;122.0;250.0;213.0;Centre
74183;Mieussy;1588;619.0;137.0;481.0;351.0;Centre
74184;Minzier;534;180.0;41.0;171.0;142.0;Centre
74185;Monnetier-Mornex;1128;454.0;76.0;268.0;330.0;Centre
74186;Montagny-les-Lanches;484;192.0;39.0;119.0;134.0;Centre
74188;Montriond;516;250.0;72.0;128.0;66.0;Centre
74189;Mont-Saxonnex;1051;364.0;69.0;366.0;252.0;Extrême-Droite
74190;Morillon;476;182.0;30.0;140.0;124.0;Centre
74191;Morzine;1643;864.0;162.0;408.0;209.0;Centre
74192;Moye;680;245.0;47.0;251.0;137.0;Extrême-Droite
74193;La Muraz;542;178.0;49.0;180.0;135.0;Extrême-Droite
74194;Mûres;536;226.0;52.0;149.0;109.0;Centre
74195;Musièges;216;86.0;22.0;66.0;42.0;Centre
74196;Nancy-sur-Cluses;351;136.0;29.0;118.0;68.0;Centre
74197;Nangy;832;299.0;75.0;259.0;199.0;Centre
74198;Nâves-Parmelan;690;337.0;60.0;143.0;150.0;Centre
74199;Nernier;275;155.0;33.0;49.0;38.0;Centre
74200;Neuvecelle;1878;858.0;179.0;457.0;384.0;Centre
74201;Neydens;969;455.0;133.0;219.0;162.0;Centre
74202;Nonglard;439;178.0;43.0;139.0;79.0;Centre
74203;Novel;49;18.0;3.0;20.0;8.0;Extrême-Droite
74205;Onnion;851;304.0;58.0;260.0;229.0;Centre
74206;Orcier;670;222.0;58.0;266.0;124.0;Extrême-Droite
74208;Passy;6272;2244.0;433.0;1858.0;1737.0;Centre
74209;Peillonnex;831;359.0;69.0;252.0;151.0;Centre
74210;Perrignier;1012;356.0;97.0;350.0;209.0;Centre
74211;Pers-Jussy;1915;697.0;161.0;663.0;394.0;Centre
74212;Glières-Val-de-Borne;1152;373.0;102.0;443.0;234.0;Extrême-Droite
74213;Poisy;4886;2275.0;450.0;1224.0;937.0;Centre
74215;Praz-sur-Arly;780;316.0;95.0;265.0;104.0;Centre
74216;Présilly;549;242.0;54.0;152.0;101.0;Centre
74218;Publier;3833;1484.0;337.0;1172.0;840.0;Centre
74219;Quintal;810;408.0;68.0;212.0;122.0;Centre
74220;Reignier-Ésery;4256;1661.0;348.0;1321.0;926.0;Centre
74221;Le Reposoir;354;168.0;33.0;90.0;63.0;Centre
74222;Reyvroz;307;115.0;31.0;117.0;44.0;Extrême-Droite
74223;La Rivière-Enverse;324;121.0;30.0;103.0;70.0;Centre
74224;La Roche-sur-Foron;5404;2088.0;371.0;1321.0;1624.0;Centre
74225;Rumilly;7033;2361.0;515.0;2339.0;1818.0;Centre
74226;Saint-André-de-Boëge;404;130.0;36.0;151.0;87.0;Extrême-Droite
74228;Saint-Blaise;219;93.0;30.0;65.0;31.0;Centre
74229;Saint-Cergues;1727;695.0;137.0;555.0;340.0;Centre
74231;Saint-Eusèbe;376;139.0;36.0;122.0;79.0;Centre
74232;Saint-Eustache;342;147.0;36.0;97.0;62.0;Centre
74233;Saint-Félix;1347;469.0;98.0;488.0;292.0;Extrême-Droite
74234;Saint-Ferréol;581;247.0;50.0;170.0;114.0;Centre
74235;Saint-Germain-sur-Rhône;345;105.0;43.0;130.0;67.0;Extrême-Droite
74236;Saint-Gervais-les-Bains;3550;1554.0;339.0;946.0;711.0;Centre
74237;Saint-Gingolph;391;171.0;37.0;98.0;85.0;Centre
74238;Saint-Jean-d'Aulps;619;260.0;70.0;143.0;146.0;Centre
74239;Saint-Jean-de-Sixt;931;436.0;105.0;241.0;149.0;Centre
74240;Saint-Jean-de-Tholome;614;235.0;56.0;182.0;141.0;Centre
74241;Saint-Jeoire;1793;564.0;118.0;687.0;424.0;Extrême-Droite
74242;Saint-Jorioz;4238;2042.0;433.0;1051.0;712.0;Centre
74243;Saint-Julien-en-Genevois;5474;2363.0;424.0;1202.0;1485.0;Centre
74244;Saint-Laurent;539;206.0;34.0;141.0;158.0;Centre
74249;Saint-Paul-en-Chablais;1565;567.0;146.0;544.0;308.0;Centre
74250;Saint-Pierre-en-Faucigny;3757;1344.0;277.0;1332.0;804.0;Centre
74252;Saint-Sigismond;455;178.0;41.0;120.0;116.0;Centre
74253;Saint-Sixt;644;289.0;30.0;161.0;164.0;Centre
74254;Saint-Sylvestre;391;191.0;37.0;97.0;66.0;Centre
74255;Sales;1323;519.0;113.0;442.0;249.0;Centre
74256;Sallanches;9162;3708.0;759.0;2858.0;1837.0;Centre
74257;Sallenôves;501;181.0;32.0;187.0;101.0;Extrême-Droite
74258;Samoëns;1502;672.0;164.0;385.0;281.0;Centre
74259;Le Sappey;273;92.0;39.0;91.0;51.0;Centre
74260;Savigny;468;207.0;39.0;113.0;109.0;Centre
74261;Saxel;302;117.0;15.0;99.0;71.0;Centre
74262;Scientrier;614;185.0;57.0;263.0;109.0;Extrême-Droite
74263;Sciez;3227;1237.0;260.0;1001.0;729.0;Centre
74264;Scionzier;3457;911.0;226.0;1399.0;921.0;Extrême-Droite
74265;Serraval;451;185.0;53.0;124.0;89.0;Centre
74266;Servoz;604;310.0;31.0;94.0;169.0;Centre
74267;Sevrier;2799;1387.0;293.0;637.0;482.0;Centre
74269;Seyssel;1201;382.0;81.0;458.0;280.0;Extrême-Droite
74271;Seytroux;234;108.0;22.0;56.0;48.0;Centre
74272;Sillingy;3033;1244.0;265.0;980.0;544.0;Centre
74273;Sixt-Fer-à-Cheval;509;225.0;48.0;156.0;80.0;Centre
74275;Talloires-Montmin;1471;694.0;158.0;358.0;261.0;Centre
74276;Taninges;1968;752.0;155.0;571.0;490.0;Centre
74278;Thyez;3064;1116.0;252.0;1099.0;597.0;Centre
74279;Thollon-les-Mémises;558;224.0;47.0;198.0;89.0;Centre
74280;Thônes;3748;1655.0;347.0;1005.0;741.0;Centre
74281;Thonon-les-Bains;16546;6340.0;1258.0;4331.0;4617.0;Centre
74282;Fillière;5987;2624.0;541.0;1649.0;1173.0;Centre
74283;Thusy;683;286.0;78.0;211.0;108.0;Centre
74284;La Tour;569;193.0;47.0;216.0;113.0;Extrême-Droite
74285;Usinens;262;119.0;27.0;66.0;50.0;Centre
74286;Vacheresse;536;172.0;52.0;211.0;101.0;Extrême-Droite
74287;Vailly;529;204.0;60.0;166.0;99.0;Centre
74288;Valleiry;1845;719.0;195.0;577.0;354.0;Centre
74289;Vallières-sur-Fier;1543;539.0;131.0;588.0;285.0;Extrême-Droite
74290;Vallorcine;284;142.0;15.0;30.0;97.0;Centre
74291;Vanzy;182;52.0;8.0;77.0;45.0;Extrême-Droite
74292;Vaulx;676;267.0;78.0;212.0;119.0;Centre
74293;Veigy-Foncenex;1569;720.0;148.0;418.0;283.0;Centre
74294;Verchaix;444;175.0;34.0;128.0;107.0;Centre
74295;La Vernaz;177;56.0;20.0;46.0;55.0;Centre
74296;Vers;459;230.0;50.0;109.0;70.0;Centre
74297;Versonnex;421;149.0;45.0;142.0;85.0;Centre
74298;Vétraz-Monthoux;3776;1459.0;317.0;1147.0;853.0;Centre
74299;Veyrier-du-Lac;1563;864.0;227.0;330.0;142.0;Centre
74301;Villard;504;177.0;44.0;156.0;127.0;Centre
74302;Les Villards-sur-Thônes;724;334.0;61.0;175.0;154.0;Centre
74303;Villaz;2207;1079.0;205.0;534.0;389.0;Centre
74304;Ville-en-Sallaz;516;162.0;48.0;180.0;126.0;Extrême-Droite
74305;Ville-la-Grand;3653;1329.0;266.0;996.0;1062.0;Centre
74306;Villy-le-Bouveret;417;194.0;37.0;96.0;90.0;Centre
74307;Villy-le-Pelloux;555;248.0;57.0;134.0;116.0;Centre
74308;Vinzier;559;171.0;46.0;235.0;107.0;Extrême-Droite
74309;Viry;2164;894.0;201.0;568.0;501.0;Centre
74310;Viuz-la-Chiésaz;870;393.0;64.0;245.0;168.0;Centre
74311;Viuz-en-Sallaz;2638;993.0;253.0;798.0;594.0;Centre
74312;Vougy;836;257.0;72.0;343.0;164.0;Extrême-Droite
74313;Vovray-en-Bornes;343;152.0;35.0;87.0;69.0;Centre
74314;Vulbens;744;345.0;65.0;204.0;130.0;Centre
74315;Yvoire;622;278.0;50.0;124.0;170.0;Centre
