Code_geo,commune_name,resultat_election_prec,G_prec,C_prec,D_prec,ED_prec,residence_secondaire,pop_age_0_14_today,pop_age_15_64_today,pop_age_65plus_today,diploma_bac_today,diploma_sup_today,revenus_median_today,criminalite_prec,surface_agri_prec,chomage_rate_prec,proba_C,proba_ED,proba_G,proba_D,prediction
1001,L'Abergement-Clémenciat,C,83.0,198.0,47.0,192.0,2.9023746701846966,162.0,525.0,172.0,49.693251533742334,29.60122699386504,25820.0,14361.0,888.57,45.0,0.4,0.6,0.0,0.0,ED
1002,L'Abergement-de-Varey,C,56.0,70.0,8.0,37.0,23.42857142857143,57.0,166.0,50.0,65.4639175257732,43.81443298969072,24480.0,14361.0,195.12,15.0,0.8,0.0,0.2,0.0,C
1004,Ambérieu-en-Bugey,ED,1970.0,1917.0,490.0,2176.0,1.5695134304403346,2992.348288003257,9752.373817159065,2809.27789483767,47.83964473405285,28.784436453971075,21660.0,14361.0,71.4,,0.6,0.2,0.2,0.0,C
1005,Ambérieux-en-Dombes,ED,180.0,344.0,75.0,429.0,0.8415139536938763,362.644439947245,1228.753770778007,325.601789274748,47.44191198473848,28.272630707711222,24610.0,14361.0,820.68,115.0,0.2,0.8,0.0,0.0,ED
1006,Ambléon,C,23.0,25.0,10.0,19.0,11.267605633802818,10.0,72.0,32.0,44.55445544554456,28.71287128712871,24210.0,14361.0,256.52,10.0,0.4,0.6,0.0,0.0,ED
1007,Ambronay,ED,371.0,532.0,116.0,640.0,3.251417281514213,609.931863564956,1739.3082596095348,478.759876825509,49.959912721902725,30.20032484746087,24860.0,14361.0,1887.83,160.0,0.6,0.4,0.0,0.0,C
1008,Ambutrix,ED,92.0,148.0,40.0,183.0,3.214930697374822,146.173929712737,490.088621213521,127.737449073742,51.32201561997193,32.68551380640586,26300.0,14361.0,114.58,35.0,0.6,0.4,0.0,0.0,C
1009,Andert-et-Condon,C,66.0,78.0,21.0,63.0,12.280554611896692,50.7563783962393,197.51974724553327,86.7238743582273,55.19352781738359,31.45749831881006,,14361.0,121.71,15.0,0.2,0.8,0.0,0.0,ED
1010,Anglefort,ED,115.0,178.0,51.0,264.0,11.10982164566738,237.837710022818,723.611068461566,188.551221515616,41.82321488490334,21.37666747618091,24700.0,14361.0,326.21,85.0,0.0,1.0,0.0,0.0,ED
1011,Apremont,ED,43.0,81.0,20.0,92.0,8.151983336628922,86.974123782832,231.9230146118071,80.1028616053609,53.437759932925566,34.02358685798214,24530.0,14361.0,584.45,25.0,0.4,0.6,0.0,0.0,ED
1012,Aranc,G,74.0,70.0,9.0,67.0,21.92541578599624,56.3531089887917,192.95637201479207,79.6905189964162,45.03788849803715,26.84921682467254,24270.0,14361.0,255.78,20.0,0.4,0.2,0.4,0.0,C
1013,Arandas,ED,14.0,26.0,12.0,42.0,29.11828085717708,14.2028985507247,87.2463768115941,38.5507246376812,48.71794871794873,27.35042735042736,,14361.0,746.57,10.0,0.2,0.2,0.6,0.0,G
1014,Arbent,ED,473.0,482.0,108.0,500.0,0.9683620399719768,627.486305594765,2070.933341633657,783.580352771578,37.65435506479321,20.83234899946099,22410.0,14361.0,,285.0,0.0,1.0,0.0,0.0,ED
1015,Arboys en Bugey,C,106.0,184.0,37.0,134.0,15.923412820702982,113.015974871358,395.516735215925,179.467289912717,54.34076815534614,35.29141289025625,23800.0,14361.0,441.04,50.0,0.4,0.6,0.0,0.0,ED
1016,Arbigny,ED,51.0,81.0,30.0,101.0,7.871686844201499,99.5824266055465,257.99075317368147,101.426820220771,39.2232879968088,22.282560377475587,23080.0,14361.0,805.47,20.0,0.4,0.6,0.0,0.0,ED
1017,Argis,ED,75.0,55.0,15.0,110.0,16.358024691358025,71.0,243.0,106.0,42.85714285714285,22.67080745341615,20790.0,14361.0,135.13,40.0,0.0,0.8,0.2,0.0,ED
1019,Armix,ED,9.0,11.0,0.0,12.0,50.90909090909091,2.88461538461539,14.42307692307691,7.6923076923077,34.78260869565219,4.347826086956527,,14361.0,196.52,0.0,0.2,0.6,0.2,0.0,ED
1021,Ars-sur-Formans,ED,141.0,297.0,86.0,355.0,2.7565144045988226,298.461712722311,934.143069362357,280.395217915332,58.85121930534745,37.64700719508722,26430.0,14361.0,324.28,75.0,0.6,0.4,0.0,0.0,C
1022,Artemare,ED,135.0,191.0,62.0,286.0,5.540540540540541,152.0,652.0,337.0,38.16793893129771,21.04689203925845,22000.0,14361.0,8.48,90.0,0.0,1.0,0.0,0.0,ED
1023,Asnières-sur-Saône,ED,8.0,9.0,5.0,31.0,15.070821529745052,13.1710526315789,49.6447368421051,14.1842105263158,33.92857142857145,23.214285714285733,,14361.0,716.14,5.0,0.4,0.6,0.0,0.0,ED
1024,Attignat,ED,377.0,678.0,157.0,718.0,1.144588027785487,668.208511535465,2055.5911356894912,648.200352775044,49.46977988221873,30.578574808234983,24460.0,14361.0,563.14,195.0,0.6,0.4,0.0,0.0,C
1025,Bâgé-la-Ville,C,450.0,842.0,213.0,841.0,1.4458189325760524,840.920284640171,2532.0104832614143,684.069232098415,45.763719806624046,27.001446538623764,,14361.0,5288.67,195.0,0.8,0.2,0.0,0.0,C
1026,Bâgé-le-Châtel,C,71.0,204.0,28.0,167.0,1.7319494624631546,174.696057240758,559.902542358237,252.401400401002,36.08265233701055,20.01849085478372,22860.0,14361.0,,45.0,0.0,1.0,0.0,0.0,ED
1027,Balan,ED,177.0,360.0,69.0,426.0,1.2830351443678347,509.293261958945,2078.293526356448,290.413211684607,50.086267369483984,25.25917665830839,25770.0,14361.0,770.62,100.0,0.2,0.8,0.0,0.0,ED
1028,Baneins,ED,57.0,99.0,37.0,155.0,2.5846347018010736,150.000048717542,358.20608913359405,109.793862148864,42.12335559606481,22.8090657900812,25520.0,14361.0,407.28,35.0,0.2,0.8,0.0,0.0,ED
1029,Beaupont,ED,54.0,112.0,36.0,159.0,6.240297790040242,121.956906008513,468.038220787969,127.004873203518,40.06369161278703,21.347549470386927,21350.0,14361.0,1018.63,50.0,0.0,1.0,0.0,0.0,ED
1030,Beauregard,ED,92.0,136.0,38.0,161.0,1.8062276205941856,151.514815220642,538.8062654581531,135.678919321206,44.74462838510889,23.485253561220286,24240.0,14361.0,,65.0,0.0,1.0,0.0,0.0,ED
1031,Bellignat,ED,350.0,400.0,85.0,457.0,1.573660934291907,623.65395832236,2216.1762016152416,741.169840062398,40.32346934118777,23.11035982168456,20550.0,14361.0,,330.0,0.0,0.8,0.2,0.0,ED
1032,Béligneux,ED,365.0,465.0,103.0,625.0,1.4068770610656447,842.783088660498,2107.886038242228,533.330873097274,55.58356379335662,32.56846088574182,23060.0,14361.0,291.99,220.0,0.4,0.6,0.0,0.0,ED
1033,Bellegarde-sur-Valserine,G,2079.0,1885.0,450.0,2035.0,2.8957057082918656,3057.086021060549,10340.451785053016,2764.4621938864348,43.98631888868052,26.17043403107988,,14361.0,1509.78,,0.8,0.0,0.2,0.0,C
1034,Belley,ED,1187.0,1347.0,328.0,1379.0,3.0245387102910404,1529.0,5303.0,2438.0,41.642063826796,24.7574862927035,21180.0,14361.0,642.57,720.0,0.6,0.4,0.0,0.0,C
1035,Belleydoux,C,60.0,69.0,27.0,60.0,29.897658005297743,52.1752035465906,195.0856891542382,58.7391072991712,53.90159389803617,35.83893854146935,26160.0,14361.0,294.1,15.0,0.8,0.0,0.2,0.0,C
1036,Belmont-Luthézieu,C,238.0,298.0,89.0,246.0,31.739572736520856,211.0,757.0,382.0,56.44859813084112,35.700934579439256,,14361.0,1852.45,80.0,0.8,0.0,0.2,0.0,C
1037,Bénonces,ED,38.0,51.0,26.0,64.0,19.680851063829788,55.0,191.0,65.0,51.45228215767634,29.04564315352697,21770.0,14361.0,604.19,20.0,0.4,0.6,0.0,0.0,ED
1038,Bény,C,102.0,175.0,57.0,164.0,4.878048780487805,135.0,465.0,169.0,49.391304347826086,29.043478260869566,24250.0,14361.0,895.64,35.0,0.4,0.6,0.0,0.0,ED
1039,Béon,ED,63.0,90.0,19.0,93.0,,,,,,,22130.0,14361.0,,,0.4,0.6,0.0,0.0,ED
1040,Béréziat,ED,51.0,100.0,17.0,118.0,4.563702421262607,98.7151108528224,306.3143553124977,75.9705338346788,44.45428153515476,21.19721048305507,23440.0,14361.0,1055.22,10.0,0.0,1.0,0.0,0.0,ED
1041,Bettant,ED,123.0,136.0,25.0,145.0,3.168983193118798,133.76585268786,480.77623285541193,147.457914456727,51.03968156731693,34.285638649102815,25150.0,14361.0,0.0,60.0,0.4,0.6,0.0,0.0,ED
1042,Bey,C,42.0,90.0,15.0,57.0,2.8368794326241136,53.0,184.0,53.0,50.69124423963134,28.11059907834101,25520.0,14361.0,255.67,5.0,0.4,0.6,0.0,0.0,ED
1043,Beynost,C,626.0,1220.0,201.0,844.0,1.1723735668245714,946.498625335773,3067.6481046426734,921.853270021534,59.08129907030245,42.50394567372399,28730.0,14361.0,755.38,315.0,1.0,0.0,0.0,0.0,C
1044,Billiat,ED,82.0,91.0,23.0,127.0,7.781970245024818,141.100460895767,406.50558421625897,121.393954887974,50.23867954314052,30.399415032332644,28550.0,14361.0,700.0,50.0,0.0,1.0,0.0,0.0,ED
1045,Birieux,ED,13.0,61.0,10.0,87.0,7.760588426404247,58.9762621477605,182.6505286960902,38.3732091561493,61.84656161091999,40.91501636743037,28180.0,14361.0,690.87,10.0,0.2,0.8,0.0,0.0,ED
1046,Biziat,ED,74.0,178.0,36.0,223.0,3.0992628317328608,183.750501111668,576.608642810256,136.640856078077,49.52695814136721,27.78058882690893,24260.0,14361.0,1283.95,45.0,0.2,0.8,0.0,0.0,ED
1047,Blyes,ED,120.0,228.0,54.0,296.0,2.549664607611375,325.153379687738,900.202480523455,125.644139788807,61.22613264830608,39.76623031885103,27110.0,14361.0,387.97,70.0,0.6,0.4,0.0,0.0,C
1049,La Boisse,C,416.0,651.0,125.0,611.0,1.1809643118185715,732.874210213182,2130.536569486409,537.589220300409,51.763845244908026,33.955352868332184,26780.0,14361.0,390.54,190.0,1.0,0.0,0.0,0.0,C
1050,Boissey,ED,34.0,64.0,16.0,91.0,9.370803546055969,105.332360364307,235.7050272222004,48.9626124134927,43.10635828916272,18.800162631765826,23180.0,14361.0,710.55,15.0,0.2,0.8,0.0,0.0,ED
1051,Bolozon,G,25.0,14.0,4.0,22.0,35.59449335629458,17.3009708737864,55.747572815534,25.9514563106796,51.21951219512199,29.26829268292688,,14361.0,,10.0,0.4,0.4,0.2,0.0,C
1052,Bouligneux,ED,26.0,80.0,22.0,97.0,5.980282602261546,54.1700251757438,184.42882244573337,84.4011523785228,55.07028018704735,35.77556740020798,27630.0,14361.0,857.54,5.0,0.2,0.8,0.0,0.0,ED
1053,Bourg-en-Bresse,C,5057.0,5745.0,1165.0,4025.0,2.377600081823763,6825.733349613748,25629.08075225209,9610.18589813415,46.027566684124295,28.594957830584715,20210.0,14361.0,277.2,,0.8,0.0,0.2,0.0,C
1054,Bourg-Saint-Christophe,ED,187.0,311.0,67.0,339.0,1.464143117606404,352.12909691569,976.3715940208888,211.499309063421,64.37837894890542,43.73119982076812,27320.0,14361.0,526.53,55.0,0.8,0.2,0.0,0.0,C
1056,Boyeux-Saint-Jérôme,ED,56.0,75.0,29.0,99.0,21.5216791993848,71.9548130518123,202.2087341910037,87.836452757184,52.22965698286789,32.74996981382552,21640.0,14361.0,371.22,15.0,0.2,0.6,0.2,0.0,ED
1057,Boz,ED,75.0,89.0,18.0,128.0,5.57725278989025,111.170709283413,314.176749841506,83.652540875081,42.03407770589011,24.97671676778025,24300.0,14361.0,432.04,35.0,0.4,0.6,0.0,0.0,ED
1058,Brégnier-Cordon,ED,128.0,159.0,30.0,162.0,6.779219099305125,154.098223889964,481.3183704224449,176.58340568759,46.44089678819215,24.747956486233363,23420.0,14361.0,4.47,55.0,0.2,0.6,0.2,0.0,ED
1059,Brénaz,,,,,,,,,,,,,14361.0,,,0.2,0.6,0.2,0.0,ED
1060,Brénod,C,72.0,148.0,29.0,102.0,24.81207328147171,90.3327603206096,311.06777925980134,145.599460419589,50.46338143821918,31.60206785049544,24970.0,14361.0,555.54,25.0,0.6,0.2,0.2,0.0,C
1061,Brens,ED,156.0,255.0,71.0,277.0,6.550672994674442,186.955978229951,686.647107201261,243.396914568788,47.645583195836615,26.42848605558224,25110.0,14361.0,474.68,50.0,0.2,0.8,0.0,0.0,ED
1062,Bressolles,C,95.0,269.0,60.0,162.0,2.7077622137408923,209.265497755897,624.885746790107,168.848755453996,65.04346445017696,45.73962941092616,28710.0,14361.0,395.7,60.0,0.8,0.2,0.0,0.0,C
1063,Brion,C,61.0,121.0,31.0,118.0,1.3986013986013983,100.0,339.0,152.0,46.04966139954853,27.99097065462754,25400.0,14361.0,7.4,35.0,0.2,0.8,0.0,0.0,ED
1064,Briord,ED,119.0,137.0,35.0,302.0,7.862574354605785,241.290910238997,736.421827757709,124.287262003294,36.78526331683047,18.866435363028973,23440.0,14361.0,315.14,60.0,0.0,1.0,0.0,0.0,ED
1065,Buellas,C,205.0,466.0,96.0,394.0,1.0063648074557774,354.36170932576,1137.209206429484,392.429084244756,54.17011877483786,34.43608531472741,26810.0,14361.0,859.26,95.0,0.2,0.8,0.0,0.0,ED
1066,La Burbanche,G,25.0,17.0,6.0,23.0,54.04286324219696,19.6179775280899,61.03370786516871,16.3483146067416,33.84615384615384,21.538461538461537,,14361.0,193.12,10.0,0.2,0.2,0.4,0.2,G
1067,Ceignes,ED,27.0,56.0,13.0,63.0,8.464838221456473,50.1503686984257,188.9369635404272,23.9126677611482,44.86642004298686,31.42425863515853,25900.0,14361.0,150.13,15.0,0.2,0.8,0.0,0.0,ED
1068,Cerdon,ED,79.0,97.0,42.0,203.0,12.037653484490512,116.928076139881,456.369766083368,181.702157776751,39.19921767614396,22.32917089030079,21410.0,14361.0,56.8,55.0,0.0,1.0,0.0,0.0,ED
1069,Certines,ED,196.0,290.0,73.0,357.0,1.6016647781885982,281.416987218648,948.676348826936,287.906663954416,52.11336271144685,32.60961769880845,25570.0,14361.0,646.27,90.0,0.6,0.4,0.0,0.0,C
1071,Cessy,C,389.0,1046.0,206.0,563.0,4.390914922731636,1253.25435632734,3737.4359340002848,579.309709672375,67.82092558208662,50.80558624403941,42540.0,14361.0,270.71,370.0,1.0,0.0,0.0,0.0,C
1072,Ceyzériat,C,423.0,743.0,166.0,531.0,2.6528664924256025,605.630172844818,1944.244652227928,756.125174927254,57.166796026094616,38.2161349039588,25320.0,14361.0,70.39,170.0,0.8,0.2,0.0,0.0,C
1073,Ceyzérieu,C,207.0,231.0,43.0,231.0,13.951758564881306,155.66434539906,575.927579086198,296.408075514742,55.89277270544828,34.86739284753344,25250.0,14361.0,443.31,55.0,0.4,0.6,0.0,0.0,ED
1074,Chalamont,ED,216.0,425.0,98.0,605.0,2.4166666666666665,509.0,1536.0,499.0,45.02955400322407,25.52391187533584,23720.0,14361.0,2236.57,125.0,0.2,0.8,0.0,0.0,ED
1075,Chaleins,C,149.0,288.0,47.0,277.0,1.3655143380183468,291.512821407718,949.458065404614,195.029113187668,46.82394173999877,27.5826590887543,24890.0,14361.0,1395.95,90.0,0.6,0.4,0.0,0.0,C
1076,Chaley,ED,21.0,23.0,10.0,29.0,35.350186068033615,9.84496124031008,76.79069767441862,40.3643410852713,33.04347826086952,19.130434782608685,21070.0,14361.0,,10.0,0.2,0.6,0.2,0.0,ED
1077,Challes-la-Montagne,ED,24.0,41.0,10.0,43.0,13.86861313868613,34.0,95.0,56.0,53.57142857142857,35.0,24620.0,14361.0,483.85,15.0,0.2,0.8,0.0,0.0,ED
1078,Challex,C,128.0,275.0,53.0,156.0,9.235199376167753,337.670234732659,1004.564628883448,285.765136383893,59.31635333037257,40.07549635744613,44460.0,14361.0,562.39,70.0,1.0,0.0,0.0,0.0,C
1079,Champagne-en-Valromey,C,122.0,144.0,45.0,105.0,15.57771538835285,157.288521845223,406.481444404137,262.230033750641,38.36874445410483,26.541657100438577,22770.0,14361.0,2265.11,35.0,0.4,0.6,0.0,0.0,ED
1080,Champdor-Corcelles,ED,107.0,127.0,32.0,139.0,22.83841551813724,130.319758130701,380.1792780037141,144.500963865585,46.326809996637685,25.849318172834003,23720.0,14361.0,1116.72,30.0,0.4,0.4,0.2,0.0,C
1081,Champfromier,ED,101.0,133.0,29.0,143.0,13.433351921817865,115.818995367418,441.170726740386,152.010277892195,50.2657426603183,27.788105589539068,27400.0,14361.0,244.58,45.0,0.2,0.8,0.0,0.0,ED
1082,Chanay,ED,76.0,85.0,22.0,93.0,11.424142022383872,136.591507471689,365.3108398609121,93.0976526673979,51.12601630791499,31.23327445307984,27880.0,14361.0,497.4,35.0,0.2,0.8,0.0,0.0,ED
1083,Chaneins,ED,86.0,186.0,46.0,292.0,2.7210884353741496,219.0,674.0,148.0,49.86595174262735,27.882037533512065,25580.0,14361.0,572.44,50.0,0.2,0.8,0.0,0.0,ED
1084,Chanoz-Châtenay,ED,78.0,179.0,52.0,206.0,3.9267653369654014,239.673047837543,557.667940760861,145.659011401596,47.87504076722118,29.47850911095833,24050.0,14361.0,700.32,45.0,0.6,0.4,0.0,0.0,C
1085,La Chapelle-du-Châtelard,ED,33.0,78.0,20.0,111.0,1.1111111111111112,76.0,245.0,70.0,55.2901023890785,32.42320819112628,26330.0,14361.0,1248.83,15.0,0.4,0.6,0.0,0.0,ED
1087,Charix,C,44.0,64.0,15.0,48.0,14.790704993283772,46.0775115015304,175.0631376459466,58.859350852523,56.28509744691458,38.29770937712304,27320.0,14361.0,179.52,10.0,1.0,0.0,0.0,0.0,C
1088,Charnoz-sur-Ain,ED,95.0,182.0,48.0,307.0,6.306799300435195,162.629946227869,630.8519482716249,131.518105500506,61.99119081575024,42.63007763235824,28140.0,14361.0,755.05,55.0,0.4,0.6,0.0,0.0,ED
1089,Château-Gaillard,ED,246.0,364.0,92.0,494.0,2.2873753900769604,582.394294996667,1519.863710924014,305.741994079319,47.52079059521405,27.74307972355467,25170.0,14361.0,1155.02,150.0,0.2,0.8,0.0,0.0,ED
1090,Châtenay,ED,39.0,77.0,19.0,81.0,5.32882944263336,75.8078587702654,201.3035323317345,80.8886088980001,47.9375532344477,28.52853523613429,24090.0,14361.0,902.74,15.0,0.6,0.4,0.0,0.0,C
1091,Châtillon-en-Michaille,,,,,,,,,,,,,14361.0,,,0.2,0.6,0.2,0.0,ED
1092,Châtillon-la-Palud,ED,241.0,302.0,77.0,391.0,6.319833169619862,353.955646060789,1030.11573556046,290.928618378751,50.54028750946292,30.38313279375075,25470.0,14361.0,313.71,85.0,0.2,0.8,0.0,0.0,ED
1093,Châtillon-sur-Chalaronne,C,440.0,1041.0,254.0,1022.0,2.270042864903969,755.093332375733,2897.583050814047,1501.32361681022,44.59374301646497,26.86043622091271,23430.0,14361.0,901.8,310.0,0.0,0.8,0.2,0.0,ED
1094,Chavannes-sur-Reyssouze,ED,60.0,143.0,34.0,195.0,6.462144387516817,122.913356142723,480.27323604063497,142.813407816641,44.9062746924246,24.02974545262919,23460.0,14361.0,1239.26,50.0,0.4,0.6,0.0,0.0,ED
1095,Nivigne et Suran,ED,135.0,135.0,45.0,164.0,11.704312114989731,135.0,507.0,180.0,48.49445324881141,29.4770206022187,23260.0,14361.0,924.98,80.0,0.2,0.8,0.0,0.0,ED
1096,Chaveyriat,ED,106.0,195.0,45.0,258.0,3.619864741599116,227.520182224261,650.5648510822559,178.914966693483,48.50271458947628,27.97684909183951,23940.0,14361.0,1325.42,55.0,0.4,0.6,0.0,0.0,ED
1097,Chavornay,,,,,,,,,,,,,14361.0,,,0.2,0.6,0.2,0.0,ED
1098,Chazey-Bons,ED,133.0,198.0,39.0,224.0,6.120227532025887,230.296118277056,685.7828227159071,248.921059007037,43.266946967626765,25.12837675836149,22520.0,14361.0,511.24,75.0,0.0,1.0,0.0,0.0,ED
1099,Chazey-sur-Ain,ED,184.0,339.0,73.0,380.0,3.302318880992124,303.341387853648,1037.034482533036,272.624129613316,52.157033676777786,30.31444111700886,26780.0,14361.0,1485.29,80.0,0.6,0.4,0.0,0.0,C
1100,Cheignieu-la-Balme,ED,23.0,31.0,7.0,37.0,22.914715732493672,17.8625954198473,64.50381679389321,47.6335877862595,39.0909090909092,18.181818181818223,21090.0,20206.0,97.61,5.0,0.2,0.8,0.0,0.0,ED
1101,Chevillard,ED,28.0,35.0,13.0,43.0,12.726041130408886,26.4671052631579,97.0460526315789,25.4868421052632,63.33333333333364,44.16666666666686,26800.0,20206.0,268.12,10.0,0.6,0.4,0.0,0.0,C
1102,Chevroux,ED,70.0,146.0,49.0,249.0,4.300783057310146,192.051756835192,626.0514691586641,162.896774006145,47.71783679460616,25.612417717974907,23750.0,20206.0,1562.99,50.0,0.6,0.4,0.0,0.0,C
1103,Chevry,C,140.0,362.0,75.0,210.0,3.692806587631016,562.266167270039,1548.559005073175,190.174827656786,62.40262101491824,48.12271970473065,44010.0,20206.0,533.94,105.0,1.0,0.0,0.0,0.0,C
1104,Chézery-Forens,C,73.0,105.0,21.0,84.0,34.5959595959596,73.0,278.0,85.0,55.48961424332344,33.82789317507419,25230.0,20206.0,669.55,40.0,0.4,0.0,0.6,0.0,G
1105,Civrieux,C,189.0,433.0,76.0,426.0,2.6528296019651703,435.935839459228,1304.035481173393,246.028679367379,59.58214881546289,40.59944448259839,28920.0,20206.0,1102.78,100.0,0.8,0.2,0.0,0.0,C
1106,Cize,ED,28.0,33.0,7.0,36.0,14.554535950749218,36.1731843575419,99.72067039106147,39.1061452513966,36.56716417910442,21.64179104477611,23440.0,20206.0,162.91,10.0,0.0,1.0,0.0,0.0,ED
1107,Cleyzieu,ED,23.0,24.0,8.0,35.0,19.607843137254903,31.0,81.0,32.0,51.886792452830186,36.79245283018868,22370.0,20206.0,98.55,5.0,0.0,0.8,0.2,0.0,ED
1108,Coligny,ED,160.0,188.0,61.0,300.0,7.8833453654086,223.147200432319,682.8243196626279,388.028479905053,46.345060718447975,26.917168729535323,23750.0,20206.0,494.02,75.0,0.0,1.0,0.0,0.0,ED
1109,Collonges,C,214.0,334.0,73.0,299.0,3.9278526883026577,531.117878839128,1508.951999536925,219.930121623947,52.20866739451257,33.44778025919363,33820.0,20206.0,765.83,140.0,1.0,0.0,0.0,0.0,C
1110,Colomieu,G,35.0,24.0,7.0,32.0,16.19153058400224,27.3333333333333,101.97435897435898,34.6923076923077,39.83739837398371,24.39024390243901,20800.0,20206.0,65.8,10.0,0.0,0.6,0.4,0.0,ED
1111,Conand,C,27.0,28.0,3.0,23.0,42.25529483880942,28.8484848484848,78.3030303030304,28.8484848484848,52.04081632653062,24.48979591836737,,20206.0,,10.0,0.4,0.6,0.0,0.0,ED
1112,Condamine,ED,49.0,67.0,24.0,97.0,6.117328563449913,109.033123359104,318.5327460184593,49.4341306224367,52.66485420173292,33.314111784844194,,20206.0,113.77,25.0,0.2,0.6,0.2,0.0,ED
1113,Condeissiat,C,68.0,190.0,36.0,170.0,2.829001920503131,173.546195165818,507.1078623554549,134.345942478727,47.03059170827592,26.649565971060102,,20206.0,1998.05,50.0,0.2,0.8,0.0,0.0,ED
1114,Confort,ED,76.0,109.0,25.0,114.0,9.113856196398991,138.601578971124,354.399259054394,182.999161974483,55.98824145423807,33.18148510779798,30140.0,20206.0,153.13,35.0,0.8,0.2,0.0,0.0,C
1115,Confrançon,ED,128.0,254.0,57.0,296.0,2.6856240126382307,290.0,884.0,183.0,52.24032586558045,29.124236252545828,24350.0,20206.0,996.56,95.0,0.0,1.0,0.0,0.0,ED
1116,Contrevoz,ED,86.0,97.0,22.0,115.0,17.528387664904617,99.1144008295785,264.53037971181254,125.355219458609,43.34909754054827,21.32060664510874,23210.0,20206.0,446.33,30.0,0.2,0.8,0.0,0.0,ED
1117,Conzieu,ED,20.0,32.0,1.0,35.0,27.10739931314393,44.1059602649007,79.3907284768212,24.5033112582781,48.03921568627447,35.29411764705881,22900.0,20206.0,,10.0,0.2,0.4,0.4,0.0,ED
1118,Corbonod,ED,149.0,210.0,52.0,228.0,17.185531021238454,228.640873000826,812.0046455130059,274.354481486168,43.18006671460639,25.33355667956579,27120.0,20206.0,823.86,70.0,0.0,1.0,0.0,0.0,ED
1121,Corlier,C,15.0,29.0,3.0,24.0,21.0142385170892,21.1826086956521,75.6521739130436,19.1652173913043,45.65217391304349,22.826086956521745,24470.0,20206.0,267.98,5.0,0.4,0.4,0.2,0.0,C
1122,Cormaranche-en-Bugey,,,,,,,,,,,,,20206.0,,,0.2,0.4,0.4,0.0,ED
1123,Cormoranche-sur-Saône,C,118.0,273.0,56.0,271.0,2.713178294573644,229.0,691.0,245.0,46.15384615384615,30.186480186480185,25480.0,20206.0,332.35,60.0,0.2,0.8,0.0,0.0,ED
1124,Cormoz,ED,54.0,129.0,29.0,159.0,8.46193253703557,134.633010035659,423.2904238874779,146.076566076862,43.00946410053921,21.026544805939007,23440.0,20206.0,782.71,50.0,0.2,0.8,0.0,0.0,ED
1125,Corveissiat,ED,87.0,109.0,24.0,133.0,12.980667291503275,111.946198383316,365.489532014763,109.564269601922,42.85104419311137,23.82186930925901,24010.0,20206.0,955.3,45.0,0.2,0.6,0.2,0.0,ED
1127,Courmangoux,ED,82.0,103.0,27.0,106.0,15.504433062598736,83.2002358363585,298.7519482562255,131.047815907416,51.58019154931486,32.62923807778504,24080.0,20206.0,424.54,30.0,0.2,0.8,0.0,0.0,ED
1128,Courtes,ED,31.0,44.0,8.0,76.0,3.8425611496611536,55.6094962470557,172.8345910685805,64.5559126843628,38.24992435407128,19.36574669904737,22520.0,20206.0,596.67,25.0,0.2,0.8,0.0,0.0,ED
1129,Crans,ED,35.0,61.0,17.0,82.0,2.2387425649956683,75.8268546807314,172.5300451072363,67.6431002120323,44.360448991137794,31.100856289308048,26820.0,20206.0,232.57,15.0,0.2,0.8,0.0,0.0,ED
1130,Cras-sur-Reyssouze,ED,220.0,452.0,129.0,540.0,1.673228346456693,516.0,1494.0,383.0,48.89406286379512,26.658905704307333,,20206.0,1470.37,130.0,0.4,0.6,0.0,0.0,ED
1133,Cressin-Rochefort,ED,73.0,82.0,25.0,94.0,12.772993692532264,59.1820969038614,238.5872769621132,86.2306261340254,43.43263123144994,24.54919220412649,23660.0,20206.0,363.22,25.0,0.2,0.6,0.2,0.0,ED
1134,Crottet,ED,169.0,401.0,76.0,424.0,1.1320754716981132,336.0,1119.0,389.0,45.32374100719424,26.546762589928058,24310.0,20206.0,241.43,95.0,0.2,0.8,0.0,0.0,ED
1135,Crozet,C,185.0,400.0,79.0,280.0,6.161760272445877,546.524356915017,1542.731250770223,264.74439231476,69.07907781532275,52.406248770349706,44040.0,20206.0,153.0,120.0,1.0,0.0,0.0,0.0,C
1136,Cruzilles-lès-Mépillat,ED,87.0,200.0,35.0,235.0,3.572167840346512,190.651297415548,607.9330234887719,152.415679095679,45.96973364158967,27.16942806190436,25850.0,20206.0,566.21,55.0,0.2,0.8,0.0,0.0,ED
1138,Culoz,ED,376.0,356.0,81.0,556.0,5.708598435327468,676.313579669329,2024.4284711160108,715.25794921466,33.68944713778923,18.12283893671343,21560.0,20206.0,424.56,285.0,0.0,1.0,0.0,0.0,ED
1139,Curciat-Dongalon,ED,36.0,82.0,25.0,109.0,9.451763859079506,82.415590591045,254.24786152070905,125.336547888246,41.47079471431845,18.63134609193217,19790.0,20206.0,2163.61,30.0,0.2,0.8,0.0,0.0,ED
1140,Curtafond,ED,100.0,161.0,38.0,180.0,1.586643024308713,157.208604685238,478.056454550079,169.734940764683,48.9333837571852,30.81109254207601,,20206.0,1029.99,40.0,0.4,0.6,0.0,0.0,ED
1141,Cuzieu,C,65.0,110.0,23.0,88.0,7.943925233644859,62.0,254.0,107.0,52.71084337349398,32.53012048192771,25670.0,20206.0,171.3,20.0,0.4,0.6,0.0,0.0,ED
1142,Dagneux,ED,570.0,858.0,162.0,884.0,0.8333333333333334,1004.0,2998.0,739.0,52.27817745803357,33.543165467625904,25320.0,20206.0,387.74,305.0,0.8,0.2,0.0,0.0,C
1143,Divonne-les-Bains,C,650.0,2453.0,432.0,1044.0,20.09389582527582,2137.112693326617,6381.4886013226605,1781.398705350722,72.26761565737598,55.88037636228875,46650.0,20206.0,663.23,710.0,1.0,0.0,0.0,0.0,C
1144,Dommartin,,,,,,,,,,,,29800.0,20206.0,,,0.0,1.0,0.0,0.0,ED
1145,Dompierre-sur-Veyle,ED,115.0,230.0,44.0,312.0,5.944824934264672,220.480864683749,755.879651411746,248.639483904505,51.72746090532634,28.26822187453841,24100.0,20206.0,1558.3,85.0,0.4,0.6,0.0,0.0,ED
1146,Dompierre-sur-Chalaronne,ED,43.0,84.0,29.0,100.0,2.245684768138103,85.5598422745234,292.89762609153127,74.5425316339453,46.47727847093237,25.212482616131705,24550.0,20206.0,383.51,20.0,0.4,0.6,0.0,0.0,ED
1147,Domsure,ED,38.0,105.0,32.0,149.0,8.111144825821198,112.684729913765,318.781900502304,108.533369583931,44.755251920995,21.74295159595336,21490.0,20206.0,1384.23,30.0,0.0,1.0,0.0,0.0,ED
1148,Dortan,ED,191.0,333.0,86.0,428.0,2.9655370473275866,391.160503535648,1213.9692214423292,407.870275022023,42.4433831800765,25.05833015768273,23960.0,20206.0,238.38,110.0,0.0,1.0,0.0,0.0,ED
1149,Douvres,C,137.0,253.0,65.0,253.0,3.4548443830953826,203.685324816992,707.174763739715,197.139911443293,56.94637220793678,37.80457176317501,27910.0,20206.0,175.19,55.0,1.0,0.0,0.0,0.0,C
1150,Drom,G,58.0,38.0,8.0,41.0,12.888759656819794,41.1915887850467,145.677570093458,28.1308411214953,62.73291925465836,45.34161490683228,23580.0,20206.0,562.15,20.0,0.6,0.0,0.4,0.0,C
1151,Druillat,ED,125.0,257.0,55.0,304.0,7.565244779739675,195.32339384212,676.927779855149,271.748826302731,46.16971524867073,25.22395977963469,24570.0,20206.0,761.49,70.0,0.0,1.0,0.0,0.0,ED
1152,Echallon,C,118.0,181.0,39.0,162.0,14.34878587196468,122.0,510.0,142.0,57.71812080536913,39.26174496644296,,20206.0,134.51,50.0,0.4,0.0,0.6,0.0,G
1153,Echenevex,C,172.0,482.0,103.0,228.0,6.905990571299701,555.491159579958,1417.781747995942,253.7270924241,76.21480172388634,59.03126204603112,,20206.0,327.29,120.0,1.0,0.0,0.0,0.0,C
1154,Etrez,,,,,,,,,,,,,20206.0,,,0.2,0.4,0.4,0.0,ED
1155,Evosges,ED,19.0,30.0,7.0,50.0,22.574025212547763,22.1549295774649,89.6267605633801,31.218309859155,53.98230088495553,31.85840707964589,,20206.0,444.71,10.0,0.2,0.8,0.0,0.0,ED
1156,Faramans,ED,75.0,170.0,57.0,251.0,2.225182606408433,209.838214962284,544.599154483684,150.562630554032,54.15719340186482,32.97331402294128,26730.0,20206.0,711.13,35.0,0.2,0.8,0.0,0.0,ED
1157,Fareins,C,298.0,593.0,101.0,538.0,5.092186128182616,499.0,1508.0,517.0,56.13079019073569,37.05722070844686,27070.0,20206.0,371.69,120.0,1.0,0.0,0.0,0.0,C
1158,Farges,C,112.0,161.0,34.0,132.0,5.061771388657493,230.837701526668,705.0976551435369,129.064643329795,59.74524460312083,39.824275122777,37990.0,20206.0,,50.0,1.0,0.0,0.0,0.0,C
1159,Feillens,C,263.0,764.0,195.0,705.0,1.0062682606790612,613.453691053401,2075.859409823013,698.686899123586,41.07740196526983,23.975567394616583,24360.0,20206.0,272.34,165.0,0.6,0.4,0.0,0.0,C
1160,Ferney-Voltaire,C,979.0,1225.0,193.0,540.0,16.332721832338866,2254.423240537743,7843.842286162983,1431.734473299274,71.59827394078671,56.27435156646764,27220.0,20206.0,286.01,900.0,1.0,0.0,0.0,0.0,C
1162,Flaxieu,ED,16.0,23.0,13.0,34.0,28.683409533755327,10.8307692307692,39.3846153846154,13.7846153846154,47.82608695652174,34.78260869565218,,20206.0,51.86,5.0,0.6,0.4,0.0,0.0,C
1163,Foissiat,ED,170.0,432.0,118.0,485.0,2.5591890260003467,344.579687676193,1208.990084412961,470.430227910846,39.90835783703351,21.282965962037853,23810.0,20206.0,3326.81,95.0,0.2,0.8,0.0,0.0,ED
1165,Francheleins,ED,136.0,319.0,67.0,397.0,2.6947146059785285,364.235326719102,992.771558134428,235.99311514647,51.40716325487674,29.982962360382608,26140.0,20206.0,947.56,80.0,0.2,0.8,0.0,0.0,ED
1166,Frans,C,244.0,570.0,112.0,529.0,0.5660377358490566,505.0,1632.0,410.0,55.471698113207545,35.95687331536388,27060.0,20206.0,216.54,130.0,1.0,0.0,0.0,0.0,C
1167,Garnerans,ED,89.0,144.0,34.0,171.0,4.1029050007046415,122.645487824778,415.828700794925,146.525811380297,48.87188610362984,27.50933270885037,24530.0,20206.0,426.88,35.0,0.4,0.6,0.0,0.0,ED
1169,Genouilleux,ED,71.0,117.0,28.0,188.0,6.595840587058027,137.880424371135,436.4956466696101,100.623928959255,56.42564104740271,32.91218832537937,25500.0,20206.0,138.75,30.0,0.8,0.2,0.0,0.0,C
1170,Beard-Géovreissiat,ED,111.0,158.0,33.0,235.0,1.254341091985344,219.541531472845,712.256792706808,116.201675820347,45.63497935289428,25.815836307514445,,20206.0,85.01,70.0,0.4,0.6,0.0,0.0,ED
1171,Géovreisset,ED,93.0,130.0,29.0,165.0,0.9633457066573222,138.172733821542,528.948865287991,175.878400890466,47.07755911456451,26.94046813570024,25370.0,20206.0,,45.0,0.4,0.6,0.0,0.0,ED
1173,Gex,C,1137.0,2029.0,357.0,1155.0,5.939939401004737,2727.0130136005687,9371.055697845928,1356.931288553494,62.293538249546266,43.14375974275102,35280.0,20206.0,442.5,,1.0,0.0,0.0,0.0,C
1174,Giron,C,22.0,47.0,6.0,33.0,34.504883439081475,33.6136363636364,110.72727272727268,29.6590909090909,57.25190839694642,37.40458015267162,26560.0,20206.0,113.85,15.0,0.8,0.0,0.2,0.0,C
1175,Gorrevod,C,114.0,180.0,37.0,165.0,2.10996976137433,128.803974811288,483.529080333801,169.66694485491,39.05904759205885,20.132812867007267,22580.0,20206.0,260.59,50.0,0.2,0.8,0.0,0.0,ED
1177,Grand-Corent,G,57.0,39.0,3.0,35.0,16.423800368210532,30.4918032786885,103.6721311475411,51.8360655737704,53.956834532374096,35.97122302158275,,20206.0,175.64,10.0,0.2,0.6,0.2,0.0,ED
1179,Grièges,ED,189.0,410.0,114.0,437.0,2.112973671458781,316.067246321131,1141.45808463284,451.474669046029,40.91711327061285,23.750048926447327,24460.0,20206.0,572.77,95.0,0.0,1.0,0.0,0.0,ED
1180,Grilly,C,61.0,229.0,38.0,104.0,17.78496470946314,175.516477381085,538.021848817713,159.461673801202,76.38368114077595,61.28241120369267,55340.0,20206.0,336.7,45.0,1.0,0.0,0.0,0.0,C
1181,Groissiat,ED,136.0,247.0,77.0,268.0,1.492636866606556,203.23062195849,735.498354466333,277.271023575177,41.47251140559436,23.22236212368786,25220.0,20206.0,186.97,65.0,0.4,0.6,0.0,0.0,ED
1183,Guéreins,ED,130.0,298.0,82.0,337.0,2.1806853582554515,291.0,926.0,286.0,51.49863760217984,30.517711171662125,25240.0,20206.0,404.8,75.0,0.2,0.8,0.0,0.0,ED
1184,Hautecourt-Romanèche,ED,119.0,155.0,45.0,179.0,23.3675752573477,138.231613054582,453.396888230332,162.371498715085,48.0088134103451,27.68986917539601,24580.0,20206.0,800.42,50.0,0.2,0.4,0.4,0.0,ED
1185,Hauteville-Lompnes,C,627.0,766.0,205.0,730.0,11.05029079712624,647.0,2761.0,1382.0,45.88950568332012,29.659000793021413,,20206.0,2235.93,200.0,0.6,0.4,0.0,0.0,C
1186,Hostiaz,,,,,,,,,,,,,20206.0,,,0.2,0.4,0.4,0.0,ED
1187,Haut Valromey,C,119.0,179.0,59.0,136.0,37.91478957623837,75.7075078050735,366.49906146489343,160.793430730032,48.654095417252826,30.35721996674937,23000.0,20206.0,3748.02,45.0,1.0,0.0,0.0,0.0,C
1188,Illiat,ED,36.0,137.0,44.0,192.0,3.3599085275189533,171.322758238574,431.0702683458171,93.6069734156089,49.813771660898034,26.899114832732696,24070.0,20206.0,1842.79,25.0,0.2,0.8,0.0,0.0,ED
1189,Injoux-Génissiat,ED,134.0,191.0,46.0,215.0,8.109990133335863,233.798931709495,737.955773280699,151.245295009806,47.079637366868255,27.270456956285216,28040.0,20206.0,391.86,70.0,0.0,1.0,0.0,0.0,ED
1190,Innimond,ED,21.0,30.0,7.0,32.0,50.72015218115023,13.5578947368421,53.2631578947368,25.1789473684211,42.30769230769229,23.07692307692305,,20206.0,434.57,0.0,0.6,0.4,0.0,0.0,C
1191,Izenave,C,15.0,47.0,14.0,37.0,9.28267579915492,29.4444444444445,90.2962962962962,39.2592592592593,45.66929133858274,23.62204724409452,24140.0,20206.0,281.24,5.0,0.4,0.6,0.0,0.0,ED
1192,Izernore,ED,219.0,369.0,107.0,490.0,1.7335766423357664,448.0,1473.0,341.0,45.196374622356494,27.19033232628399,23500.0,20206.0,1090.78,150.0,0.0,1.0,0.0,0.0,ED
1193,Izieu,ED,27.0,50.0,15.0,68.0,14.053920361072528,29.7817792450116,132.32572405112032,60.8924967038681,44.10734092914894,27.38991945961453,23870.0,20206.0,133.8,15.0,0.2,0.8,0.0,0.0,ED
1194,Jassans-Riottier,C,741.0,1228.0,235.0,1099.0,0.5608137739047953,1109.732305153625,3792.38873297288,1412.878961873495,43.49058078116532,26.581542652240035,24030.0,20206.0,387.03,400.0,0.4,0.4,0.2,0.0,C
1195,Jasseron,C,231.0,440.0,111.0,322.0,3.1746031746031744,370.0,1078.0,452.0,54.96074232690936,36.83083511777302,25630.0,20206.0,595.31,105.0,0.2,0.8,0.0,0.0,ED
1196,Jayat,ED,88.0,219.0,57.0,317.0,4.137931034482759,260.0,815.0,201.0,45.869565217391305,25.543478260869566,23020.0,20206.0,760.34,65.0,0.0,1.0,0.0,0.0,ED
1197,Journans,C,72.0,91.0,16.0,60.0,12.25668071240341,69.8006954881813,219.3336986769725,94.8656058348462,65.11560620302362,46.96854099276574,25780.0,20206.0,58.27,15.0,0.6,0.4,0.0,0.0,C
1198,Joyeux,C,42.0,71.0,17.0,44.0,10.59410150178716,47.0719044551547,168.03959917793628,46.888496366909,62.84935479974485,45.55652297213437,25480.0,20206.0,941.15,15.0,1.0,0.0,0.0,0.0,C
1199,Jujurieux,ED,279.0,383.0,68.0,426.0,8.979526167435196,402.500576118009,1392.6611297534469,413.838294128544,49.994823423247695,30.968052990858425,23050.0,20206.0,193.09,155.0,0.2,0.8,0.0,0.0,ED
1200,Labalme,G,53.0,28.0,7.0,37.0,6.57939588311587,34.0425426447385,135.0868785537283,37.8705788015332,43.64081888795571,24.86609370001601,23480.0,8991.0,159.82,20.0,0.2,0.6,0.2,0.0,ED
1202,Lagnieu,ED,868.0,1241.0,322.0,1575.0,2.107790821771612,1320.0,4361.0,1640.0,44.618996027446734,26.23690863127483,23820.0,8991.0,1206.14,540.0,0.2,0.8,0.0,0.0,ED
1203,Laiz,C,144.0,276.0,54.0,261.0,0.1700680272108843,243.0,774.0,275.0,46.10591900311526,28.66043613707165,24820.0,8991.0,573.99,70.0,0.4,0.6,0.0,0.0,ED
1204,Le Poizat-Lalleyriat,ED,79.0,149.0,43.0,152.0,19.289543512016188,150.779980263241,469.359445469153,119.860574267606,56.72538146227912,36.29121353950258,25910.0,8991.0,618.06,40.0,0.4,0.6,0.0,0.0,ED
1205,Lancrans,,,,,,,,,,,,,8991.0,,,0.2,0.6,0.2,0.0,ED
1206,Lantenay,ED,41.0,56.0,9.0,69.0,12.52895245080956,42.0756439068526,167.9222192756947,55.0021368174527,50.41282385204363,35.63653116715456,24700.0,8991.0,88.43,10.0,0.0,0.8,0.2,0.0,ED
1207,Lapeyrouse,ED,30.0,64.0,16.0,114.0,5.284125691576937,75.0527067892073,220.28058301387588,41.6667101969168,66.28663625197268,42.2166116164427,27830.0,8991.0,985.65,10.0,0.4,0.6,0.0,0.0,ED
1208,Lavours,ED,21.0,29.0,6.0,34.0,14.46106943720168,19.4222222222222,76.6666666666668,41.911111111111,36.36363636363641,21.81818181818186,22170.0,8991.0,29.39,5.0,0.2,0.8,0.0,0.0,ED
1209,Léaz,C,98.0,144.0,25.0,123.0,5.833226465046901,236.486934620651,551.563186261522,98.949879117826,48.8832145928417,28.47630320926866,31670.0,8991.0,256.17,75.0,0.8,0.2,0.0,0.0,C
1210,Lélex,C,41.0,66.0,19.0,47.0,80.63781970678201,33.3670141092788,163.4996423879088,39.1333435028124,53.53533012115701,31.76912635181433,24020.0,8991.0,54.76,35.0,1.0,0.0,0.0,0.0,C
1211,Lent,ED,148.0,315.0,70.0,317.0,4.708264940289291,264.0454361593,915.2695500513072,279.685013789393,51.592629757487096,33.09085543210804,24780.0,8991.0,1671.39,90.0,0.6,0.4,0.0,0.0,C
1212,Lescheroux,ED,54.0,114.0,36.0,188.0,5.898624811800291,149.671335218308,431.74206090202006,138.586603879673,35.10962668347789,14.85320255934065,22570.0,8991.0,1406.49,35.0,0.0,1.0,0.0,0.0,ED
1213,Leyment,ED,175.0,212.0,42.0,352.0,2.792196504871304,299.793381591075,930.0835858738689,187.123032535056,49.58444804564743,30.8798374971634,24160.0,8991.0,515.6,90.0,0.4,0.6,0.0,0.0,ED
1214,Leyssard,C,27.0,32.0,8.0,32.0,21.10877988763709,27.3354037267082,103.26708074534142,32.3975155279504,57.03124999999979,36.71874999999984,26540.0,8991.0,,10.0,0.2,0.8,0.0,0.0,ED
1215,Lhôpital,C,17.0,36.0,5.0,35.0,21.104850099739185,18.2608695652174,95.36231884057968,26.3768115942029,49.54954954954967,27.927927927928,,8991.0,70.47,5.0,0.6,0.2,0.2,0.0,C
1216,Lhuis,ED,97.0,166.0,64.0,195.0,18.33976833976834,122.0,472.0,297.0,42.95774647887324,27.323943661971832,24130.0,8991.0,740.8,45.0,0.0,1.0,0.0,0.0,ED
1218,Lochieu,,,,,,,,,,,,,8991.0,,,0.2,0.6,0.2,0.0,ED
1219,Lompnas,ED,18.0,25.0,19.0,35.0,22.183068336260785,23.7073170731707,103.71951219512198,34.5731707317073,43.18181818181813,25.757575757575747,22500.0,8991.0,854.79,10.0,0.4,0.6,0.0,0.0,ED
1221,Lompnieu,,,,,,,,,,,,,8991.0,,,0.2,0.6,0.2,0.0,ED
1224,Loyettes,ED,315.0,489.0,91.0,649.0,2.0354612604080344,789.062575842167,2170.45871429746,508.478709860373,49.85048015531802,28.46363261320295,23420.0,8991.0,1679.06,225.0,0.4,0.6,0.0,0.0,ED
1225,Lurcy,ED,65.0,99.0,24.0,120.0,1.7142857142857144,72.0,247.0,85.0,59.74025974025974,41.55844155844156,28430.0,8991.0,405.13,15.0,0.6,0.4,0.0,0.0,C
1227,Magnieu,ED,101.0,129.0,36.0,173.0,17.334193478298324,117.591704497414,401.0454298352951,132.362865667291,45.025923646120845,28.77100632101637,25450.0,8991.0,544.39,40.0,0.4,0.4,0.2,0.0,C
1228,Maillat,ED,45.0,142.0,33.0,167.0,3.460691415410107,133.957080146546,441.735518987413,117.307400866042,46.284792379073,27.521047471648973,26830.0,8991.0,153.22,35.0,0.4,0.6,0.0,0.0,ED
1229,Malafretaz,ED,136.0,260.0,64.0,270.0,1.1465140650513488,230.676691574433,731.307256524396,273.016051901171,45.6065460647342,27.24531946730081,24580.0,8991.0,617.33,60.0,0.4,0.6,0.0,0.0,ED
1230,Mantenay-Montlin,ED,34.0,70.0,28.0,79.0,9.946996043017018,53.3039423689739,197.2978637397724,69.3981938912537,41.39987571513733,18.121453417126062,21030.0,8991.0,1038.58,30.0,0.0,1.0,0.0,0.0,ED
1231,Manziat,C,169.0,493.0,114.0,451.0,1.1655455673578503,346.784957435895,1137.955518308582,500.259524255523,47.58799923890852,28.090359261748173,25260.0,8991.0,328.89,85.0,0.6,0.4,0.0,0.0,C
1232,Marboz,ED,215.0,505.0,121.0,517.0,1.5398550724637683,379.0,1303.0,580.0,44.668587896253605,26.455331412103742,24540.0,8991.0,2042.37,95.0,0.2,0.8,0.0,0.0,ED
1233,Marchamp,ED,26.0,27.0,7.0,30.0,30.28621353412695,16.7518248175183,89.67153284671531,28.5766423357664,49.99999999999981,31.48148148148136,24140.0,8991.0,229.9,10.0,0.0,0.6,0.4,0.0,ED
1234,Marignieu,ED,23.0,36.0,8.0,62.0,6.4730290456431545,15.5266272189349,112.5680473372781,35.905325443787,39.56834532374107,23.741007194244663,23750.0,8991.0,29.41,5.0,0.0,0.8,0.2,0.0,ED
1235,Marlieux,ED,96.0,191.0,39.0,248.0,2.583958700021363,285.033050403243,706.541263062427,194.42568653433,47.587648490722536,25.66518796376689,22870.0,8991.0,919.56,65.0,0.2,0.8,0.0,0.0,ED
1236,Marsonnas,C,93.0,219.0,44.0,211.0,4.148686623369073,220.431075289447,621.808145688531,191.760779022022,46.83456393051857,27.56792175008789,24430.0,8991.0,1324.16,55.0,0.6,0.4,0.0,0.0,C
1237,Martignat,ED,200.0,256.0,58.0,335.0,2.679719662586112,336.919820046232,1048.2097966746542,281.870383279114,48.6892920470033,27.92985303474758,24590.0,8991.0,66.78,120.0,0.2,0.8,0.0,0.0,ED
1238,Massieux,C,345.0,593.0,144.0,569.0,1.0860960684277088,545.95903090898,1698.213995915058,488.826973175962,56.7775086537694,40.2244522653406,28590.0,8991.0,130.93,145.0,1.0,0.0,0.0,0.0,C
1239,Massignieu-de-Rives,ED,79.0,134.0,40.0,151.0,12.352941176470589,121.0,371.0,161.0,54.655870445344135,38.25910931174089,23900.0,8991.0,259.78,25.0,0.4,0.4,0.2,0.0,C
1240,Matafelon-Granges,ED,67.0,123.0,32.0,157.0,19.6029776674938,93.0,418.0,119.0,47.11729622266402,27.23658051689861,24660.0,8991.0,149.37,35.0,0.6,0.0,0.4,0.0,C
1241,Meillonnas,C,205.0,312.0,73.0,280.0,4.65862427167445,237.854972936286,844.898696945682,300.246330118032,50.00659256038029,31.841130505194283,26000.0,8991.0,893.05,70.0,0.4,0.6,0.0,0.0,ED
1242,Mérignat,G,42.0,29.0,8.0,14.0,17.759155091263835,23.2222222222223,90.7777777777786,19.0000000000001,63.54166666666647,40.624999999999886,20070.0,8991.0,35.9,20.0,0.2,0.4,0.4,0.0,ED
1243,Messimy-sur-Saône,C,140.0,311.0,72.0,267.0,6.809815937644437,240.974286412839,825.2416846663319,245.784028920829,53.65332803153535,36.09448236162444,27580.0,8991.0,287.12,70.0,0.8,0.2,0.0,0.0,C
1244,Meximieux,C,1094.0,1457.0,311.0,1274.0,2.246507370656498,1709.002887703909,5054.26651576889,1434.730596527201,50.340555725568905,32.414721300404906,24890.0,8991.0,127.21,510.0,0.8,0.2,0.0,0.0,C
1245,Bohas-Meyriat-Rignat,C,149.0,212.0,44.0,189.0,8.056096492164787,184.843565322146,564.247141578886,201.909293098968,58.257225282256464,39.31949374178012,25140.0,8991.0,707.63,50.0,0.4,0.4,0.2,0.0,C
1246,Mézériat,ED,237.0,421.0,94.0,435.0,1.0566762728146013,397.0,1293.0,489.0,43.33947206875384,24.92326580724371,23740.0,8991.0,681.38,130.0,0.4,0.6,0.0,0.0,ED
1247,Mijoux,C,29.0,77.0,26.0,43.0,78.52767634758204,53.3139147718616,198.0631889294916,45.6228962986468,62.45908849188388,38.593693622880544,31560.0,8991.0,63.95,35.0,1.0,0.0,0.0,0.0,C
1248,Mionnay,C,302.0,541.0,109.0,539.0,1.0942223622889162,410.062993708284,1563.498056908694,335.438949383022,58.67548022391448,41.25325476684309,29130.0,8991.0,1578.07,105.0,0.8,0.2,0.0,0.0,C
1249,Miribel,C,1293.0,2001.0,413.0,1552.0,0.8160183934232126,2312.736333712338,6429.539376968953,1707.72428931871,53.22495223384425,37.05191369089158,26720.0,8991.0,1764.83,625.0,0.8,0.2,0.0,0.0,C
1250,Misérieux,C,220.0,436.0,96.0,355.0,0.922266139657444,424.0,1268.0,318.0,57.08927231807952,37.65941485371343,27460.0,8991.0,466.6,80.0,0.2,0.8,0.0,0.0,ED
1252,Mogneneins,C,72.0,196.0,40.0,189.0,7.373274173929563,183.533280474394,500.062013030958,140.404706494648,48.23937560767431,31.277003812924605,26260.0,8991.0,481.97,40.0,0.6,0.4,0.0,0.0,C
1254,Montagnat,C,231.0,588.0,107.0,405.0,1.6211650250467458,448.074037083367,1281.428071146131,434.497891770502,62.21118014315753,41.44351655914752,27200.0,8991.0,333.53,100.0,0.8,0.2,0.0,0.0,C
1255,Montagnieu,ED,63.0,113.0,26.0,136.0,14.87642377538852,163.52531531048,401.0783457604071,119.396338929114,44.35338051468557,23.27489767572594,22080.0,8991.0,74.12,35.0,0.4,0.6,0.0,0.0,ED
1257,Montanges,C,51.0,85.0,19.0,73.0,17.623155300589723,63.0474074461741,227.45462452374835,57.4979680300786,47.28239737214008,26.3351955937703,30110.0,8991.0,387.45,15.0,0.6,0.4,0.0,0.0,C
1258,Montceaux,ED,107.0,254.0,61.0,310.0,0.992063492063492,240.0,748.0,214.0,54.668166479190106,33.74578177727784,27440.0,8991.0,815.42,45.0,0.0,1.0,0.0,0.0,ED
1259,Montcet,C,64.0,162.0,27.0,158.0,2.1442138180542885,151.255576016428,471.0318898073839,92.7125341761871,54.462254360415066,32.37570123788542,24810.0,8991.0,462.42,35.0,0.4,0.6,0.0,0.0,ED
1260,Le Montellier,ED,24.0,66.0,25.0,72.0,9.241439958899749,85.2896258354098,204.45756589786,39.2528082667302,60.514632599442166,36.72179944814291,28850.0,8991.0,1060.02,10.0,0.0,1.0,0.0,0.0,ED
1261,Monthieux,C,76.0,159.0,36.0,157.0,3.5250657106501126,145.956468822787,405.85069386164304,121.192837315571,60.71890648835704,41.39071013581755,28010.0,8991.0,333.37,35.0,0.8,0.2,0.0,0.0,C
1262,Montluel,C,929.0,1096.0,241.0,975.0,1.0432934846774913,1236.560480440754,4339.265737270667,1303.1737822885789,46.27308073998417,28.321893567481588,23590.0,8991.0,2537.65,540.0,0.4,0.6,0.0,0.0,ED
1263,Montmerle-sur-Saône,C,402.0,857.0,178.0,853.0,1.9306714762638968,679.143571009327,2254.257027908647,864.599401082036,49.49921770733621,31.579020506543863,25970.0,8991.0,16.05,205.0,1.0,0.0,0.0,0.0,C
1264,Montracol,ED,113.0,203.0,56.0,261.0,1.1523085606745824,190.755964731635,639.211105276132,178.032929992233,47.49609889622688,28.459567501698952,25180.0,8991.0,789.8,60.0,0.4,0.6,0.0,0.0,ED
1265,Montréal-la-Cluse,ED,375.0,459.0,133.0,525.0,2.220956719817768,675.0,2245.0,664.0,35.77878103837472,19.262603461249057,21010.0,8991.0,196.51,300.0,0.2,0.8,0.0,0.0,ED
1266,Montrevel-en-Bresse,ED,261.0,510.0,132.0,567.0,2.3897547020988825,365.288377175406,1462.062733837366,833.648888987228,41.75956544813508,22.73316049899629,22720.0,8991.0,736.16,160.0,0.2,0.8,0.0,0.0,ED
1267,Nurieux-Volognat,ED,112.0,187.0,64.0,230.0,4.273504273504273,144.0,610.0,219.0,45.67243675099867,27.030625832223706,25120.0,8991.0,716.98,55.0,0.2,0.8,0.0,0.0,ED
1268,Murs-et-Gélignieux,ED,12.0,62.0,18.0,69.0,14.053907324894444,45.2069572618205,131.32344539013812,62.4695973480404,36.21174161335349,26.96599962744856,24830.0,8991.0,110.54,10.0,0.0,1.0,0.0,0.0,ED
1269,Nantua,ED,326.0,345.0,67.0,360.0,3.7897484846387366,606.400199821483,2056.031824019466,768.567976159051,38.57649589475536,21.388981436072164,18370.0,8991.0,,340.0,0.0,1.0,0.0,0.0,ED
1272,Neuville-les-Dames,ED,150.0,300.0,76.0,336.0,2.713267990550882,248.185700596702,904.698514976975,387.115784426323,42.90412177350332,24.19230375131953,23200.0,8991.0,1594.96,80.0,0.4,0.6,0.0,0.0,ED
1273,Neuville-sur-Ain,ED,216.0,298.0,86.0,387.0,7.445589919816724,372.0,1096.0,330.0,45.909090909090914,26.28787878787879,23060.0,8991.0,712.16,110.0,0.0,1.0,0.0,0.0,ED
1274,Les Neyrolles,ED,73.0,83.0,17.0,109.0,3.1145624641906164,130.19921543329,392.17661282206006,100.62417174465,29.27283771833172,14.53965968059977,20810.0,8991.0,42.24,35.0,0.0,1.0,0.0,0.0,ED
1275,Neyron,C,277.0,636.0,140.0,461.0,1.255968111233583,439.239000540705,1534.583954740109,505.177044719186,65.79354302482963,48.41342200726008,30240.0,8991.0,150.7,115.0,1.0,0.0,0.0,0.0,C
1276,Niévroz,ED,179.0,310.0,84.0,411.0,1.865685356875564,349.685511105935,1059.6835106997491,238.630978194316,54.81233515077385,36.2699994531964,28000.0,8991.0,486.45,65.0,0.6,0.4,0.0,0.0,C
1277,Nivollet-Montgriffon,C,17.0,37.0,5.0,31.0,25.863804967628656,13.2222222222222,81.2222222222223,24.5555555555555,49.01960784313727,26.47058823529415,23550.0,8991.0,338.74,10.0,0.8,0.0,0.2,0.0,C
1279,Oncieu,ED,16.0,18.0,12.0,21.0,26.047321709807207,8.112676056338,43.6056338028167,20.281690140845,52.45901639344267,27.868852459016374,,8991.0,141.19,5.0,0.6,0.2,0.2,0.0,C
1280,Ordonnaz,C,17.0,40.0,15.0,37.0,30.28778469086031,26.1059602649007,80.251655629139,39.6423841059603,50.86206896551726,28.448275862069,23420.0,8991.0,535.65,5.0,0.6,0.2,0.2,0.0,C
1281,Ornex,C,379.0,701.0,119.0,300.0,5.176980637585137,1029.66177154613,3285.1039680798613,588.234260374009,71.64084494956533,55.89890082768503,37070.0,8991.0,230.74,300.0,1.0,0.0,0.0,0.0,C
1282,Outriaz,ED,35.0,49.0,14.0,50.0,10.686530101816384,47.1449487564641,154.2713625912859,56.58368865225,46.98366993262212,31.508285102810262,25470.0,8991.0,142.62,10.0,0.2,0.8,0.0,0.0,ED
1283,Oyonnax,G,2386.0,2114.0,500.0,2248.0,2.082283565739308,4701.665417183007,13472.10646844043,4204.22811437656,33.12533818244525,18.283443297961124,18340.0,8991.0,586.42,,0.2,0.2,0.6,0.0,G
1284,Ozan,ED,97.0,125.0,25.0,195.0,1.5817262917835129,131.87354699298,481.924197641244,107.202255365775,34.90609039522551,17.252323815639055,23270.0,8991.0,437.92,30.0,0.4,0.6,0.0,0.0,ED
1285,Parcieux,C,162.0,352.0,54.0,259.0,2.624542074550168,297.59086475426,817.80889420262,201.60024104312,65.8877946647351,49.1133697276123,29480.0,8991.0,243.05,50.0,1.0,0.0,0.0,0.0,C
1286,Parves et Nattages,C,202.0,230.0,38.0,175.0,8.498637442509118,159.510357811178,553.853620408232,229.636021780588,58.75406059902687,38.35370740505251,26600.0,8991.0,580.84,45.0,0.6,0.4,0.0,0.0,C
1288,Péron,C,250.0,481.0,79.0,299.0,6.508047585724283,647.0,1963.0,290.0,59.98043052837574,41.34050880626224,39700.0,8991.0,810.98,155.0,1.0,0.0,0.0,0.0,C
1289,Péronnas,C,860.0,1352.0,332.0,1003.0,1.7032427120864724,1027.0,3644.0,1766.0,48.30560690080098,29.944547134935306,24100.0,8991.0,548.42,410.0,0.8,0.2,0.0,0.0,C
1290,Pérouges,ED,168.0,289.0,83.0,320.0,3.7037037037037033,240.0,831.0,311.0,56.67627281460135,38.23246878001921,26770.0,8991.0,1316.86,85.0,0.6,0.4,0.0,0.0,C
1291,Perrex,C,72.0,223.0,49.0,196.0,3.774446873764789,150.337250251815,520.420504189013,190.242245559171,46.601414691755615,25.8425201874098,24000.0,8991.0,648.02,50.0,0.2,0.8,0.0,0.0,ED
1293,Peyriat,ED,22.0,35.0,9.0,51.0,9.982591524410838,24.5098039215686,90.1960784313726,35.2941176470588,53.333333333333535,33.33333333333345,24740.0,8991.0,287.78,5.0,0.4,0.6,0.0,0.0,ED
1294,Peyrieu,C,122.0,183.0,41.0,176.0,5.203619909502263,186.0,567.0,165.0,49.76152623211447,30.683624801271858,23600.0,8991.0,676.44,40.0,0.6,0.4,0.0,0.0,C
1295,Peyzieux-sur-Saône,ED,66.0,105.0,25.0,174.0,2.0,170.0,421.0,65.0,51.66297117516629,33.92461197339246,24570.0,8991.0,830.43,30.0,0.2,0.8,0.0,0.0,ED
1296,Pirajoux,ED,44.0,59.0,21.0,101.0,5.612244897959184,81.0,251.0,68.0,48.29931972789115,21.08843537414966,22920.0,8991.0,851.82,15.0,0.2,0.8,0.0,0.0,ED
1297,Pizay,ED,114.0,183.0,43.0,226.0,2.0402402680877,207.279655057762,595.9066594923431,118.813685449896,51.16567608526636,33.734095954552224,27060.0,8991.0,494.22,40.0,0.6,0.4,0.0,0.0,C
1298,Plagne,ED,13.0,38.0,4.0,40.0,24.99610903294712,36.5200000000001,90.7466666666675,38.7333333333334,51.3513513513516,35.1351351351353,29270.0,8991.0,236.41,5.0,0.6,0.4,0.0,0.0,C
1299,Le Plantay,ED,40.0,112.0,40.0,133.0,3.4815256599404507,120.148135200194,363.7173673473205,85.1344974524855,55.21999905162973,33.43741965345588,25540.0,8991.0,1399.82,15.0,0.4,0.6,0.0,0.0,ED
1301,Polliat,C,293.0,595.0,177.0,566.0,1.3991237434074206,493.907233877375,1565.093662128495,634.99910399413,50.4632451639896,30.56634333547895,25060.0,172200.0,966.09,130.0,0.4,0.6,0.0,0.0,ED
1302,Pollieu,C,33.0,42.0,15.0,27.0,14.355640224266686,22.2666666666666,98.1757575757577,46.5575757575757,42.753623188405776,23.913043478260825,24270.0,172200.0,3.55,5.0,0.8,0.2,0.0,0.0,C
1303,Poncin,ED,212.0,263.0,78.0,400.0,6.953979579590223,311.928542846976,1079.772672710003,374.298784443021,48.346832843974575,29.7061223351951,22280.0,172200.0,563.82,150.0,0.0,0.8,0.2,0.0,ED
1304,Pont-d'Ain,ED,345.0,417.0,106.0,521.0,4.059154345301796,542.630322992093,1738.99453661567,580.375140392237,42.961933292653086,23.61027212457361,22810.0,172200.0,294.96,240.0,0.4,0.6,0.0,0.0,ED
1305,Pont-de-Vaux,C,222.0,405.0,88.0,311.0,3.177110628341685,283.283856891101,1208.67267991965,692.043463189249,31.655376057764084,17.017058308531542,21070.0,172200.0,119.37,160.0,0.2,0.8,0.0,0.0,ED
1306,Pont-de-Veyle,ED,168.0,233.0,36.0,266.0,2.7228145430357364,228.79972227054,906.5778753069428,464.622402422517,40.40280307921199,22.954321521952075,21330.0,172200.0,228.22,95.0,0.0,1.0,0.0,0.0,ED
1307,Port,C,98.0,163.0,32.0,151.0,2.656839261296584,147.944892950571,508.217731055174,186.837375994254,34.88504262338829,20.65204964826022,22270.0,172200.0,,60.0,0.2,0.8,0.0,0.0,ED
1308,Pougny,C,74.0,114.0,19.0,76.0,13.446067069958069,145.436824648733,505.262109946548,141.30106540472,56.110678985879424,39.63247315207995,41270.0,172200.0,119.92,60.0,1.0,0.0,0.0,0.0,C
1309,Pouillat,ED,12.0,21.0,1.0,23.0,11.336145153589031,8.20779220779224,48.22077922077936,22.5714285714287,47.61904761904759,25.396825396825395,,172200.0,210.9,0.0,0.6,0.4,0.0,0.0,C
1310,Prémeyzel,ED,35.0,31.0,3.0,37.0,19.17808219178082,33.0,184.0,28.0,35.0,21.0,24070.0,172200.0,166.51,10.0,0.4,0.6,0.0,0.0,ED
1311,Prémillieu,ED,6.0,10.0,3.0,21.0,60.63534950812958,4.51923076923077,29.826923076923027,12.6538461538462,59.09090909090894,40.90909090909078,,172200.0,194.26,0.0,0.4,0.6,0.0,0.0,ED
1313,Prévessin-Moëns,C,655.0,1634.0,246.0,584.0,10.524125210839523,2177.82120859062,5997.710270632499,905.468520776891,73.79653027519427,58.04056362983876,44430.0,172200.0,413.32,540.0,1.0,0.0,0.0,0.0,C
1314,Priay,ED,204.0,300.0,70.0,435.0,6.0525244528478295,386.131807886767,1124.5148492339108,292.353342879322,54.05482704706422,31.674415408511347,25110.0,172200.0,486.32,120.0,0.4,0.6,0.0,0.0,ED
1317,Ramasse,ED,46.0,70.0,17.0,74.0,7.050661530278806,82.2408274414014,202.0366177694844,47.7225547891142,47.731247035018384,24.326972367285897,24270.0,172200.0,89.03,15.0,0.4,0.6,0.0,0.0,ED
1318,Rancé,ED,78.0,159.0,54.0,169.0,1.5267104855644908,156.542604049431,505.0741949015812,98.3832010489878,55.567541785285776,36.40348761496084,29400.0,172200.0,549.52,30.0,0.6,0.4,0.0,0.0,C
1319,Relevant,ED,41.0,106.0,21.0,116.0,5.766912788199192,95.4648347657974,288.957860205431,82.5773050287716,48.43300484007527,27.92749357540756,25090.0,172200.0,798.97,25.0,0.4,0.6,0.0,0.0,ED
1320,Replonges,C,354.0,880.0,206.0,774.0,1.0825155832618656,796.901362286486,2337.82711062317,794.271527090344,45.99898804486648,27.3388351056186,24890.0,172200.0,534.55,200.0,0.4,0.6,0.0,0.0,ED
1321,Revonnas,C,142.0,215.0,39.0,171.0,5.2003707253298685,174.420950311594,572.5412869049701,158.037762783436,64.17566795814813,43.02301302661139,27570.0,172200.0,437.3,40.0,0.8,0.2,0.0,0.0,C
1322,Reyrieux,C,589.0,1259.0,205.0,901.0,1.629210062698515,1065.16138553813,3152.66486535263,1010.17374910924,59.486255820851255,42.8115838394257,29130.0,172200.0,701.2,290.0,1.0,0.0,0.0,0.0,C
1323,Reyssouze,ED,100.0,194.0,45.0,215.0,4.852320675105485,173.0,588.0,242.0,35.943517329910144,20.154043645699616,23300.0,172200.0,577.08,50.0,0.2,0.8,0.0,0.0,ED
1325,Rignieux-le-Franc,ED,144.0,216.0,48.0,271.0,1.0917030567685588,237.0,685.0,209.0,54.50121654501216,34.67153284671533,26270.0,172200.0,1160.54,60.0,0.2,0.8,0.0,0.0,ED
1328,Romans,C,37.0,123.0,37.0,120.0,6.868558969369768,114.450139950007,358.702207742022,154.847652307971,53.993933450195165,33.923696975491,25220.0,172200.0,2046.89,30.0,0.2,0.8,0.0,0.0,ED
1329,Rossillon,ED,35.0,32.0,9.0,37.0,23.448275862068964,30.0,98.0,36.0,38.16793893129771,17.557251908396946,20680.0,172200.0,,20.0,0.2,0.8,0.0,0.0,ED
1330,Ruffieu,G,47.0,47.0,10.0,29.0,,22.2333333333333,102.46666666666673,49.3,49.66442953020144,31.543624161073875,21390.0,172200.0,,,0.0,0.6,0.4,0.0,ED
1331,Saint-Alban,C,25.0,51.0,13.0,26.0,19.2937600704903,35.546875,128.984375,30.46875,52.02702702702703,29.72972972972973,24030.0,172200.0,282.8,10.0,0.8,0.2,0.0,0.0,C
1332,Saint-André-de-Bâgé,C,102.0,178.0,39.0,172.0,0.7432812444274957,156.510265976366,508.079447645752,154.410286377882,50.145412047419846,31.587223020774108,,172200.0,14.29,35.0,0.6,0.4,0.0,0.0,C
1333,Saint-André-de-Corcy,ED,444.0,697.0,155.0,798.0,1.253485506619625,578.090863883169,1974.86098916562,816.048146951211,54.69836346156062,34.5519793925915,,172200.0,923.72,160.0,0.4,0.6,0.0,0.0,ED
1334,Saint-André-d'Huiriat,ED,66.0,117.0,31.0,171.0,4.748819288413792,150.017070923228,419.7601777633759,101.222751313395,53.60930473199471,34.20101345375671,,172200.0,525.61,25.0,0.2,0.8,0.0,0.0,ED
1335,Saint-André-le-Bouchoux,ED,45.0,77.0,20.0,92.0,3.399011976830999,123.005160822765,253.12656368644247,50.8682754907925,51.13784446707812,32.778594889308884,,172200.0,291.56,15.0,0.4,0.6,0.0,0.0,ED
1336,Saint-André-sur-Vieux-Jonc,C,130.0,270.0,40.0,264.0,1.8147647086337613,271.814576940678,713.0955267065779,231.089896352744,47.01982014095381,27.08996833030266,,172200.0,1782.86,60.0,0.4,0.6,0.0,0.0,ED
1337,Saint-Bénigne,C,127.0,303.0,43.0,273.0,3.9608319453364143,274.092921847649,783.7427386806839,293.164339471667,44.09774681570086,25.13947169801084,23070.0,172200.0,1485.92,65.0,0.6,0.4,0.0,0.0,C
1338,Groslée-Saint-Benoît,ED,139.0,247.0,52.0,297.0,15.746221246800877,231.293332472218,721.760546162355,278.946121365427,47.042264659232906,25.682927336925847,,172200.0,725.13,75.0,0.2,0.8,0.0,0.0,ED
1339,Saint-Bernard,C,161.0,480.0,109.0,320.0,6.497463144368903,274.794241615834,839.347099705481,429.858658678685,61.26709534226069,47.70757298183887,32220.0,172200.0,11.03,60.0,1.0,0.0,0.0,0.0,C
1341,Saint-Champ,,,,,,,,,,,,,172200.0,,,0.2,0.6,0.2,0.0,ED
1342,Sainte-Croix,ED,62.0,118.0,44.0,119.0,8.000772819246288,107.912594207919,368.8820202267053,71.2053855653746,59.67258072717736,37.62067294444152,30350.0,172200.0,1038.36,30.0,0.2,0.8,0.0,0.0,ED
1343,Saint-Cyr-sur-Menthon,ED,175.0,373.0,100.0,416.0,1.2958551413335624,406.507133847996,1127.1266942142838,333.36617193772,47.56656878710842,26.85792618614504,24170.0,172200.0,1424.89,105.0,0.6,0.4,0.0,0.0,C
1344,Saint-Denis-lès-Bourg,C,842.0,1417.0,279.0,1010.0,0.9950349705688918,1083.7186619855,3505.31876076921,1488.96257724529,49.671908850014994,31.25219929266842,25580.0,172200.0,770.83,380.0,0.6,0.4,0.0,0.0,C
1345,Saint-Denis-en-Bugey,ED,278.0,353.0,75.0,514.0,1.201550368921933,396.0052637234,1396.195978571044,465.798757705556,40.08509933414315,20.68712676506372,23670.0,172200.0,,155.0,0.2,0.8,0.0,0.0,ED
1346,Saint-Didier-d'Aussiat,C,76.0,183.0,67.0,174.0,4.312540504681104,166.295272435562,522.654738869751,156.049988694686,41.7581663800538,23.698083882270584,24190.0,172200.0,986.8,45.0,0.4,0.6,0.0,0.0,ED
1347,Saint-Didier-de-Formans,C,274.0,599.0,122.0,451.0,1.351331141803471,433.356603205817,1350.492514866839,392.150881927344,58.36182867022311,41.19650329684663,28190.0,172200.0,501.79,95.0,0.6,0.4,0.0,0.0,C
1348,Saint-Didier-sur-Chalaronne,ED,238.0,570.0,141.0,685.0,3.710388888425709,550.110074498872,1787.2887390792907,631.601186421837,45.23055215797829,26.646517621712903,23560.0,172200.0,1284.37,175.0,0.4,0.6,0.0,0.0,ED
1349,Saint-Eloi,C,55.0,124.0,25.0,119.0,4.206276176485478,111.884907057715,297.2442597649,114.870833177386,57.03525119849476,39.57137969645584,,172200.0,822.01,25.0,0.4,0.6,0.0,0.0,ED
1350,Saint-Etienne-du-Bois,C,295.0,562.0,159.0,511.0,1.8353176326567968,452.123824831835,1520.456001685579,596.420173482586,46.92268053686264,27.089675310812822,,172200.0,1659.92,140.0,0.6,0.4,0.0,0.0,C
1351,Saint-Etienne-sur-Chalaronne,ED,137.0,295.0,81.0,438.0,4.067562829924815,368.423503523846,1002.211750086863,254.364746389291,48.19157135165229,27.52076550134117,,172200.0,1317.88,80.0,0.4,0.6,0.0,0.0,ED
1352,Saint-Etienne-sur-Reyssouze,ED,58.0,102.0,31.0,135.0,2.2714315521033823,123.695212267152,333.48807110741,118.816716625438,45.28096725546472,23.682960123389773,,172200.0,611.82,30.0,0.2,0.8,0.0,0.0,ED
1353,Sainte-Euphémie,C,177.0,384.0,54.0,331.0,1.8201295087587857,363.56686079471,1122.364641991015,255.068497214275,59.89829153142513,42.737936803997854,27990.0,172200.0,204.1,105.0,1.0,0.0,0.0,0.0,C
1354,Saint-Genis-Pouilly,C,1164.0,1465.0,234.0,795.0,5.560105904348054,3273.657180234661,9980.72990046546,1329.612919299869,67.06123884837446,50.54525003453379,30790.0,172200.0,229.06,950.0,1.0,0.0,0.0,0.0,C
1355,Saint-Genis-sur-Menthon,ED,46.0,111.0,31.0,113.0,1.804635863935599,91.9253825536311,293.8593884324759,102.215229013893,44.66292146432247,26.74186757207957,24660.0,172200.0,437.18,25.0,0.4,0.6,0.0,0.0,ED
1356,Saint-Georges-sur-Renon,C,28.0,56.0,11.0,52.0,6.8519363995473785,48.6363636363636,125.5702479338843,39.7933884297521,58.928571428571615,39.28571428571441,25660.0,172200.0,44.87,10.0,0.8,0.2,0.0,0.0,C
1357,Saint-Germain-de-Joux,C,38.0,78.0,9.0,66.0,15.33781530622036,92.6110922110051,331.8098095345836,80.5790982544113,42.13811827320191,21.322092564614216,21610.0,172200.0,,50.0,0.2,0.8,0.0,0.0,ED
1358,Saint-Germain-les-Paroisses,ED,62.0,73.0,33.0,107.0,21.53846153846154,77.0,233.0,113.0,47.22222222222222,28.08641975308642,23210.0,172200.0,458.29,25.0,0.6,0.2,0.2,0.0,C
1359,Saint-Germain-sur-Renon,ED,12.0,57.0,17.0,79.0,3.4482758620689653,58.0,155.0,49.0,51.29533678756477,22.279792746113987,25790.0,172200.0,667.59,10.0,0.2,0.8,0.0,0.0,ED
1360,Saint-Jean-de-Gonville,C,158.0,360.0,80.0,255.0,4.552583657385509,461.731734248003,1337.556749133305,242.711516618692,64.10952368931868,45.36990765830622,42220.0,172200.0,454.46,100.0,1.0,0.0,0.0,0.0,C
1361,Saint-Jean-de-Niost,ED,177.0,379.0,96.0,428.0,7.86142373601839,372.175385294161,1197.009667207203,292.814947498636,60.08587770081859,42.34695689092579,28140.0,172200.0,871.68,85.0,0.4,0.6,0.0,0.0,ED
1362,Saint-Jean-de-Thurigneux,ED,57.0,188.0,41.0,207.0,0.9345794392523364,194.0,528.0,128.0,56.17597292724196,37.7326565143824,28910.0,172200.0,1061.31,40.0,0.0,1.0,0.0,0.0,ED
1363,Saint-Jean-le-Vieux,ED,234.0,373.0,92.0,410.0,4.372276074717148,307.0007593336,1159.432966504218,332.566274162182,45.60861276785585,27.13979285603283,24660.0,172200.0,643.31,130.0,0.2,0.8,0.0,0.0,ED
1364,Saint-Jean-sur-Reyssouze,ED,63.0,127.0,40.0,188.0,9.429620417807708,142.161302792913,428.161673586982,193.677023620105,40.30519617094334,23.11403632558505,22170.0,172200.0,2012.05,40.0,0.4,0.6,0.0,0.0,ED
1365,Saint-Jean-sur-Veyle,C,122.0,258.0,51.0,231.0,1.9230769230769231,221.0,679.0,254.0,43.851508120649655,25.638051044083525,24530.0,172200.0,845.02,70.0,0.2,0.8,0.0,0.0,ED
1366,Sainte-Julie,ED,146.0,195.0,31.0,256.0,2.549464988898871,248.145354808002,714.229780968236,129.624864223762,55.394518546677006,34.425952027223225,24930.0,172200.0,538.72,55.0,0.2,0.8,0.0,0.0,ED
1367,Saint-Julien-sur-Reyssouze,ED,76.0,100.0,38.0,159.0,5.5696202531645564,117.0,406.0,164.0,39.097744360902254,20.11278195488721,22270.0,172200.0,754.42,40.0,0.2,0.8,0.0,0.0,ED
1368,Saint-Julien-sur-Veyle,ED,78.0,176.0,47.0,183.0,2.2055000070337782,173.094529939859,518.272156953369,161.633313106772,48.70992232790958,26.62333214703343,23300.0,172200.0,373.92,40.0,0.0,1.0,0.0,0.0,ED
1369,Saint-Just,C,140.0,230.0,51.0,164.0,1.338796833654695,149.180983707641,560.618312530462,243.200703761897,53.11716925519805,36.12100618386843,27390.0,172200.0,360.44,55.0,0.4,0.6,0.0,0.0,ED
1370,Saint-Laurent-sur-Saône,C,217.0,228.0,50.0,207.0,2.9017276899467306,237.047721006831,1099.3867443793108,398.565534613858,47.1607119599084,29.35939265736909,19550.0,172200.0,,200.0,0.0,0.8,0.2,0.0,ED
1371,Saint-Marcel,ED,160.0,250.0,51.0,286.0,2.276966239883192,263.458433265223,881.729834711865,154.811732022912,58.09194707858778,34.90118586528761,25130.0,172200.0,691.35,80.0,0.0,1.0,0.0,0.0,ED
1372,Saint-Martin-de-Bavel,C,74.0,109.0,16.0,79.0,14.979757085020244,78.0,267.0,86.0,50.15576323987538,29.906542056074763,25590.0,172200.0,602.07,20.0,0.8,0.2,0.0,0.0,C
1373,Saint-Martin-du-Frêne,ED,84.0,205.0,58.0,239.0,4.577439823085385,161.039531546807,667.1880867799771,198.772381673216,36.85368346967872,23.017240295667623,25030.0,172200.0,504.58,60.0,0.4,0.6,0.0,0.0,ED
1374,Saint-Martin-du-Mont,ED,232.0,413.0,107.0,432.0,5.411619630030697,368.986747272227,1205.0860320320971,378.927220695676,58.50151118799376,38.574025913088775,25490.0,172200.0,1478.38,100.0,0.2,0.8,0.0,0.0,ED
1375,Saint-Martin-le-Châtel,ED,80.0,196.0,45.0,204.0,2.011702506924791,154.558983990652,487.395409493354,142.045606515995,44.25113723322322,27.73395410734054,25350.0,172200.0,1137.23,35.0,0.4,0.6,0.0,0.0,ED
1376,Saint-Maurice-de-Beynost,C,562.0,620.0,98.0,549.0,0.3446744989600913,887.816880185835,2604.990986555819,750.192133258346,50.53922812068063,33.375488722515,23570.0,172200.0,296.77,270.0,1.0,0.0,0.0,0.0,C
1378,Saint-Maurice-de-Gourdans,ED,265.0,594.0,104.0,790.0,4.575700863122751,557.78033767066,1811.290988249881,456.928674079459,57.543351231147255,39.38743722055262,28170.0,172200.0,1150.87,135.0,0.2,0.8,0.0,0.0,ED
1379,Saint-Maurice-de-Rémens,ED,77.0,103.0,28.0,198.0,10.084484073793863,171.550757432801,467.894082810544,118.555159756655,44.0506353855861,21.934433688653936,24110.0,172200.0,931.51,50.0,0.4,0.6,0.0,0.0,ED
1380,Saint-Nizier-le-Bouchoux,ED,61.0,143.0,31.0,164.0,10.905391583265915,92.5141600805028,336.39805894589017,160.087780973607,33.84230791503451,16.891945358598992,22400.0,172200.0,2014.96,35.0,0.2,0.8,0.0,0.0,ED
1381,Saint-Nizier-le-Désert,ED,65.0,164.0,49.0,225.0,4.4236116502587866,205.220299681279,571.303281913645,145.476418405077,48.89791489274277,30.65643848063552,24340.0,172200.0,1100.37,35.0,0.0,1.0,0.0,0.0,ED
1382,Sainte-Olive,ED,28.0,76.0,14.0,88.0,2.054794520547945,87.0,216.0,54.0,55.2,37.2,25280.0,172200.0,372.19,15.0,0.6,0.4,0.0,0.0,C
1383,Saint-Paul-de-Varax,ED,146.0,271.0,58.0,394.0,1.9956881215974256,345.022210553922,1018.2977588043312,273.680030641747,47.88037146384142,27.27871226504513,23200.0,172200.0,1585.94,90.0,0.6,0.4,0.0,0.0,C
1384,Saint-Rambert-en-Bugey,ED,250.0,233.0,46.0,368.0,11.641773126756762,435.81953450711,1280.8706214132692,462.309844079621,31.6285079815338,16.62499850828709,20170.0,172200.0,487.37,185.0,0.4,0.6,0.0,0.0,ED
1385,Saint-Rémy,C,90.0,272.0,54.0,211.0,1.8140589569161,145.0,551.0,226.0,52.70457697642164,34.39667128987517,27430.0,172200.0,369.3,35.0,0.4,0.6,0.0,0.0,ED
1386,Saint-Sorlin-en-Bugey,C,155.0,279.0,60.0,232.0,5.001391103370709,209.027776362973,715.008312488651,215.963911148376,50.99603119491819,32.97549176804843,26690.0,172200.0,106.99,60.0,0.4,0.6,0.0,0.0,ED
1387,Saint-Sulpice,ED,29.0,43.0,21.0,49.0,0.997879811124342,69.80859375,158.83984375,30.3515625,50.595238095238095,25.59523809523809,23240.0,172200.0,,10.0,0.2,0.8,0.0,0.0,ED
1388,Saint-Trivier-de-Courtes,ED,74.0,173.0,59.0,224.0,2.7754989557713694,172.639757401992,585.916546533936,363.443696064072,32.746146195951845,17.791959427528983,21030.0,172200.0,1520.22,70.0,0.4,0.6,0.0,0.0,ED
1389,Saint-Trivier-sur-Moignans,ED,151.0,332.0,66.0,486.0,1.5777155261932791,340.75745638358,1164.17359242198,405.06895119444,45.25734238188308,25.65485107764217,23920.0,172200.0,3083.12,105.0,0.6,0.4,0.0,0.0,C
1390,Saint-Vulbas,ED,92.0,179.0,42.0,377.0,3.074750989873434,254.63414534162,775.572689659232,198.793164999148,45.94826058759846,23.78260514514528,24750.0,172200.0,720.98,55.0,0.2,0.8,0.0,0.0,ED
1391,Salavre,ED,41.0,66.0,20.0,80.0,9.03179202203686,37.8216150254519,160.77399569870383,96.4043892758443,39.2186617891574,21.518033394849446,22940.0,172200.0,53.17,10.0,0.2,0.8,0.0,0.0,ED
1392,Samognat,ED,64.0,134.0,39.0,153.0,6.318484084347984,94.2298572023659,443.8100901762261,106.960052621408,52.467462285260616,31.995328024135063,27660.0,172200.0,,25.0,0.6,0.4,0.0,0.0,C
1393,Sandrans,ED,52.0,130.0,33.0,163.0,6.488549618320611,107.0,383.0,88.0,56.26477541371159,34.515366430260045,,172200.0,1365.39,30.0,0.0,1.0,0.0,0.0,ED
1396,Sault-Brénaz,ED,99.0,127.0,31.0,177.0,7.078039927404718,162.0,641.0,204.0,35.27885862516213,17.509727626459142,21130.0,172200.0,,90.0,0.2,0.8,0.0,0.0,ED
1397,Sauverny,C,87.0,214.0,41.0,110.0,11.202890961938165,170.787238090301,643.938448668743,188.274313240956,63.9731923560318,45.00417518937877,41070.0,172200.0,12.42,50.0,1.0,0.0,0.0,0.0,C
1398,Savigneux,ED,101.0,296.0,81.0,339.0,0.6557377049180327,342.0,917.0,200.0,54.53658536585366,33.75609756097561,26370.0,172200.0,985.01,50.0,0.2,0.8,0.0,0.0,ED
1399,Ségny,C,169.0,396.0,81.0,207.0,4.823836045695406,644.538913663155,1738.001222778299,293.459863558546,67.94624392516755,49.75879359994263,42330.0,172200.0,269.54,165.0,1.0,0.0,0.0,0.0,C
1400,Seillonnaz,ED,27.0,30.0,18.0,33.0,21.15255005381376,24.3582089552239,82.2089552238805,29.4328358208956,45.19230769230783,31.73076923076934,22970.0,30189.0,177.42,5.0,0.6,0.4,0.0,0.0,C
1401,Sergy,C,170.0,400.0,71.0,171.0,6.1001712223152245,525.011754131334,1430.4325280361231,323.555717832543,66.42279949285275,49.27476175990412,42940.0,30189.0,226.43,95.0,1.0,0.0,0.0,0.0,C
1402,Sermoyer,ED,77.0,115.0,31.0,165.0,9.607171339744337,110.279455646403,397.530403424063,151.190140929534,41.96934668525639,23.58760564958728,22230.0,30189.0,1417.71,55.0,0.2,0.8,0.0,0.0,ED
1403,Serrières-de-Briord,ED,212.0,184.0,56.0,285.0,3.87596689519272,228.783497785584,817.052925895656,283.16357631876,35.408083766014954,18.47492910113949,22690.0,30189.0,155.62,75.0,0.0,1.0,0.0,0.0,ED
1404,Serrières-sur-Ain,ED,29.0,30.0,5.0,37.0,50.7808839511051,15.0,77.0,43.0,55.55555555555556,30.76923076923077,23640.0,30189.0,99.15,15.0,0.6,0.2,0.2,0.0,C
1405,Servas,ED,118.0,217.0,53.0,279.0,0.9172397178494396,255.062471797132,850.8684819928379,181.06904621003,43.15232988540543,22.53562742939712,22670.0,30189.0,258.45,100.0,0.0,1.0,0.0,0.0,ED
1406,Servignat,ED,19.0,38.0,8.0,46.0,8.914701568846597,28.2722513089005,108.3769633507854,43.3507853403141,46.66666666666659,24.666666666666632,23480.0,30189.0,599.93,10.0,0.2,0.8,0.0,0.0,ED
1407,Seyssel,C,137.0,171.0,36.0,166.0,9.238404759354871,179.782817067502,629.241764751661,187.975418180837,47.41049671701742,27.819053870641376,23780.0,30189.0,2.59,85.0,0.2,0.8,0.0,0.0,ED
1408,Simandre-sur-Suran,ED,114.0,126.0,31.0,143.0,0.8753259225446823,115.767594714986,410.482686890476,137.749718394537,53.31318135128704,28.671706647278423,,30189.0,899.44,45.0,0.2,0.8,0.0,0.0,ED
1410,Sonthonnax-la-Montagne,ED,54.0,62.0,9.0,74.0,11.308092786764124,51.6215031332363,183.3595120006975,52.0189848660662,51.23582370556188,35.08682480569009,27530.0,30189.0,452.13,15.0,0.6,0.4,0.0,0.0,C
1411,Souclin,ED,20.0,51.0,17.0,78.0,11.627906976744184,39.0,168.0,56.0,40.66985645933015,23.444976076555022,24340.0,30189.0,322.16,20.0,0.2,0.6,0.2,0.0,ED
1412,Sulignat,C,43.0,141.0,22.0,136.0,2.558806474855025,127.589973323173,385.994156219203,91.415870457625,53.3541783729544,30.28494132380181,24630.0,30189.0,878.01,30.0,0.6,0.4,0.0,0.0,C
1413,Surjoux,,,,,,,,,,,,,30189.0,,,0.2,0.4,0.4,0.0,ED
1414,Sutrieu,,,,,,,,,,,,,30189.0,,,0.2,0.4,0.4,0.0,ED
1415,Talissieu,ED,48.0,66.0,18.0,104.0,17.442629119777177,64.842719005143,277.26709688103097,171.890184113826,36.21913629611885,19.52426230278771,23340.0,30189.0,5.45,25.0,0.2,0.8,0.0,0.0,ED
1416,Tenay,ED,102.0,112.0,25.0,190.0,14.621367159466594,153.95772034721,616.3220673154401,253.72021233735,38.28292412731781,20.807334900877816,20410.0,30189.0,5.0,80.0,0.2,0.8,0.0,0.0,ED
1417,Thézillieu,,,,,,,,,,,,,30189.0,,,0.2,0.4,0.4,0.0,ED
1418,Thil,C,150.0,297.0,48.0,229.0,1.908077001784396,254.068242669923,771.5119968138121,182.419760516265,64.80835968560984,44.34345572163575,30620.0,30189.0,281.71,55.0,1.0,0.0,0.0,0.0,C
1419,Thoiry,C,519.0,1173.0,209.0,581.0,6.898199914282877,1332.11146125995,4198.68769323937,825.20084550068,68.23066910391954,50.92327223874019,38950.0,30189.0,1597.85,330.0,1.0,0.0,0.0,0.0,C
1420,Thoissey,ED,139.0,217.0,55.0,317.0,2.317828043445852,235.392593343085,920.8342862323068,487.773120424608,39.16293171297367,15.86532908909118,20430.0,30189.0,10.87,120.0,0.2,0.8,0.0,0.0,ED
1421,Torcieu,ED,96.0,112.0,26.0,197.0,6.234096697678729,150.573098296795,454.967633649938,138.459268053267,37.89655992169105,18.59488533709577,22620.0,30189.0,462.82,45.0,0.2,0.8,0.0,0.0,ED
1422,Tossiat,C,171.0,332.0,69.0,304.0,2.7038418473447456,248.229295008145,838.2418840700669,302.528820921788,55.9323203472905,37.08734973952886,26180.0,30189.0,797.42,85.0,0.6,0.4,0.0,0.0,C
1423,Toussieux,C,128.0,264.0,51.0,247.0,0.576799171362424,314.324128736197,787.6965747496109,125.979296514192,63.36236092584987,45.95992093106498,27870.0,30189.0,244.04,55.0,1.0,0.0,0.0,0.0,C
1424,Tramoyes,C,189.0,511.0,84.0,409.0,0.8264389509420773,370.611440783333,1187.237801251988,287.150757964679,60.21454112890471,42.28027268740149,31610.0,30189.0,530.64,65.0,1.0,0.0,0.0,0.0,C
1425,La Tranclière,ED,33.0,69.0,15.0,79.0,3.703649800544959,48.7206093437381,174.80647342249802,64.4729172337639,54.31842586980512,33.04315702287293,25050.0,30189.0,567.08,15.0,0.6,0.4,0.0,0.0,C
1426,Val-Revermont,C,320.0,558.0,109.0,502.0,6.719105164226816,436.049553584946,1567.3240546623222,490.626391752732,48.294302607707486,29.152840233384243,24280.0,30189.0,1607.08,145.0,0.6,0.4,0.0,0.0,C
1427,Trévoux,C,909.0,1182.0,234.0,873.0,1.567662266007981,1479.886965161836,4375.184112904655,1075.928921933509,51.19945175940372,34.53382374235712,23920.0,30189.0,5.86,550.0,0.8,0.2,0.0,0.0,C
1428,Valeins,C,4.0,37.0,8.0,36.0,5.876549607583378,29.1111111111111,82.1349206349206,19.7539682539683,50.602409638554256,24.096385542168683,23780.0,30189.0,391.37,5.0,0.4,0.4,0.2,0.0,C
1429,Vandeins,ED,61.0,113.0,35.0,191.0,3.463397276198847,149.304449488789,444.3692014015,131.326349109711,50.013978538457536,27.68016153413207,,30189.0,1071.88,40.0,0.4,0.6,0.0,0.0,ED
1430,Varambon,ED,70.0,100.0,30.0,146.0,3.107517678168577,136.4387170847,420.411769842979,107.149513072321,47.94995605888504,26.866567780420336,23800.0,30189.0,399.21,40.0,0.6,0.4,0.0,0.0,C
1431,Vaux-en-Bugey,ED,218.0,218.0,67.0,247.0,2.9822109480847905,209.954792370613,769.4739393910551,238.571268238332,55.28612687596662,35.436962261090585,25240.0,30189.0,446.77,70.0,0.6,0.4,0.0,0.0,C
1432,Verjon,C,50.0,82.0,20.0,70.0,9.99533770055509,65.4392122942423,213.58310757675463,63.9776801290031,50.45979865656352,26.75002811668718,23640.0,30189.0,214.96,20.0,0.6,0.4,0.0,0.0,C
1433,Vernoux,ED,32.0,29.0,10.0,80.0,11.88990270806402,63.9598697971467,196.7346975360846,35.3054326667687,27.57582061078641,9.252051024629871,20450.0,30189.0,912.04,20.0,0.0,1.0,0.0,0.0,ED
1434,Versailleux,ED,35.0,105.0,36.0,110.0,5.024844132515793,136.893857012353,296.8169394233416,66.2892035643054,58.81040867128373,37.58572409534386,25730.0,30189.0,556.52,20.0,0.4,0.6,0.0,0.0,ED
1435,Versonnex,C,206.0,372.0,66.0,223.0,6.006003579579547,494.575382787585,1443.972530874687,283.452086337728,60.304514247789264,40.602996305491445,38970.0,30189.0,208.0,105.0,1.0,0.0,0.0,0.0,C
1436,Vesancy,C,47.0,139.0,25.0,49.0,3.272727272727273,90.0,338.0,85.0,68.29896907216495,53.09278350515464,45200.0,30189.0,506.89,20.0,1.0,0.0,0.0,0.0,C
1437,Vescours,ED,14.0,31.0,22.0,53.0,12.090849276060608,51.0986547085202,119.5515695067264,44.3497757847534,30.246913580246908,14.19753086419756,23090.0,30189.0,857.68,15.0,0.4,0.6,0.0,0.0,ED
1439,Vésines,ED,5.0,20.0,11.0,21.0,5.355648535564826,14.1458333333334,57.5937500000002,25.2604166666667,46.83544303797466,26.58227848101265,,30189.0,,5.0,0.2,0.8,0.0,0.0,ED
1441,Vieu-d'Izenave,ED,54.0,115.0,37.0,175.0,3.821734184860758,167.091309317602,425.5373736985951,134.371316983804,45.440947630978414,25.62065645370591,23450.0,30189.0,1001.65,40.0,0.2,0.8,0.0,0.0,ED
1442,Vieu,,,,,,,,,,,,,30189.0,,,0.2,0.4,0.4,0.0,ED
1443,Villars-les-Dombes,ED,537.0,951.0,179.0,990.0,2.869642218355513,882.11863402307,2963.92431994708,1212.95704602985,48.19359354788693,30.19064281061218,24480.0,30189.0,884.31,285.0,0.4,0.6,0.0,0.0,ED
1444,Villebois,ED,194.0,182.0,42.0,292.0,9.065968334156915,227.446029812699,747.891657597429,224.662312589872,41.16184266043975,23.850993694235264,22700.0,30189.0,269.55,85.0,0.2,0.8,0.0,0.0,ED
1445,Villemotier,ED,59.0,138.0,27.0,153.0,2.564156696540534,122.998442266174,374.084008412305,109.917549321521,45.65244985444723,24.998514093795848,23580.0,30189.0,1309.95,35.0,0.0,1.0,0.0,0.0,ED
1446,Villeneuve,ED,142.0,285.0,105.0,416.0,1.8592554876819027,335.520582309141,1031.259143575568,236.220274115291,54.7296204875723,34.19665983023881,26440.0,30189.0,2232.55,70.0,0.4,0.6,0.0,0.0,ED
1447,Villereversure,ED,157.0,249.0,55.0,255.0,5.402683184375368,271.155969826195,738.8411359358141,381.002894237991,41.37968208728228,23.94769320342466,23600.0,30189.0,1000.51,75.0,0.2,0.8,0.0,0.0,ED
1448,Villes,C,39.0,79.0,31.0,68.0,7.482278959629784,72.9029799094954,251.79543055531624,65.3015895351884,49.85299268564069,30.06810785669781,30500.0,30189.0,453.78,30.0,0.4,0.6,0.0,0.0,ED
1449,Villette-sur-Ain,ED,86.0,162.0,30.0,198.0,7.605633802816901,159.0,473.0,131.0,60.58931860036832,38.48987108655617,26020.0,30189.0,366.23,45.0,0.6,0.4,0.0,0.0,C
1450,Villieu-Loyes-Mollon,ED,435.0,771.0,159.0,917.0,3.1990521327014214,831.0,2353.0,647.0,55.25448553643354,36.17722445990479,26810.0,30189.0,688.98,195.0,0.8,0.2,0.0,0.0,C
1451,Viriat,C,701.0,1496.0,371.0,1179.0,1.838714180011877,1365.760818033388,4183.153753954953,1406.085428011659,50.24326965928253,31.411232257731285,25470.0,30189.0,2212.95,375.0,0.6,0.4,0.0,0.0,C
1452,Virieu-le-Grand,ED,160.0,136.0,53.0,235.0,12.722987146859566,203.866850985081,703.3926690523961,202.740479962523,39.81478682735263,19.75966748613967,,30189.0,,110.0,0.0,1.0,0.0,0.0,ED
1453,Virieu-le-Petit,ED,122.0,140.0,40.0,143.0,23.57894736842105,110.0,427.0,178.0,46.47160068846816,27.710843373493976,,30189.0,833.02,30.0,0.0,0.6,0.4,0.0,ED
1454,Virignin,ED,139.0,164.0,36.0,245.0,2.26379195090474,242.15649087576,722.866755657026,156.976753467214,46.1322214919373,26.12953539839594,24130.0,30189.0,288.05,85.0,0.2,0.8,0.0,0.0,ED
1456,Vongnes,C,13.0,24.0,9.0,11.0,27.450980392156865,12.0,32.0,27.0,50.877192982456144,31.57894736842105,,30189.0,19.0,5.0,0.6,0.2,0.2,0.0,C
1457,Vonnas,C,306.0,598.0,156.0,585.0,2.2769230769230773,581.0,1865.0,787.0,40.92219020172911,21.943186496500616,22000.0,30189.0,1036.31,195.0,0.2,0.6,0.2,0.0,ED
3001,Abrest,ED,350.0,641.0,134.0,666.0,1.6936888667854362,500.741067506839,1737.866459498743,688.392472994418,45.35904911626366,26.586911810897483,23170.0,38498.0,99.17,235.0,0.0,1.0,0.0,0.0,ED
3002,Agonges,G,83.0,49.0,7.0,58.0,15.462854028884571,42.9464630662499,189.0737060556321,71.979830878118,52.346766299169154,32.4221722470573,20970.0,38498.0,2293.55,25.0,0.4,0.2,0.4,0.0,C
3003,Ainay-le-Château,ED,103.0,213.0,51.0,242.0,11.863796257604758,109.363321311227,483.18807367773405,394.448605011039,33.75790627659085,18.267230568969488,21110.0,38498.0,1851.75,60.0,0.4,0.6,0.0,0.0,ED
3004,Andelaroche,ED,20.0,51.0,17.0,52.0,11.76470588235294,25.0,118.0,74.0,34.78260869565217,17.391304347826086,,38498.0,2456.71,10.0,0.4,0.6,0.0,0.0,ED
3005,Archignat,ED,52.0,43.0,21.0,53.0,13.139189417490687,61.9268163543193,211.79263979414583,62.2805438515349,36.0181473765396,15.732236206280843,17900.0,38498.0,1777.33,30.0,0.2,0.8,0.0,0.0,ED
3006,Arfeuilles,ED,124.0,96.0,29.0,128.0,32.465807606596286,76.619170704233,328.9566824712449,204.424146824522,40.34803931908387,19.530531943624567,17360.0,38498.0,2363.03,55.0,0.4,0.6,0.0,0.0,ED
3007,Arpheuilles-Saint-Priest,C,52.0,92.0,14.0,64.0,15.2099721676407,76.9460092858183,216.5577688860964,80.4962218280853,55.49455916526418,35.08208824195961,23600.0,38498.0,880.3,15.0,0.4,0.0,0.6,0.0,G
3008,Arronnes,C,61.0,97.0,18.0,80.0,25.296442687747035,51.0,248.0,83.0,43.9873417721519,26.89873417721519,21400.0,38498.0,1303.49,25.0,0.6,0.4,0.0,0.0,C
3009,Aubigny,ED,15.0,14.0,4.0,30.0,6.900708934096926,32.4342366408381,94.1848526135154,19.3809107456465,46.09408219556872,20.74233698800594,20630.0,38498.0,648.79,10.0,0.4,0.6,0.0,0.0,ED
3010,Audes,ED,75.0,82.0,13.0,95.0,8.846153846153847,65.0,238.0,105.0,48.61538461538461,28.923076923076923,21230.0,38498.0,1866.28,25.0,0.0,0.6,0.4,0.0,ED
3011,Aurouër,ED,48.0,65.0,26.0,94.0,4.296333973479063,95.2112995717714,252.9868165371395,62.8018838910891,60.03721348738132,28.97351173668892,22810.0,38498.0,1570.83,25.0,0.4,0.6,0.0,0.0,ED
3012,Autry-Issards,G,94.0,58.0,13.0,62.0,12.111806529147003,39.2729732561781,196.12686211676203,73.6001646270599,57.18486243492946,37.63387310781167,23520.0,38498.0,1424.35,30.0,0.4,0.4,0.2,0.0,C
3013,Avermes,C,572.0,935.0,167.0,763.0,1.3678364189621943,594.021841007996,2438.152719440204,1076.8254395518,40.3021275256328,22.79978978961507,23560.0,38498.0,385.22,280.0,0.2,0.8,0.0,0.0,ED
3014,Avrilly,C,19.0,33.0,17.0,28.0,27.84701537253545,15.1102941176471,68.5,53.3897058823529,38.79310344827571,15.51724137931028,20600.0,38498.0,857.48,10.0,0.4,0.6,0.0,0.0,ED
3015,Bagneux,ED,52.0,66.0,18.0,74.0,4.795009978049576,71.8903600303921,218.24695454976955,48.8626854198373,50.54477689769311,29.417585597379908,,38498.0,909.86,15.0,0.6,0.4,0.0,0.0,C
3016,Barberier,ED,17.0,31.0,9.0,38.0,11.565800807920557,23.8321678321678,81.4265734265735,36.7412587412587,43.362831858407134,21.238938053097385,22600.0,38498.0,461.35,10.0,0.2,0.8,0.0,0.0,ED
3017,Barrais-Bussolles,ED,27.0,36.0,17.0,59.0,30.53396143225109,24.4708994708995,119.4179894179894,41.1111111111111,32.903225806451545,18.064516129032224,18140.0,38498.0,1809.36,10.0,0.4,0.6,0.0,0.0,ED
3018,Bayet,ED,86.0,135.0,25.0,164.0,4.639740380403416,119.443599154148,428.8951576714039,124.661243174448,33.90978130732375,15.68019432631836,21870.0,38498.0,1485.99,65.0,0.0,1.0,0.0,0.0,ED
3019,Beaulon,ED,241.0,279.0,79.0,341.0,6.465454866446696,272.08910541248,916.643504510244,451.267390077276,32.80971897139247,15.680758983094885,21660.0,38498.0,3802.61,115.0,0.2,0.6,0.2,0.0,ED
3020,Beaune-d'Allier,ED,60.0,57.0,10.0,70.0,17.873474888111584,43.0549354422818,177.68120242321228,72.2638621345059,45.3843007760394,23.65485201904783,20990.0,38498.0,1555.44,20.0,0.0,0.8,0.2,0.0,ED
3021,Bègues,C,40.0,60.0,5.0,42.0,17.350358199565555,38.6188086234573,132.2710750216003,58.1101163549424,52.28225473667965,37.67067379761814,22240.0,38498.0,465.66,15.0,0.6,0.2,0.2,0.0,C
3022,Bellenaves,G,188.0,144.0,40.0,176.0,14.553485179175492,160.290636580538,493.75551993659496,331.953843482867,39.12347186530247,18.331807506837297,20260.0,38498.0,1448.77,70.0,0.2,0.4,0.4,0.0,ED
3023,Bellerive-sur-Allier,C,951.0,1897.0,465.0,1488.0,4.937951079863535,1319.291137831177,4525.023428327664,3053.685433841171,44.939816854161904,28.18184090069954,23070.0,38498.0,50.96,695.0,0.8,0.2,0.0,0.0,C
3024,Bert,ED,24.0,35.0,11.0,90.0,30.115444219667097,39.1241337226754,146.2099473206691,75.6659189566555,26.86367304512981,14.087681361433953,17660.0,38498.0,1593.2,30.0,0.2,0.8,0.0,0.0,ED
3025,Bessay-sur-Allier,ED,168.0,257.0,61.0,315.0,1.5235457063711912,233.0,862.0,289.0,39.14691943127962,20.37914691943128,22250.0,38498.0,3358.25,75.0,0.4,0.6,0.0,0.0,ED
3026,Besson,C,111.0,183.0,69.0,176.0,6.50537495677327,124.446246951874,430.3123498145141,191.241403233612,50.138391061936986,29.414573048585467,23440.0,38498.0,3592.6,25.0,0.6,0.4,0.0,0.0,C
3027,Bézenet,ED,130.0,162.0,35.0,165.0,6.644765897872254,133.80846034662,541.676495693483,241.515043959897,30.92088486754345,15.23328648662118,19450.0,38498.0,674.45,90.0,0.2,0.6,0.2,0.0,ED
3028,Billezois,ED,68.0,69.0,19.0,70.0,6.317097653521464,57.7370016958194,236.7889094807162,66.4740888234644,29.792530715305865,14.252606547302696,21310.0,38498.0,501.05,20.0,0.2,0.6,0.2,0.0,ED
3029,Billy,ED,95.0,153.0,31.0,176.0,4.631578947368421,127.0,456.0,240.0,38.74425727411945,19.75497702909648,22090.0,38498.0,500.93,55.0,0.0,1.0,0.0,0.0,ED
3030,Biozat,ED,123.0,186.0,41.0,212.0,2.73972602739726,195.0,555.0,173.0,48.81656804733728,28.254437869822485,22480.0,38498.0,844.43,55.0,0.6,0.4,0.0,0.0,C
3031,Bizeneuille,C,45.0,63.0,29.0,53.0,13.310220194523414,53.6945550384099,171.814749582104,74.4906953794861,47.94583962440648,24.86718317787496,21760.0,38498.0,2319.67,30.0,0.8,0.2,0.0,0.0,C
3032,Blomard,ED,30.0,32.0,13.0,44.0,13.269743708214076,42.9297417035682,128.8579918029479,57.2122664934839,39.34363138910884,12.761141190430315,19890.0,38498.0,1105.61,10.0,0.6,0.4,0.0,0.0,C
3033,Bost,ED,35.0,30.0,1.0,37.0,2.183616841597297,43.7569060773481,112.3756906077348,23.8674033149171,60.31746031746028,28.57142857142853,22380.0,38498.0,416.61,15.0,0.0,0.8,0.2,0.0,ED
3034,Boucé,ED,60.0,83.0,17.0,139.0,7.06668410135466,88.7316396849269,316.3248112785643,93.9435490365088,32.96702404375298,13.992491240280124,20550.0,38498.0,1748.18,45.0,0.0,1.0,0.0,0.0,ED
3035,Le Bouchaud,ED,31.0,32.0,11.0,48.0,12.698412698412698,28.0,109.0,56.0,38.70967741935484,16.129032258064516,16350.0,38498.0,1482.32,10.0,0.4,0.6,0.0,0.0,ED
3036,Bourbon-l'Archambault,G,542.0,387.0,131.0,322.0,13.533919761699476,306.02544640405,1307.545154068553,928.429399527397,34.76919609359259,20.06651752654996,21880.0,38498.0,4197.88,165.0,0.4,0.4,0.2,0.0,C
3037,Braize,ED,28.0,36.0,7.0,79.0,21.2218947733982,50.2503916380379,140.31428591693788,68.4353224450242,35.653260849931854,14.657773836880851,20350.0,38498.0,287.46,20.0,0.0,1.0,0.0,0.0,ED
3038,Bransat,C,77.0,106.0,17.0,101.0,9.036000612462615,106.640461693177,313.32818138344294,109.03135692338,46.64421028971962,23.05026665063031,22290.0,38498.0,624.47,30.0,0.4,0.6,0.0,0.0,ED
3039,Bresnay,ED,52.0,85.0,15.0,90.0,5.403192536357718,72.995812135309,228.7433334563895,83.2608544083015,48.10359548136436,28.31709108191625,21990.0,38498.0,1243.3,20.0,0.2,0.6,0.2,0.0,ED
3040,Bressolles,C,188.0,270.0,75.0,261.0,2.094936045308556,197.529910720906,644.2365364470961,299.233552831998,51.38263770803869,29.64167894845061,28710.0,38498.0,1257.17,45.0,0.6,0.4,0.0,0.0,C
3041,Le Brethon,C,39.0,90.0,15.0,68.0,27.464788732394368,38.0,179.0,107.0,46.86346863468634,26.199261992619927,20040.0,38498.0,2053.26,25.0,0.4,0.4,0.2,0.0,C
3042,Le Breuil,C,67.0,135.0,31.0,112.0,14.794520547945206,60.0,328.0,143.0,37.89954337899543,19.863013698630137,20380.0,38498.0,1586.86,50.0,0.4,0.4,0.2,0.0,C
3043,Broût-Vernet,ED,149.0,240.0,59.0,276.0,8.136752608466297,212.353967042116,687.59530484061,309.050728117274,47.49666624297427,25.10209970712953,21530.0,38498.0,1622.36,60.0,0.0,1.0,0.0,0.0,ED
3044,Brugheas,C,183.0,358.0,83.0,321.0,2.5302826962956564,300.859810377357,877.992334322714,377.147855299929,53.12589151455078,29.36402277957925,23830.0,38498.0,2045.15,100.0,0.6,0.4,0.0,0.0,C
3045,Busset,ED,118.0,174.0,56.0,201.0,9.518868757696785,118.94588710062,507.654743457696,183.399369441684,41.2960774032551,24.561242782925262,23160.0,38498.0,1592.25,75.0,0.0,1.0,0.0,0.0,ED
3046,Buxières-les-Mines,ED,191.0,131.0,32.0,211.0,13.430333730527115,123.850700923712,542.819443706348,334.32985536994,31.28807365452736,15.946044723611402,18870.0,38498.0,3798.67,85.0,0.2,0.6,0.2,0.0,ED
3047,La Celle,ED,64.0,80.0,12.0,108.0,13.348994723819974,51.9255325145007,221.1937576716984,126.880709813801,37.89244613755012,20.73051108080513,21540.0,38498.0,1735.37,20.0,0.4,0.6,0.0,0.0,ED
3048,Cérilly,C,231.0,239.0,66.0,192.0,17.30079079549703,162.078473542551,648.7245182711752,501.197008186274,39.35949577999492,23.11174340449398,20180.0,38498.0,3584.9,95.0,0.6,0.0,0.4,0.0,C
3049,Cesset,ED,56.0,86.0,18.0,101.0,9.846840086704924,79.1627717686148,255.88901345269025,92.948214778696,50.0323428273099,31.46677326710563,22870.0,38498.0,901.27,20.0,0.8,0.2,0.0,0.0,C
3050,La Chabanne,C,34.0,37.0,17.0,31.0,42.290255820023056,17.301775147929,97.7041420118344,56.9940828402366,44.82758620689657,30.34482758620692,17170.0,38498.0,469.03,15.0,0.6,0.2,0.2,0.0,C
3051,Chambérat,ED,52.0,52.0,11.0,79.0,1.4851485148514851,35.0,168.0,76.0,36.40350877192983,17.982456140350877,19360.0,38498.0,2139.43,25.0,0.0,1.0,0.0,0.0,ED
3052,Chamblet,ED,140.0,198.0,46.0,209.0,2.555831685465541,217.853433214926,627.509041929713,233.637524855361,45.07165897848675,24.057064103208667,22930.0,38498.0,1359.55,70.0,0.4,0.6,0.0,0.0,ED
3053,Chantelle,C,152.0,240.0,55.0,177.0,9.697005178592658,150.488164986175,600.009541208798,373.502293805027,39.88838484830401,22.69180423224616,21560.0,38498.0,669.82,70.0,0.6,0.4,0.0,0.0,C
3054,Chapeau,C,36.0,50.0,8.0,46.0,7.096845126499509,39.6371138384514,141.3286429478764,55.0342432136722,35.32472200681694,22.99354870703496,24130.0,38498.0,1621.3,10.0,0.2,0.8,0.0,0.0,ED
3055,La Chapelaude,ED,137.0,169.0,38.0,210.0,5.083338477340192,154.824783900352,554.2623369525579,231.91287914709,39.3991356831991,19.064604790023203,22330.0,38498.0,2128.8,45.0,0.4,0.6,0.0,0.0,ED
3056,La Chapelle,C,60.0,103.0,22.0,69.0,14.776051747888204,81.6156647619464,227.3537929170324,87.0305423210212,48.933694332907415,28.6160494399222,21990.0,38498.0,1403.37,25.0,0.8,0.0,0.2,0.0,C
3057,La Chapelle-aux-Chasses,ED,31.0,39.0,14.0,41.0,9.186036138594703,29.1479591836736,115.58673469387818,52.2653061224492,41.87499999999991,18.124999999999964,20630.0,38498.0,1673.58,5.0,0.4,0.6,0.0,0.0,ED
3058,Chappes,G,50.0,29.0,8.0,37.0,14.908556827555628,39.7894736842106,133.7368421052639,57.4736842105265,45.7317073170732,32.92682926829272,20380.0,38498.0,1451.57,10.0,0.6,0.2,0.2,0.0,C
3059,Chareil-Cintrat,ED,26.0,53.0,30.0,94.0,12.38095238095238,73.0,219.0,93.0,39.66101694915255,21.35593220338983,21460.0,38498.0,1661.11,15.0,0.0,1.0,0.0,0.0,ED
3060,Charmeil,ED,104.0,218.0,53.0,223.0,1.4325748034793144,172.215065740166,515.846373093572,278.938561166261,46.07487499497663,25.604464989627512,24160.0,38498.0,166.99,75.0,0.4,0.6,0.0,0.0,ED
3061,Charmes,ED,50.0,89.0,18.0,114.0,6.598984771573605,65.0,228.0,81.0,45.36082474226804,22.68041237113402,20900.0,38498.0,1385.55,25.0,0.0,1.0,0.0,0.0,ED
3062,Charroux,ED,53.0,88.0,24.0,111.0,31.69403101497921,27.76706575569,202.813051403024,109.419882841286,46.340622217152,27.85373305442996,24980.0,38498.0,422.56,20.0,0.4,0.6,0.0,0.0,ED
3063,Chassenard,ED,109.0,191.0,27.0,238.0,2.240425444256755,195.28977974243,612.9863544096049,221.723865847965,33.547244848212834,14.926171888322436,21820.0,38498.0,1685.16,60.0,0.0,1.0,0.0,0.0,ED
3064,Château-sur-Allier,ED,26.0,35.0,8.0,41.0,27.33333333333333,16.0,91.0,56.0,38.46153846153847,16.083916083916083,20050.0,38498.0,657.07,15.0,0.2,0.8,0.0,0.0,ED
3065,Châtel-de-Neuvre,C,83.0,96.0,33.0,95.0,10.462857028960794,101.636166224411,321.570406105602,133.793427669987,43.95450722515967,25.09525867724981,21250.0,38498.0,634.0,40.0,0.4,0.6,0.0,0.0,ED
3066,Châtel-Montagne,C,63.0,72.0,16.0,57.0,43.73705622686859,20.1777554288849,185.5273829455771,115.294861625538,40.244563992623775,19.94881039733797,17980.0,38498.0,719.43,30.0,0.8,0.0,0.2,0.0,C
3067,Châtelperron,ED,24.0,30.0,5.0,42.0,23.25588283414105,14.7761194029851,86.6865671641791,30.5373134328358,39.99999999999999,23.636363636363622,20840.0,38498.0,1258.92,10.0,0.6,0.2,0.2,0.0,C
3068,Châtelus,ED,6.0,29.0,3.0,38.0,25.971400141809497,5.74789915966387,67.05882352941173,41.1932773109244,32.40740740740724,12.037037037036988,18420.0,38498.0,606.91,10.0,0.0,0.8,0.2,0.0,ED
3069,Châtillon,G,77.0,46.0,8.0,39.0,7.877828676865542,51.3486612531941,192.76356194861967,68.8877767981861,57.290936837292094,32.59406668346053,21510.0,38498.0,667.13,40.0,0.4,0.2,0.4,0.0,C
3070,Chavenon,C,24.0,37.0,14.0,23.0,17.97752808988764,18.0,89.0,32.0,43.24324324324324,20.72072072072072,21820.0,38498.0,2506.0,10.0,0.8,0.2,0.0,0.0,C
3071,Chavroches,ED,42.0,52.0,11.0,55.0,26.64682444264624,42.5033216067452,143.1795013890933,76.3171770041615,40.63111247257579,19.03315907955716,20160.0,38498.0,225.11,20.0,0.0,1.0,0.0,0.0,ED
3072,Chazemais,ED,73.0,101.0,20.0,105.0,9.31899641577061,99.0,305.0,100.0,43.92265193370166,22.92817679558011,21570.0,38498.0,2274.66,30.0,0.4,0.6,0.0,0.0,ED
3073,Chemilly,ED,102.0,119.0,32.0,137.0,3.3112582781456954,87.0,322.0,179.0,46.33620689655172,25.64655172413793,23070.0,38498.0,1663.55,30.0,0.0,0.8,0.2,0.0,ED
3074,Chevagnes,C,88.0,150.0,35.0,125.0,4.244878757128491,86.3248347906881,356.1046572260699,192.570507983242,44.32524382569347,23.821018587250936,22210.0,38498.0,3708.51,40.0,0.4,0.6,0.0,0.0,ED
3075,Chezelle,ED,22.0,20.0,11.0,40.0,7.152221407167278,19.0,101.0,38.0,38.93129770992366,23.66412213740458,23310.0,38498.0,657.85,5.0,0.2,0.8,0.0,0.0,ED
3076,Chézy,C,19.0,62.0,24.0,51.0,1.9910489245292748,31.269406392694,152.4383561643836,30.2922374429224,47.33727810650898,30.177514792899466,23880.0,38498.0,3494.51,15.0,0.6,0.4,0.0,0.0,C
3077,Chirat-l'Eglise,ED,10.0,28.0,7.0,31.0,31.963246124710704,20.8372093023256,81.36434108527129,25.7984496124031,37.6237623762376,15.84158415841583,,38498.0,2041.94,5.0,0.6,0.4,0.0,0.0,C
3078,Chouvigny,C,52.0,54.0,24.0,52.0,41.12029868671868,18.6828079786148,115.70814952277132,95.6090424986139,46.75595448620721,27.402024518878733,22310.0,38498.0,1120.31,20.0,0.6,0.4,0.0,0.0,C
3079,Cindré,ED,37.0,44.0,16.0,76.0,13.661202185792352,36.0,165.0,81.0,41.810344827586206,18.53448275862069,,38498.0,3803.21,15.0,0.6,0.4,0.0,0.0,C
3080,Cognat-Lyonne,C,97.0,169.0,40.0,137.0,5.066174898738847,140.590247893839,416.146279155714,150.263472950447,49.52485203237351,26.189503103268024,22770.0,38498.0,1598.99,50.0,0.4,0.6,0.0,0.0,ED
3081,Colombier,G,66.0,60.0,15.0,54.0,15.604771376592993,46.7827946448778,179.4715642597992,101.745641095323,40.88849219362272,23.08787321746629,21280.0,38498.0,465.23,30.0,0.4,0.4,0.2,0.0,C
3082,Commentry,ED,925.0,953.0,202.0,1143.0,2.417746759720837,774.0,3244.0,2000.0,30.05065856129686,13.069908814589663,20330.0,38498.0,484.42,575.0,0.4,0.4,0.2,0.0,C
3083,Contigny,ED,99.0,139.0,36.0,150.0,6.392387506513011,93.1865226469774,338.17989100447164,143.633586348551,41.07930761578406,21.951513197509847,22670.0,38498.0,1938.36,40.0,0.2,0.8,0.0,0.0,ED
3084,Cosne-d'Allier,C,306.0,383.0,108.0,355.0,4.093555641997682,227.075608249494,1018.9659870654708,766.958404685035,29.261330825668463,14.600650184441315,20910.0,38498.0,1362.07,100.0,0.2,0.8,0.0,0.0,ED
3085,Coulandon,C,94.0,174.0,31.0,168.0,3.259452069504608,94.6798243441714,405.6979957178646,133.622179937964,50.930435095986745,27.77966821383469,,38498.0,857.08,25.0,0.8,0.2,0.0,0.0,C
3086,Coulanges,ED,37.0,53.0,11.0,68.0,7.812814222318686,39.7360281303399,182.3452501674791,69.918721702181,26.37967143428317,9.458419354201466,20820.0,38498.0,1649.6,30.0,0.2,0.8,0.0,0.0,ED
3087,Couleuvre,ED,84.0,84.0,21.0,122.0,21.38724989062198,65.1796246596645,347.5077953729956,179.31257996734,25.513578087123506,10.968885465973877,18920.0,38498.0,4260.04,35.0,0.4,0.6,0.0,0.0,ED
3088,Courçais,ED,58.0,40.0,14.0,68.0,7.655502392344498,38.0,200.0,71.0,42.1259842519685,18.50393700787401,18370.0,38498.0,1428.77,20.0,0.4,0.6,0.0,0.0,ED
3089,Coutansouze,G,35.0,27.0,8.0,28.0,26.08695652173913,11.0,89.0,58.0,45.71428571428572,29.28571428571429,20270.0,38498.0,476.46,15.0,0.6,0.2,0.2,0.0,C
3090,Couzon,ED,36.0,66.0,13.0,77.0,12.038883846162603,67.3076823788446,189.99222800218388,63.7000896189715,44.59018166013882,26.977532292191825,19430.0,38498.0,1500.94,35.0,0.2,0.6,0.2,0.0,ED
3091,Créchy,ED,62.0,76.0,18.0,126.0,6.13595006442706,73.205178063436,274.7687783606512,82.0260435759128,29.28989493834348,12.709079011789932,22140.0,38498.0,399.0,25.0,0.2,0.6,0.2,0.0,ED
3092,Cressanges,ED,103.0,119.0,28.0,157.0,6.720812288916765,106.559973966264,381.796211654501,148.643814379235,43.75421044687556,25.27303352691403,22080.0,38498.0,3732.09,45.0,0.4,0.6,0.0,0.0,ED
3093,Creuzier-le-Neuf,C,135.0,291.0,42.0,260.0,1.343892856356084,240.146046433979,762.705635233384,232.148318332637,42.17068190689079,23.306658592059712,24310.0,38498.0,373.63,65.0,0.0,1.0,0.0,0.0,ED
3094,Creuzier-le-Vieux,C,464.0,879.0,183.0,729.0,1.411722365268559,442.222516685505,1936.463459875491,867.314023439004,47.1302151888973,29.17955689983848,25400.0,38498.0,476.23,180.0,0.8,0.2,0.0,0.0,C
3095,Cusset,C,1544.0,2349.0,477.0,2001.0,1.7918031829909833,2080.95758411191,7601.126156330047,3646.916259558033,39.50008740554222,24.11604242047656,20770.0,38498.0,1912.95,,0.2,0.4,0.4,0.0,ED
3096,Deneuille-lès-Chantelle,C,18.0,24.0,3.0,22.0,18.46281506067837,11.4943820224719,47.0224719101124,34.4831460674158,46.66666666666666,26.66666666666667,,38498.0,256.74,10.0,0.2,0.6,0.2,0.0,ED
3097,Deneuille-les-Mines,ED,54.0,60.0,11.0,79.0,7.170426010846294,60.8031409601873,203.8375088377354,87.3593502020773,45.1098825468173,25.219772323930435,23600.0,38498.0,1380.65,30.0,0.0,1.0,0.0,0.0,ED
3098,Désertines,ED,757.0,774.0,166.0,822.0,1.4569640610810948,603.416495813372,2355.3585244830583,1364.22497970357,41.93744254283933,23.1883478382478,22100.0,38498.0,,335.0,0.2,0.6,0.2,0.0,ED
3099,Deux-Chaises,C,69.0,83.0,22.0,65.0,13.595168579134604,52.4243142331545,215.16824799571447,112.407437771131,39.74261184649321,22.918915538619427,20760.0,38498.0,3609.59,20.0,0.8,0.2,0.0,0.0,C
3100,Diou,ED,150.0,229.0,70.0,289.0,6.9646915072597935,175.688541485371,760.1424953568401,418.168963157789,29.018448533568748,15.343811190124924,21080.0,85269.0,1580.97,90.0,0.2,0.8,0.0,0.0,ED
3101,Domérat,ED,1338.0,1607.0,326.0,1812.0,1.595121868214636,1245.057524374545,4611.021146976721,2808.921328648734,39.86504320313575,21.827211370611742,22590.0,85269.0,1491.98,580.0,0.6,0.4,0.0,0.0,C
3102,Dompierre-sur-Besbre,ED,439.0,530.0,117.0,579.0,4.540358744394619,393.0,1574.0,1003.0,32.919768403639374,15.715467328370556,21010.0,85269.0,3840.09,225.0,0.0,0.8,0.2,0.0,ED
3103,Le Donjon,ED,129.0,177.0,66.0,218.0,9.406657018813313,102.0,482.0,427.0,24.421296296296298,12.26851851851852,18540.0,85269.0,3752.76,65.0,0.2,0.8,0.0,0.0,ED
3104,Doyet,ED,156.0,188.0,38.0,244.0,3.945524000544697,188.246657624564,648.425713733761,292.327628641675,39.36650988195289,19.27570609949523,21120.0,85269.0,2332.86,85.0,0.4,0.6,0.0,0.0,ED
3105,Droiturier,ED,35.0,65.0,20.0,99.0,14.512442786582213,52.9024441991499,210.8740970346791,103.223458766171,32.30369156119539,15.834303391710518,20640.0,85269.0,338.36,35.0,0.0,1.0,0.0,0.0,ED
3106,Durdat-Larequille,ED,209.0,234.0,63.0,259.0,7.389681602645272,269.934770406503,760.8511555170069,286.21407407649,48.65606804522384,28.9751908162752,22540.0,85269.0,1700.61,80.0,0.4,0.6,0.0,0.0,ED
3107,Ebreuil,C,147.0,276.0,61.0,222.0,12.201409209641668,178.812996569977,702.510927259615,410.676076170408,40.064291153185486,23.19595975558745,,85269.0,2078.1,95.0,0.0,1.0,0.0,0.0,ED
3108,Echassières,G,69.0,69.0,21.0,41.0,25.28359022998711,45.3711051089131,169.61131642293293,154.017578468154,36.2219599444617,17.730145922383418,,85269.0,995.82,20.0,0.2,0.8,0.0,0.0,ED
3109,Escurolles,ED,106.0,134.0,33.0,171.0,2.278481012658228,159.0,480.0,158.0,41.76570458404075,20.2037351443124,21420.0,85269.0,1301.42,45.0,0.2,0.8,0.0,0.0,ED
3110,Espinasse-Vozelle,ED,133.0,215.0,31.0,217.0,3.226937201121715,159.970311197357,607.009626179283,206.020062623362,49.26006814484857,27.198141717090657,24210.0,85269.0,366.6,55.0,0.4,0.6,0.0,0.0,ED
3111,Estivareilles,ED,175.0,230.0,43.0,262.0,2.920634167740415,169.893631035511,641.834688815506,302.271680148983,41.06689204463498,20.578581989943828,23010.0,85269.0,445.9,60.0,0.2,0.8,0.0,0.0,ED
3112,Etroussat,ED,78.0,129.0,41.0,142.0,9.185287393325863,108.197425506149,402.632036650633,152.170537843218,31.963911508596293,16.275964387023574,,85269.0,1000.32,40.0,0.0,1.0,0.0,0.0,ED
3113,Ferrières-sur-Sichon,C,65.0,128.0,22.0,101.0,24.13785660079411,59.415135498195,274.05697063292496,172.52789386888,45.7040394457504,26.83479218150136,20330.0,85269.0,1417.71,35.0,0.2,0.6,0.2,0.0,ED
3114,La Ferté-Hauterive,ED,30.0,66.0,10.0,77.0,5.002654284420484,35.1457911207125,165.7420455671724,59.1121633121151,38.76663325496813,22.56439084955501,23540.0,85269.0,2083.05,10.0,0.4,0.6,0.0,0.0,ED
3115,Fleuriel,C,48.0,85.0,14.0,65.0,15.365171352929998,41.280123235219,212.86125668721112,84.8586200775699,45.72259957212813,24.88349126129055,23340.0,85269.0,1763.2,20.0,0.8,0.2,0.0,0.0,C
3116,Fourilles,ED,28.0,47.0,11.0,53.0,22.2663486913271,23.7966132307412,113.0476279302887,54.1557588389701,49.288602359100935,31.33706157374096,21920.0,85269.0,403.54,15.0,0.6,0.2,0.2,0.0,C
3117,Franchesse,ED,94.0,64.0,20.0,95.0,14.015452700217102,71.1695090946641,265.6608390862609,128.169651819075,50.85850473074687,30.278056834601635,19780.0,85269.0,3088.69,35.0,0.4,0.6,0.0,0.0,ED
3118,Gannat,C,746.0,996.0,221.0,952.0,2.9805503636565303,873.110793985192,3248.212579583654,1562.676626431154,37.60392246934197,20.6890814902644,20770.0,85269.0,1653.86,495.0,0.2,0.8,0.0,0.0,ED
3119,Gannay-sur-Loire,C,38.0,107.0,34.0,90.0,9.760854200090783,67.5804121015544,208.85296331230657,117.566624586139,41.73589526987461,21.547977361835287,20720.0,85269.0,2263.98,15.0,0.4,0.6,0.0,0.0,ED
3120,Garnat-sur-Engièvre,ED,84.0,122.0,26.0,176.0,6.488517518295835,104.855917785108,398.446545791914,168.697536422978,33.99083807059068,16.05182345572782,21670.0,85269.0,1902.26,40.0,0.0,1.0,0.0,0.0,ED
3121,Gennetines,ED,103.0,107.0,35.0,155.0,3.278006425319026,114.627289878786,367.058773570323,142.31393655089,48.642034876162,27.862999608496185,23840.0,85269.0,2746.18,25.0,0.6,0.4,0.0,0.0,C
3122,Gipcy,C,41.0,49.0,16.0,41.0,17.395004819872682,39.9250078226171,144.98349875210272,51.0914934252802,50.03449488086278,31.707315927754497,22070.0,85269.0,1376.04,20.0,0.6,0.2,0.2,0.0,C
3124,Gouise,ED,15.0,46.0,16.0,60.0,6.1946902654867255,44.0,138.0,38.0,43.97590361445783,20.48192771084337,22840.0,85269.0,1770.1,10.0,0.4,0.6,0.0,0.0,ED
3125,La Guillermie,ED,23.0,22.0,5.0,30.0,49.63968413247787,13.7741935483871,72.8064516129032,35.4193548387097,42.59259259259262,13.8888888888889,14110.0,85269.0,423.64,20.0,0.8,0.2,0.0,0.0,C
3126,Hauterive,ED,139.0,268.0,37.0,291.0,1.2702418357647465,167.566980029637,703.290067868333,315.14295210203,39.464054632078806,22.10427039155593,22750.0,85269.0,737.44,115.0,0.0,1.0,0.0,0.0,ED
3127,Hérisson,C,108.0,124.0,23.0,87.0,28.874734607218684,55.0,247.0,262.0,39.307535641547865,21.9959266802444,21930.0,85269.0,2021.28,45.0,0.4,0.4,0.2,0.0,C
3128,Huriel,ED,434.0,468.0,85.0,603.0,3.833976945384344,439.126283758121,1450.677815061039,678.19590118084,43.02503074737957,22.69562096370122,22370.0,85269.0,1513.0,170.0,0.2,0.8,0.0,0.0,ED
3129,Hyds,ED,51.0,69.0,17.0,75.0,12.036095129510551,37.7754692254381,160.22249776818393,103.002033006378,34.28803411863139,17.455378426576758,20730.0,85269.0,1301.21,20.0,0.0,1.0,0.0,0.0,ED
3130,Isle-et-Bardais,ED,29.0,50.0,11.0,74.0,38.14222985801245,37.8052096955362,154.56930237610408,85.6254879283597,41.54274490141152,21.8765527016072,21340.0,85269.0,1329.68,15.0,0.2,0.8,0.0,0.0,ED
3131,Isserpent,ED,57.0,88.0,24.0,144.0,11.86572509374661,102.760071760645,319.518110955947,137.721817283408,44.52575225144829,21.147450838635777,20450.0,85269.0,2143.14,35.0,0.4,0.4,0.2,0.0,C
3132,Jaligny-sur-Besbre,ED,58.0,97.0,27.0,153.0,11.485911317457472,78.2666514872728,282.20355838573425,195.529790126993,36.146609741111405,19.46545982787689,20390.0,85269.0,626.07,50.0,0.2,0.8,0.0,0.0,ED
3133,Jenzat,C,95.0,128.0,20.0,99.0,12.582672791653437,76.8095490553133,311.8522290288216,132.338221915864,52.11808486958801,32.062384847406506,21720.0,85269.0,739.5,30.0,0.2,0.8,0.0,0.0,ED
3134,Laféline,C,29.0,48.0,16.0,33.0,24.38370846730972,12.4259259259259,128.7777777777778,41.7962962962963,42.55319148936167,21.985815602836844,22420.0,85269.0,1904.57,15.0,0.6,0.4,0.0,0.0,C
3135,Lalizolle,ED,51.0,64.0,16.0,78.0,19.804969566222542,73.6896401850479,239.7729580232613,93.5374017916908,45.15032151247377,25.68595392706284,18680.0,85269.0,602.21,40.0,0.4,0.6,0.0,0.0,ED
3136,Lamaids,ED,41.0,23.0,2.0,45.0,6.086956521739131,46.0,118.0,42.0,39.21568627450981,19.607843137254903,20210.0,85269.0,473.03,15.0,0.2,0.8,0.0,0.0,ED
3137,Langy,G,60.0,42.0,9.0,59.0,10.409029737431304,62.8472368518603,152.77979855248088,58.3729645956588,46.88088612642902,18.05724106296248,22900.0,85269.0,199.79,10.0,0.4,0.4,0.2,0.0,C
3138,Lapalisse,ED,330.0,547.0,126.0,602.0,3.077280167745396,423.896408972684,1592.5367156294358,1110.56687539788,32.54656291771039,14.07965411668294,20090.0,85269.0,2303.55,245.0,0.0,1.0,0.0,0.0,ED
3139,Laprugne,ED,41.0,68.0,12.0,84.0,28.140937376680697,29.6931881830686,166.70299484653435,113.603816970397,33.25583888191721,16.048760549208126,18090.0,85269.0,426.26,20.0,0.0,1.0,0.0,0.0,ED
3140,Lavault-Sainte-Anne,C,199.0,219.0,43.0,183.0,1.96078431372549,184.0,571.0,383.0,40.95449500554939,22.752497225305216,23460.0,85269.0,395.58,80.0,0.2,0.8,0.0,0.0,ED
3141,Lavoine,C,21.0,73.0,11.0,30.0,33.58690593617471,16.8888888888889,86.43137254901958,48.6797385620915,51.16279069767437,26.356589147286773,19490.0,85269.0,530.46,15.0,0.6,0.2,0.2,0.0,C
3142,Lenax,ED,23.0,46.0,15.0,75.0,28.69302173585061,30.9303807277027,140.5810650111871,78.4885542611102,35.46498877530962,16.384948726606797,18770.0,85269.0,1531.57,25.0,0.0,1.0,0.0,0.0,ED
3143,Lételon,ED,13.0,22.0,4.0,23.0,24.09326577332089,9.89130434782609,63.30434782608691,17.804347826087,31.999999999999982,15.999999999999998,,85269.0,813.02,5.0,0.0,1.0,0.0,0.0,ED
3144,Liernolles,C,10.0,54.0,10.0,54.0,12.493257093537672,20.621761658031,105.1709844559579,73.2072538860101,36.4197530864198,19.135802469135847,20770.0,85269.0,3737.65,5.0,0.6,0.4,0.0,0.0,C
3145,Lignerolles,C,142.0,165.0,25.0,137.0,3.581267217630854,143.0,453.0,162.0,54.30579964850615,34.62214411247803,24080.0,85269.0,483.64,40.0,0.6,0.4,0.0,0.0,C
3146,Limoise,C,21.0,30.0,17.0,29.0,9.574468085106384,26.0,106.0,44.0,42.96875,28.90625,21110.0,85269.0,1393.36,10.0,0.6,0.2,0.2,0.0,C
3147,Loddes,ED,25.0,34.0,10.0,45.0,22.1322651236188,21.2545454545454,93.11515151515172,52.6303030303029,50.74626865671651,21.64179104477617,18880.0,85269.0,1723.1,10.0,0.2,0.4,0.4,0.0,ED
3148,Loriges,ED,29.0,50.0,12.0,112.0,4.90360386257001,88.3166140751457,209.8112468270422,55.8721390978121,34.4991358806208,12.918384568495023,21710.0,85269.0,868.26,20.0,0.0,1.0,0.0,0.0,ED
3149,Louchy-Montfand,C,78.0,120.0,28.0,77.0,8.898305084745763,49.0,251.0,106.0,43.85964912280701,26.900584795321635,,85269.0,414.19,30.0,0.6,0.4,0.0,0.0,C
3150,Louroux-Bourbonnais,G,61.0,43.0,14.0,41.0,19.76744186046512,26.0,122.0,58.0,46.24277456647399,26.589595375722546,20420.0,85269.0,1941.42,20.0,0.4,0.2,0.4,0.0,C
3151,Louroux-de-Beaune,C,27.0,42.0,21.0,24.0,20.588007071334086,32.9842931937173,95.1832460732984,51.8324607329843,49.65034965034971,37.06293706293712,21050.0,85269.0,534.46,15.0,0.8,0.2,0.0,0.0,C
3152,Louroux-de-Bouble,G,48.0,33.0,11.0,40.0,34.801762114537446,24.0,125.0,79.0,34.21052631578947,15.789473684210526,20790.0,85269.0,551.64,20.0,0.0,1.0,0.0,0.0,ED
3154,Luneau,ED,31.0,56.0,17.0,68.0,11.765489812225006,47.2910831455326,146.08982199086557,75.6190948636018,31.415371821853416,12.852653507921824,19280.0,85269.0,2247.49,10.0,0.2,0.8,0.0,0.0,ED
3155,Lurcy-Lévis,ED,229.0,323.0,95.0,369.0,9.783502955093134,284.572191706436,962.299181736934,605.12862655663,33.21319951912168,16.035748078172766,20010.0,85269.0,5603.53,130.0,0.2,0.4,0.4,0.0,ED
3156,Lusigny,C,182.0,378.0,72.0,323.0,4.396984924623116,299.0,949.0,385.0,43.846780766096174,24.61287693561532,22870.0,85269.0,2919.29,70.0,0.6,0.4,0.0,0.0,C
3157,Magnet,ED,136.0,159.0,34.0,264.0,1.7319418650707623,239.545334005651,644.778240271776,161.676425722573,44.47568012145382,22.776941646781378,22400.0,85269.0,467.61,65.0,0.4,0.6,0.0,0.0,ED
3158,Haut-Bocage,ED,117.0,167.0,39.0,169.0,12.398373983739836,109.0,562.0,179.0,45.40059347181009,20.178041543026705,20780.0,85269.0,5299.82,55.0,0.6,0.2,0.2,0.0,C
3159,Malicorne,ED,129.0,128.0,17.0,206.0,5.7607001496882,124.215972674075,467.58994400052,176.194083325404,30.890527027559976,13.926908138402505,21660.0,85269.0,847.37,65.0,0.0,1.0,0.0,0.0,ED
3160,Marcenat,C,45.0,78.0,22.0,78.0,1.7684369443081234,66.965692200601,232.74302635609672,76.2912814433023,43.772862331753,24.699800862971653,22920.0,85269.0,1157.12,25.0,0.2,0.8,0.0,0.0,ED
3161,Marcillat-en-Combraille,C,103.0,263.0,35.0,167.0,16.363636363636363,146.0,505.0,256.0,43.96067415730337,24.01685393258427,21440.0,85269.0,3113.93,60.0,0.6,0.4,0.0,0.0,C
3162,Marigny,C,23.0,45.0,21.0,41.0,5.310208111917611,40.0,102.0,58.0,57.71812080536913,40.26845637583892,23890.0,85269.0,1144.6,10.0,0.6,0.2,0.2,0.0,C
3163,Mariol,ED,113.0,131.0,32.0,210.0,4.038776056811595,84.9147025832731,427.2069382410789,183.878359175648,36.75855177755463,18.24513745261487,22640.0,85269.0,472.25,60.0,0.2,0.8,0.0,0.0,ED
3164,Le Mayet-d'Ecole,ED,28.0,64.0,12.0,89.0,7.734806629834254,56.0,157.0,92.0,37.55458515283843,16.593886462882097,,85269.0,471.78,20.0,0.2,0.8,0.0,0.0,ED
3165,Le Mayet-de-Montagne,C,186.0,302.0,55.0,229.0,9.959416530041278,184.706007150378,727.0649046371731,476.229088212449,31.49966830404796,13.746628435818314,19350.0,85269.0,1511.54,115.0,0.2,0.8,0.0,0.0,ED
3166,Mazerier,C,44.0,81.0,21.0,55.0,13.811207044729596,41.4214142135312,192.8108970169456,85.7676887695232,39.8624318910904,23.205503137993453,23360.0,85269.0,1033.74,20.0,0.2,0.8,0.0,0.0,ED
3167,Mazirat,ED,40.0,57.0,15.0,60.0,28.81831890383557,43.2550415688893,162.50236941525293,74.2425890158578,42.23041655001968,26.89320558541351,21590.0,85269.0,1976.87,20.0,0.4,0.2,0.4,0.0,C
3168,Meaulne-Vitray,ED,145.0,160.0,61.0,251.0,17.57845266173148,123.650104248785,516.0630584051811,267.286837346035,34.50917425947003,19.34640360309558,21490.0,85269.0,1687.45,70.0,0.0,1.0,0.0,0.0,ED
3169,Meillard,C,43.0,61.0,20.0,59.0,17.77777777777778,60.0,173.0,74.0,44.49152542372881,25.0,21650.0,85269.0,1583.29,15.0,0.6,0.2,0.2,0.0,C
3170,Meillers,C,29.0,42.0,4.0,20.0,18.29303846337542,13.8914728682171,78.38759689922479,35.7209302325581,58.71559633027525,37.61467889908258,24080.0,85269.0,1285.35,5.0,0.6,0.2,0.2,0.0,C
3171,Mercy,C,37.0,54.0,9.0,40.0,10.059800045893192,47.9340407559205,137.5714704586536,58.4944887854259,38.297186344764434,19.948331229573387,21340.0,85269.0,1981.72,15.0,0.4,0.6,0.0,0.0,ED
3172,Mesples,ED,12.0,23.0,8.0,30.0,22.980034400923223,16.9172932330827,62.03007518797,46.0526315789473,33.92857142857136,16.07142857142854,19870.0,85269.0,1553.65,10.0,0.0,1.0,0.0,0.0,ED
3173,Molinet,ED,142.0,235.0,59.0,245.0,2.934969772735709,170.125204276679,634.016568342056,315.858227381265,33.01583124188316,15.648784565036056,20790.0,85269.0,2299.64,75.0,0.0,1.0,0.0,0.0,ED
3174,Molles,C,116.0,217.0,53.0,199.0,7.076260952373012,167.188281370156,570.297720817689,178.513997812156,49.169397805213045,26.750230820305937,23100.0,85269.0,1833.97,55.0,0.6,0.4,0.0,0.0,C
3175,Monestier,ED,43.0,55.0,13.0,66.0,26.61214096239653,42.7418626707194,173.3007239774314,63.9574133518492,44.265030375709394,23.848296355536792,21000.0,85269.0,1127.42,20.0,0.0,1.0,0.0,0.0,ED
3176,Monétay-sur-Allier,C,69.0,138.0,26.0,125.0,8.273405660375161,86.6063336416196,319.4145488556374,131.979117502743,47.23208164042779,26.071310080559755,21810.0,85269.0,761.88,30.0,0.4,0.6,0.0,0.0,ED
3177,Monétay-sur-Loire,ED,42.0,61.0,14.0,80.0,15.062101312374526,22.3899864132578,148.38371340763467,78.2263001791075,37.173388057541096,13.607581597788398,18640.0,85269.0,2241.73,15.0,0.4,0.6,0.0,0.0,ED
3178,Montaiguët-en-Forez,ED,33.0,57.0,16.0,65.0,9.797674526283902,40.3649532255661,143.3863674777379,101.248679296696,29.75341653331409,14.044636202461827,18200.0,85269.0,2158.11,20.0,0.2,0.8,0.0,0.0,ED
3179,Montaigu-le-Blin,ED,36.0,84.0,20.0,86.0,17.050691244239633,42.0,166.0,93.0,48.16326530612245,24.081632653061224,20670.0,85269.0,760.15,25.0,0.4,0.6,0.0,0.0,ED
3180,Montbeugny,ED,70.0,132.0,31.0,168.0,4.6846849139569775,130.363154093368,401.08679739712994,113.550048509501,43.42833896783074,23.670306948395485,21720.0,85269.0,1101.4,35.0,0.2,0.8,0.0,0.0,ED
3181,Montcombroux-les-Mines,ED,46.0,63.0,9.0,70.0,39.35018050541516,33.0,148.0,114.0,32.15686274509804,14.901960784313726,20090.0,85269.0,1445.5,30.0,0.0,1.0,0.0,0.0,ED
3182,Monteignet-sur-l'Andelot,ED,30.0,46.0,21.0,57.0,9.998682888128018,56.0938436465407,138.0811691425298,72.8249872109295,45.786658308125,27.21484878926602,,85269.0,1197.04,20.0,0.2,0.8,0.0,0.0,ED
3183,Le Montet,C,49.0,75.0,17.0,64.0,4.05412013116363,51.2473998679864,210.4523743926976,207.300225739316,26.73493200154116,12.055815177619737,20430.0,85269.0,210.72,30.0,0.2,0.8,0.0,0.0,ED
3184,Montilly,ED,69.0,109.0,29.0,111.0,3.738665764238183,86.0338849711319,289.15828654918005,120.807828479687,53.5834295183388,30.612416034285527,24980.0,85269.0,1334.57,25.0,0.2,0.8,0.0,0.0,ED
3185,Montluçon,C,4440.0,4731.0,1126.0,4544.0,3.175877236550749,4511.5629583302825,19334.988518321094,9470.448523348618,38.965759052899344,21.525453481125524,19420.0,85269.0,2.9,,1.0,0.0,0.0,0.0,C
3186,Montmarault,ED,190.0,209.0,60.0,247.0,3.3934252386002126,233.0,777.0,512.0,30.71841453344344,13.955408753096616,19010.0,85269.0,1009.51,135.0,0.2,0.8,0.0,0.0,ED
3187,Montoldre,ED,47.0,78.0,23.0,141.0,7.21127810592909,80.004644641736,256.982839317245,265.01251604102,27.207405941753294,12.58126735617604,21840.0,85269.0,808.06,30.0,0.0,1.0,0.0,0.0,ED
3188,Montord,C,29.0,50.0,5.0,47.0,5.084745762711865,36.0,122.0,51.0,37.95180722891566,21.0843373493976,22050.0,85269.0,450.84,15.0,0.2,0.8,0.0,0.0,ED
3189,Montvicq,ED,111.0,139.0,25.0,153.0,11.787586628434156,117.4064293136,400.641664815847,178.951905870553,43.04598160536865,25.184904889478144,20680.0,85269.0,816.06,70.0,0.0,1.0,0.0,0.0,ED
3190,Moulins,C,2193.0,3072.0,653.0,2426.0,3.781442048544967,2766.3865431049508,11669.6790667718,4907.934390123228,41.62272404297413,26.249131912868247,,85269.0,256.74,,0.8,0.0,0.2,0.0,C
3191,Murat,G,60.0,48.0,13.0,38.0,21.97675462246825,43.2788032575297,159.7807854264799,63.9404113159904,32.90825121742096,18.5200606251741,19300.0,85269.0,1734.44,15.0,0.0,1.0,0.0,0.0,ED
3192,Nades,C,13.0,25.0,5.0,24.0,27.87124266507068,14.5536234271328,98.81526472966,44.6311118432072,47.72022869396017,29.72841407350116,20080.0,85269.0,592.45,5.0,0.6,0.4,0.0,0.0,C
3193,Nassigny,C,31.0,40.0,6.0,39.0,19.881458478181614,43.7967914438502,120.9625668449199,30.2406417112299,53.38345864661665,28.57142857142864,21980.0,85269.0,629.17,15.0,0.2,0.8,0.0,0.0,ED
3194,Naves,C,25.0,31.0,4.0,26.0,30.68117935676077,16.7935483870968,83.96774193548382,36.2387096774194,47.2440944881889,27.55905511811018,22190.0,85269.0,73.09,10.0,0.4,0.2,0.4,0.0,C
3195,Néris-les-Bains,C,336.0,577.0,129.0,405.0,27.290014328037017,306.095578486876,1193.3084961315958,941.595925381528,51.68076999903833,35.15078392891765,23450.0,85269.0,1975.36,140.0,0.6,0.4,0.0,0.0,C
3196,Neuilly-en-Donjon,C,35.0,43.0,16.0,38.0,16.447368421052634,26.0,94.0,78.0,38.095238095238095,14.88095238095238,18380.0,85269.0,2437.96,15.0,0.4,0.4,0.2,0.0,C
3197,Neuilly-le-Réal,C,214.0,337.0,65.0,307.0,5.501978400717072,253.998713586722,832.166480517024,353.834805896254,43.75106345706756,24.017348228158816,23230.0,85269.0,3061.26,70.0,0.6,0.4,0.0,0.0,C
3198,Neure,ED,31.0,23.0,14.0,51.0,9.174311926605505,36.0,112.0,53.0,33.11688311688312,16.883116883116884,21380.0,85269.0,861.36,10.0,0.0,1.0,0.0,0.0,ED
3200,Neuvy,C,245.0,435.0,75.0,249.0,2.985448024509723,178.200948267618,815.394169276481,493.404882455901,45.375536427616055,26.029927019982008,25570.0,6192.0,758.36,60.0,0.2,0.8,0.0,0.0,ED
3201,Nizerolles,ED,42.0,62.0,15.0,65.0,14.166774455212304,37.8770404126373,174.91418413387655,75.2087754534861,40.156892852890046,20.794343109976808,18970.0,6192.0,1419.84,20.0,0.4,0.6,0.0,0.0,ED
3202,Noyant-d'Allier,C,106.0,127.0,30.0,114.0,28.278420344896187,68.5802367088658,285.89408516583524,244.5256781253,38.30058479003952,21.950461277409875,19430.0,6192.0,1686.1,45.0,0.4,0.6,0.0,0.0,ED
3203,Paray-le-Frésil,ED,54.0,67.0,17.0,95.0,9.07642741204254,34.483881868104,211.769573770094,132.746544361801,36.70418013695426,16.685564885263265,20240.0,6192.0,1804.45,25.0,0.4,0.6,0.0,0.0,ED
3204,Paray-sous-Briailles,ED,82.0,114.0,38.0,162.0,1.3238794962235032,100.524772542167,387.6551428838041,126.82008457403,38.08684794177907,19.295440726985387,22250.0,6192.0,3156.44,45.0,0.2,0.8,0.0,0.0,ED
3205,Périgny,ED,57.0,70.0,28.0,124.0,3.2442138581758204,98.299530246532,266.99357200779195,104.706897745676,37.77588837847222,17.80270310272644,20560.0,6192.0,2439.64,30.0,0.2,0.8,0.0,0.0,ED
3206,La Petite-Marche,C,26.0,40.0,14.0,31.0,42.494133191757285,19.7604790419162,96.8263473053892,48.4131736526946,47.82608695652157,23.91304347826075,17890.0,6192.0,781.21,15.0,0.4,0.4,0.2,0.0,C
3207,Pierrefitte-sur-Loire,ED,65.0,77.0,33.0,126.0,12.94094279447702,64.3305589794377,302.1720555448533,142.497385475709,36.03914343653615,18.09307519934378,21530.0,6192.0,2049.36,25.0,0.4,0.6,0.0,0.0,ED
3208,Le Pin,ED,38.0,76.0,13.0,95.0,5.807435124837163,93.5622656137308,246.3501779159908,91.0875564702784,35.2362252410785,14.767619570578058,18120.0,6192.0,1521.96,35.0,0.6,0.4,0.0,0.0,C
3209,Poëzat,ED,23.0,33.0,9.0,41.0,9.645639112564677,33.2185430463576,86.5695364238411,32.2119205298013,39.44954128440354,21.100917431192595,23850.0,6192.0,615.31,10.0,0.4,0.6,0.0,0.0,ED
3210,Pouzy-Mésangy,ED,82.0,59.0,10.0,87.0,14.391143911439114,54.0,211.0,118.0,42.94871794871795,21.7948717948718,21920.0,6192.0,2641.83,20.0,0.4,0.6,0.0,0.0,ED
3211,Prémilhat,C,372.0,514.0,97.0,455.0,1.0119083464166836,311.985876509597,1418.9205953785531,782.09352811185,41.40501177992599,24.36229329944869,24280.0,6192.0,935.21,135.0,0.2,0.8,0.0,0.0,ED
3212,Quinssaines,ED,176.0,320.0,68.0,355.0,1.304431400359943,315.601560805612,896.216588700837,327.181850493551,46.02386430295501,25.34773108348561,23880.0,6192.0,1588.42,65.0,0.4,0.6,0.0,0.0,ED
3213,Reugny,C,47.0,66.0,7.0,61.0,6.173412221032538,38.7180612164479,138.4996398534687,84.7822989300824,37.54610801897592,19.15642064560172,22020.0,6192.0,833.52,20.0,0.2,0.8,0.0,0.0,ED
3214,Rocles,ED,42.0,55.0,15.0,63.0,5.357142857142857,51.0,174.0,105.0,36.09022556390977,18.045112781954884,20740.0,6192.0,2709.96,20.0,0.0,1.0,0.0,0.0,ED
3215,Rongères,ED,59.0,131.0,24.0,136.0,3.2830796247244067,98.6603188700779,325.4585048186571,127.881176311265,33.53465119863589,18.445423122105908,22700.0,6192.0,824.27,20.0,0.0,1.0,0.0,0.0,ED
3216,Ronnet,C,21.0,38.0,20.0,25.0,12.586472122165716,19.5096774193549,93.21290322580718,55.2774193548389,55.4687500000001,39.843750000000064,19540.0,6192.0,1223.4,10.0,0.6,0.2,0.2,0.0,C
3217,Saint-Angel,ED,123.0,154.0,27.0,174.0,2.273078172386057,110.55409632047,473.527741217551,168.918162461978,43.59064143579598,25.82678851716076,24690.0,6192.0,2463.58,30.0,0.2,0.8,0.0,0.0,ED
3218,Saint-Aubin-le-Monial,C,45.0,56.0,14.0,56.0,15.364125348480512,38.9416373436915,163.2539047369385,63.80445791937,44.4365409328956,26.10644913615092,23110.0,6192.0,1385.85,15.0,0.8,0.2,0.0,0.0,C
3219,Saint-Bonnet-de-Four,ED,20.0,42.0,8.0,52.0,14.527330699049523,42.6424267835552,121.7619327094053,58.5956405070395,39.21448928008196,17.37771357643549,22480.0,6192.0,1928.67,15.0,0.0,1.0,0.0,0.0,ED
3220,Saint-Bonnet-de-Rochefort,C,99.0,152.0,38.0,119.0,14.922135320055563,134.033320220567,423.054657847938,156.912021931495,45.10952862786924,26.955176266999864,21880.0,6192.0,1234.03,55.0,0.8,0.2,0.0,0.0,C
3221,Saint-Bonnet-Tronçais,ED,70.0,140.0,50.0,161.0,17.505054745013286,82.8988768546616,355.65498596355644,300.446137181783,30.10877429213592,15.137456138764934,20830.0,6192.0,1034.67,50.0,0.0,1.0,0.0,0.0,ED
3222,Saint-Caprais,ED,23.0,13.0,5.0,25.0,21.702947740448423,14.126213592233,57.4466019417476,25.4271844660194,48.78048780487801,32.9268292682927,,6192.0,1397.21,10.0,0.4,0.6,0.0,0.0,ED
3223,Saint-Christophe,ED,51.0,94.0,28.0,115.0,7.174179636524744,58.2414433998186,275.0308346687339,97.7277219314485,40.82382609772819,23.595665775198977,22230.0,6192.0,2523.27,35.0,0.2,0.8,0.0,0.0,ED
3224,Saint-Clément,C,46.0,87.0,21.0,58.0,41.59009857837636,31.1085224996873,169.2887148893493,83.6027626109634,39.64215206725925,22.90371223765741,,6192.0,841.23,25.0,0.8,0.2,0.0,0.0,C
3225,Saint-Désiré,ED,70.0,85.0,23.0,90.0,14.82358652975578,66.8101588307285,247.1915548219745,114.998286347297,41.82025174865941,22.57274641730973,19270.0,6192.0,2657.25,35.0,0.0,1.0,0.0,0.0,ED
3226,Saint-Didier-en-Donjon,ED,28.0,37.0,8.0,58.0,6.177258270637742,43.1606774609871,149.40803072211,52.4312918169029,41.09629632583289,15.783245699346606,18300.0,6192.0,2942.24,10.0,0.2,0.8,0.0,0.0,ED
3227,Saint-Didier-la-Forêt,ED,41.0,68.0,16.0,101.0,7.268828872374342,70.6843849137248,258.70409645439,58.6115186318852,53.6616590806305,30.98128967004029,21710.0,6192.0,1508.54,30.0,0.8,0.2,0.0,0.0,C
3228,Saint-Eloy-d'Allier,ED,5.0,13.0,5.0,23.0,2.5,7.0,20.0,29.0,33.33333333333333,20.833333333333336,,6192.0,748.89,5.0,0.2,0.8,0.0,0.0,ED
3229,Saint-Ennemond,ED,67.0,120.0,36.0,135.0,5.1615955234891295,111.49438462888,360.3525283517831,147.153087019338,41.22599908938793,20.34130828145454,,6192.0,2166.58,35.0,0.2,0.8,0.0,0.0,ED
3230,Saint-Etienne-de-Vicq,ED,68.0,104.0,18.0,129.0,5.769230769230769,113.0,314.0,100.0,51.42857142857142,28.57142857142857,,6192.0,1935.24,35.0,0.2,0.8,0.0,0.0,ED
3231,Saint-Fargeol,C,26.0,55.0,14.0,29.0,29.518072289156628,28.0,103.0,56.0,45.751633986928105,30.065359477124183,21260.0,6192.0,790.75,15.0,0.6,0.2,0.2,0.0,C
3232,Saint-Félix,ED,49.0,63.0,17.0,70.0,3.4296581577044174,33.3133704880562,189.5639285207783,62.1227009911655,40.614137780327866,16.09593503555766,22730.0,6192.0,886.25,15.0,0.0,1.0,0.0,0.0,ED
3233,Saint-Genest,ED,49.0,82.0,13.0,87.0,3.804160594589877,77.8471294832914,244.3687530058037,65.7841175109049,47.00151463200682,29.63404755862824,24070.0,6192.0,984.22,25.0,0.6,0.4,0.0,0.0,C
3234,Saint-Gérand-de-Vaux,ED,50.0,64.0,22.0,114.0,10.736976052798497,70.6799507200529,229.6151386159098,94.7049106640373,37.062665098632245,16.898317069596544,,6192.0,2074.1,30.0,0.4,0.6,0.0,0.0,ED
3235,Saint-Gérand-le-Puy,ED,111.0,130.0,32.0,211.0,6.4648867173523,131.353494522665,525.822311626871,298.824193850464,33.39697116213065,16.495636506468863,,6192.0,2602.77,50.0,0.4,0.6,0.0,0.0,ED
3236,Saint-Germain-des-Fossés,ED,447.0,623.0,136.0,674.0,3.0394156645904267,586.421927785089,2118.924356354727,894.653715860184,36.59337348666053,19.32934364216096,20490.0,6192.0,291.2,290.0,0.0,1.0,0.0,0.0,ED
3237,Saint-Germain-de-Salles,ED,58.0,97.0,17.0,106.0,12.15528229986944,61.3548645592338,251.0612851428152,113.583850297951,30.260382014622145,19.319449782149363,22420.0,6192.0,760.42,25.0,0.0,1.0,0.0,0.0,ED
3238,Saint-Hilaire,ED,78.0,62.0,15.0,98.0,16.798492047221693,63.6613683610273,304.2761618944547,140.062469744518,30.731172908939342,17.158380504574655,20960.0,6192.0,797.2,35.0,0.0,1.0,0.0,0.0,ED
3239,Saint-Léger-sur-Vouzance,C,49.0,54.0,11.0,38.0,6.666666666666667,30.0,149.0,80.0,28.240740740740737,15.27777777777778,20580.0,6192.0,1355.52,5.0,0.2,0.8,0.0,0.0,ED
3240,Saint-Léon,ED,84.0,100.0,33.0,142.0,13.970622263076828,56.867899853104,296.98506493369,179.147035213206,35.375402182690245,18.093899550487496,19800.0,6192.0,2283.59,40.0,0.2,0.8,0.0,0.0,ED
3241,Saint-Léopardin-d'Augy,ED,56.0,59.0,17.0,84.0,8.025346105375883,62.9499287191703,206.26546371792736,94.7846075629013,45.56176773289162,21.28645337521148,18540.0,6192.0,2005.54,30.0,0.0,1.0,0.0,0.0,ED
3242,Saint-Loup,ED,59.0,123.0,21.0,193.0,1.6849705146218308,97.6294374933925,310.7226726200625,163.647889886545,32.166434705177664,15.278212549350853,21770.0,6192.0,275.78,30.0,0.2,0.8,0.0,0.0,ED
3243,Saint-Marcel-en-Murat,C,31.0,32.0,9.0,31.0,10.0,12.0,74.0,43.0,45.04504504504504,25.225225225225223,24150.0,6192.0,2015.82,5.0,0.4,0.6,0.0,0.0,ED
3244,Saint-Marcel-en-Marcillat,C,13.0,38.0,15.0,36.0,34.984172315092046,13.4736842105263,77.9548872180451,36.5714285714286,49.10714285714265,27.67857142857128,22040.0,6192.0,909.86,10.0,0.8,0.0,0.2,0.0,C
3245,Saint-Martin-des-Lais,ED,15.0,23.0,13.0,31.0,10.892719885802142,20.1612903225806,79.6370967741936,25.2016129032258,37.755102040816375,18.36734693877552,22140.0,6192.0,1832.1,5.0,0.0,1.0,0.0,0.0,ED
3246,Saint-Martinien,ED,80.0,109.0,21.0,136.0,3.752815964326828,105.494614129484,354.193621266527,135.311764603988,46.80977613138923,26.85512711496912,21890.0,6192.0,1447.07,20.0,0.6,0.4,0.0,0.0,C
3247,Saint-Menoux,G,279.0,165.0,41.0,148.0,4.482380413784991,239.924127185959,650.544661677635,244.531211136406,49.4207116403572,25.568995853937647,21130.0,6192.0,1236.15,75.0,0.6,0.4,0.0,0.0,C
3248,Saint-Nicolas-des-Biefs,C,23.0,45.0,4.0,43.0,63.08061622598494,7.76086956521737,85.36956521739152,59.8695652173911,46.51162790697686,31.782945736434183,18720.0,6192.0,112.13,15.0,0.6,0.0,0.4,0.0,C
3249,Saint-Palais,ED,37.0,28.0,8.0,55.0,21.799243817398096,19.3827160493827,77.53086419753089,60.0864197530864,31.38686131386852,18.978102189780977,19530.0,6192.0,1063.09,15.0,0.0,1.0,0.0,0.0,ED
3250,Saint-Pierre-Laval,C,44.0,100.0,24.0,76.0,15.390249207800032,49.7949988995423,189.6467777565877,125.55822334387,36.33846401076939,16.942508101172464,19890.0,6192.0,1196.43,20.0,0.4,0.6,0.0,0.0,ED
3251,Saint-Plaisir,G,97.0,64.0,14.0,85.0,15.172413793103448,57.0,231.0,135.0,37.32193732193732,19.65811965811966,21410.0,6192.0,4024.51,25.0,0.4,0.4,0.2,0.0,C
3252,Saint-Pont,C,74.0,160.0,40.0,143.0,6.801476492919679,140.690388095575,447.673538445912,103.636073458513,51.65895383326009,29.29193620679816,23790.0,6192.0,737.14,50.0,0.6,0.4,0.0,0.0,C
3253,Saint-Pourçain-sur-Besbre,C,37.0,92.0,19.0,87.0,6.585268539575101,57.6332311870625,231.5789119635094,78.7878568494281,34.54619651375951,15.887300799621906,21440.0,6192.0,1999.62,15.0,0.2,0.6,0.2,0.0,ED
3254,Saint-Pourçain-sur-Sioule,C,537.0,1036.0,208.0,921.0,3.1379310344827585,676.0,2704.0,1514.0,35.56962025316456,18.60759493670886,20970.0,6192.0,1706.17,360.0,0.6,0.4,0.0,0.0,C
3255,Saint-Priest-d'Andelot,ED,25.0,23.0,8.0,41.0,3.3707865168539324,22.0,100.0,24.0,45.76271186440678,24.57627118644068,,6192.0,557.05,15.0,0.4,0.6,0.0,0.0,ED
3256,Saint-Priest-en-Murat,ED,22.0,37.0,13.0,43.0,11.254624445668762,30.5741626794258,130.4497607655503,51.9760765550239,40.60606060606054,16.969696969696933,20580.0,6192.0,2359.45,15.0,0.0,1.0,0.0,0.0,ED
3257,Saint-Prix,ED,100.0,166.0,29.0,196.0,6.111116294707331,122.289947851899,467.817348156724,194.892703991377,38.87857144447991,18.104798880393577,21930.0,6192.0,1672.72,40.0,0.0,1.0,0.0,0.0,ED
3258,Saint-Rémy-en-Rollat,ED,163.0,415.0,72.0,424.0,1.8227924818704395,307.446666924654,1072.429708374067,389.123624701279,44.36036181957649,25.18978232546053,24140.0,6192.0,784.0,125.0,0.2,0.8,0.0,0.0,ED
3259,Saint-Sauvier,ED,58.0,55.0,19.0,67.0,22.19916030724056,42.4006697043013,174.40986766696471,107.189462628735,42.5826200562006,24.35778114558115,20060.0,6192.0,1487.77,35.0,0.2,0.6,0.2,0.0,ED
3260,Saint-Sornin,ED,40.0,32.0,17.0,52.0,24.8570550214979,35.1976706120869,129.0885747476302,55.7137546402829,25.40060357013647,11.563302575947464,17210.0,6192.0,1820.63,10.0,0.4,0.6,0.0,0.0,ED
3261,Sainte-Thérence,C,34.0,42.0,10.0,42.0,10.569105691056912,24.0,120.0,35.0,41.37931034482759,21.379310344827587,23890.0,6192.0,894.26,15.0,0.6,0.4,0.0,0.0,C
3262,Saint-Victor,C,246.0,491.0,130.0,479.0,1.2957399724113698,349.14274998641,1141.874059045191,586.983190968399,47.36436720577781,28.008515081639523,24700.0,6192.0,1239.46,120.0,0.4,0.6,0.0,0.0,ED
3263,Saint-Voir,ED,17.0,24.0,10.0,34.0,7.627118644067797,25.0,129.0,47.0,47.30538922155689,22.15568862275449,21750.0,6192.0,1410.63,10.0,0.4,0.6,0.0,0.0,ED
3264,Saint-Yorre,ED,339.0,464.0,98.0,534.0,1.4781070130224032,425.826466713505,1489.794446050088,702.379087236407,38.0480689193605,21.54808339921333,21180.0,6192.0,35.0,225.0,0.0,1.0,0.0,0.0,ED
3265,Saligny-sur-Roudon,ED,72.0,137.0,56.0,141.0,10.976967562401462,81.2994393691909,384.0211329726882,182.679427658121,34.12268014942605,17.634180516561337,19380.0,6192.0,3971.35,50.0,0.2,0.6,0.2,0.0,ED
3266,Sanssat,ED,31.0,45.0,17.0,63.0,5.995399363685032,54.2281841966411,166.5717661343931,56.2000496689658,38.90630901003068,19.673812424605355,20870.0,6192.0,1374.37,15.0,0.0,1.0,0.0,0.0,ED
3267,Saulcet,ED,103.0,159.0,38.0,171.0,6.879234995830953,94.4439804637447,393.3933048456004,163.162714690655,41.36782762969303,23.389637261160047,23210.0,6192.0,1032.22,30.0,0.4,0.6,0.0,0.0,ED
3268,Saulzet,C,48.0,100.0,17.0,100.0,6.594827449632061,59.198396806581,229.193907912403,103.607695281016,39.23802786665559,21.90325893682285,23130.0,6192.0,821.53,25.0,0.6,0.4,0.0,0.0,C
3269,Sauvagny,C,6.0,25.0,16.0,19.0,7.624360762436068,12.1463414634146,51.6219512195122,19.2317073170732,55.55555555555549,30.15873015873014,,6192.0,1546.11,5.0,0.6,0.4,0.0,0.0,C
3270,Sazeret,C,12.0,34.0,19.0,32.0,25.842696629213485,25.0,95.0,20.0,45.54455445544555,19.8019801980198,19440.0,6192.0,2255.46,15.0,0.8,0.2,0.0,0.0,C
3271,Serbannes,C,110.0,236.0,47.0,204.0,4.6011286584276405,118.592409178947,492.948707086181,214.458883734869,49.706928210558566,32.472420067447075,25480.0,6192.0,463.83,50.0,0.4,0.6,0.0,0.0,ED
3272,Servilly,ED,35.0,43.0,12.0,87.0,11.576493140296702,45.3483942729477,157.5762375619363,70.075368165116,27.15959228816764,13.932032624278015,18460.0,6192.0,414.81,25.0,0.0,0.8,0.2,0.0,ED
3273,Seuillet,C,67.0,112.0,19.0,97.0,1.852359287760042,80.7942860445949,300.3870434755771,101.818670479828,36.31559576776109,17.524476059200783,22670.0,6192.0,143.3,25.0,0.4,0.6,0.0,0.0,ED
3274,Sorbier,ED,34.0,51.0,17.0,71.0,11.119775256224385,54.0040280565937,186.6843527809745,80.3116191624318,31.52116671382215,16.579753088586596,19770.0,6192.0,1890.64,20.0,0.6,0.4,0.0,0.0,C
3275,Souvigny,ED,284.0,311.0,89.0,380.0,5.059299002302905,233.263870793937,1010.2563992587128,473.47972994735,39.96943630118427,20.94004204532235,21640.0,6192.0,3096.67,120.0,0.2,0.8,0.0,0.0,ED
3276,Sussat,C,11.0,30.0,5.0,27.0,34.81837332804009,14.4495412844037,61.651376146789005,28.8990825688073,41.75824175824176,26.37362637362637,20580.0,6192.0,306.54,5.0,0.6,0.2,0.2,0.0,C
3277,Target,G,55.0,54.0,21.0,54.0,14.927271485835936,35.9404671691058,156.2643150430672,54.795217787827,33.433071112374755,13.86710042849781,21250.0,6192.0,2185.01,20.0,0.6,0.2,0.2,0.0,C
3278,Taxat-Senat,C,32.0,61.0,18.0,25.0,15.835934016941628,33.2657657657657,117.85585585585588,59.8783783783784,50.00000000000006,28.651685393258468,24340.0,6192.0,1511.27,10.0,0.6,0.4,0.0,0.0,C
3279,Teillet-Argenty,ED,75.0,107.0,16.0,142.0,16.091954022988507,115.0,343.0,95.0,42.14463840399002,24.438902743142144,21220.0,6192.0,820.89,40.0,0.4,0.6,0.0,0.0,ED
3280,Terjat,ED,31.0,37.0,9.0,60.0,16.26330902976442,19.1055555555556,107.59444444444516,54.3000000000002,41.44736842105266,19.73684210526316,18610.0,6192.0,1843.54,15.0,0.4,0.6,0.0,0.0,ED
3281,Le Theil,C,37.0,90.0,34.0,63.0,13.022656164127488,52.9415655908404,225.7467595762016,109.311674832958,39.0727832405188,20.75903624348133,19680.0,6192.0,3399.44,30.0,0.6,0.2,0.2,0.0,C
3282,Theneuille,G,81.0,75.0,18.0,54.0,24.57912457912457,41.0,190.0,109.0,46.50349650349651,24.125874125874127,18960.0,6192.0,2672.76,25.0,0.2,0.6,0.2,0.0,ED
3283,Thiel-sur-Acolin,ED,136.0,225.0,42.0,241.0,6.358604249646087,191.320257223965,593.381772202891,251.297970573144,38.68529607222554,19.507870607228845,21870.0,6192.0,4030.45,85.0,0.0,0.8,0.2,0.0,ED
3284,Thionne,ED,38.0,66.0,10.0,87.0,19.08513379097212,39.2463344677263,153.32131137046696,89.4323541618078,35.27646018971142,17.865803862844185,21660.0,6192.0,921.0,20.0,0.2,0.8,0.0,0.0,ED
3285,Tortezais,ED,28.0,38.0,10.0,46.0,14.731457800511524,26.25,108.8888888888889,39.8611111111111,47.586206896551786,26.206896551724164,23890.0,6192.0,1524.84,10.0,0.8,0.2,0.0,0.0,C
3286,Toulon-sur-Allier,C,163.0,298.0,53.0,227.0,2.225300394945464,187.431562819164,637.639394882797,345.929042298039,41.26116052302341,23.47633881678172,24180.0,6192.0,1386.05,60.0,0.6,0.4,0.0,0.0,C
3287,Treban,ED,54.0,70.0,18.0,73.0,12.75981002292445,62.8849305856233,222.4641736356062,90.6508957787705,44.59108583769692,20.39654077441988,20800.0,6192.0,1825.23,30.0,0.0,1.0,0.0,0.0,ED
3288,Treignat,ED,63.0,93.0,17.0,106.0,15.724715556342453,49.3998340266918,242.2417226454622,124.358443327846,38.68809984702405,21.09824133633949,19560.0,6192.0,2323.17,40.0,0.2,0.8,0.0,0.0,ED
3289,Treteau,ED,56.0,104.0,25.0,145.0,5.5330478200195365,73.6046628491788,295.6661329366772,147.729204214144,35.19234313002823,15.951541239383497,21340.0,6192.0,1684.94,40.0,0.2,0.8,0.0,0.0,ED
3290,Trévol,C,258.0,355.0,60.0,306.0,1.881720430107527,316.0,947.0,376.0,51.2013256006628,30.4059652029826,25010.0,6192.0,2089.13,65.0,0.4,0.6,0.0,0.0,ED
3291,Trézelles,ED,59.0,58.0,23.0,98.0,6.666666666666667,56.0,233.0,104.0,39.80891719745223,20.382165605095544,21150.0,6192.0,1258.3,35.0,0.0,1.0,0.0,0.0,ED
3292,Tronget,G,197.0,146.0,32.0,144.0,4.142017480265654,133.674631865054,471.73403075335,283.591337381597,29.888729559013,15.652313454985489,21370.0,6192.0,1230.43,55.0,0.0,1.0,0.0,0.0,ED
3293,Urçay,ED,29.0,38.0,13.0,94.0,17.93493954615417,35.3323889466571,167.69933554546003,92.9682755078829,31.742035529035974,12.69801379412843,20720.0,6192.0,404.87,30.0,0.0,0.8,0.2,0.0,ED
3294,Ussel-d'Allier,C,24.0,41.0,18.0,27.0,30.53055015978824,24.5853658536586,89.1219512195121,54.2926829268293,45.65217391304336,25.36231884057963,23600.0,6192.0,715.8,15.0,0.0,0.6,0.4,0.0,ED
3295,Valignat,C,9.0,20.0,0.0,18.0,32.20338983050847,11.0,39.0,15.0,35.18518518518518,22.22222222222222,,6192.0,18.3,5.0,0.6,0.4,0.0,0.0,C
3296,Valigny,ED,46.0,67.0,19.0,78.0,26.03003135666013,52.1969359806121,191.14860634099287,132.654457678395,30.7990004768295,16.959661853149992,19680.0,6192.0,1069.1,30.0,0.0,1.0,0.0,0.0,ED
3297,Vallon-en-Sully,ED,185.0,286.0,88.0,335.0,3.634361233480176,146.0,768.0,554.0,33.093525179856115,17.74580335731415,20790.0,6192.0,2889.16,90.0,0.2,0.6,0.2,0.0,ED
3298,Varennes-sur-Allier,ED,380.0,605.0,132.0,714.0,0.9340734252399792,443.645413762448,2094.097755454872,1050.25683078268,31.306124769760224,14.871262706066982,20200.0,6192.0,1947.49,355.0,0.8,0.2,0.0,0.0,C
3299,Varennes-sur-Tèche,C,11.0,62.0,10.0,57.0,15.701775543413174,32.9926979632607,133.3075195547159,58.6997824820234,32.75827363233011,7.639559467581527,18280.0,6192.0,2254.33,15.0,0.6,0.2,0.2,0.0,C
3300,Vaumas,ED,67.0,100.0,16.0,108.0,9.655718643686384,100.233144412852,306.53167385367806,131.23518173347,32.241065122942345,16.115024395663884,19590.0,96002.0,2364.41,35.0,0.2,0.8,0.0,0.0,ED
3301,Vaux,ED,147.0,200.0,36.0,301.0,4.445964652790408,240.74826083414,717.1455513173021,206.106187848558,41.92617413500436,20.32537609865985,22840.0,96002.0,848.19,85.0,0.0,1.0,0.0,0.0,ED
3302,Veauce,ED,4.0,11.0,3.0,17.0,30.05626882231735,4.75609756097561,22.82926829268289,11.4146341463415,38.2352941176471,17.64705882352944,,96002.0,106.66,5.0,0.0,1.0,0.0,0.0,ED
3303,Venas,ED,52.0,43.0,11.0,54.0,23.159142175891457,38.6643318092139,129.4358648718166,55.8998033189695,56.17111979522175,29.206187471613205,21240.0,96002.0,2432.97,10.0,0.2,0.6,0.2,0.0,ED
3304,Vendat,C,281.0,600.0,123.0,523.0,1.6065292412227694,337.431948012447,1312.409659909408,619.158392078145,47.76127164409363,29.00141418948044,,96002.0,819.62,145.0,0.6,0.4,0.0,0.0,C
3305,Verneix,ED,90.0,121.0,34.0,132.0,4.953304478003668,94.9481679809388,364.9357395379852,117.116092481076,40.5352321333619,18.88719497745471,23170.0,96002.0,1959.49,35.0,0.2,0.8,0.0,0.0,ED
3306,Le Vernet,C,261.0,485.0,115.0,349.0,1.5045087208199055,323.668778055335,1079.642454919508,510.688767025157,52.657726077002366,35.29248939550554,25620.0,96002.0,422.68,105.0,0.4,0.6,0.0,0.0,ED
3307,Verneuil-en-Bourbonnais,ED,53.0,55.0,10.0,56.0,16.295114306038553,32.8310752891244,126.62796339873351,77.5409613121421,49.58694268319482,23.946606752119656,23940.0,96002.0,802.98,20.0,0.4,0.6,0.0,0.0,ED
3308,Vernusse,ED,26.0,24.0,7.0,40.0,24.260689395366388,25.6578947368421,88.8157894736842,35.5263157894737,43.80165289256205,22.31404958677691,18530.0,96002.0,1151.23,10.0,0.0,1.0,0.0,0.0,ED
3309,Le Veurdre,ED,76.0,80.0,25.0,98.0,11.570247933884298,69.0,254.0,153.0,33.842239185750635,17.048346055979643,18440.0,96002.0,1266.84,45.0,0.2,0.8,0.0,0.0,ED
3310,Vichy,C,2621.0,4700.0,1152.0,3642.0,8.296670799666908,2740.000075898918,13840.450485795252,9121.54943830584,47.84087798925476,29.23486038339834,20190.0,96002.0,,,1.0,0.0,0.0,0.0,C
3311,Vicq,C,51.0,88.0,29.0,56.0,21.101337451661387,43.8780406187515,168.0994196382958,82.0225397429517,50.16129445843461,29.60584125337684,23180.0,96002.0,1866.03,20.0,0.6,0.2,0.2,0.0,C
3312,Vieure,G,68.0,43.0,8.0,44.0,23.332145913992985,47.3059121994911,159.65981999383598,69.0342678066729,42.08812019751647,22.44006888438736,19120.0,96002.0,2344.44,25.0,0.6,0.2,0.2,0.0,C
3313,Le Vilhain,ED,33.0,55.0,15.0,71.0,14.478154248368694,35.9627636805115,157.4297159489451,75.6075203705434,46.082782250712775,20.95808123465872,19680.0,96002.0,2560.57,15.0,0.6,0.2,0.2,0.0,C
3314,Villebret,C,183.0,315.0,54.0,247.0,3.525107081937393,236.355484556168,816.669934951935,279.974580491897,55.72347269286381,36.37592808996651,24770.0,96002.0,613.42,65.0,0.6,0.4,0.0,0.0,C
3315,Villefranche-d'Allier,ED,204.0,191.0,55.0,240.0,2.9335948087052666,199.371533794001,747.497261202541,318.131205003458,27.42507946600879,14.051988005398982,20340.0,96002.0,3144.54,100.0,0.0,1.0,0.0,0.0,ED
3316,Villeneuve-sur-Allier,ED,119.0,168.0,43.0,230.0,1.7629258711535474,213.296236501397,628.516577487373,195.18718601123,40.03159786263595,21.24014587755699,22210.0,96002.0,1555.95,75.0,0.2,0.8,0.0,0.0,ED
3317,Viplaix,ED,34.0,55.0,21.0,66.0,20.5501322238242,43.4840861037607,149.92133545096058,99.5945784452787,32.77611036722135,17.047156636200175,18970.0,96002.0,3292.24,20.0,0.2,0.8,0.0,0.0,ED
3319,Voussac,ED,59.0,99.0,35.0,111.0,13.623188405797102,77.0,299.0,117.0,38.52040816326531,22.95918367346939,21690.0,96002.0,1250.66,30.0,0.2,0.8,0.0,0.0,ED
3320,Ygrande,G,196.0,86.0,29.0,125.0,7.448824533565911,120.851634025641,438.2683281464889,218.880037827868,34.720080546858114,17.042599648444114,,96002.0,4225.47,50.0,0.2,0.6,0.2,0.0,ED
3321,Yzeure,C,2138.0,2676.0,408.0,2001.0,2.041499133836585,1779.8002485685267,7351.070324957165,3539.129426474304,43.86817351673373,25.520025087151065,23540.0,96002.0,1875.44,830.0,0.6,0.4,0.0,0.0,C
7001,Accons,ED,61.0,93.0,23.0,101.0,17.35712005622431,51.3725739409784,225.4774760740816,88.14994998494,32.84062663045882,16.376142022956728,23310.0,8718.0,194.55,25.0,0.4,0.6,0.0,0.0,ED
7002,Ailhon,G,137.0,103.0,19.0,97.0,21.05355528727445,93.7581314561382,325.2962741874518,133.94559435641,65.02197606538037,45.32016469968824,22830.0,8718.0,17.16,45.0,0.6,0.0,0.4,0.0,C
7003,Aizac,G,56.0,40.0,3.0,28.0,32.37553525501316,29.3411764705881,99.1529411764698,43.5058823529411,51.44927536231892,31.159420289855102,19890.0,8718.0,48.2,20.0,0.2,0.0,0.8,0.0,G
7004,Ajoux,G,36.0,34.0,1.0,9.0,54.782608695652144,5.77777777777778,51.03703703703701,21.1851851851852,66.66666666666671,44.444444444444485,,8718.0,239.31,10.0,0.2,0.0,0.8,0.0,G
7005,Alba-la-Romaine,G,341.0,305.0,40.0,234.0,14.39232409381663,250.0,923.0,365.0,54.91183879093199,34.5088161209068,22860.0,8718.0,892.01,145.0,0.4,0.2,0.4,0.0,C
7006,Albon d'Ardèche,G,66.0,28.0,7.0,31.0,55.71100878044548,15.8993710691824,95.3962264150943,46.7044025157233,44.52554744525557,25.54744525547451,,8718.0,382.1,10.0,0.4,0.4,0.2,0.0,C
7007,Alboussière,C,173.0,207.0,49.0,178.0,20.81003292249777,200.739644781841,568.400629403789,256.85972581437,43.518444301438905,26.528040374479488,21030.0,8718.0,675.27,70.0,0.2,0.8,0.0,0.0,ED
7008,Alissas,ED,289.0,292.0,66.0,353.0,4.186037942011374,286.8097820184,946.199182071395,251.991035910205,50.47620843646418,31.98734754974834,24810.0,8718.0,253.74,90.0,0.4,0.6,0.0,0.0,ED
7009,Andance,ED,167.0,188.0,46.0,213.0,4.017216642754662,205.0,768.0,220.0,44.601962922573605,24.10032715376227,,8718.0,247.69,105.0,0.2,0.8,0.0,0.0,ED
7010,Annonay,G,2415.0,2362.0,536.0,2046.0,3.244003948964078,2829.959373206071,10029.782180949487,4362.258445844442,40.70660128863936,24.04913666276759,19880.0,8718.0,336.09,,0.4,0.0,0.6,0.0,G
7011,Antraigues-sur-Volane,G,234.0,128.0,23.0,171.0,34.13556748459776,89.5690852481221,445.810981648976,316.619933102901,41.505359812401096,24.61055368633314,,8718.0,394.9,85.0,0.0,0.8,0.2,0.0,ED
7012,Arcens,ED,59.0,58.0,21.0,92.0,46.51080598132248,46.5523646009087,213.6908268192913,97.7568085798,27.54474944745781,16.80588115194445,19100.0,8718.0,171.52,30.0,0.2,0.8,0.0,0.0,ED
7013,Ardoix,ED,197.0,249.0,56.0,303.0,5.674880470536337,265.397078954732,819.117616657425,217.485304387843,48.352392806461886,30.08214520185551,22290.0,8718.0,376.59,85.0,0.0,1.0,0.0,0.0,ED
7014,Arlebosc,C,64.0,94.0,33.0,57.0,35.93909067233967,55.6524466116562,184.8874707938648,120.460082594479,47.788071443876426,30.37702568336456,20420.0,8718.0,395.45,35.0,0.4,0.6,0.0,0.0,ED
7015,Arras-sur-Rhône,ED,97.0,104.0,17.0,106.0,6.461631252143725,119.07553697744,328.6693032397569,87.2551597828021,36.861228931962536,20.7236997753696,21160.0,8718.0,268.22,45.0,0.2,0.8,0.0,0.0,ED
7016,Asperjoc,,,,,,,,,,,,,8718.0,,,0.2,0.6,0.2,0.0,ED
7017,Assions (Les),G,168.0,144.0,23.0,106.0,36.24066827645271,116.589349632523,437.66018656514507,213.750463802332,49.15195505730935,32.14823124604763,,8718.0,304.17,65.0,0.0,0.6,0.4,0.0,ED
7018,Astet,ED,12.0,15.0,4.0,20.0,68.46846846846847,7.0,31.0,19.0,44.44444444444444,22.22222222222222,,8718.0,,0.0,0.4,0.6,0.0,0.0,ED
7019,Aubenas,G,1774.0,1682.0,396.0,1552.0,4.906682047479054,1793.348809137257,7162.265043154468,3532.386147708286,45.11716055397326,25.76044732352375,19710.0,8718.0,273.31,,0.4,0.2,0.4,0.0,C
7020,Aubignas,ED,90.0,91.0,8.0,95.0,9.800736887249768,95.1614521248182,290.7160160452497,91.1225318299321,59.04025659435678,37.96475564867733,22610.0,8718.0,487.25,40.0,0.4,0.4,0.2,0.0,C
7022,Baix,ED,168.0,178.0,44.0,243.0,4.574132492113565,293.0,820.0,180.0,50.76252723311547,29.08496732026144,22850.0,8718.0,303.45,120.0,0.2,0.8,0.0,0.0,ED
7023,Balazuc,C,80.0,96.0,27.0,66.0,55.005381273828505,41.8589923666649,227.8008354895721,113.340172143763,53.37288192983721,33.75673679335255,22210.0,8718.0,346.6,50.0,0.6,0.0,0.4,0.0,C
7024,Banne,G,174.0,133.0,43.0,129.0,47.34601654572448,60.0704722692187,351.43152239029126,238.498005340489,53.721722281101314,33.97215114658764,20970.0,8718.0,161.76,75.0,0.6,0.0,0.4,0.0,C
7025,Barnas,G,80.0,35.0,12.0,45.0,45.77000402925158,24.6416629731877,117.2176215974164,65.1407154293959,42.69352457244062,23.598831881314865,17680.0,8718.0,63.26,30.0,0.2,0.6,0.2,0.0,ED
7026,Béage (Le),C,39.0,82.0,31.0,55.0,44.5859872611465,40.0,129.0,86.0,35.294117647058826,17.15686274509804,,8718.0,1900.38,15.0,0.6,0.4,0.0,0.0,C
7027,Beauchastel,ED,292.0,286.0,62.0,333.0,3.325167144848669,327.526457514853,1150.996323398832,368.477219086315,42.15800213371551,24.97238578036416,22430.0,8718.0,43.88,140.0,0.0,1.0,0.0,0.0,ED
7028,Beaulieu,G,112.0,97.0,38.0,83.0,38.2629826584923,92.661157253096,296.628803136865,148.710039610038,47.63802405348341,26.80140260863105,19420.0,8718.0,924.46,60.0,0.2,0.8,0.0,0.0,ED
7029,Beaumont,G,112.0,46.0,6.0,18.0,53.02217035157993,42.0776177717118,140.7633785115434,78.1590037167458,52.246044916509824,32.96789302601651,13660.0,8718.0,112.95,35.0,0.0,0.0,1.0,0.0,G
7030,Beauvène,G,65.0,34.0,11.0,48.0,47.53264409105098,22.7519745052283,110.3177704229938,68.9302550717779,35.50022530007932,22.849614475623827,19320.0,8718.0,305.63,10.0,0.4,0.2,0.4,0.0,C
7031,Berrias-et-Casteljau,C,167.0,171.0,26.0,116.0,47.93709603023801,120.649225495537,434.6736292022951,223.677145302168,53.77635171545132,32.854196241955066,21260.0,8718.0,756.26,80.0,0.8,0.2,0.0,0.0,C
7032,Berzème,C,36.0,47.0,8.0,17.0,8.540337910388883,29.0853658536585,101.79878048780488,28.1158536585366,51.21951219512193,28.45528455284554,20220.0,8718.0,1111.44,10.0,0.8,0.2,0.0,0.0,C
7033,Bessas,ED,37.0,47.0,12.0,62.0,41.6289592760181,33.0,127.0,74.0,44.79166666666667,27.604166666666668,19950.0,8718.0,653.44,15.0,0.6,0.4,0.0,0.0,C
7034,Bidon,ED,45.0,43.0,3.0,46.0,23.62448134468363,47.374264441451,149.8851969487113,58.7405386098377,54.17643853904409,33.212773627866426,23870.0,8718.0,187.65,30.0,0.2,0.4,0.4,0.0,ED
7035,Boffres,G,163.0,136.0,44.0,134.0,21.296298294485496,84.1237823165191,376.5329330397669,157.343284643714,51.59917859160351,33.07220049040361,20790.0,8718.0,655.3,65.0,0.4,0.4,0.2,0.0,C
7036,Bogy,ED,51.0,100.0,22.0,119.0,4.798449019680643,85.2826635404728,301.9936584777747,83.7236779817525,58.178965208132304,39.01259698876319,24300.0,8718.0,530.49,25.0,0.4,0.4,0.2,0.0,C
7037,Borée,ED,30.0,45.0,17.0,53.0,64.33358487067062,9.91403398435023,79.31227187480148,52.7736941408473,31.38035244822755,18.65858794218938,18000.0,8718.0,693.52,15.0,0.4,0.4,0.2,0.0,C
7038,Borne,C,6.0,18.0,10.0,6.0,71.33757961783441,1.83673469387755,23.87755102040815,19.2857142857143,45.652173913043455,30.43478260869563,,8718.0,233.62,0.0,0.4,0.6,0.0,0.0,ED
7039,Bozas,ED,40.0,56.0,29.0,62.0,23.043303370396824,36.7896151448776,145.40589381755382,73.8044910375686,42.34227467268777,27.16988841654232,20030.0,8718.0,501.63,15.0,0.4,0.4,0.2,0.0,C
7040,Boucieu-le-Roi,ED,36.0,44.0,22.0,68.0,34.977017349729955,24.4853343490834,145.1033071712668,77.4113584796498,40.25027330094797,25.74381017410273,21680.0,8718.0,272.61,25.0,0.2,0.4,0.4,0.0,ED
7041,Boulieu-lès-Annonay,C,263.0,478.0,104.0,437.0,3.282828282828284,375.0,1327.0,553.0,44.71403812824957,25.99653379549394,23090.0,8718.0,219.03,165.0,0.4,0.6,0.0,0.0,ED
7042,Bourg-Saint-Andéol,ED,1079.0,951.0,231.0,1590.0,4.021284533952042,1410.5916284619,4241.228172208228,1854.180199329872,43.16772564222142,23.76592579862698,,8718.0,863.06,910.0,0.4,0.6,0.0,0.0,ED
7044,Brossainc,ED,34.0,38.0,7.0,81.0,8.660588694359465,60.7336786932416,159.56619565722332,40.7001256495351,50.69120621911347,28.734124363184705,22210.0,8718.0,325.09,20.0,0.2,0.8,0.0,0.0,ED
7045,Burzet,ED,99.0,106.0,14.0,110.0,52.69891943385026,64.7574586276857,259.2603607935523,204.982180578762,42.27880597105808,25.791063760069104,18990.0,8718.0,156.49,55.0,0.0,0.8,0.2,0.0,ED
7047,Cellier-du-Luc,C,10.0,23.0,7.0,13.0,65.88665712785028,13.0,49.8333333333331,28.1666666666666,40.0,27.142857142857142,,8718.0,722.41,0.0,0.4,0.6,0.0,0.0,ED
7048,Chalencon,G,80.0,71.0,26.0,63.0,35.820989934279865,55.5735736610923,196.73940447127225,86.6870218676345,50.94938828449494,35.84985651410674,19010.0,8718.0,258.33,35.0,0.6,0.0,0.4,0.0,C
7049,Chambon (Le),G,15.0,15.0,8.0,14.0,52.23540887660547,4.44444444444444,28.888888888888857,26.6666666666666,46.93877551020408,26.53061224489796,,8718.0,33.01,5.0,0.2,0.4,0.4,0.0,ED
7050,Chambonas,G,212.0,151.0,38.0,102.0,37.51895486069204,133.661554607135,492.088344497066,352.250100895799,48.06758588962416,27.4150102181394,20920.0,8718.0,89.0,120.0,0.2,0.2,0.6,0.0,G
7051,Champagne,ED,65.0,114.0,40.0,159.0,3.012657164033887,101.914735336736,412.990544593142,106.094720070122,48.642905079109454,27.69559299442093,22810.0,8718.0,145.03,50.0,0.4,0.6,0.0,0.0,ED
7052,Champis,C,101.0,135.0,29.0,133.0,23.46353433891524,142.900498178392,394.434156934972,121.665344886636,54.32757296796164,33.709498858909825,21900.0,8718.0,832.84,50.0,0.4,0.4,0.2,0.0,C
7053,Chandolas,G,118.0,96.0,36.0,93.0,40.9261955396026,93.7148247332638,307.8077801023252,143.47739516441,51.59450759723521,28.128704018325017,,8718.0,272.46,65.0,0.2,0.0,0.8,0.0,G
7054,Chanéac,C,54.0,70.0,13.0,50.0,46.02147503733834,30.2534313327033,169.62545320745429,62.1211154598424,38.978694593631495,17.83015761046281,21470.0,8718.0,249.98,20.0,0.4,0.6,0.0,0.0,ED
7055,Charmes-sur-Rhône,C,390.0,669.0,171.0,616.0,2.520715429373497,629.262051027585,1929.610736691612,601.127212280803,48.88638830718349,29.99302176370311,24370.0,8718.0,160.47,185.0,0.4,0.6,0.0,0.0,ED
7056,Charnas,ED,130.0,169.0,51.0,217.0,5.511466413908004,209.406824235676,581.851741037991,126.741434726334,54.85985563446799,32.82709789842112,23760.0,8718.0,355.23,40.0,0.4,0.6,0.0,0.0,ED
7058,Chassiers,G,212.0,166.0,32.0,153.0,27.89017341040462,123.0,581.0,288.0,44.93284493284494,27.5946275946276,22310.0,8718.0,88.47,90.0,0.2,0.2,0.6,0.0,G
7059,Châteaubourg,ED,45.0,55.0,16.0,58.0,7.15271867204616,38.5891117045753,142.66395891299518,50.7469293824295,58.28832350607107,39.09464653009154,26200.0,8718.0,116.48,15.0,0.8,0.2,0.0,0.0,C
7060,Châteauneuf-de-Vernoux,C,55.0,69.0,24.0,51.0,24.30974925402119,58.1380078477086,143.5297953708312,76.3321967814602,57.135956904279,35.211846867885384,21250.0,8718.0,145.96,25.0,0.2,0.4,0.4,0.0,ED
7061,Chauzon,C,77.0,106.0,27.0,83.0,39.15655545453732,43.70056022604,243.821611859406,141.477827914555,47.68616698501887,27.185953276782087,22530.0,8718.0,322.98,55.0,0.2,0.2,0.6,0.0,G
7062,Chazeaux,G,50.0,19.0,2.0,26.0,36.22047244094488,32.0,76.0,26.0,53.608247422680414,25.773195876288657,19010.0,8718.0,14.38,15.0,0.0,0.2,0.8,0.0,G
7063,Cheminas,ED,63.0,64.0,35.0,72.0,12.512277514148016,111.556789044673,239.00257867514185,62.4406322801862,50.46033237916889,29.9904635030642,20860.0,8718.0,469.59,30.0,0.2,0.6,0.2,0.0,ED
7064,Cheylard (Le),C,391.0,655.0,152.0,532.0,8.294048493496376,338.847484448538,1414.178677784872,1058.97383776659,37.844356499053134,22.935450208633096,,8718.0,119.74,185.0,0.4,0.6,0.0,0.0,ED
7065,Chirols,G,95.0,40.0,9.0,45.0,37.65502374172265,50.6786665506405,155.34080433405677,63.9805291153027,57.61333680890887,38.14864040746112,20070.0,8718.0,110.78,35.0,0.6,0.0,0.4,0.0,C
7066,Chomérac,ED,632.0,581.0,148.0,724.0,5.191726082585947,498.024229821952,1805.987278182341,789.988491995707,54.86243088117886,33.34766918879695,23820.0,8718.0,757.24,170.0,0.8,0.2,0.0,0.0,C
7067,Colombier-le-Cardinal,C,35.0,91.0,5.0,70.0,3.7574097710900887,69.3415835803687,222.1644219107485,43.4939945088828,55.48500534956122,34.876528839244195,25460.0,8718.0,425.41,10.0,0.6,0.4,0.0,0.0,C
7068,Colombier-le-Jeune,ED,78.0,128.0,58.0,143.0,18.166920553624703,76.5794676756126,333.86510714597443,155.555425178413,41.86133276519242,23.28023439819606,21490.0,8718.0,528.47,45.0,0.0,1.0,0.0,0.0,ED
7069,Colombier-le-Vieux,C,102.0,137.0,33.0,131.0,30.87630674989592,135.30173380452,379.251431312504,162.446834882976,45.65573905283114,27.524624701973625,20410.0,8718.0,728.99,45.0,1.0,0.0,0.0,0.0,C
7070,Cornas,ED,326.0,572.0,130.0,574.0,1.436650562046044,402.293162666195,1469.623986502419,525.082850831386,45.99247811898069,26.956311867240263,24510.0,8718.0,140.74,155.0,0.4,0.6,0.0,0.0,ED
7071,Coucouron,ED,69.0,154.0,51.0,221.0,50.61224489795918,102.0,391.0,274.0,36.14649681528663,16.719745222929934,20350.0,8718.0,1589.76,30.0,0.8,0.2,0.0,0.0,C
7072,Coux,C,353.0,367.0,87.0,255.0,6.8507076010362,277.516999263549,948.695609266138,437.787391470313,54.40723197275494,34.24904409205614,24650.0,8718.0,214.13,105.0,0.4,0.6,0.0,0.0,ED
7073,Crestet (Le),ED,80.0,128.0,30.0,133.0,20.803339228303777,61.7266797632611,342.7828876509609,117.490432585778,38.04875194020034,21.74438858587921,,8718.0,260.68,35.0,0.2,0.8,0.0,0.0,ED
7074,Creysseilles,G,55.0,46.0,7.0,17.0,32.11385907606154,22.4313725490195,91.7647058823522,41.8039215686273,55.55555555555571,35.89743589743597,25590.0,8718.0,401.49,5.0,0.6,0.0,0.4,0.0,C
7075,Cros-de-Géorand,C,36.0,43.0,22.0,38.0,61.08253792331969,12.1610738255034,98.3020134228196,40.536912751678,43.84615384615368,20.76923076923069,,8718.0,1265.76,5.0,0.6,0.4,0.0,0.0,C
7076,Cruas,ED,523.0,389.0,86.0,671.0,4.618244918988087,597.877545109489,1780.7343490735902,575.388105816921,43.20085235180221,24.08358774857074,22970.0,8718.0,101.13,250.0,0.2,0.8,0.0,0.0,ED
7077,Darbres,G,61.0,44.0,11.0,46.0,25.30721903060352,42.1690057470992,169.04728229189325,57.7837119610076,50.50307894935608,31.42807801102071,19770.0,8718.0,658.64,30.0,0.2,0.6,0.2,0.0,ED
7078,Davézieux,C,428.0,701.0,178.0,673.0,1.2042278993908164,447.724502994862,1633.2900946251675,1099.98540237997,42.55598810069375,24.802462803710835,23670.0,8718.0,182.71,175.0,0.8,0.2,0.0,0.0,C
7079,Désaignes,G,277.0,235.0,67.0,194.0,37.73140588273725,164.41203548733,679.200985210057,301.386979302613,40.45453073688486,23.9598767485332,19470.0,8718.0,1012.23,90.0,0.6,0.4,0.0,0.0,C
7080,Devesset,G,69.0,57.0,21.0,54.0,57.21293474559744,48.7639648354131,183.88458052580808,73.3514546387788,51.02155821899732,30.404129497817493,19900.0,8718.0,456.97,10.0,0.4,0.0,0.6,0.0,G
7081,Dompnac,G,32.0,13.0,6.0,11.0,55.00000000000001,4.0,41.0,32.0,67.14285714285714,35.714285714285715,,8718.0,18.38,10.0,0.6,0.0,0.4,0.0,C
7082,Dornas,ED,46.0,34.0,8.0,72.0,51.69533151663541,13.9229219233333,120.8589485764086,63.2181295002581,34.17565032007403,17.661084182213866,20970.0,8718.0,373.51,10.0,0.0,1.0,0.0,0.0,ED
7083,Dunière-sur-Eyrieux,G,117.0,89.0,18.0,64.0,24.757943053178984,49.7223196346304,267.1857116002986,120.091968765071,42.5263159062393,29.225141917277547,21840.0,8718.0,19.78,35.0,0.0,0.0,1.0,0.0,G
7084,Eclassan,ED,159.0,198.0,44.0,231.0,5.302855211753778,215.662359749105,627.28555419037,203.052086060525,50.13678360128371,29.572715529392564,23380.0,8718.0,1000.28,70.0,0.2,0.8,0.0,0.0,ED
7085,Empurany,C,96.0,132.0,41.0,104.0,32.5,84.0,319.0,170.0,38.72340425531915,24.8936170212766,18950.0,8718.0,756.01,45.0,0.4,0.6,0.0,0.0,ED
7086,Etables,ED,160.0,169.0,42.0,201.0,12.113071445509032,211.894442902681,600.820543226958,166.285013870361,51.462701948663856,31.7337436926915,,8718.0,573.61,75.0,0.2,0.6,0.2,0.0,ED
7087,Fabras,G,94.0,83.0,5.0,65.0,19.515748390944424,68.7769976573531,262.2977280233369,126.925274319309,47.680566901867024,29.21317407107476,20980.0,8718.0,,40.0,0.2,0.6,0.2,0.0,ED
7088,Faugères,G,36.0,28.0,11.0,10.0,57.45289858274012,11.9430894308943,58.796747967479696,42.260162601626,70.64220183486228,45.871559633027445,19320.0,8718.0,103.77,15.0,0.4,0.0,0.6,0.0,G
7089,Félines,ED,223.0,390.0,98.0,451.0,3.2800590467676383,364.169221998252,1218.92599563036,290.904782371388,57.816439930157095,36.66740053161189,25570.0,8718.0,486.21,125.0,0.2,0.8,0.0,0.0,ED
7090,Flaviac,ED,171.0,178.0,37.0,272.0,5.222994464348894,211.534552889756,732.0377445839911,295.427702526253,45.66677517526561,25.69992438488014,22320.0,8718.0,39.65,120.0,0.2,0.8,0.0,0.0,ED
7091,Fons,C,66.0,81.0,12.0,58.0,17.318435754189945,41.0,198.0,78.0,59.375,39.453125,24010.0,8718.0,8.99,20.0,0.6,0.2,0.2,0.0,C
7092,Freyssenet,C,4.0,21.0,8.0,9.0,26.258785328234808,4.69387755102041,34.734693877551024,6.57142857142857,66.66666666666677,38.09523809523813,,8718.0,1071.75,5.0,0.2,0.2,0.6,0.0,G
7093,Genestelle,G,77.0,66.0,11.0,51.0,40.764710751907074,39.1336944478301,150.4831510947294,79.3831544574405,54.671275478194495,32.935552438790594,16430.0,8718.0,583.19,30.0,0.2,0.2,0.6,0.0,G
7094,Gilhac-et-Bruzac,G,41.0,32.0,5.0,35.0,29.29584520492199,32.3720930232557,103.1860465116272,38.4418604651161,51.145038167938914,32.824427480916,22200.0,8718.0,192.33,10.0,0.4,0.4,0.2,0.0,C
7095,Gilhoc-sur-Ormèze,ED,77.0,99.0,37.0,100.0,27.37752161383285,81.0,259.0,133.0,38.48238482384824,20.86720867208672,19730.0,8718.0,716.64,35.0,0.6,0.4,0.0,0.0,C
7096,Gluiras,C,95.0,96.0,30.0,43.0,46.978743736015055,46.1416246577799,189.17393642995708,132.684438912263,50.17986181268642,34.105692573666296,20870.0,8718.0,641.21,25.0,0.8,0.0,0.2,0.0,C
7097,Glun,C,117.0,146.0,26.0,139.0,1.6084954149129165,120.885362785058,473.5884915479019,91.5261456670401,51.30320357793627,29.40316892905923,23100.0,8718.0,127.16,50.0,0.4,0.6,0.0,0.0,ED
7098,Gourdon,G,28.0,14.0,4.0,16.0,54.93282149712091,8.66666666666667,51.037037037037024,18.2962962962963,53.03030303030304,27.272727272727256,23530.0,8718.0,397.61,5.0,1.0,0.0,0.0,0.0,C
7099,Gras,G,124.0,103.0,28.0,121.0,35.47008547008547,103.0,330.0,155.0,56.98447893569845,35.47671840354767,22750.0,8718.0,1174.06,35.0,0.6,0.2,0.2,0.0,C
7100,Gravières,G,135.0,105.0,24.0,93.0,42.39490259975505,58.3473728986542,254.1139492675537,198.538677833792,48.49842918683717,28.951968995907585,19940.0,21475.0,72.55,50.0,0.0,0.4,0.6,0.0,G
7101,Grospierres,G,198.0,131.0,43.0,177.0,64.27195575106983,126.358926229287,502.891790951662,301.749282819051,45.48179325784318,26.692727879233374,20270.0,21475.0,260.86,135.0,0.4,0.2,0.4,0.0,C
7102,Guilherand-Granges,C,1384.0,2412.0,522.0,2087.0,1.5802964780103976,1496.9374911824912,6355.076047070404,3424.986461747095,53.31494630141567,34.31532373404744,,21475.0,8.16,705.0,0.8,0.2,0.0,0.0,C
7103,Intres,C,56.0,84.0,16.0,65.0,52.34468579121848,31.1360246603178,174.78916934278493,99.0748059968973,41.22583519919905,23.314242323817886,,21475.0,205.79,25.0,0.6,0.4,0.0,0.0,C
7104,Issamoulenc,ED,13.0,19.0,4.0,20.0,59.310344827586206,22.0,54.0,29.0,43.75,22.5,,21475.0,542.62,5.0,0.4,0.4,0.2,0.0,C
7105,Issanlas,ED,32.0,33.0,12.0,46.0,56.14065533976213,14.5656565656566,61.38383838383841,27.050505050505,43.03797468354424,22.784810126582265,18880.0,21475.0,704.79,5.0,0.6,0.4,0.0,0.0,C
7106,Issarlès,ED,10.0,31.0,11.0,47.0,67.43591816932158,13.0,67.0,45.0,32.11009174311927,14.678899082568808,19820.0,21475.0,527.77,5.0,0.4,0.6,0.0,0.0,ED
7107,Jaujac,G,338.0,235.0,44.0,169.0,35.023800329482846,159.992336888432,636.461997876042,432.545665235526,51.261192059005545,30.66834966298012,21110.0,21475.0,157.1,120.0,0.0,0.2,0.8,0.0,G
7108,Jaunac,ED,17.0,31.0,8.0,32.0,13.567841644758143,15.9457364341085,83.4806201550388,21.5736434108527,49.01960784313713,35.29411764705875,22680.0,21475.0,114.44,10.0,0.4,0.4,0.2,0.0,C
7109,Joannas,G,117.0,58.0,14.0,44.0,34.78376433346651,33.6858272669856,167.3838117656594,115.930360967355,48.655248792006745,29.15654497080224,19750.0,21475.0,53.77,30.0,0.0,0.2,0.8,0.0,G
7110,Joyeuse,G,324.0,295.0,66.0,284.0,21.42748774508164,226.650060212494,945.2926711279948,588.057268659511,42.82667737212574,23.871163121816952,20160.0,21475.0,41.52,260.0,0.2,0.6,0.2,0.0,ED
7111,Juvinas,G,53.0,28.0,11.0,31.0,36.36363636363637,18.0,106.0,62.0,44.375,20.0,20660.0,21475.0,109.59,15.0,0.6,0.2,0.2,0.0,C
7112,Labastide-sur-Bésorgues,G,73.0,40.0,11.0,55.0,42.5287356321839,42.0,157.0,83.0,54.86725663716814,30.53097345132743,20360.0,21475.0,82.55,30.0,0.4,0.0,0.6,0.0,G
7113,Labastide-de-Virac,C,70.0,77.0,10.0,42.0,51.71110305620135,39.7530480917442,202.4814557390441,79.7654961692117,60.761637947114,36.66273440158101,23080.0,21475.0,172.18,40.0,0.6,0.2,0.2,0.0,C
7114,Labatie-d'Andaure,C,46.0,59.0,22.0,41.0,47.02453763056739,37.2582549237108,104.4090185816595,78.3327264946297,40.51454773357894,25.611719885849567,,21475.0,139.66,10.0,0.4,0.6,0.0,0.0,ED
7115,Labeaume,C,136.0,173.0,31.0,141.0,51.75307390283703,82.5917391500622,381.6277598348839,219.780501015055,46.39752577425386,27.25060267386586,25090.0,21475.0,316.13,65.0,0.6,0.2,0.2,0.0,C
7116,Labégude,ED,197.0,173.0,53.0,296.0,3.5028544391991128,188.561446022866,744.004850500259,443.433703476875,33.1722929745744,16.88178137890346,18390.0,21475.0,,180.0,0.2,0.8,0.0,0.0,ED
7117,Lablachère,ED,403.0,402.0,99.0,405.0,23.596555199005973,311.398624131147,1141.413020438195,761.188355430658,45.87655679345119,27.573831707877883,21130.0,21475.0,649.4,195.0,0.2,0.6,0.2,0.0,ED
7118,Laboule,G,59.0,28.0,3.0,10.0,63.27223752058604,18.8689655172414,77.46206896551719,47.6689655172414,55.46218487394945,39.495798319327626,18780.0,21475.0,83.55,10.0,0.0,0.0,1.0,0.0,G
7119,Lac-d'Issarlès (Le),C,25.0,69.0,14.0,67.0,59.3127625017327,18.5322235311404,119.7906652309716,112.677111237888,29.918631161178844,14.104822819222123,,21475.0,431.8,15.0,0.2,0.4,0.4,0.0,ED
7120,Lachamp-Raphaël,C,13.0,23.0,9.0,12.0,57.54431925741018,1.88571428571429,36.771428571428615,27.3428571428571,43.28358208955222,31.343283582089537,,21475.0,143.49,5.0,0.2,0.6,0.2,0.0,ED
7121,Lachapelle-Graillouse,C,34.0,61.0,21.0,61.0,64.148378913938,20.5625,106.7291666666666,60.7083333333334,27.810650887573875,17.751479289940775,20350.0,21475.0,498.62,10.0,0.4,0.6,0.0,0.0,ED
7122,Lachapelle-sous-Aubenas,ED,271.0,295.0,87.0,334.0,5.8384975923987215,370.660905122132,1091.830642148508,377.50845272936,46.03488472792247,28.70444882396223,22960.0,21475.0,23.08,150.0,0.0,1.0,0.0,0.0,ED
7123,Lachapelle-sous-Chanéac,C,29.0,46.0,8.0,42.0,44.57831325301205,20.0,92.0,47.0,35.87786259541985,19.84732824427481,19780.0,21475.0,65.13,10.0,0.4,0.4,0.2,0.0,C
7124,Lafarre,C,5.0,17.0,3.0,13.0,55.55555555555556,2.0,27.0,16.0,46.51162790697674,20.930232558139537,,21475.0,202.82,0.0,0.4,0.2,0.4,0.0,C
7126,Lagorce,G,299.0,235.0,32.0,216.0,35.42320061402767,198.13994689202,706.522708009659,322.337345098321,52.38287463065608,35.076327481309754,20960.0,21475.0,947.76,160.0,0.6,0.2,0.2,0.0,C
7127,Lalevade-d'Ardèche,ED,152.0,166.0,44.0,235.0,6.786060930860871,185.013298693596,635.8155883173961,332.171112989008,28.7122624954799,14.60853367874211,18260.0,21475.0,10.69,120.0,0.0,1.0,0.0,0.0,ED
7128,Lalouvesc,C,47.0,104.0,33.0,89.0,59.21681697303377,31.030319142212,167.30033120923997,184.669349648548,35.59616829123542,21.085779524651056,20310.0,21475.0,97.37,20.0,0.4,0.4,0.2,0.0,C
7130,Lanarce,ED,26.0,40.0,17.0,68.0,49.40888988151685,8.244274632485,136.9848056092274,63.7709197582876,45.62512986284478,19.4071928414623,22850.0,21475.0,572.81,10.0,0.4,0.4,0.2,0.0,C
7131,Lanas,G,108.0,82.0,16.0,78.0,26.08905176512271,59.6010310410642,254.16952411924385,117.229444839692,53.61889353802397,35.56398197928398,21190.0,21475.0,20.92,55.0,0.2,0.2,0.6,0.0,G
7132,Largentière,G,350.0,238.0,52.0,197.0,20.94903971449512,178.284804983135,827.6990281261819,490.016166890683,40.749197052732974,25.01007269685613,18410.0,21475.0,38.64,215.0,0.2,0.4,0.4,0.0,ED
7133,Larnas,ED,50.0,30.0,18.0,53.0,31.391478981364752,79.927310626658,161.7537810787665,30.3189082945755,56.48395054937214,33.42493590473683,21680.0,21475.0,178.76,30.0,0.2,0.2,0.6,0.0,G
7134,Laurac-en-Vivarais,C,193.0,213.0,52.0,172.0,19.25399721113125,167.902559970168,572.863520047595,304.233919982237,38.89725520947746,21.915533174177767,20390.0,21475.0,190.75,90.0,0.4,0.6,0.0,0.0,ED
7135,Laval-d'Aurelle,,,,,,,,,,,,,21475.0,,,0.2,0.4,0.4,0.0,ED
7136,Laveyrune,ED,11.0,22.0,11.0,23.0,46.55440087456107,7.85585585585586,54.00900900900904,47.1351351351351,49.99999999999992,23.99999999999995,,21475.0,364.69,5.0,0.4,0.2,0.4,0.0,C
7137,Lavillatte,ED,12.0,14.0,6.0,17.0,54.28489836184737,0.0,16.2444444444444,26.7555555555556,31.818181818181795,18.18181818181816,,21475.0,601.79,0.0,0.2,0.4,0.4,0.0,ED
7138,Lavilledieu,ED,362.0,364.0,82.0,548.0,7.263513513513513,385.0,1310.0,553.0,43.85763490241102,26.34902411021814,22530.0,21475.0,157.2,205.0,0.0,1.0,0.0,0.0,ED
7139,Laviolle,G,34.0,22.0,5.0,21.0,60.98850012233918,7.68932038834951,52.86407766990288,38.4466019417476,40.65934065934066,21.978021978022,19750.0,21475.0,215.61,10.0,0.4,0.4,0.2,0.0,C
7140,Lemps,C,124.0,201.0,22.0,177.0,4.8,145.0,502.0,151.0,49.417637271214645,31.78036605657238,22880.0,21475.0,271.73,55.0,0.6,0.4,0.0,0.0,C
7141,Lentillères,G,70.0,48.0,8.0,35.0,28.99408284023669,48.0,151.0,37.0,68.57142857142857,46.285714285714285,19140.0,21475.0,109.26,30.0,0.0,0.0,1.0,0.0,G
7142,Lespéron,ED,32.0,79.0,23.0,90.0,51.38051074412068,40.2755283782913,189.1826264841107,91.541845137598,49.35755695625401,27.19474003789505,21900.0,21475.0,1206.14,20.0,0.6,0.4,0.0,0.0,C
7143,Limony,ED,114.0,119.0,37.0,194.0,4.969832347364898,150.739945859172,488.12967596122496,178.130378179602,47.88669337685518,27.374639984225595,23460.0,21475.0,248.13,45.0,0.2,0.8,0.0,0.0,ED
7144,Loubaresse,C,5.0,23.0,0.0,8.0,61.99168073612312,4.18604651162792,25.11627906976748,15.6976744186047,57.89473684210523,23.68421052631581,,21475.0,89.62,5.0,0.6,0.0,0.4,0.0,C
7145,Lussas,G,304.0,249.0,59.0,189.0,10.692771084337348,183.0,719.0,240.0,58.88268156424581,36.98324022346369,23940.0,21475.0,338.78,145.0,0.4,0.4,0.2,0.0,C
7146,Lyas,G,144.0,136.0,32.0,105.0,10.980208172771755,82.9887772615134,344.25359540772854,164.757627330757,60.07344033033398,38.38088876124445,24550.0,21475.0,5.98,40.0,0.6,0.0,0.4,0.0,C
7147,Malarce-sur-la-Thines,G,105.0,35.0,5.0,18.0,53.743102127851664,28.5849656215678,169.31897321534615,59.0960611630871,59.63391834321019,41.00153018716277,14100.0,21475.0,202.09,40.0,0.0,0.0,1.0,0.0,G
7148,Malbosc,G,78.0,38.0,8.0,34.0,66.24999999999986,15.0,86.0,45.0,56.69291338582677,26.77165354330709,17610.0,21475.0,43.97,20.0,0.2,0.0,0.8,0.0,G
7149,Marcols-les-Eaux,G,45.0,43.0,14.0,29.0,51.676937699928295,24.9375081269556,110.5140340501004,147.548457822944,46.19302335105431,25.98400051605796,20840.0,21475.0,314.16,10.0,0.0,0.4,0.6,0.0,G
7150,Mariac,C,82.0,170.0,24.0,129.0,20.44943820224719,61.0,309.0,171.0,31.23644251626898,16.919739696312362,22990.0,21475.0,415.71,35.0,0.4,0.6,0.0,0.0,ED
7151,Mars,C,49.0,62.0,18.0,45.0,60.55472550310024,31.1567676264521,149.3494884013359,65.493743972212,53.9026785524237,28.58798793848274,17900.0,21475.0,933.22,15.0,0.0,0.2,0.8,0.0,G
7152,Mauves,C,152.0,275.0,70.0,262.0,2.462536225570722,200.705651103278,748.649513879827,242.644835016895,45.56245727620088,26.55587931320791,23280.0,21475.0,167.1,100.0,0.2,0.8,0.0,0.0,ED
7153,Mayres,ED,48.0,56.0,12.0,57.0,52.225629056404586,23.7863310129696,122.8340166658024,117.379652321228,32.175067490471456,15.67285860449488,19540.0,21475.0,4.33,20.0,0.0,1.0,0.0,0.0,ED
7154,Mazan-l'Abbaye,ED,17.0,38.0,15.0,58.0,60.51282051282051,8.0,74.0,42.0,30.08849557522124,14.15929203539823,16970.0,21475.0,1523.17,5.0,0.6,0.4,0.0,0.0,C
7155,Mercuer,G,271.0,269.0,56.0,243.0,6.25,208.0,748.0,359.0,53.14009661835749,34.20289855072463,23970.0,21475.0,20.01,105.0,0.4,0.6,0.0,0.0,ED
7156,Meyras,ED,176.0,164.0,32.0,186.0,45.51867539357429,140.860776712095,491.173074294536,273.96614899337,44.37626835234198,25.60790623529852,20200.0,21475.0,23.22,95.0,0.0,0.2,0.8,0.0,G
7157,Meysse,ED,235.0,186.0,37.0,357.0,7.055304048707635,260.567473766078,872.491054571406,246.941471662516,48.538331303228176,26.152531689227192,22820.0,21475.0,100.64,110.0,0.6,0.4,0.0,0.0,C
7158,Mézilhac,C,16.0,39.0,11.0,27.0,56.8979029004811,7.0,62.0,30.0,42.69662921348314,21.34831460674157,18620.0,21475.0,642.73,5.0,0.6,0.4,0.0,0.0,C
7159,Mirabel,ED,129.0,138.0,24.0,140.0,23.294159999959497,164.312010429848,488.28671799821495,124.401271571935,57.24769851361087,37.27694241964478,23280.0,21475.0,920.05,70.0,0.2,0.2,0.6,0.0,G
7160,Monestier,G,23.0,11.0,1.0,11.0,20.0,7.0,37.0,15.0,45.09803921568628,25.49019607843137,21000.0,21475.0,58.29,5.0,0.0,0.4,0.6,0.0,G
7161,Montpezat-sous-Bauzon,ED,140.0,128.0,32.0,184.0,40.3602424378447,128.215256705928,384.919094815806,242.865648478266,52.682106123716885,29.2775300242368,20210.0,21475.0,327.07,85.0,0.0,0.6,0.4,0.0,ED
7162,Montréal,C,94.0,129.0,22.0,102.0,29.468599033816425,84.0,343.0,142.0,47.57709251101321,26.431718061674008,22820.0,21475.0,20.23,55.0,0.6,0.0,0.4,0.0,C
7163,Montselgues,G,36.0,16.0,2.0,11.0,57.407407407407405,16.0,53.0,17.0,57.971014492753625,31.88405797101449,,21475.0,874.2,10.0,0.8,0.0,0.2,0.0,C
7165,Nonières (Les),C,107.0,130.0,33.0,119.0,34.13917786285421,75.4589766775641,329.00121989710584,137.539803425329,36.8682093725536,19.08398804432497,,21475.0,334.59,45.0,0.8,0.2,0.0,0.0,C
7166,Nozières,G,60.0,56.0,22.0,40.0,42.970666778848056,33.2135058753807,134.5466709256371,72.2398231989822,40.47328441775542,26.58968104101172,16940.0,21475.0,497.44,25.0,0.6,0.0,0.4,0.0,C
7167,Ollières-sur-Eyrieux (Les),G,189.0,174.0,43.0,170.0,16.352201257861633,162.0,586.0,272.0,49.24812030075188,31.32832080200501,,21475.0,26.1,80.0,0.6,0.2,0.2,0.0,C
7168,Orgnac-l'Aven,ED,98.0,108.0,25.0,141.0,38.4297520661157,73.0,327.0,166.0,47.722342733188725,28.199566160520607,21910.0,21475.0,378.13,50.0,0.6,0.4,0.0,0.0,C
7169,Ozon,ED,52.0,68.0,18.0,89.0,8.506812418481866,81.0249327097661,230.9572608872144,74.0178064030205,45.668062920791705,24.7146801674525,22230.0,21475.0,113.92,20.0,0.4,0.6,0.0,0.0,ED
7170,Pailharès,G,98.0,55.0,14.0,66.0,35.127309374493954,36.6680347449212,171.5119334165624,79.8200318385164,51.4768388999653,35.39106271259735,18920.0,21475.0,241.58,25.0,0.4,0.0,0.6,0.0,G
7171,Payzac,G,175.0,100.0,28.0,68.0,42.92796450660943,117.177683167048,257.240250660858,164.582066172095,56.59338924606884,32.92913878458316,20440.0,21475.0,92.12,60.0,0.2,0.0,0.8,0.0,G
7172,Peaugres,ED,279.0,484.0,123.0,515.0,3.6603268127481816,466.627173769819,1386.75307501063,499.619751219551,56.0715353413045,35.658494105597974,24770.0,21475.0,739.18,120.0,0.4,0.4,0.2,0.0,C
7173,Péreyres,C,11.0,19.0,1.0,16.0,62.25550997042263,1.0,31.0,17.0,53.333333333333336,33.33333333333333,,21475.0,6.07,5.0,0.6,0.2,0.2,0.0,C
7174,Peyraud,ED,77.0,76.0,14.0,111.0,4.964539007092199,87.0,325.0,105.0,40.0990099009901,21.782178217821784,22460.0,21475.0,74.76,50.0,0.0,1.0,0.0,0.0,ED
7175,Plagnal (Le),C,14.0,22.0,4.0,10.0,55.67010309278351,5.0,28.0,32.0,43.63636363636363,21.818181818181817,,21475.0,343.23,5.0,0.6,0.2,0.2,0.0,C
7176,Planzolles,G,42.0,23.0,13.0,27.0,42.882149817087765,17.9999999999999,91.05882352941109,52.941176470588,48.48484848484857,34.09090909090917,19330.0,21475.0,3.4,20.0,0.2,0.2,0.6,0.0,G
7177,Plats,ED,89.0,181.0,50.0,206.0,9.534887766736649,171.541797583599,556.3567493226051,108.101453093797,50.54453947272626,29.17298869115843,23420.0,21475.0,661.69,60.0,0.2,0.4,0.4,0.0,ED
7178,Pont-de-Labeaume,ED,118.0,84.0,13.0,125.0,29.8728813559322,91.0,323.0,158.0,41.42538975501114,21.158129175946545,18560.0,21475.0,60.05,60.0,0.4,0.6,0.0,0.0,ED
7179,Pourchères,G,53.0,26.0,7.0,31.0,37.37373737373738,23.0,80.0,34.0,57.27272727272727,38.18181818181819,25400.0,21475.0,245.68,5.0,0.6,0.0,0.4,0.0,C
7181,Pouzin (Le),ED,386.0,361.0,76.0,547.0,1.7532029669588671,496.0,1695.0,702.0,33.992805755395686,17.67086330935252,,21475.0,154.54,290.0,0.2,0.8,0.0,0.0,ED
7182,Prades,ED,252.0,211.0,60.0,304.0,22.75439953733996,175.826902811776,719.064140261818,289.108956926406,44.233296830683486,25.929592973409065,21990.0,21475.0,281.65,100.0,0.0,0.4,0.6,0.0,G
7183,Pradons,ED,79.0,96.0,25.0,122.0,22.90502793296089,56.0,305.0,176.0,41.40969162995594,21.80616740088106,21670.0,21475.0,114.76,45.0,0.2,0.8,0.0,0.0,ED
7184,Pranles,ED,81.0,100.0,19.0,109.0,30.38881490119841,78.4972075735629,322.9806216438801,103.522170782557,52.886296375345786,31.68145909723941,22390.0,21475.0,725.3,35.0,0.4,0.4,0.2,0.0,C
7185,Préaux,C,144.0,151.0,19.0,135.0,18.180141091060563,138.205038776629,407.6931370832151,160.101824140156,48.21235754723551,29.764924770333568,22320.0,21475.0,658.61,45.0,0.4,0.4,0.2,0.0,C
7186,Privas,C,1333.0,1338.0,309.0,1002.0,2.33915884263364,1347.778441844832,5021.032589558498,2183.1889685966808,44.6883169719767,27.26633257766788,20510.0,21475.0,99.57,800.0,0.6,0.4,0.0,0.0,C
7187,Prunet,G,39.0,30.0,9.0,19.0,42.63565891472868,12.0,84.0,38.0,52.21238938053098,32.743362831858406,20190.0,21475.0,48.95,15.0,0.2,0.2,0.6,0.0,G
7188,Quintenas,ED,237.0,336.0,75.0,415.0,3.102625298329356,325.0,1024.0,401.0,44.07294832826747,26.975683890577507,22210.0,21475.0,561.73,120.0,0.0,1.0,0.0,0.0,ED
7189,Ribes,C,70.0,76.0,18.0,42.0,48.73368831456617,48.1507755368169,174.44765945467307,105.40156500851,52.64636532680436,31.752099919458647,21300.0,21475.0,68.95,35.0,0.2,0.2,0.6,0.0,G
7190,Rochecolombe,C,49.0,56.0,16.0,52.0,40.69198014722703,24.3555233621004,130.2944517177032,67.3500249201964,51.05676548649597,31.166489716245927,23090.0,21475.0,583.08,25.0,0.4,0.4,0.2,0.0,C
7191,Rochemaure,ED,386.0,413.0,65.0,485.0,4.831751509922347,399.0,1352.0,499.0,50.67686874632137,31.489111241907004,24000.0,21475.0,44.14,190.0,0.2,0.8,0.0,0.0,ED
7192,Rochepaule,C,48.0,78.0,19.0,68.0,40.246157355710295,18.1895007377088,129.189393645922,90.6211056163692,31.06136283744051,19.715635927955,17570.0,21475.0,128.95,15.0,0.4,0.6,0.0,0.0,ED
7193,Rocher,G,44.0,37.0,7.0,37.0,29.210622282105813,48.9760483404968,130.7347208846922,116.289230774811,39.68509356604694,25.56752685521355,21230.0,21475.0,8.58,25.0,0.2,0.4,0.4,0.0,ED
7194,Rochessauve,G,108.0,75.0,20.0,98.0,17.01974418371609,103.293126024488,296.2101267809312,84.4967471945808,56.49545883336352,37.78403976429823,21550.0,21475.0,1682.22,25.0,0.4,0.2,0.4,0.0,C
7195,Rochette (La),C,21.0,27.0,11.0,7.0,44.89711655559929,8.13138980900376,37.58940684686334,17.279203344133,39.97842129372774,27.974105552473272,,21475.0,447.63,0.0,0.6,0.4,0.0,0.0,C
7196,Rocles,G,78.0,42.0,10.0,28.0,51.83720455297374,51.6217885691533,152.77657534039014,58.6016360904576,57.52302131787516,37.0075413120753,20740.0,21475.0,116.22,35.0,0.4,0.2,0.4,0.0,C
7197,Roiffieux,C,348.0,646.0,142.0,638.0,2.529626880799652,375.71604599354,1597.095847490661,750.188106515799,45.369466857944765,27.5382915222852,24140.0,21475.0,666.75,165.0,0.4,0.6,0.0,0.0,ED
7198,Rompon,ED,205.0,222.0,37.0,239.0,6.481481481481481,218.0,690.0,233.0,54.249126891734576,33.87660069848661,24210.0,21475.0,577.17,70.0,0.6,0.4,0.0,0.0,C
7199,Rosières,C,237.0,282.0,67.0,278.0,25.064634632926115,198.787048776066,740.0978059799529,368.115145243981,41.38367035624057,22.44442640398471,20610.0,21475.0,420.66,160.0,0.2,0.6,0.2,0.0,ED
7200,Roux (Le),ED,19.0,18.0,2.0,32.0,63.62927660648941,9.76271186440674,39.05084745762696,15.186440677966,44.8979591836735,24.489795918367367,,22887.0,76.43,10.0,0.2,0.6,0.2,0.0,ED
7201,Ruoms,ED,287.0,439.0,100.0,531.0,20.23346303501945,220.0,1160.0,906.0,33.8701560140916,17.715148465022647,21260.0,22887.0,148.13,295.0,0.0,1.0,0.0,0.0,ED
7202,Sablières,G,60.0,36.0,11.0,19.0,64.98054474708171,25.0,92.0,49.0,51.09489051094891,28.46715328467153,16540.0,22887.0,107.6,25.0,0.2,0.2,0.6,0.0,G
7203,Sagnes-et-Goudoulet,C,26.0,39.0,10.0,19.0,65.85037265596154,5.1293103448276,73.8620689655171,40.0086206896553,49.07407407407418,31.481481481481545,,22887.0,937.61,5.0,0.6,0.2,0.2,0.0,C
7204,Saint-Agrève,C,417.0,507.0,125.0,368.0,22.24080267558528,276.0,1311.0,713.0,37.36951983298539,19.25887265135699,20580.0,22887.0,1226.77,140.0,0.6,0.2,0.2,0.0,C
7205,Saint-Alban-d'Ay,ED,206.0,258.0,67.0,380.0,8.593673223912067,242.02906134939,862.816586845129,291.154351805481,48.139788785847074,29.71768270416997,22660.0,22887.0,743.68,65.0,0.2,0.8,0.0,0.0,ED
7206,Saint-Alban-en-Montagne,C,6.0,21.0,4.0,18.0,55.23760858456824,6.59420289855072,35.79710144927538,22.6086956521739,41.66666666666672,21.666666666666654,,22887.0,730.05,0.0,0.4,0.6,0.0,0.0,ED
7207,Saint-Alban-Auriolles,ED,212.0,218.0,56.0,264.0,42.9497575420263,144.778388784063,611.106812597317,345.11479861862,47.608850636096,27.12240156304023,22240.0,22887.0,432.72,135.0,0.2,0.2,0.6,0.0,G
7208,Saint-Andéol-de-Berg,G,35.0,23.0,1.0,22.0,43.04086507320709,20.3731343283582,74.7014925373135,34.9253731343283,72.11538461538426,47.11538461538435,,22887.0,149.19,10.0,0.2,0.2,0.6,0.0,G
7209,Saint-Andéol-de-Fourchades,ED,3.0,18.0,4.0,24.0,40.55770052322925,3.05769230769231,25.480769230769194,24.4615384615385,41.66666666666664,22.91666666666665,,22887.0,343.02,5.0,0.2,0.8,0.0,0.0,ED
7210,Saint-Andéol-de-Vals,G,152.0,113.0,16.0,97.0,24.045650876805468,74.7561474252927,300.8801886083293,153.363663966378,51.937879876933934,30.84136141461336,,22887.0,386.44,65.0,0.2,0.4,0.4,0.0,ED
7211,Saint-André-de-Cruzières,G,128.0,101.0,27.0,80.0,34.40042776970481,35.0861376165192,271.10255224857383,157.811310134907,50.01465932425974,28.008814998640485,,22887.0,137.8,55.0,0.4,0.2,0.4,0.0,C
7212,Saint-André-en-Vivarais,ED,25.0,41.0,16.0,71.0,42.15686274509804,27.0,130.0,54.0,36.09467455621302,18.93491124260355,,22887.0,559.52,10.0,0.6,0.2,0.2,0.0,C
7213,Saint-André-Lachamp,G,72.0,30.0,9.0,13.0,53.76344086021505,29.0,101.0,36.0,63.84615384615384,43.07692307692308,,22887.0,92.06,20.0,0.2,0.0,0.8,0.0,G
7214,Saint-Apollinaire-de-Rias,ED,40.0,40.0,7.0,44.0,38.40532261238699,36.3252973378921,114.46075098507733,48.2139516770306,50.41614316453845,30.887213927238346,17750.0,22887.0,375.47,10.0,0.4,0.4,0.2,0.0,C
7215,Saint-Barthélemy-le-Meil,ED,41.0,43.0,9.0,51.0,46.34049331991946,21.3374737240634,120.36780917900302,61.2947170969336,34.082875604796634,19.06501873866153,19490.0,22887.0,53.03,15.0,0.2,0.8,0.0,0.0,ED
7216,Saint-Barthélemy-Grozon,C,103.0,111.0,35.0,99.0,28.39269154622101,82.838161655614,294.75299483347305,122.408843510914,34.90007158154847,20.78302533059136,19450.0,22887.0,690.91,40.0,0.6,0.4,0.0,0.0,C
7217,Saint-Barthélemy-le-Plain,ED,100.0,167.0,45.0,207.0,11.18421052631579,167.0,506.0,186.0,44.23676012461059,24.299065420560748,21300.0,22887.0,652.35,60.0,0.4,0.6,0.0,0.0,ED
7218,Saint-Basile,C,64.0,81.0,18.0,74.0,36.132568567954905,44.6642487050755,192.6704984899665,113.665252804957,44.16245244995182,27.000777914760675,21290.0,22887.0,646.29,25.0,0.6,0.4,0.0,0.0,C
7219,Saint-Bauzile,ED,54.0,49.0,8.0,69.0,15.191662059852913,74.0168975475875,202.8858580392708,39.0972444131417,54.1319193861813,37.99744555588187,24660.0,22887.0,138.6,15.0,0.4,0.4,0.2,0.0,C
7220,Saint-Christol,C,25.0,27.0,3.0,15.0,46.95203719257937,10.2803738317757,57.94392523364489,31.7757009345794,48.93617021276594,22.340425531914896,19320.0,22887.0,11.51,5.0,0.2,0.6,0.2,0.0,ED
7221,Saint-Cierge-la-Serre,ED,43.0,39.0,9.0,95.0,28.55934903857096,48.6623121583472,154.8758261699573,42.4618616716955,41.40876166473988,19.38877623467293,20030.0,22887.0,342.3,15.0,0.2,0.8,0.0,0.0,ED
7222,Saint-Cierge-sous-le-Cheylard,C,51.0,60.0,20.0,18.0,14.293586558094889,35.3014354066985,126.66985645932928,55.0287081339712,33.727810650887484,22.48520710059164,26140.0,22887.0,10.14,15.0,0.0,1.0,0.0,0.0,ED
7223,Saint-Cirgues-de-Prades,G,35.0,31.0,8.0,25.0,36.28007262823391,20.1438848920864,75.53956834532349,44.3165467625901,49.03846153846175,29.80769230769247,19840.0,22887.0,12.53,15.0,0.2,0.2,0.6,0.0,G
7224,Saint-Cirgues-en-Montagne,C,20.0,68.0,14.0,64.0,61.20378190747808,22.9750026887077,124.08562949435851,67.9393678169338,34.6399992920406,16.84921529249153,16860.0,22887.0,520.83,10.0,0.4,0.4,0.2,0.0,C
7225,Saint-Clair,C,153.0,356.0,99.0,289.0,2.535727041396944,234.125996033448,759.440757627987,298.433246338565,58.27615031038661,40.04192560502919,26560.0,22887.0,205.09,75.0,0.8,0.2,0.0,0.0,C
7226,Saint-Clément,C,17.0,31.0,5.0,29.0,39.71185950280374,9.51136363636362,61.295454545454376,22.1931818181818,48.05194805194805,20.77922077922077,,22887.0,1221.99,10.0,0.8,0.2,0.0,0.0,C
7227,Saint-Cyr,ED,184.0,284.0,83.0,352.0,1.294488428420645,276.541353751971,901.170666232295,252.287980015734,43.01437786168316,24.52727573151714,24050.0,22887.0,359.32,100.0,0.0,1.0,0.0,0.0,ED
7228,Saint-Désirat,C,122.0,185.0,44.0,144.0,5.298129191041731,178.394604344391,536.9582721477279,160.64712350788,46.93899717690925,30.143387946984543,22910.0,22887.0,418.05,80.0,0.0,0.6,0.4,0.0,ED
7229,Saint-Didier-sous-Aubenas,C,122.0,204.0,46.0,190.0,5.186525284453728,154.498748322842,519.913861801477,249.587389875682,45.698492670593374,26.54220029018633,21870.0,22887.0,60.31,85.0,0.4,0.6,0.0,0.0,ED
7230,Saint-Etienne-de-Boulogne,G,105.0,93.0,13.0,60.0,24.42641633745799,73.6866354363069,233.9945338219639,96.3188307417292,58.65792523724367,38.87666030194059,,22887.0,282.19,40.0,0.0,0.4,0.6,0.0,G
7231,Saint-Etienne-de-Fontbellon,C,410.0,569.0,141.0,557.0,4.964299514421251,483.776137620279,1626.8032684137745,783.420593965947,53.73351839877589,34.30071193910755,,22887.0,38.96,250.0,0.8,0.2,0.0,0.0,C
7232,Saint-Etienne-de-Lugdarès,C,46.0,82.0,41.0,82.0,55.72779822352216,48.3561086263848,259.7713758235007,98.8725155501145,36.70605229116804,18.214043922862903,,22887.0,2012.37,20.0,1.0,0.0,0.0,0.0,C
7233,Saint-Etienne-de-Serres,G,67.0,40.0,5.0,24.0,45.17239029870106,29.8606826418193,115.76624574007492,71.3730716181058,57.62141653410629,38.59764955159152,,22887.0,721.33,25.0,0.4,0.0,0.6,0.0,G
7234,Saint-Etienne-de-Valoux,C,48.0,64.0,7.0,45.0,5.652140693652425,48.0903378516906,178.676975847908,47.2326863004014,50.69223793105642,31.75785129290228,,22887.0,120.69,25.0,0.6,0.4,0.0,0.0,C
7235,Sainte-Eulalie,C,39.0,60.0,20.0,56.0,53.33351946828693,27.5940318067101,113.42167580990552,67.9842923833844,40.59156613164218,22.813476053724514,18790.0,22887.0,1155.22,15.0,0.8,0.0,0.2,0.0,C
7236,Saint-Félicien,C,161.0,225.0,68.0,220.0,15.487341875796702,145.664945845402,563.9273836799789,404.407670474619,34.65606404107003,19.03395437435332,21220.0,22887.0,733.03,80.0,0.8,0.2,0.0,0.0,C
7237,Saint-Fortunat-sur-Eyrieux,C,132.0,202.0,31.0,152.0,21.934464015738666,131.209694148244,496.474791869136,178.31551398262,49.52296246142679,30.935813698292247,22370.0,22887.0,131.37,70.0,0.2,0.4,0.4,0.0,ED
7238,Saint-Genest-de-Beauzon,G,75.0,68.0,10.0,57.0,37.523169858701664,52.7683232027241,192.9211793345134,89.3104974627625,45.32670803133054,28.992082586941017,21080.0,22887.0,40.18,45.0,0.2,0.0,0.8,0.0,G
7239,Saint-Genest-Lachamp,ED,20.0,23.0,14.0,24.0,55.84457289659612,9.0,52.0,51.0,48.54368932038835,27.184466019417474,19200.0,22887.0,525.42,10.0,0.2,0.2,0.6,0.0,G
7240,Saint-Georges-les-Bains,C,325.0,575.0,106.0,463.0,4.584527220630372,453.0,1432.0,530.0,58.14081408140815,37.62376237623762,25800.0,22887.0,25.96,135.0,0.8,0.2,0.0,0.0,C
7241,Saint-Germain,ED,106.0,150.0,35.0,175.0,11.873377891754226,112.034968656062,458.59212778633,133.372903557609,47.37840250798445,27.258356673401146,21990.0,22887.0,171.71,75.0,0.4,0.6,0.0,0.0,ED
7242,Saint-Gineys-en-Coiron,C,23.0,27.0,8.0,25.0,27.19118337492897,17.2595419847328,67.2213740458016,34.5190839694656,55.66037735849056,33.01886792452834,20880.0,22887.0,822.22,5.0,0.6,0.2,0.2,0.0,C
7243,Saint-Jacques-d'Atticieux,ED,50.0,50.0,17.0,78.0,9.866449647098188,44.0869167787507,180.57111393676087,54.3419692844884,38.21925226281181,18.39279783856721,22150.0,22887.0,97.77,20.0,0.0,1.0,0.0,0.0,ED
7244,Saint-Jean-Chambre,G,87.0,68.0,10.0,31.0,44.687400848258896,40.7703286285919,149.0188923972155,62.2107789741926,59.33646099464611,38.01729268042824,20730.0,22887.0,338.48,25.0,0.6,0.0,0.4,0.0,C
7245,Saint-Jean-de-Muzols,C,360.0,682.0,124.0,472.0,2.3809769792404496,375.60018797643,1383.404724254287,739.995087769283,48.63480036587692,31.002370062149943,23710.0,22887.0,181.02,190.0,0.2,0.8,0.0,0.0,ED
7247,Saint-Jean-le-Centenier,G,174.0,144.0,37.0,140.0,14.89373492689946,189.235958361459,543.610415537555,135.153626100987,51.85025921940684,29.26884078053021,20640.0,22887.0,727.45,90.0,0.2,0.4,0.4,0.0,ED
7248,Saint-Jean-Roure,ED,63.0,46.0,10.0,74.0,32.19399997354631,39.9121825984775,171.76234831818078,52.3254690833417,42.40869318156168,21.93438511581444,19930.0,22887.0,584.56,20.0,0.4,0.6,0.0,0.0,ED
7249,Saint-Jeure-d'Andaure,ED,13.0,19.0,4.0,29.0,54.9641707827131,15.5333033295216,54.3665616533255,31.1001350171529,41.44595895356666,25.598974647791145,,22887.0,232.35,5.0,0.4,0.4,0.2,0.0,C
7250,Saint-Jeure-d'Ay,C,71.0,101.0,15.0,101.0,14.1118978694406,94.46632469533,305.2906577363292,97.2430175683408,43.07626750989356,26.661801493533066,22200.0,22887.0,124.78,30.0,0.4,0.6,0.0,0.0,ED
7251,Saint-Joseph-des-Bancs,ED,35.0,30.0,10.0,40.0,41.876518074831495,39.155,111.735,40.11,48.64864864864864,25.67567567567568,19080.0,22887.0,867.46,10.0,0.4,0.4,0.2,0.0,C
7252,Saint-Julien-Boutières,,,,,,,,,,,,,22887.0,,,0.2,0.4,0.4,0.0,ED
7253,Saint-Julien-du-Gua,G,51.0,38.0,9.0,42.0,44.31404764698986,22.0,96.0,51.0,45.32374100719424,25.899280575539567,17360.0,22887.0,492.46,10.0,0.6,0.0,0.4,0.0,C
7254,Saint-Julien-du-Serre,G,228.0,188.0,41.0,154.0,13.91678485918517,137.086257719291,501.47500560490096,235.438736675807,55.63179558801842,39.65358114505855,22710.0,22887.0,113.16,65.0,0.2,0.4,0.4,0.0,ED
7255,Saint-Julien-en-Saint-Alban,ED,238.0,275.0,55.0,390.0,3.944370631139128,275.690803254793,921.783932490742,266.525264254465,43.27257318466093,25.4453629083326,22700.0,22887.0,69.26,120.0,0.0,1.0,0.0,0.0,ED
7256,Saint-Julien-Labrousse,,,,,,,,,,,,,22887.0,,,0.2,0.4,0.4,0.0,ED
7257,Saint-Julien-le-Roux,C,26.0,29.0,4.0,28.0,29.761904761904763,23.0,65.0,37.0,45.83333333333333,26.041666666666668,19440.0,22887.0,284.39,5.0,0.2,0.4,0.4,0.0,ED
7258,Saint-Julien-Vocance,C,39.0,55.0,9.0,37.0,37.68115942028986,24.0,138.0,60.0,49.740932642487046,36.26943005181347,18500.0,22887.0,,20.0,0.2,0.0,0.8,0.0,G
7259,Saint-Just-d'Ardèche,ED,221.0,256.0,70.0,429.0,6.743207100942289,273.95415135054,966.269634319318,370.776214330142,49.83611837162372,28.94033747183593,20990.0,22887.0,682.09,130.0,0.0,0.8,0.2,0.0,ED
7260,Saint-Lager-Bressac,ED,147.0,159.0,46.0,234.0,5.813953488372093,188.0,618.0,153.0,57.34664764621969,33.95149786019972,23930.0,22887.0,802.3,60.0,0.6,0.4,0.0,0.0,C
7261,Saint-Laurent-du-Pape,C,280.0,382.0,66.0,293.0,5.21234352278352,283.575182857697,989.969274469762,343.455542672541,52.47656012429349,30.875307561234905,22930.0,22887.0,225.57,130.0,0.4,0.6,0.0,0.0,ED
7262,Saint-Laurent-les-Bains,C,19.0,47.0,25.0,24.0,71.26436781609196,19.0,100.0,65.0,52.86624203821656,40.12738853503185,,22887.0,213.91,15.0,0.8,0.2,0.0,0.0,C
7263,Saint-Laurent-sous-Coiron,G,54.0,36.0,4.0,4.0,44.050632911392526,14.4827586206897,69.3103448275862,36.2068965517241,60.63829787234042,45.74468085106378,18740.0,22887.0,620.31,15.0,0.2,0.0,0.8,0.0,G
7264,Saint-Marcel-d'Ardèche,ED,356.0,476.0,108.0,650.0,8.207226753278348,357.677646311778,1351.211569321278,648.110784366944,50.369175873914266,31.74167125007859,23660.0,22887.0,1224.12,210.0,0.6,0.4,0.0,0.0,C
7265,Saint-Marcel-lès-Annonay,ED,156.0,286.0,55.0,392.0,2.798819929881368,252.464545279152,831.5010503457111,294.034404375137,37.53822755797674,20.90353792531225,22660.0,22887.0,243.08,95.0,0.0,1.0,0.0,0.0,ED
7266,Sainte-Marguerite-Lafigère,G,41.0,22.0,10.0,20.0,64.71336650508367,13.3486499836811,55.4176654586781,47.2336845576408,48.46848577823933,31.968575726072743,,22887.0,147.8,5.0,0.4,0.4,0.2,0.0,C
7267,Saint-Martial,C,48.0,69.0,18.0,69.0,64.27460286053814,38.1682921734436,163.545961896864,69.2857459296924,33.44834652939752,16.03999465129047,20010.0,22887.0,328.77,15.0,0.4,0.6,0.0,0.0,ED
7268,Saint-Martin-d'Ardèche,ED,128.0,221.0,42.0,242.0,33.2030234104443,144.469903735673,570.418306992215,226.111789272111,51.67479088813487,30.323240655125527,24700.0,22887.0,211.86,120.0,0.0,0.4,0.6,0.0,G
7269,Saint-Martin-de-Valamas,C,219.0,232.0,46.0,198.0,23.945854604235485,104.542430891851,551.678624759156,427.778944348993,36.264636510227774,18.886675378894,20690.0,22887.0,319.8,70.0,0.6,0.4,0.0,0.0,C
7270,Saint-Martin-sur-Lavezon,G,110.0,67.0,21.0,93.0,20.00314053317136,82.7322700274819,261.4988592289666,85.7688707435515,55.7977761547647,36.51800092728396,23720.0,22887.0,1069.11,30.0,0.2,0.4,0.4,0.0,ED
7272,Saint-Maurice-d'Ardèche,C,58.0,98.0,15.0,61.0,22.761194029850746,55.0,226.0,92.0,51.16279069767442,29.56810631229236,23980.0,22887.0,152.88,35.0,0.6,0.2,0.2,0.0,C
7273,Saint-Maurice-d'Ibie,G,62.0,39.0,14.0,41.0,50.0,38.0,112.0,63.0,53.25443786982249,33.13609467455622,18200.0,22887.0,465.18,25.0,0.2,0.4,0.4,0.0,ED
7274,Saint-Maurice-en-Chalencon,G,53.0,40.0,9.0,36.0,38.6295231370214,35.0000635166445,106.9999190998528,58.0000173835027,43.94905489336901,27.38857354890551,21440.0,22887.0,154.5,20.0,0.2,0.4,0.4,0.0,ED
7275,Saint-Mélany,G,38.0,25.0,7.0,8.0,68.51649278855643,13.1692307692308,64.19999999999999,29.6307692307692,64.15094339622648,51.88679245283026,,22887.0,14.81,10.0,0.2,0.0,0.8,0.0,G
7276,Saint-Michel-d'Aurance,ED,46.0,56.0,15.0,64.0,19.06244558312549,50.3285669997673,174.6561619966035,37.0152710036292,36.88313277948406,19.39164954892931,23280.0,22887.0,53.15,15.0,0.2,0.8,0.0,0.0,ED
7277,Saint-Michel-de-Boulogne,G,36.0,23.0,8.0,27.0,31.699452129941548,39.7315436241611,81.4496644295302,26.8187919463087,65.3846153846154,38.46153846153848,20450.0,22887.0,82.42,15.0,0.2,0.0,0.8,0.0,G
7278,Saint-Michel-de-Chabrillanoux,G,180.0,71.0,5.0,28.0,29.21430813994447,60.1029896237402,269.728269899947,75.1687404763128,58.01719657708069,36.54167267482135,20350.0,22887.0,66.69,55.0,0.4,0.2,0.4,0.0,C
7279,Saint-Montan,ED,361.0,346.0,76.0,505.0,13.077548549641218,344.880752802376,1204.89106249521,405.228184702414,54.45147082301997,34.67008534317465,24050.0,22887.0,328.88,160.0,0.2,0.6,0.2,0.0,ED
7280,Saint-Paul-le-Jeune,G,216.0,153.0,40.0,204.0,21.082189052171906,126.719143132858,543.087289038499,297.193567828643,51.445143516421176,26.8402158083691,19560.0,22887.0,5.69,110.0,0.2,0.0,0.8,0.0,G
7281,Saint-Péray,C,1129.0,2137.0,396.0,1373.0,1.616060311829944,1283.86674077883,4411.400870105643,1895.732389115537,55.33697206506933,38.03141051718808,25790.0,22887.0,328.05,495.0,1.0,0.0,0.0,0.0,C
7282,Saint-Pierre-de-Colombier,ED,76.0,66.0,13.0,175.0,45.89923669161007,51.6665346863523,280.6506910777447,110.682774235902,50.88327163097063,31.434221521545936,18980.0,22887.0,28.21,35.0,0.0,0.6,0.4,0.0,ED
7283,Saint-Pierre-la-Roche,ED,14.0,6.0,0.0,16.0,12.72264631043254,16.2,37.8,9.0,53.19148936170214,29.78723404255319,,22887.0,233.08,5.0,0.2,0.8,0.0,0.0,ED
7284,Saint-Pierre-Saint-Jean,G,50.0,49.0,8.0,26.0,63.62870746789263,25.1933701657459,103.9226519337015,60.8839779005526,52.28758169934643,36.601307189542496,20190.0,22887.0,114.93,15.0,0.2,0.0,0.8,0.0,G
7285,Saint-Pierre-sur-Doux,G,20.0,13.0,12.0,18.0,50.7037260102168,12.2261799076724,66.1895219975071,31.5842980948205,48.35101484729939,34.059810190560505,,22887.0,139.1,5.0,0.4,0.0,0.6,0.0,G
7286,Saint-Pierreville,G,109.0,99.0,23.0,75.0,36.85473754904645,71.6636795471631,249.8092985352909,193.527021917546,50.49069716780833,34.356530049931216,20450.0,22887.0,670.49,35.0,0.4,0.2,0.4,0.0,C
7287,Saint-Pons,C,63.0,82.0,26.0,51.0,34.62821644124258,53.5747873570109,189.2128617620219,59.2123508809672,60.99932283039977,37.620274426523785,23310.0,22887.0,975.39,25.0,0.4,0.0,0.6,0.0,G
7288,Saint-Priest,C,271.0,304.0,43.0,266.0,3.949562202555944,216.891624231663,837.1904466719091,282.917929096428,49.04145332226727,29.684463544674976,24040.0,22887.0,487.95,70.0,0.6,0.4,0.0,0.0,C
7289,Saint-Privat,ED,333.0,331.0,57.0,352.0,6.354696303009777,244.28560791964,903.136208247686,516.578183832674,44.651866820861855,27.766281535616816,22060.0,22887.0,70.53,140.0,0.0,1.0,0.0,0.0,ED
7290,Saint-Prix,G,68.0,54.0,9.0,60.0,43.276967288276666,55.3170802444286,166.49236341187222,51.1905563437002,39.45923976539056,21.221056474780745,21930.0,22887.0,402.75,15.0,0.2,0.8,0.0,0.0,ED
7291,Saint-Remèze,ED,155.0,157.0,48.0,299.0,21.870553463058457,114.715911372028,504.55818232537695,228.725906302595,42.76028486782544,25.610909622726552,22250.0,22887.0,304.8,110.0,0.0,0.8,0.2,0.0,ED
7292,Saint-Romain-d'Ay,ED,184.0,230.0,46.0,274.0,5.623901581722319,239.0,700.0,229.0,48.8991888760139,27.69409038238702,23770.0,22887.0,290.58,65.0,0.0,1.0,0.0,0.0,ED
7293,Saint-Romain-de-Lerps,ED,128.0,195.0,58.0,216.0,9.574878869557352,237.036067867102,588.472913384395,163.491018748503,61.098808385709766,41.504224183499,23400.0,22887.0,448.94,65.0,0.6,0.2,0.2,0.0,C
7294,Saint-Sauveur-de-Cruzières,ED,74.0,115.0,22.0,141.0,32.96943231441048,72.0,320.0,174.0,48.07692307692308,25.85470085470086,19090.0,22887.0,981.05,60.0,0.4,0.6,0.0,0.0,ED
7295,Saint-Sauveur-de-Montagut,C,209.0,212.0,52.0,193.0,15.557936414561912,159.513583645477,587.945255528685,364.541160825838,35.09628340255021,19.94812283936626,20360.0,22887.0,229.22,70.0,0.6,0.4,0.0,0.0,C
7296,Saint-Sernin,ED,277.0,335.0,77.0,432.0,6.94591468644592,313.679037351171,1063.419607417148,464.901355231681,44.714427168008925,25.36910996617987,22470.0,22887.0,77.83,175.0,0.0,1.0,0.0,0.0,ED
7297,Saint-Sylvestre,ED,58.0,87.0,39.0,146.0,24.198759690146744,83.9091156684624,322.8094030453986,104.281481286139,50.9567344040719,28.2074212133628,20430.0,22887.0,1054.42,30.0,0.4,0.2,0.4,0.0,C
7298,Saint-Symphorien-sous-Chomérac,C,165.0,192.0,22.0,188.0,5.97017356145199,174.563232139076,533.515020802569,146.921747058355,52.637513613703,33.67737370538217,24610.0,22887.0,300.95,60.0,0.2,0.6,0.2,0.0,ED
7299,Saint-Symphorien-de-Mahun,G,34.0,33.0,11.0,24.0,46.66666666666666,10.0,64.0,43.0,58.252427184466015,45.63106796116505,19590.0,22887.0,94.91,5.0,0.2,0.0,0.8,0.0,G
7300,Saint-Thomé,ED,76.0,98.0,17.0,113.0,23.375388297225705,87.1465442228924,277.2968654116296,110.556590365478,57.253101275282056,38.21202591460578,24940.0,21622.0,92.23,35.0,0.6,0.4,0.0,0.0,C
7301,Saint-Victor,ED,154.0,179.0,46.0,257.0,18.283305824734427,111.67754024092,587.5559905135599,261.76646924552,43.89736418845004,25.37278760037306,24700.0,21622.0,1068.52,65.0,0.2,0.6,0.2,0.0,ED
7302,Saint-Vincent-de-Barrès,ED,153.0,131.0,35.0,176.0,6.8620449724122405,142.229837255079,502.832466060459,181.937696684463,54.59439427153464,37.35877387899474,25130.0,21622.0,306.21,45.0,0.4,0.6,0.0,0.0,ED
7303,Saint-Vincent-de-Durfort,G,78.0,58.0,10.0,41.0,38.764405990646885,56.1367123229909,146.8041492430108,69.0591384339983,64.66745244754233,43.45187674100131,22140.0,21622.0,95.93,20.0,0.0,0.0,1.0,0.0,G
7304,Salavas,C,156.0,161.0,29.0,131.0,53.213951234317726,117.788667259003,414.308854224125,198.902478516872,52.43929133618456,30.34892280774664,21230.0,21622.0,41.55,120.0,0.4,0.2,0.4,0.0,C
7305,Salelles (Les),G,97.0,81.0,16.0,34.0,41.15942028985507,55.0,219.0,132.0,53.13432835820896,33.43283582089553,,21622.0,60.44,35.0,0.2,0.2,0.6,0.0,G
7306,Sampzon,ED,51.0,41.0,10.0,73.0,48.7527483794276,24.6021302340631,148.4320720758758,70.9657976900611,43.606258359472605,19.04049442207465,20600.0,21622.0,1.5,40.0,0.4,0.6,0.0,0.0,ED
7307,Sanilhac,G,134.0,95.0,12.0,74.0,33.488342864056634,76.8436952632946,247.7306201516184,119.425684585087,54.56200627859968,30.43207083058887,20340.0,21622.0,98.88,60.0,0.2,0.2,0.6,0.0,G
7308,Sarras,ED,304.0,408.0,71.0,453.0,2.951775843893507,388.063639834061,1319.902684469263,524.033675696676,40.22433874042988,23.221555665730385,22220.0,21622.0,296.81,165.0,0.2,0.8,0.0,0.0,ED
7309,Satillieu,C,222.0,323.0,90.0,323.0,9.120969748179071,216.731408038731,818.7858873295711,466.482704631698,33.21924145547761,17.80417081205279,21530.0,21622.0,612.35,100.0,0.4,0.6,0.0,0.0,ED
7310,Savas,C,143.0,231.0,52.0,220.0,3.461192728733199,156.926941005539,564.9870510275771,174.086007966885,55.39066673187634,35.79022360408986,25700.0,21622.0,563.8,50.0,0.8,0.2,0.0,0.0,C
7311,Sceautres,G,38.0,32.0,8.0,20.0,29.20200857218413,21.304347826087,88.4130434782607,37.2826086956523,58.18181818181789,29.09090909090893,19320.0,21622.0,1341.7,10.0,0.6,0.0,0.4,0.0,C
7312,Sécheras,ED,112.0,100.0,28.0,125.0,9.969262587860149,110.719343985339,333.7598760350962,72.5207799795648,46.83838172897024,29.71980388519796,22870.0,21622.0,194.15,40.0,0.4,0.6,0.0,0.0,ED
7313,Serrières,ED,101.0,175.0,52.0,223.0,4.129267881809239,130.935672807223,582.272539368844,360.791787823933,33.4712874479749,17.28113766624389,21020.0,21622.0,23.73,100.0,0.2,0.8,0.0,0.0,ED
7314,Silhac,G,119.0,84.0,20.0,66.0,45.26293401425379,62.6204238751779,240.5156629289307,95.8639131958914,58.83507150471946,38.59242356027884,19770.0,21622.0,748.88,40.0,0.6,0.0,0.4,0.0,C
7315,Souche (La),G,107.0,65.0,22.0,82.0,47.682119205298015,65.0,195.0,124.0,48.37662337662338,31.16883116883117,,21622.0,160.89,40.0,0.6,0.0,0.4,0.0,C
7316,Soyons,C,323.0,644.0,124.0,421.0,0.8124182754851279,380.723162330008,1441.1252519057268,476.151585764265,58.5168838836634,37.731823965116114,26810.0,21622.0,79.51,145.0,1.0,0.0,0.0,0.0,C
7317,Talencieux,ED,154.0,253.0,65.0,270.0,2.117112386807847,215.869109004335,706.181016679586,193.949874316079,56.67716346275241,35.190752848345134,24410.0,21622.0,228.58,55.0,0.2,0.8,0.0,0.0,ED
7318,Tauriers,G,49.0,42.0,6.0,44.0,44.53108205239998,23.8823529411765,125.3823529411765,53.735294117647,54.385964912280805,29.2397660818714,23400.0,21622.0,28.65,25.0,0.6,0.2,0.2,0.0,C
7319,Teil (Le),ED,1268.0,946.0,200.0,1612.0,2.988703869032084,1667.186592299591,5239.820345717813,1904.993061982585,41.6990097448277,22.08845528737938,,21622.0,133.37,950.0,0.6,0.4,0.0,0.0,C
7321,Thorrenc,ED,29.0,53.0,18.0,60.0,3.7783042677265946,75.2465849554997,198.719222214379,48.0341928301213,64.13409244015408,42.599716184760034,24930.0,21622.0,244.27,25.0,0.6,0.4,0.0,0.0,C
7322,Thueyts,ED,165.0,193.0,58.0,352.0,32.50497017892644,132.0,614.0,462.0,36.77042801556421,18.77431906614786,20220.0,21622.0,121.12,115.0,0.4,0.6,0.0,0.0,ED
7323,Toulaud,C,289.0,434.0,70.0,331.0,4.748299806365245,288.904148306757,1118.4087452136891,293.687106479554,58.766086080180834,41.06265605311148,26640.0,21622.0,438.59,85.0,0.6,0.4,0.0,0.0,C
7324,Tournon-sur-Rhône,C,1562.0,2181.0,421.0,1580.0,2.370502883960353,2002.458779120614,6631.550721062983,2667.990499816403,50.44687944497572,32.68059589117357,21900.0,21622.0,278.57,,0.6,0.2,0.2,0.0,C
7325,Ucel,ED,322.0,393.0,100.0,402.0,8.90880312719499,269.950672975254,1120.412528320748,640.636798703998,51.66207041394277,31.3830304722776,23150.0,21622.0,33.58,165.0,0.4,0.6,0.0,0.0,ED
7326,Usclades-et-Rieutord,C,15.0,29.0,7.0,28.0,58.779263983254246,11.4150943396226,57.07547169811341,41.509433962264,44.44444444444444,26.666666666666668,,21622.0,493.39,10.0,0.6,0.2,0.2,0.0,C
7327,Uzer,C,82.0,91.0,17.0,62.0,12.36749116607774,63.0,232.0,123.0,47.023809523809526,24.404761904761905,21510.0,21622.0,16.43,55.0,0.4,0.4,0.2,0.0,C
7328,Vagnas,G,120.0,116.0,22.0,99.0,43.32224725910175,102.263040684414,362.00110528128494,163.735854034301,47.21159726026643,23.09476797686546,21630.0,21622.0,361.96,70.0,0.2,0.2,0.6,0.0,G
7329,Valgorge,G,119.0,51.0,9.0,74.0,52.78281006458669,33.8882942687116,248.1186050919644,132.993100639324,34.89734478865911,20.08055683035937,18120.0,21622.0,337.07,55.0,0.2,0.4,0.4,0.0,ED
7330,Vallon-Pont-d'Arc,ED,472.0,457.0,73.0,482.0,38.317234493115,365.786855547536,1289.247254095052,813.965890357412,42.43884334709779,22.66224149849537,21190.0,21622.0,247.54,400.0,0.2,0.4,0.4,0.0,ED
7331,Vals-les-Bains,ED,604.0,578.0,194.0,743.0,23.693701077827125,398.09021818829,1825.0237745638897,1255.88600724782,41.26564853197127,23.96715634776828,20010.0,21622.0,37.03,450.0,0.0,0.6,0.4,0.0,ED
7332,Valvignères,C,102.0,109.0,27.0,86.0,21.95026022204044,62.1148890837632,268.2960170449988,107.589093871238,56.59343717779494,33.11680637968999,21790.0,21622.0,610.3,30.0,0.6,0.0,0.4,0.0,C
7333,Vanosc,ED,163.0,172.0,51.0,185.0,13.99543595040983,145.296262081897,554.499103751083,234.204634167021,48.6900021577206,29.893359669425585,21530.0,21622.0,630.25,50.0,0.4,0.4,0.2,0.0,C
7334,Vans (Les),G,681.0,513.0,117.0,368.0,22.811674543020487,328.135127478398,1402.8037757416482,949.061096779954,42.99655613643175,26.62181341918955,,21622.0,348.41,335.0,0.2,0.2,0.6,0.0,G
7335,Vaudevant,C,39.0,51.0,9.0,37.0,31.306493812925844,19.9848137804827,122.11295561343049,75.9022306060868,45.412840815247975,27.83576352043046,21830.0,21622.0,499.23,20.0,0.6,0.2,0.2,0.0,C
7336,Vernon,G,59.0,57.0,14.0,36.0,37.43964981849912,26.6551151613795,113.11477494931832,83.2301098893012,42.92896548756931,26.432360994506848,20460.0,21622.0,34.61,25.0,0.4,0.2,0.4,0.0,C
7337,Vernosc-lès-Annonay,C,352.0,573.0,138.0,561.0,1.1423701311709629,500.153587917225,1631.4145924315878,538.431819651187,47.91843763123129,28.90172354486892,23840.0,21622.0,544.6,165.0,0.6,0.4,0.0,0.0,C
7338,Vernoux-en-Vivarais,C,336.0,352.0,100.0,344.0,13.566206336311945,330.0,1069.0,586.0,39.79460847240051,22.91399229781772,19810.0,21622.0,1789.11,125.0,0.2,0.4,0.4,0.0,ED
7339,Vesseaux,ED,377.0,403.0,83.0,414.0,11.068889356913909,382.129746080959,1233.963951995565,431.906301923476,55.692143761725454,34.74282107229755,22270.0,21622.0,154.64,180.0,0.2,0.8,0.0,0.0,ED
7340,Veyras,C,333.0,340.0,88.0,258.0,5.6582604222854656,217.295625101145,870.0170229774499,416.687351921405,53.36723957985454,32.92242927461361,25760.0,21622.0,57.88,70.0,0.6,0.4,0.0,0.0,C
7341,Villeneuve-de-Berg,ED,484.0,467.0,124.0,507.0,7.994264826035653,451.555631288037,1664.1112217741795,915.333146937783,40.564581777298194,24.46995972068301,21920.0,21622.0,1437.22,260.0,0.0,1.0,0.0,0.0,ED
7342,Villevocance,ED,144.0,195.0,67.0,288.0,3.4204337417796307,183.574646705158,696.699895970239,300.725457324603,35.91858077585634,18.59360590703952,22310.0,21622.0,22.71,65.0,0.0,1.0,0.0,0.0,ED
7343,Vinezac,G,317.0,233.0,59.0,265.0,17.721688238767534,260.951542277271,826.816678915284,300.231778807445,54.67151475834607,34.12118933174717,23910.0,21622.0,171.9,125.0,0.2,0.6,0.2,0.0,ED
7344,Vinzieux,C,75.0,102.0,20.0,99.0,4.78432725691561,121.291835246038,313.2121963575305,85.4959683964315,57.55911374503194,36.44609966981425,25120.0,21622.0,213.89,25.0,0.4,0.6,0.0,0.0,ED
7345,Vion,C,182.0,205.0,37.0,181.0,5.260976412905938,149.622460067799,593.039445322715,189.338094609485,47.05552180767403,24.82380988360252,22190.0,21622.0,186.25,85.0,0.6,0.4,0.0,0.0,C
7346,Viviers,ED,596.0,513.0,119.0,847.0,4.450422085733018,533.897615999567,2140.857776844377,984.244607156055,40.47073844481845,22.695734704381128,21970.0,21622.0,525.86,305.0,0.2,0.8,0.0,0.0,ED
7347,Vocance,ED,108.0,68.0,23.0,149.0,9.066666666666666,111.0,372.0,132.0,37.66519823788546,20.70484581497797,20080.0,21622.0,28.9,40.0,0.2,0.8,0.0,0.0,ED
7348,Vogüé,G,195.0,180.0,43.0,195.0,23.149394347240914,153.0,647.0,235.0,46.05103280680438,26.123936816524907,21210.0,21622.0,79.17,135.0,0.2,0.2,0.6,0.0,G
7349,Voulte-sur-Rhône (La),ED,702.0,675.0,119.0,843.0,1.2173302299657325,732.472786769526,2688.389518436692,1341.137694793782,31.88996887484441,17.250587088234173,,21622.0,135.76,540.0,0.2,0.8,0.0,0.0,ED
15001,Allanche,C,105.0,170.0,47.0,164.0,28.85899832406094,80.2769340128218,390.2226870941392,312.500378893038,36.2934729906918,19.507912808680626,20200.0,3728.0,3494.76,30.0,0.8,0.0,0.2,0.0,C
15002,Alleuze,ED,23.0,58.0,18.0,60.0,34.78493216223288,39.3497757847533,142.2645739910315,43.3856502242152,38.98305084745767,17.51412429378531,20190.0,3728.0,1185.37,15.0,0.4,0.6,0.0,0.0,ED
15003,Ally,C,82.0,134.0,51.0,125.0,27.70166139606108,69.8191201613936,287.00132169218443,239.179558146422,33.889572441061055,17.285765659373496,20980.0,3728.0,2096.22,25.0,0.8,0.2,0.0,0.0,C
15004,Andelat,C,55.0,112.0,15.0,93.0,14.761975562038538,93.7644029423209,286.8081840673938,93.4274129902853,48.29741636356916,23.62402897287134,,3728.0,1708.62,20.0,0.8,0.2,0.0,0.0,C
15005,Anglards-de-Saint-Flour,ED,57.0,69.0,35.0,87.0,11.11111111111111,79.0,252.0,72.0,49.15254237288136,26.440677966101696,22610.0,3728.0,512.45,15.0,0.4,0.6,0.0,0.0,ED
15006,Anglards-de-Salers,C,75.0,209.0,57.0,135.0,36.225158313873166,90.0765435070252,411.2650447017288,222.658411791247,36.37694773477142,16.88223252606209,18700.0,3728.0,3192.35,35.0,1.0,0.0,0.0,0.0,C
15007,Anterrieux,C,7.0,45.0,11.0,26.0,34.14634146341464,22.0,66.0,34.0,44.329896907216494,15.463917525773196,17620.0,3728.0,1620.22,0.0,1.0,0.0,0.0,0.0,C
15008,Antignac,C,44.0,69.0,16.0,58.0,37.5,46.0,153.0,83.0,44.843049327354265,25.112107623318387,20790.0,3728.0,472.06,15.0,0.8,0.2,0.0,0.0,C
15009,Apchon,C,34.0,54.0,22.0,32.0,39.349193043103895,14.9742901025046,102.0038123958839,63.0218975016115,31.09080663763859,14.076266716870215,18940.0,3728.0,913.04,10.0,1.0,0.0,0.0,0.0,C
15010,Arches,C,37.0,53.0,8.0,37.0,31.05178622580512,32.0526315789474,106.8421052631578,64.1052631578948,40.52287581699342,20.915032679738555,20900.0,3728.0,645.32,5.0,0.4,0.6,0.0,0.0,ED
15011,Arnac,C,38.0,58.0,12.0,40.0,48.60748713963474,16.8520710059171,102.165680473373,58.9822485207099,50.67567567567576,25.67567567567573,20320.0,3728.0,955.8,5.0,0.6,0.4,0.0,0.0,C
15012,Arpajon-sur-Cère,C,868.0,1534.0,363.0,1159.0,4.443680727811921,925.494733706071,3821.811167946072,1615.694098347857,45.44094348546782,25.6665458616534,23500.0,3728.0,3786.8,275.0,0.4,0.6,0.0,0.0,ED
15013,Auriac-l'Eglise,ED,24.0,41.0,17.0,59.0,41.02694681988969,13.2805755395683,78.6618705035971,50.0575539568346,36.3636363636364,18.18181818181821,,3728.0,1389.17,10.0,0.8,0.2,0.0,0.0,C
15014,Aurillac,C,3379.0,5042.0,906.0,2932.0,4.516083208450975,3151.226060011501,15863.07233182513,7174.701608163392,47.58568715039435,28.870425264243888,21860.0,3728.0,2231.65,,1.0,0.0,0.0,0.0,C
15015,Auzers,C,27.0,66.0,16.0,23.0,45.867965392367566,17.3782949509103,90.63425962342772,52.987445425662,42.07315882372933,14.501537341048476,19960.0,3728.0,1502.88,10.0,0.6,0.4,0.0,0.0,C
15016,Ayrens,ED,79.0,123.0,36.0,142.0,16.769925112575994,117.341921142088,361.972330952494,138.685747905417,40.59227306990606,22.973950261882493,21360.0,3728.0,1805.18,20.0,0.2,0.8,0.0,0.0,ED
15017,Badailhac,ED,6.0,33.0,4.0,39.0,35.714285714285715,23.0,64.0,43.0,45.19230769230769,18.269230769230766,20810.0,3728.0,1074.52,5.0,0.6,0.4,0.0,0.0,C
15018,Barriac-les-Bosquets,C,16.0,33.0,9.0,21.0,37.87255664766501,10.1470588235294,64.94117647058829,62.9117647058823,34.166666666666615,17.49999999999997,18390.0,3728.0,898.57,5.0,0.8,0.2,0.0,0.0,C
15019,Bassignac,C,49.0,68.0,11.0,29.0,50.07390128703789,32.2987951164316,116.767421011284,72.9337838722844,49.091024698664285,24.603293194128387,19220.0,3728.0,390.35,15.0,0.4,0.0,0.6,0.0,G
15020,Beaulieu,C,20.0,21.0,5.0,20.0,61.15702479338842,3.0,55.0,26.0,44.15584415584416,25.97402597402597,19420.0,3728.0,313.57,0.0,0.2,0.6,0.2,0.0,ED
15021,Boisset,C,92.0,172.0,35.0,125.0,25.427350427350422,98.0,369.0,198.0,39.06542056074767,18.13084112149533,19620.0,3728.0,2075.43,25.0,1.0,0.0,0.0,0.0,C
15022,Bonnac,C,22.0,48.0,14.0,43.0,30.14705882352941,16.0,84.0,60.0,39.130434782608695,21.014492753623188,20450.0,3728.0,898.96,10.0,0.4,0.6,0.0,0.0,ED
15024,Brageac,ED,15.0,7.0,13.0,22.0,40.89705166935932,4.93589743589744,52.32051282051286,19.7435897435897,38.46153846153844,24.61538461538461,,3728.0,228.56,5.0,0.2,0.8,0.0,0.0,ED
15025,Albepierre-Bredons,C,40.0,93.0,28.0,43.0,46.485056256302286,32.6485878379567,130.7368257766478,76.6145863853965,37.9919374177172,23.091296028282613,22180.0,3728.0,1142.57,10.0,0.8,0.2,0.0,0.0,C
15026,Brezons,ED,20.0,37.0,31.0,44.0,48.48924753568898,22.1031795341738,77.94229145721671,78.9545290086095,29.33333333333345,14.666666666666714,19200.0,3728.0,1831.04,5.0,0.4,0.6,0.0,0.0,ED
15027,Calvinet,C,63.0,248.0,61.0,106.0,20.43832163520615,101.013974123043,360.18606616553603,262.799959711422,44.93291936529224,25.5958872703224,,3728.0,2212.03,40.0,0.4,0.6,0.0,0.0,ED
15028,Carlat,ED,49.0,73.0,29.0,85.0,21.2,72.0,214.0,104.0,46.62162162162162,26.01351351351352,21380.0,3728.0,1168.61,15.0,0.6,0.4,0.0,0.0,C
15029,Cassaniouze,C,55.0,157.0,30.0,85.0,31.651351928264155,55.7604879454354,240.76413183888863,206.475380215677,34.75224972927699,17.4409390008671,19330.0,3728.0,1699.95,25.0,0.8,0.2,0.0,0.0,C
15030,Cayrols,C,46.0,65.0,22.0,59.0,16.27906976744186,40.0,200.0,57.0,37.91666666666666,20.416666666666668,21690.0,3728.0,216.87,10.0,0.2,0.8,0.0,0.0,ED
15032,Celoux,C,10.0,19.0,11.0,13.0,13.372956909361058,6.76666666666667,29.966666666666622,21.2666666666667,37.735849056603726,11.320754716981131,,3728.0,675.37,5.0,0.6,0.4,0.0,0.0,C
15033,Cézens,C,22.0,69.0,30.0,53.0,38.0961143550179,29.8882066799317,116.7326236609107,70.3791696591576,37.66656399204108,12.025882619947026,20650.0,3728.0,3539.8,5.0,1.0,0.0,0.0,0.0,C
15034,Chaliers,C,21.0,48.0,15.0,24.0,44.11895073078794,13.4206896551724,78.6068965517242,46.9724137931034,32.25806451612911,14.51612903225808,18090.0,3728.0,1360.65,10.0,0.6,0.4,0.0,0.0,C
15036,Chalvignac,ED,61.0,97.0,33.0,125.0,23.47216956164512,65.1998012848492,257.2068873745738,134.593311340576,41.71991395184149,22.725787279512662,21960.0,3728.0,1544.16,25.0,0.4,0.6,0.0,0.0,ED
15037,Champagnac,ED,153.0,221.0,40.0,229.0,17.2083891608708,149.486232282981,572.1833965440729,301.330371172946,25.272582035332064,10.40057141311901,19890.0,3728.0,1168.41,45.0,0.0,1.0,0.0,0.0,ED
15038,Champs-sur-Tarentaine-Marchal,C,199.0,214.0,46.0,136.0,36.13894827191729,124.617958540958,551.878963093966,351.503078365076,34.8948682376788,17.27189891384496,20070.0,3728.0,2297.33,55.0,1.0,0.0,0.0,0.0,C
15040,Chanterelle,C,18.0,29.0,6.0,25.0,52.32549458753255,11.0,63.0,25.0,39.285714285714285,30.95238095238096,,3728.0,1498.6,5.0,1.0,0.0,0.0,0.0,C
15041,La Chapelle-d'Alagnon,C,28.0,75.0,13.0,46.0,20.81996959694847,47.3551513396536,143.0372466171039,67.6076020432425,42.533457587810304,21.714493214642648,22580.0,3728.0,698.28,10.0,0.6,0.4,0.0,0.0,C
15042,La Chapelle-Laurent,C,16.0,83.0,20.0,72.0,24.71695167334972,34.5660500592083,145.1041443319867,59.329805608805,39.61856595682521,20.053995892147267,20420.0,3728.0,1485.6,15.0,0.4,0.6,0.0,0.0,ED
15043,Charmensac,C,13.0,22.0,8.0,19.0,32.3943661971831,7.0,37.0,28.0,38.095238095238095,20.63492063492064,,3728.0,792.04,5.0,0.4,0.6,0.0,0.0,ED
15045,Chaudes-Aigues,C,64.0,216.0,63.0,164.0,43.10079504410192,79.5322294071998,414.0781277268572,320.389642865943,33.997799389342774,16.530839050022557,20860.0,3728.0,3412.21,35.0,1.0,0.0,0.0,0.0,C
15046,Chaussenac,ED,32.0,51.0,17.0,55.0,37.844431842210206,32.6256604665398,116.03342321040692,74.3409163230533,32.87354898973438,16.652357286042108,18040.0,3728.0,1171.88,10.0,0.6,0.4,0.0,0.0,C
15048,Chazelles,C,5.0,13.0,0.0,12.0,34.45416858590505,3.88235294117647,17.47058823529413,11.6470588235294,26.66666666666671,13.333333333333364,,3728.0,332.19,0.0,0.4,0.4,0.2,0.0,C
15049,Cheylade,C,25.0,67.0,49.0,33.0,54.98595371986129,22.1633272769904,114.3380401829765,87.4986325400331,46.06085566708614,26.3117348994149,17200.0,3728.0,2157.21,15.0,1.0,0.0,0.0,0.0,C
15050,Le Claux,C,21.0,70.0,26.0,26.0,64.00470121823183,16.0835265173077,80.52745580448722,64.3890176782051,42.12697127429234,23.101887472999017,18930.0,3728.0,1438.14,5.0,0.8,0.2,0.0,0.0,C
15051,Clavières,ED,25.0,45.0,20.0,50.0,32.98175029448663,16.7826086956522,111.18478260869573,65.0326086956521,33.54037267080738,18.63354037267077,18490.0,3728.0,1194.02,5.0,0.6,0.4,0.0,0.0,C
15052,Collandres,C,28.0,51.0,16.0,39.0,33.97412517272097,11.2875816993464,93.3790849673204,52.3333333333332,38.68613138686128,18.97810218978101,,3728.0,1030.6,10.0,0.8,0.2,0.0,0.0,C
15053,Coltines,ED,72.0,86.0,17.0,132.0,25.77298828560446,75.7884993112598,268.75117523300503,83.4603254557352,31.92684308185249,14.832309482359546,21320.0,3728.0,1991.4,25.0,0.6,0.2,0.2,0.0,C
15054,Condat,C,109.0,182.0,62.0,166.0,27.04684456652542,93.6817677383234,497.12898252721465,359.189249734464,35.67296918837376,15.946781985309208,,3728.0,2344.19,55.0,0.8,0.2,0.0,0.0,C
15055,Coren,C,56.0,114.0,47.0,110.0,12.659305606248903,76.1273568861633,251.6868943910237,117.185748722814,47.60174072615836,25.31159072659977,22270.0,3728.0,1378.62,15.0,0.6,0.4,0.0,0.0,C
15056,Crandelles,C,109.0,218.0,35.0,144.0,6.839498704237079,190.095748941439,546.753071319367,133.151179739193,53.41207073277666,33.237304465636214,,3728.0,1149.45,20.0,0.4,0.6,0.0,0.0,ED
15057,Cros-de-Montvert,C,25.0,44.0,18.0,44.0,34.74518822210479,14.5393589825986,121.570177871682,55.8904631457194,38.7098946925367,17.110128155106786,18250.0,3728.0,854.29,10.0,0.8,0.2,0.0,0.0,C
15058,Cros-de-Ronesque,C,18.0,52.0,1.0,41.0,40.48822515795516,27.0,77.0,43.0,38.46153846153847,16.23931623931624,19760.0,3728.0,838.32,5.0,0.8,0.2,0.0,0.0,C
15059,Cussac,C,25.0,36.0,14.0,20.0,36.47746256907647,11.900826446281,65.4545454545454,42.6446280991736,36.7924528301886,15.094339622641485,19630.0,3728.0,1167.05,0.0,0.8,0.2,0.0,0.0,C
15060,Deux-Verges,ED,5.0,11.0,5.0,16.0,21.92779003709088,7.57142857142857,31.23214285714284,14.1964285714286,41.860465116279,18.60465116279066,,3728.0,385.56,0.0,0.2,0.8,0.0,0.0,ED
15061,Dienne,C,30.0,79.0,33.0,54.0,35.79335793357934,31.0,137.0,70.0,43.29896907216495,24.22680412371134,19320.0,3728.0,3607.4,10.0,0.8,0.0,0.2,0.0,C
15063,Drugeac,C,41.0,93.0,27.0,79.0,39.28640048715017,48.9790823602162,189.9086531308958,84.112264508888,33.6017213951186,18.4213749156902,20190.0,3728.0,1506.66,10.0,0.6,0.4,0.0,0.0,C
15064,Escorailles,C,7.0,31.0,13.0,14.0,25.886628266297528,12.1463414634146,35.4268292682927,35.4268292682927,38.80597014925378,17.91044776119404,,3728.0,320.01,5.0,0.4,0.6,0.0,0.0,ED
15065,Espinasse,C,3.0,18.0,17.0,17.0,44.84068661434784,13.3376623376624,44.1168831168833,21.5454545454546,31.666666666666664,16.666666666666664,,3728.0,794.88,5.0,0.8,0.2,0.0,0.0,C
15066,Le Falgoux,C,25.0,46.0,6.0,24.0,65.7430497295109,5.22522522522525,43.89189189189256,66.8828828828832,37.14285714285718,20.952380952381,20010.0,3728.0,633.18,5.0,0.2,0.8,0.0,0.0,ED
15067,Le Fau,C,13.0,14.0,5.0,3.0,72.88153536697874,2.58333333333333,12.916666666666671,15.5,54.54545454545445,30.303030303030223,,3728.0,247.68,0.0,0.8,0.0,0.2,0.0,C
15069,Ferrières-Saint-Mary,C,32.0,61.0,31.0,55.0,31.872509960159363,28.0,123.0,87.0,36.45320197044335,16.748768472906402,18650.0,3728.0,1182.86,15.0,0.6,0.4,0.0,0.0,C
15070,Fontanges,C,39.0,72.0,13.0,41.0,47.12265560557472,21.4462383992818,98.3267159918132,88.227045608905,36.6208650447349,25.18328843842401,20810.0,3728.0,678.33,10.0,0.4,0.4,0.2,0.0,C
15072,Freix-Anglards,ED,23.0,48.0,17.0,65.0,25.657894736842103,19.0,133.0,64.0,34.78260869565217,18.47826086956521,20860.0,3728.0,1096.51,15.0,0.4,0.6,0.0,0.0,ED
15073,Fridefont,C,2.0,35.0,12.0,21.0,45.40953770852607,13.4239130434782,43.36956521739111,38.2065217391303,35.89743589743592,12.820512820512814,,3728.0,579.98,5.0,0.6,0.4,0.0,0.0,C
15074,Giou-de-Mamou,C,111.0,198.0,42.0,149.0,4.189983695601069,100.325206518513,450.682445082477,184.992348399009,53.45943752547758,32.962483193428696,26210.0,3728.0,1184.54,30.0,0.2,0.8,0.0,0.0,ED
15075,Girgols,C,10.0,23.0,6.0,23.0,38.92469709777396,4.11594202898552,50.42028985507258,16.4637681159421,52.45901639344262,36.0655737704918,,3728.0,567.59,5.0,0.6,0.0,0.4,0.0,C
15076,Glénat,ED,35.0,41.0,6.0,46.0,36.74733001151933,21.8643407000247,76.94354886392878,75.1921104360465,30.40978649152361,11.021401142671913,19600.0,3728.0,1231.84,10.0,0.6,0.4,0.0,0.0,C
15077,Gourdièges,ED,0.0,20.0,5.0,26.0,18.219983207388708,12.6285714285714,41.7714285714286,13.6,33.33333333333342,5.555555555555555,,3728.0,607.81,5.0,0.6,0.4,0.0,0.0,C
15078,Jabrun,C,7.0,43.0,20.0,36.0,25.73936192338096,24.9300699300698,71.5384615384609,58.5314685314683,37.60683760683772,16.239316239316285,20630.0,3728.0,1918.76,5.0,0.8,0.2,0.0,0.0,C
15079,Jaleyrac,ED,54.0,83.0,32.0,114.0,29.03225806451613,47.0,220.0,93.0,40.27303754266212,19.112627986348123,21170.0,3728.0,1162.91,20.0,0.4,0.6,0.0,0.0,ED
15080,Joursac,ED,17.0,39.0,6.0,63.0,41.84330314270615,8.40361445783132,97.10843373493978,49.4879518072289,45.6375838926176,24.161073825503408,18900.0,3728.0,1407.38,5.0,0.6,0.4,0.0,0.0,C
15081,Jou-sous-Monjou,C,9.0,28.0,11.0,27.0,34.28978284086849,6.6875,52.5446428571428,47.7678571428572,28.712871287128767,15.84158415841585,20000.0,3728.0,865.9,0.0,0.6,0.4,0.0,0.0,C
15082,Junhac,C,28.0,122.0,29.0,35.0,39.36348501054926,32.8788288470823,156.05259948826262,99.0685716646561,39.37241138804345,19.893187209447667,17200.0,3728.0,1652.61,10.0,1.0,0.0,0.0,0.0,C
15083,Jussac,C,243.0,508.0,96.0,398.0,7.267362821302767,349.983069469128,1172.942605603165,517.074324927707,41.17439802368019,22.40047272462687,22770.0,3728.0,1904.23,90.0,0.2,0.8,0.0,0.0,ED
15084,Labesserette,C,19.0,83.0,20.0,57.0,18.69796426456008,48.9419704798897,183.86831579485528,64.189713725255,45.23644479728868,22.042979093370885,20690.0,3728.0,1388.09,15.0,0.2,0.8,0.0,0.0,ED
15085,Labrousse,ED,57.0,109.0,21.0,139.0,13.402685853799662,84.31042985873,285.357138250359,110.332431890912,40.92563551235569,17.003628674115845,21760.0,3728.0,497.27,25.0,0.4,0.6,0.0,0.0,ED
15086,Lacapelle-Barrès,ED,4.0,9.0,7.0,14.0,49.578806810495976,8.15021450271384,27.435729830918763,23.4140556663672,39.56813518560403,16.654508148483263,,3728.0,517.19,0.0,0.6,0.4,0.0,0.0,C
15087,Lacapelle-del-Fraisse,C,37.0,104.0,14.0,60.0,13.58612906198086,104.167091326441,232.54404677820995,65.2888618953501,50.70152735947705,24.264698795911315,21760.0,3728.0,1077.97,10.0,1.0,0.0,0.0,0.0,C
15088,Lacapelle-Viescamp,C,67.0,151.0,20.0,111.0,30.297103635522262,88.1704890000344,298.78648874989057,133.043022250075,49.43943806522223,25.73820228083704,23450.0,3728.0,1131.75,25.0,0.6,0.4,0.0,0.0,C
15089,Ladinhac,C,60.0,114.0,30.0,93.0,25.174825174825177,63.0,258.0,114.0,43.440233236151606,18.075801749271136,19530.0,3728.0,1572.68,25.0,0.6,0.4,0.0,0.0,C
15090,Lafeuillade-en-Vézie,C,59.0,143.0,40.0,119.0,6.346145222542584,100.365727960134,360.735399026132,129.898873013733,42.33101810264988,22.24893170313217,21800.0,3728.0,621.89,30.0,0.6,0.4,0.0,0.0,C
15091,Landeyrat,C,10.0,34.0,3.0,25.0,33.63554523014389,4.09523809523808,56.309523809523625,25.595238095238,33.33333333333338,9.333333333333336,,3728.0,945.51,0.0,0.6,0.4,0.0,0.0,C
15092,Lanobre,C,228.0,361.0,91.0,261.0,17.00105596620908,140.0,727.0,483.0,37.60683760683761,19.914529914529915,22960.0,3728.0,1610.29,60.0,0.4,0.6,0.0,0.0,ED
15093,Lapeyrugue,C,11.0,20.0,11.0,15.0,28.67452645321264,6.20758253542646,48.77730304883335,39.0151144157398,41.97530864197528,29.62962962962961,,3728.0,288.5,10.0,0.4,0.2,0.4,0.0,C
15094,Laroquebrou,C,122.0,178.0,40.0,142.0,28.79414685007632,68.1325932425489,399.00068847812514,323.866718279326,34.283336107018336,17.008367260878437,21640.0,3728.0,359.22,45.0,0.4,0.4,0.2,0.0,C
15095,Laroquevieille,ED,36.0,71.0,21.0,104.0,21.464018521230287,51.1667252933705,207.69282774791628,90.1404469587132,40.9104523483845,19.416682970895685,21570.0,3728.0,998.4,20.0,0.6,0.4,0.0,0.0,C
15096,Lascelle,C,25.0,62.0,18.0,62.0,27.62299301023442,30.1627108625216,147.8326154812314,88.004673656247,42.4718289351091,21.595329458095563,21420.0,3728.0,1017.56,15.0,0.8,0.2,0.0,0.0,C
15097,Lastic,ED,7.0,25.0,7.0,29.0,36.509404872032086,12.6486486486486,60.3243243243244,35.027027027027,35.416666666666714,14.583333333333334,17500.0,3728.0,806.46,5.0,0.8,0.2,0.0,0.0,C
15098,Laurie,ED,9.0,22.0,8.0,25.0,42.0,10.0,37.0,37.0,39.18918918918919,13.513513513513514,,3728.0,917.75,0.0,0.6,0.4,0.0,0.0,C
15100,Laveissenet,ED,14.0,27.0,10.0,29.0,15.259318429438364,22.6717557251909,74.19847328244259,38.1297709923665,40.00000000000002,18.0,21210.0,3728.0,976.05,5.0,0.0,1.0,0.0,0.0,ED
15101,Laveissière,C,70.0,142.0,24.0,136.0,81.31189573031999,78.9249628347055,324.8924384966145,122.18259866868,50.04807026125968,29.750314091194845,22710.0,3728.0,496.17,45.0,1.0,0.0,0.0,0.0,C
15102,Lavigerie,C,7.0,38.0,9.0,27.0,47.65205127669994,14.6120689655172,53.577586206896605,44.8103448275862,44.89795918367346,29.59183673469391,,3728.0,1182.81,5.0,0.8,0.2,0.0,0.0,C
15103,Leucamp,ED,25.0,52.0,22.0,58.0,23.976608187134502,29.0,138.0,77.0,33.33333333333333,13.725490196078432,20560.0,3728.0,434.8,10.0,0.4,0.6,0.0,0.0,ED
15104,Leynhac,C,42.0,83.0,20.0,61.0,29.436323059144048,39.7726198595933,167.37324311813268,107.854137022274,44.75203539054651,21.15356091489226,18520.0,3728.0,2034.73,15.0,0.8,0.2,0.0,0.0,C
15105,Leyvaux,C,6.0,15.0,4.0,9.0,41.02731349368122,4.86486486486486,15.56756756756754,15.5675675675676,46.87500000000004,21.875000000000018,,3728.0,599.16,0.0,0.2,0.6,0.2,0.0,ED
15106,Lieutadès,C,9.0,50.0,20.0,39.0,49.267479603473866,21.923076923077,77.8269230769237,71.2500000000003,27.27272727272731,9.090909090909104,17400.0,3728.0,2020.04,5.0,0.6,0.4,0.0,0.0,C
15107,Lorcières,C,28.0,50.0,20.0,31.0,37.46007159163125,20.1352941176471,75.7470588235293,67.1176470588236,28.36879432624113,7.801418439716308,18110.0,3728.0,1386.78,5.0,0.4,0.4,0.2,0.0,C
15108,Val d'Arcomie,C,113.0,277.0,71.0,213.0,29.53264617005838,146.489347743124,523.3510711475931,276.159581109283,44.70094828811328,25.458433865659497,19760.0,3728.0,4798.31,45.0,1.0,0.0,0.0,0.0,C
15110,Lugarde,C,12.0,48.0,14.0,23.0,43.43814252043533,13.655737704918,65.35245901639351,39.9918032786885,37.14285714285728,17.142857142857178,23620.0,3728.0,1035.73,5.0,0.6,0.4,0.0,0.0,C
15111,Madic,C,27.0,62.0,12.0,37.0,10.593655746482089,21.1782875329924,113.61991182122372,69.2018006457839,38.04404797545601,17.98155553864372,20930.0,3728.0,457.29,5.0,0.4,0.6,0.0,0.0,ED
15112,Malbo,ED,10.0,24.0,8.0,37.0,36.55561915219215,5.86813186813187,56.72527472527473,26.4065934065934,44.15584415584414,15.58441558441559,15070.0,3728.0,1189.51,5.0,0.6,0.4,0.0,0.0,C
15113,Mandailles-Saint-Julien,C,38.0,74.0,17.0,51.0,59.85130111524164,18.0,100.0,56.0,40.64516129032258,22.58064516129032,,3728.0,1383.92,10.0,0.8,0.2,0.0,0.0,C
15114,Marcenat,C,52.0,147.0,30.0,98.0,36.93203318004694,32.1165755718195,259.5725342068655,218.310890221315,38.46960988012408,23.155824587036268,22920.0,3728.0,3780.35,10.0,1.0,0.0,0.0,0.0,C
15116,Marchastel,C,13.0,53.0,26.0,24.0,42.35294117647059,16.0,79.0,37.0,48.18181818181818,26.36363636363636,21890.0,3728.0,1195.05,5.0,0.8,0.2,0.0,0.0,C
15117,Marcolès,C,69.0,190.0,59.0,98.0,22.44764663240285,77.2785818463021,335.90341274281184,179.818005410886,49.53827958971981,27.776386683520915,20290.0,3728.0,3305.52,25.0,0.6,0.2,0.2,0.0,C
15118,Marmanhac,C,88.0,185.0,43.0,151.0,14.95543690383109,88.3784781296924,407.0998740878356,190.521647782472,47.30858920219339,27.980444308609272,22530.0,3728.0,2315.08,30.0,0.2,0.8,0.0,0.0,ED
15119,Massiac,C,211.0,441.0,77.0,320.0,13.266009073142982,246.174087355904,971.640187500451,583.185725143645,37.19458661604492,17.062928267406,21420.0,3728.0,1130.9,100.0,0.2,0.8,0.0,0.0,ED
15120,Mauriac,C,423.0,742.0,164.0,562.0,6.431612140419249,383.109440526165,1924.6854919872749,1195.20506748656,33.7583281076915,16.854024909576818,21240.0,3728.0,1299.96,175.0,0.8,0.2,0.0,0.0,C
15121,Maurines,ED,4.0,17.0,8.0,36.0,45.65890391856083,12.6060606060606,58.8282828282828,32.5656565656566,43.902439024390176,15.853658536585366,,3728.0,912.57,5.0,0.2,0.8,0.0,0.0,ED
15122,Maurs,C,355.0,499.0,94.0,281.0,14.318463700382273,250.868058100027,1107.185368578449,772.946573321524,35.977125865569924,18.232029541070418,20720.0,3728.0,2416.21,110.0,0.4,0.6,0.0,0.0,ED
15123,Méallet,C,17.0,56.0,14.0,28.0,41.988950276243095,15.0,85.0,54.0,38.80597014925373,23.13432835820896,22140.0,3728.0,1116.66,10.0,0.8,0.2,0.0,0.0,C
15124,Menet,C,107.0,112.0,42.0,110.0,36.24710321015619,77.3295980955583,296.1190095117797,157.551392392663,36.67655872516891,16.975823910717196,21050.0,3728.0,1826.25,20.0,1.0,0.0,0.0,0.0,C
15125,Mentières,ED,9.0,31.0,13.0,33.0,15.203124544516388,18.4462809917355,78.90909090909099,26.6446280991735,45.91836734693905,19.38775510204097,20130.0,3728.0,1189.76,5.0,0.4,0.6,0.0,0.0,ED
15126,Molèdes,C,4.0,31.0,19.0,23.0,48.96595609290504,8.66666666666667,33.70370370370373,35.6296296296296,36.23188405797107,15.942028985507257,,3728.0,955.01,0.0,0.8,0.2,0.0,0.0,C
15127,Molompize,ED,56.0,67.0,19.0,73.0,20.22058823529412,27.0,154.0,91.0,38.19742489270386,14.592274678111588,18940.0,3728.0,317.98,20.0,0.2,0.6,0.2,0.0,ED
15128,La Monselie,C,24.0,39.0,10.0,27.0,41.13972280608076,16.0192307692308,65.2211538461538,37.7596153846154,43.52941176470589,16.470588235294127,20730.0,3728.0,429.78,5.0,0.6,0.4,0.0,0.0,C
15129,Montboudif,ED,23.0,41.0,17.0,55.0,34.30105596877278,12.7650602409638,91.3192771084338,58.9156626506024,23.33333333333328,11.999999999999988,19220.0,3728.0,1026.24,10.0,0.6,0.4,0.0,0.0,C
15130,Montchamp,C,5.0,39.0,8.0,32.0,12.551884099132293,21.3533834586466,82.2105263157895,38.4360902255639,45.871559633027545,18.34862385321104,18350.0,3728.0,783.38,5.0,0.6,0.4,0.0,0.0,C
15131,Le Monteil,C,47.0,66.0,25.0,49.0,33.98799998072323,28.3215243400565,141.5573086791992,99.1211669807443,45.80057206483573,19.936051825173788,19630.0,3728.0,1515.26,10.0,0.8,0.2,0.0,0.0,C
15132,Montgreleix,C,2.0,22.0,4.0,11.0,78.26086956521739,4.0,20.0,7.0,46.15384615384615,23.07692307692308,,3728.0,1062.69,0.0,0.6,0.4,0.0,0.0,C
15133,Montmurat,ED,10.0,26.0,4.0,41.0,19.19191919191919,17.0,79.0,38.0,47.22222222222222,24.07407407407408,18280.0,3728.0,277.16,5.0,0.2,0.4,0.4,0.0,ED
15134,Montsalvy,C,80.0,229.0,58.0,143.0,20.63067445257244,81.1904008410321,415.5923579202409,335.217241238727,37.37428962377755,17.1327585130752,21330.0,3728.0,1057.65,30.0,0.2,0.8,0.0,0.0,ED
15135,Montvert,ED,17.0,27.0,14.0,29.0,13.390065390427466,9.91228070175439,65.42105263157892,37.6666666666667,30.8510638297872,13.82978723404255,18560.0,3728.0,440.16,5.0,0.0,0.8,0.2,0.0,ED
15136,Mourjou,,,,,,,,,,,,,3728.0,,,0.4,0.4,0.2,0.0,C
15137,Moussages,C,41.0,78.0,25.0,36.0,39.11290322580645,27.0,137.0,87.0,41.70616113744076,19.431279620853083,20360.0,3728.0,1256.94,10.0,0.4,0.6,0.0,0.0,ED
15138,Murat,C,211.0,445.0,92.0,305.0,14.84149855907781,203.0,902.0,665.0,41.235728676964406,22.96843519140363,19300.0,3728.0,1318.7,105.0,0.2,0.8,0.0,0.0,ED
15139,Narnhac,C,5.0,21.0,8.0,11.0,43.58974358974359,10.0,29.0,29.0,19.29824561403509,7.017543859649122,,3728.0,919.23,0.0,0.4,0.4,0.2,0.0,C
15140,Naucelles,C,305.0,522.0,104.0,392.0,2.9845226900179607,350.861231287124,1254.660986367236,558.47778234564,52.663442515809024,32.1590463849214,24230.0,3728.0,537.14,85.0,0.0,1.0,0.0,0.0,ED
15141,Neussargues en Pinatelle,C,229.0,429.0,113.0,373.0,19.714070729872084,132.0,868.0,577.0,39.53318745441284,19.32895696571845,21650.0,3728.0,,,0.4,0.6,0.0,0.0,ED
15142,Neuvéglise-sur-Truyère,C,185.0,487.0,135.0,383.0,37.10737764791819,233.0,975.0,481.0,44.26820475847152,24.080749819754864,21360.0,3728.0,7176.55,70.0,1.0,0.0,0.0,0.0,C
15143,Nieudan,C,24.0,26.0,15.0,26.0,32.50724812264812,10.3185840707965,55.3451327433628,40.3362831858407,50.51546391752575,30.927835051546403,22160.0,3728.0,337.24,0.0,0.6,0.2,0.2,0.0,C
15144,Omps,C,53.0,78.0,15.0,56.0,11.71625212482728,52.1714117265695,208.76949553900192,57.0590927344296,52.04625310177882,27.510610525136403,20400.0,3728.0,1013.81,15.0,1.0,0.0,0.0,0.0,C
15146,Pailherols,C,13.0,58.0,37.0,33.0,34.61519905420571,10.5384615384615,86.2237762237763,40.2377622377622,42.51968503937002,19.685039370078727,24060.0,3728.0,1308.09,5.0,0.8,0.2,0.0,0.0,C
15147,Parlan,C,45.0,134.0,16.0,59.0,23.70196666310936,92.4017630608388,264.3209166974692,113.277320241692,44.32672784659472,23.28357264370202,20970.0,3728.0,1400.04,20.0,0.6,0.4,0.0,0.0,C
15148,Paulhac,C,38.0,132.0,43.0,83.0,32.198061585429954,72.8034755131206,245.72551680776843,115.471007679111,38.90353171393534,18.65730713682386,20160.0,3728.0,4195.04,20.0,1.0,0.0,0.0,0.0,C
15149,Paulhenc,ED,11.0,39.0,31.0,43.0,52.86415502945909,34.955840387379,140.0053692705951,83.0387903420259,29.76825080411396,14.197371990008634,22530.0,3728.0,1297.57,5.0,0.4,0.6,0.0,0.0,ED
15151,Peyrusse,C,10.0,35.0,23.0,32.0,37.5,18.0,77.0,46.0,47.45762711864407,16.101694915254235,17240.0,3728.0,2095.61,10.0,0.8,0.2,0.0,0.0,C
15152,Pierrefort,C,87.0,209.0,65.0,134.0,15.586640114400122,94.7262883615738,453.1698052707072,343.10390636772,33.37847667165402,17.437133229346312,21840.0,3728.0,2811.03,25.0,0.6,0.2,0.2,0.0,C
15153,Pleaux,C,168.0,405.0,101.0,319.0,49.25630048156034,159.164966961941,688.210600692426,616.624432345633,36.28442821351955,16.90634986765609,19980.0,3728.0,4455.95,65.0,1.0,0.0,0.0,0.0,C
15154,Polminhac,ED,139.0,276.0,53.0,279.0,12.81792941322638,224.806562897046,683.514949444709,296.678487658245,46.60812208846979,24.58338308356038,21900.0,3728.0,2434.23,60.0,0.0,1.0,0.0,0.0,ED
15155,Pradiers,C,11.0,26.0,3.0,21.0,33.924969745865255,6.51724137931035,42.82758620689656,31.6551724137931,24.67532467532472,7.792207792207788,,3728.0,806.05,5.0,0.8,0.2,0.0,0.0,C
15156,Prunet,C,53.0,164.0,43.0,144.0,11.44578313253012,150.0,417.0,119.0,52.8,28.6,20190.0,3728.0,2116.19,25.0,0.4,0.4,0.2,0.0,C
15157,Quézac,C,48.0,71.0,20.0,62.0,13.972492494175,49.5397799612244,204.9387793656101,92.5214406731666,43.73288022828961,21.543299112146507,20390.0,3728.0,897.08,20.0,0.2,0.8,0.0,0.0,ED
15158,Rageade,C,10.0,21.0,10.0,18.0,9.166574493971876,13.0549450549451,54.39560439560451,31.5494505494506,30.76923076923082,12.820512820512825,,3728.0,1065.26,0.0,0.2,0.8,0.0,0.0,ED
15159,Raulhac,C,28.0,93.0,29.0,39.0,36.38543152338603,33.8120030674321,118.1651635428079,121.02283338976,31.01549069359905,14.80202075195928,20380.0,3728.0,1128.64,5.0,0.8,0.2,0.0,0.0,C
15160,Reilhac,C,175.0,259.0,52.0,178.0,4.60224936696538,183.604716703604,611.660743684984,298.734539611412,41.91661365607051,24.102193239817147,23880.0,3728.0,567.58,40.0,0.4,0.6,0.0,0.0,ED
15161,Rézentières,ED,9.0,27.0,4.0,37.0,25.60574358956175,18.6440677966102,68.0508474576271,23.3050847457627,40.22988505747123,20.6896551724138,18160.0,3728.0,1080.28,5.0,0.6,0.4,0.0,0.0,C
15162,Riom-ès-Montagnes,C,313.0,564.0,129.0,391.0,14.599877825290164,238.0,1214.0,951.0,33.78443692605123,16.91638472692122,21350.0,3728.0,3387.28,105.0,0.4,0.4,0.2,0.0,C
15163,Roannes-Saint-Mary,C,135.0,275.0,61.0,204.0,5.725874306903424,227.242710095297,654.6462421417649,222.111047762938,54.37548136298032,30.907805559146635,23780.0,3728.0,2307.77,45.0,0.4,0.6,0.0,0.0,ED
15164,Roffiac,C,57.0,140.0,51.0,139.0,10.416666666666668,84.0,347.0,131.0,47.66146993318486,26.057906458797326,22830.0,3728.0,1434.83,30.0,0.8,0.2,0.0,0.0,C
15165,Rouffiac,ED,19.0,37.0,11.0,51.0,28.138060398968324,20.7734806629834,101.79005524861893,65.4364640883977,41.66666666666659,19.230769230769194,18890.0,3728.0,1143.49,5.0,0.6,0.4,0.0,0.0,C
15166,Roumégoux,C,51.0,105.0,15.0,44.0,16.018375351646846,62.1103696048595,194.79793913157448,72.091691263566,50.99380081789675,27.766645761617887,21940.0,3728.0,964.98,10.0,0.6,0.4,0.0,0.0,C
15167,Rouziers,C,21.0,39.0,6.0,14.0,30.299703589856115,22.9565217391304,66.9565217391305,20.0869565217391,53.750000000000064,26.250000000000018,18820.0,3728.0,419.4,5.0,0.2,0.6,0.2,0.0,ED
15168,Ruynes-en-Margeride,C,85.0,178.0,23.0,160.0,21.72065849502913,131.513560999948,415.54315330270697,167.943285697344,47.005378407085146,25.032406020579035,22300.0,3728.0,1263.87,25.0,0.8,0.2,0.0,0.0,C
15169,Saignes,ED,89.0,152.0,46.0,177.0,11.42766777104114,61.0113534729475,413.1491242746545,346.839522252398,27.573400234500085,12.52362918668686,21330.0,3728.0,491.26,35.0,0.2,0.8,0.0,0.0,ED
15170,Saint-Amandin,ED,35.0,56.0,16.0,73.0,44.61749162330352,25.0240352035339,122.0398591267328,79.9361056697333,42.62190247127863,21.42272008219593,,3728.0,1136.28,10.0,0.6,0.4,0.0,0.0,C
15172,Saint-Antoine,C,9.0,36.0,8.0,15.0,17.306465333900473,11.8817204301075,36.55913978494631,36.5591397849462,23.076923076923062,10.25641025641025,,3728.0,829.92,5.0,0.6,0.2,0.2,0.0,C
15173,Saint-Bonnet-de-Condat,C,23.0,32.0,9.0,30.0,44.46323929197112,9.82608695652174,53.06086956521737,50.1130434782609,36.893203883495154,16.50485436893202,,3728.0,629.09,10.0,0.8,0.2,0.0,0.0,C
15174,Saint-Bonnet-de-Salers,C,15.0,83.0,39.0,58.0,35.48634693761714,23.955776593331,144.5574994790287,85.4867239276403,38.09428658631186,19.43013490397543,18640.0,3728.0,3132.17,10.0,1.0,0.0,0.0,0.0,C
15175,Saint-Cernin,C,99.0,233.0,71.0,233.0,20.67039106145252,149.0,632.0,266.0,39.90498812351544,19.71496437054632,21510.0,3728.0,3653.45,35.0,0.6,0.2,0.2,0.0,C
15176,Saint-Chamant,ED,23.0,59.0,27.0,63.0,34.096849967034935,37.2273553033199,129.3085176696648,70.4641270270153,36.780810959867104,21.78034717560337,20170.0,3728.0,1372.92,15.0,0.4,0.6,0.0,0.0,ED
15178,Saint-Cirgues-de-Jordanne,ED,19.0,30.0,9.0,32.0,42.94769646609707,20.8235466711211,74.3374077054651,43.8390456234128,47.1936268857641,26.967786791865205,15230.0,3728.0,991.63,5.0,0.4,0.2,0.4,0.0,C
15179,Saint-Cirgues-de-Malbert,C,31.0,63.0,31.0,56.0,35.75225657470959,37.7355021981784,152.5897429788019,59.6747548230197,41.66633435165812,20.070652562660428,22680.0,3728.0,846.64,10.0,0.6,0.4,0.0,0.0,C
15180,Saint-Clément,C,5.0,24.0,14.0,11.0,40.09311950336265,13.52,36.400000000000006,28.08,48.33333333333334,28.33333333333333,,3728.0,1144.59,5.0,0.8,0.2,0.0,0.0,C
15181,Saint-Constant-Fournoulès,C,60.0,183.0,47.0,85.0,16.057820138073204,73.5183464571206,290.10562169939936,204.37603184348,32.35992343187865,13.55786616675443,21560.0,3728.0,2409.16,25.0,0.6,0.2,0.2,0.0,C
15182,Saint-Etienne-Cantalès,C,20.0,32.0,10.0,22.0,23.404255319148938,22.0,83.0,19.0,50.526315789473685,27.368421052631582,,3728.0,512.62,15.0,0.8,0.2,0.0,0.0,C
15183,Saint-Etienne-de-Carlat,ED,28.0,17.0,15.0,29.0,15.495448094764615,18.7563025210084,79.1932773109243,26.0504201680673,42.22222222222232,26.66666666666671,,3728.0,746.34,5.0,0.2,0.8,0.0,0.0,ED
15184,Saint-Etienne-de-Maurs,C,86.0,218.0,52.0,133.0,13.834158568182223,104.287984772527,427.01206122936605,255.699953998108,39.77574972882572,21.77318033391198,,3728.0,1051.93,30.0,0.8,0.2,0.0,0.0,C
15185,Saint-Etienne-de-Chomeil,C,41.0,68.0,18.0,49.0,34.674908936684936,36.1980242056729,140.0202541378092,75.7817216565179,44.42304279200229,27.25677447529747,,3728.0,1323.54,15.0,1.0,0.0,0.0,0.0,C
15186,Sainte-Eulalie,C,38.0,46.0,17.0,46.0,20.437644181747487,35.5881088900418,136.2361754132227,59.1757156967355,47.6464581257032,31.228621877305407,18790.0,3728.0,1125.45,10.0,0.2,0.4,0.4,0.0,ED
15187,Saint-Flour,C,565.0,1212.0,287.0,1001.0,5.377142568992595,844.81744297427,3744.54778972628,1800.6347672994498,45.29100228064442,26.18660368935201,21380.0,3728.0,1220.41,455.0,0.2,0.8,0.0,0.0,ED
15188,Saint-Georges,ED,115.0,282.0,59.0,334.0,10.86261980830671,195.0,690.0,291.0,47.14285714285714,24.945054945054945,23500.0,3728.0,2483.53,60.0,0.0,1.0,0.0,0.0,ED
15189,Saint-Gérons,ED,35.0,54.0,7.0,58.0,58.78058704686866,33.5968987373237,122.9271148133553,72.475986449321,46.06094643755013,22.405812919278883,20980.0,3728.0,850.3,10.0,0.4,0.4,0.2,0.0,C
15190,Saint-Hippolyte,C,11.0,28.0,20.0,15.0,48.739495798319325,14.0,49.0,35.0,36.58536585365854,20.73170731707317,18090.0,3728.0,1519.54,0.0,1.0,0.0,0.0,0.0,C
15191,Saint-Illide,C,55.0,144.0,39.0,136.0,27.07088301032428,75.4414043647517,322.46445483539924,251.094140799849,27.220124510462547,12.171124605357914,19410.0,3728.0,2684.22,20.0,0.6,0.2,0.2,0.0,C
15192,Saint-Jacques-des-Blats,ED,47.0,58.0,21.0,68.0,67.09042456195391,46.2089072421579,171.09889654996402,74.6921962078781,37.99759019962601,20.92117550608796,20470.0,3728.0,816.47,30.0,0.2,0.8,0.0,0.0,ED
15194,Saint-Julien-de-Toursac,C,24.0,50.0,9.0,9.0,20.58707086703245,8.82692307692308,51.00000000000002,42.1730769230769,52.74725274725274,28.57142857142854,22370.0,3728.0,341.65,0.0,0.4,0.6,0.0,0.0,ED
15196,Saint-Mamet-la-Salvetat,C,173.0,336.0,82.0,318.0,12.527901021564151,260.523688743616,962.143535071688,314.332776184696,44.285618567443294,22.02974941277467,22440.0,3728.0,2847.95,75.0,0.4,0.6,0.0,0.0,ED
15198,Sainte-Marie,ED,8.0,31.0,15.0,33.0,36.09542141301951,7.75268817204301,70.88172043010749,24.3655913978495,41.66666666666664,20.238095238095244,,3728.0,1049.32,0.0,0.8,0.2,0.0,0.0,C
15199,Saint-Martial,C,10.0,21.0,5.0,16.0,20.749279538904904,11.8333333333333,41.4166666666667,17.75,33.92857142857135,10.714285714285708,20010.0,3728.0,750.57,5.0,0.2,0.8,0.0,0.0,ED
15200,Saint-Martin-Cantalès,ED,17.0,43.0,7.0,45.0,35.14608823188849,8.82802547770701,93.1847133757962,51.9872611464968,52.44755244755246,27.27272727272732,19420.0,3728.0,1240.14,5.0,0.6,0.2,0.2,0.0,C
15201,Saint-Martin-sous-Vigouroux,C,12.0,62.0,16.0,61.0,27.99757431900853,29.1476473507481,114.32097056024908,75.5313820890028,34.44887643154745,14.45622724095523,19870.0,3728.0,1653.71,15.0,0.6,0.4,0.0,0.0,C
15202,Saint-Martin-Valmeroux,C,107.0,175.0,43.0,140.0,14.458330163588473,75.1435321406866,388.6176963159644,249.238771543349,35.1708367576604,16.136613541306694,19980.0,3728.0,1719.0,30.0,0.6,0.4,0.0,0.0,C
15203,Saint-Mary-le-Plain,C,23.0,60.0,13.0,39.0,32.70060526158079,26.5714285714285,111.3956043956046,48.0329670329669,41.496598639455776,18.3673469387755,22140.0,3728.0,1099.74,5.0,0.8,0.2,0.0,0.0,C
15204,Saint-Paul-des-Landes,C,222.0,362.0,74.0,354.0,3.6444855606454754,247.592464370485,924.445333565139,365.962202064376,44.9093086919228,25.426780495559164,,3728.0,1390.99,65.0,1.0,0.0,0.0,0.0,C
15205,Saint-Paul-de-Salers,C,20.0,26.0,23.0,26.0,57.32745850678486,9.0,58.0,38.0,43.95604395604396,18.68131868131868,21510.0,3728.0,1338.66,5.0,1.0,0.0,0.0,0.0,C
15206,Saint-Pierre,C,23.0,48.0,10.0,46.0,19.43000117283706,22.6197183098592,91.507042253521,31.8732394366198,32.45614035087721,15.789473684210517,19380.0,3728.0,780.77,5.0,0.2,0.8,0.0,0.0,ED
15207,Saint-Poncy,C,48.0,89.0,21.0,71.0,18.4,57.0,196.0,84.0,44.106463878327,19.771863117870723,18110.0,3728.0,2781.27,15.0,0.2,0.6,0.2,0.0,ED
15208,Saint-Projet-de-Salers,C,23.0,37.0,17.0,24.0,43.11736223195757,11.0,80.0,42.0,46.55172413793103,31.89655172413793,21090.0,3728.0,446.22,15.0,0.4,0.6,0.0,0.0,ED
15209,Saint-Rémy-de-Chaudes-Aigues,C,12.0,46.0,16.0,34.0,31.66021096085036,10.7338709677419,69.28225806451621,40.9838709677419,42.857142857142776,20.95238095238088,17230.0,3728.0,1480.81,10.0,0.8,0.2,0.0,0.0,C
15211,Saint-Santin-Cantalès,ED,29.0,66.0,12.0,81.0,24.10044298842952,40.1001910286982,166.5393859547512,78.3604230165506,31.64429899020756,12.960795228699384,18610.0,3728.0,2314.21,10.0,0.6,0.2,0.2,0.0,C
15212,Saint-Santin-de-Maurs,C,39.0,84.0,10.0,68.0,12.149532710280374,46.0,210.0,109.0,41.1371237458194,23.07692307692308,21950.0,3728.0,1062.05,15.0,0.2,0.8,0.0,0.0,ED
15213,Saint-Saturnin,C,26.0,56.0,20.0,49.0,33.8128366414023,12.3225806451613,115.01075268817188,63.6666666666668,40.11976047904199,16.1676646706587,16500.0,3728.0,2429.98,10.0,0.6,0.4,0.0,0.0,C
15214,Saint-Saury,C,41.0,53.0,14.0,42.0,13.22296222810836,11.3015873015873,99.8306878306878,66.8677248677249,37.86982248520717,19.52662721893496,18090.0,3728.0,1920.9,5.0,0.4,0.6,0.0,0.0,ED
15215,Saint-Simon,C,173.0,320.0,73.0,211.0,12.576835713888771,190.964891747176,652.859183073566,298.175925179258,55.77756099607208,35.46793641921286,21730.0,3728.0,1782.23,50.0,0.6,0.2,0.2,0.0,C
15216,Saint-Urcize,C,37.0,142.0,27.0,74.0,31.918578006295224,46.4386252322961,202.73472361812392,199.82665114958,42.83783173090983,24.90277831525027,22520.0,3728.0,4348.92,20.0,0.8,0.0,0.2,0.0,C
15217,Saint-Victor,C,11.0,25.0,18.0,15.0,27.34713120550672,10.5494505494505,56.96703296703261,28.4835164835164,36.363636363636346,23.376623376623364,24700.0,3728.0,381.64,0.0,0.4,0.6,0.0,0.0,ED
15218,Saint-Vincent-de-Salers,C,14.0,25.0,5.0,16.0,59.92706645056739,4.11764705882352,31.91176470588228,33.970588235294,30.64516129032256,17.741935483870954,,3728.0,165.39,5.0,0.6,0.0,0.4,0.0,C
15219,Salers,C,34.0,101.0,29.0,46.0,36.84210526315789,23.0,145.0,144.0,31.316725978647685,16.370106761565836,22750.0,3728.0,285.32,15.0,0.6,0.4,0.0,0.0,C
15220,Salins,C,24.0,43.0,14.0,31.0,30.47207220056854,14.8965517241379,84.41379310344828,44.6896551724138,42.85714285714275,17.460317460317416,23030.0,3728.0,805.26,0.0,0.6,0.4,0.0,0.0,C
15221,Sansac-de-Marmiesse,C,196.0,367.0,55.0,283.0,4.517133956386292,245.0,813.0,330.0,47.00374531835206,25.65543071161049,23310.0,3728.0,689.26,50.0,0.4,0.6,0.0,0.0,ED
15222,Sansac-Veinazès,C,34.0,56.0,21.0,25.0,21.37404580152672,25.0,113.0,63.0,41.81818181818181,23.03030303030303,19840.0,3728.0,1043.77,10.0,0.6,0.4,0.0,0.0,C
15223,Sauvat,C,27.0,57.0,12.0,40.0,28.419270457519747,35.7735502499349,124.18539312912502,57.0410566209401,35.315701543403655,14.840942307897237,21000.0,3728.0,1126.06,15.0,0.4,0.6,0.0,0.0,ED
15224,La Ségalassière,G,38.0,22.0,14.0,14.0,26.373626373626376,14.0,73.0,36.0,47.16981132075472,26.41509433962264,22240.0,3728.0,377.26,5.0,0.6,0.2,0.2,0.0,C
15225,Ségur-les-Villas,C,14.0,62.0,26.0,40.0,47.63264315511676,26.8944876088368,111.43022301827808,76.6752893728851,35.49132577797124,13.916909750560002,20760.0,3728.0,1687.55,10.0,0.8,0.2,0.0,0.0,C
15226,Sénezergues,C,16.0,55.0,14.0,34.0,33.7934651508865,29.0684404414748,94.604889301744,85.3266702567812,41.43864267292828,28.48374371826366,21760.0,3728.0,1344.27,10.0,0.6,0.2,0.2,0.0,C
15228,Siran,C,71.0,169.0,35.0,103.0,26.454199515066257,46.8546552907829,259.07075900440213,155.074585704815,44.80378698899676,20.453741414704247,21570.0,3728.0,2343.53,25.0,0.8,0.2,0.0,0.0,C
15229,Soulages,D,3.0,21.0,23.0,21.0,38.05124305257802,14.3456790123457,37.9135802469135,30.7407407407407,34.84848484848489,21.21212121212124,,3728.0,1184.23,0.0,0.8,0.2,0.0,0.0,C
15230,Sourniac,ED,42.0,34.0,9.0,46.0,20.158039640768425,27.1384615384617,115.5897435897442,53.2717948717951,38.5093167701863,19.25465838509316,20910.0,3728.0,534.7,5.0,0.2,0.8,0.0,0.0,ED
15231,Talizat,C,75.0,132.0,50.0,129.0,13.502818176988626,102.180642757764,370.203504624645,123.615852617592,42.08388878784552,20.64665689629159,20650.0,3728.0,3281.69,25.0,0.8,0.2,0.0,0.0,C
15232,Tanavelle,ED,26.0,47.0,10.0,54.0,13.779454383776402,33.9215943093981,120.8132381526135,65.2651675379884,36.103589607190415,15.489029853019067,21880.0,3728.0,1219.96,10.0,0.2,0.8,0.0,0.0,ED
15233,Teissières-de-Cornet,C,44.0,79.0,20.0,51.0,14.675011173351448,91.9067089138522,187.8334185867022,42.2598724994456,57.36822611192406,33.50225145527707,24090.0,3728.0,688.89,5.0,0.2,0.8,0.0,0.0,ED
15234,Teissières-lès-Bouliès,C,37.0,95.0,36.0,66.0,25.266077663855867,61.6272534111189,188.11090761000128,89.2618389788788,43.58174677723129,24.75446475035196,22690.0,3728.0,753.37,10.0,0.4,0.6,0.0,0.0,ED
15235,Les Ternes,ED,71.0,109.0,39.0,157.0,13.699213376192755,108.682178732331,347.457011450742,110.860809816928,42.012516193036966,19.174206872099,21030.0,3728.0,1486.8,20.0,0.2,0.8,0.0,0.0,ED
15236,Thiézac,C,95.0,167.0,43.0,123.0,36.98021452632591,68.4721299044696,325.5176740076293,202.010196087901,41.8629756278515,23.458965031061304,21670.0,3728.0,1658.61,35.0,0.8,0.2,0.0,0.0,C
15237,Tiviers,C,19.0,50.0,20.0,29.0,6.741573033707865,26.0,87.0,51.0,53.07692307692308,23.07692307692308,21830.0,3728.0,1096.54,5.0,0.8,0.2,0.0,0.0,C
15238,Tournemire,C,12.0,38.0,11.0,33.0,28.921973156684704,3.2972972972973,48.36036036036029,70.3423423423424,37.383177570093366,14.018691588785012,19820.0,3728.0,540.91,5.0,0.4,0.6,0.0,0.0,ED
15240,Trémouille,C,43.0,46.0,12.0,26.0,43.37483639734732,13.1556886227545,91.0778443113773,64.7664670658682,43.91891891891898,26.35135135135144,17330.0,3728.0,830.48,5.0,0.4,0.2,0.4,0.0,C
15241,La Trinitat,C,3.0,25.0,6.0,6.0,60.38153165606857,8.82692307692308,20.59615384615382,21.5769230769231,48.78048780487801,17.073170731707314,,3728.0,870.87,0.0,0.8,0.2,0.0,0.0,C
15242,Le Trioulou,C,11.0,38.0,10.0,13.0,27.93199167244961,11.7173913043478,63.913043478261,22.3695652173914,53.3333333333333,28.00000000000001,,3728.0,795.58,0.0,0.4,0.4,0.2,0.0,C
15243,Trizac,C,55.0,118.0,44.0,113.0,31.752577319587623,34.0,243.0,172.0,27.543424317617863,13.647642679900745,18400.0,3728.0,2666.02,15.0,0.8,0.2,0.0,0.0,C
15244,Ussel,ED,29.0,111.0,24.0,116.0,10.716866810205424,83.9539559244523,287.5765993342372,86.4694447413105,49.88071540078356,20.273185655205097,22850.0,3728.0,652.5,15.0,0.6,0.4,0.0,0.0,C
15245,Vabres,C,39.0,68.0,19.0,63.0,15.37880793897974,34.7545213355916,156.9931553427515,59.2523233216569,37.44111327247456,19.156533403835567,23290.0,3728.0,1008.51,15.0,0.6,0.4,0.0,0.0,C
15246,Valette,ED,29.0,56.0,21.0,67.0,25.62647278777056,35.1160641651542,139.5838606964397,62.3000751384061,38.45514057868037,14.160660917189508,20240.0,3728.0,1504.54,15.0,0.8,0.2,0.0,0.0,C
15247,Valjouze,C,5.0,9.0,7.0,4.0,44.33333333333335,5.14285714285714,11.142857142857151,7.71428571428571,57.14285714285715,42.85714285714287,,3728.0,,0.0,0.6,0.0,0.4,0.0,C
15248,Valuéjols,C,69.0,159.0,46.0,123.0,18.017935381968083,111.735943878211,336.798176781557,129.465879340233,41.1950696193815,22.69109747962249,21930.0,3728.0,3547.31,25.0,0.6,0.2,0.2,0.0,C
15249,Le Vaulmier,C,10.0,31.0,10.0,12.0,70.98474863490853,6.10000000000002,31.516666666666776,23.3833333333334,40.74074074074078,20.370370370370367,,3728.0,832.99,0.0,0.6,0.4,0.0,0.0,C
15250,Vebret,ED,89.0,77.0,27.0,110.0,34.04080202822824,72.9370607144336,299.6893190504054,141.373620235161,31.22225064015296,14.78673081526897,20160.0,3728.0,1086.34,30.0,0.6,0.4,0.0,0.0,C
15251,Védrines-Saint-Loup,C,20.0,40.0,19.0,33.0,47.333333333333336,10.0,55.0,55.0,41.1214953271028,14.95327102803738,18310.0,3728.0,627.44,5.0,0.6,0.4,0.0,0.0,C
15252,Velzic,C,67.0,102.0,29.0,91.0,15.94222790290738,56.2073865136367,257.414186254366,88.3784272319963,43.37526207171924,23.4200569771166,22560.0,3728.0,653.34,20.0,0.4,0.6,0.0,0.0,ED
15253,Vernols,C,8.0,22.0,5.0,12.0,37.21690145535792,4.21428571428572,33.71428571428578,21.0714285714286,24.489795918367328,18.3673469387755,,3728.0,986.97,0.0,1.0,0.0,0.0,0.0,C
15254,Veyrières,C,31.0,33.0,5.0,27.0,28.622861054072647,15.1260504201681,62.5210084033612,42.3529411764707,38.61386138613848,19.80198019801972,19760.0,3728.0,574.84,5.0,0.6,0.4,0.0,0.0,C
15255,Vézac,C,187.0,305.0,72.0,279.0,6.0260600410837135,229.142721778325,821.634829946571,263.222448275104,44.1720021375,25.678682870603,23020.0,3728.0,1231.02,60.0,0.6,0.4,0.0,0.0,C
15256,Vèze,ED,14.0,16.0,10.0,25.0,52.4390243902439,5.0,26.0,33.0,35.08771929824561,26.31578947368421,,3728.0,1401.73,5.0,1.0,0.0,0.0,0.0,C
15257,Vezels-Roussy,C,17.0,37.0,3.0,34.0,37.03703703703704,18.0,82.0,31.0,40.74074074074074,18.51851851851852,19660.0,3728.0,705.08,10.0,0.8,0.2,0.0,0.0,C
15258,Vic-sur-Cère,C,241.0,451.0,99.0,337.0,23.51294611616515,249.0,1015.0,644.0,40.0,22.94871794871795,21750.0,3728.0,1631.85,110.0,0.2,0.8,0.0,0.0,ED
15259,Vieillespesse,C,35.0,70.0,28.0,54.0,23.333500843823604,56.3027059559253,151.2242092046674,53.4730848394073,47.69442888348898,20.22142891395944,20940.0,3728.0,2009.13,15.0,0.8,0.2,0.0,0.0,C
15260,Vieillevie,C,16.0,29.0,7.0,13.0,50.964607911173,1.01960784313725,40.78431372549055,62.1960784313722,48.48484848484837,33.3333333333333,,3728.0,54.41,5.0,0.4,0.2,0.4,0.0,C
15261,Le Vigean,C,133.0,225.0,56.0,147.0,16.100437095597133,109.817532005873,473.249687305453,216.932780688674,41.51133629688709,19.483769826897664,22290.0,3728.0,2879.7,30.0,0.8,0.2,0.0,0.0,C
15262,Villedieu,C,79.0,148.0,33.0,118.0,13.903091451128056,98.3850807703346,330.0688841616974,115.546035067968,46.70786734912028,25.140702065094857,23280.0,3728.0,1769.26,15.0,0.8,0.2,0.0,0.0,C
15263,Virargues,C,20.0,41.0,15.0,32.0,29.3076712578674,20.6470588235294,63.90756302521011,32.4453781512605,44.08602150537633,20.43010752688173,19670.0,3728.0,504.85,5.0,0.8,0.2,0.0,0.0,C
15264,Vitrac,C,36.0,71.0,21.0,63.0,31.534738037158,32.2654477943757,172.6331290664753,64.101423139149,43.39833197623684,24.073888738143264,21720.0,3728.0,1078.88,15.0,0.8,0.2,0.0,0.0,C
15265,Ydes,ED,243.0,299.0,69.0,305.0,16.00636667017997,182.144247482378,873.9129804921,576.942772025522,34.014480350405535,14.27873861568745,20860.0,3728.0,708.5,100.0,0.4,0.6,0.0,0.0,ED
15266,Yolet,C,99.0,139.0,44.0,128.0,7.6190476190476195,96.0,377.0,122.0,48.61407249466951,27.931769722814497,24180.0,3728.0,829.3,30.0,0.6,0.4,0.0,0.0,C
15267,Ytrac,C,567.0,1151.0,193.0,788.0,3.09535696455317,750.0,2500.0,1066.0,49.53467427199039,29.84088862203543,24530.0,3728.0,3188.86,145.0,0.6,0.4,0.0,0.0,C
15268,Le Rouget-Pers,C,156.0,231.0,74.0,217.0,20.28388754297899,172.362422145925,672.3360962417171,443.301481612358,37.09957458388991,18.86454016543938,21640.0,3728.0,1073.87,55.0,0.4,0.6,0.0,0.0,ED
15269,Besse,C,22.0,30.0,9.0,25.0,28.17768263312804,11.0846153846154,75.576923076923,44.3384615384616,36.20689655172414,19.827586206896548,19860.0,3728.0,241.81,10.0,0.2,0.6,0.2,0.0,ED
26001,Solaure-en-Diois,G,102.0,100.0,15.0,89.0,16.553157162706704,66.5634274534083,270.4657933197728,106.970779226819,53.2544082638179,33.87874105672997,,26740.0,539.73,55.0,0.2,0.4,0.4,0.0,ED
26002,Albon,ED,267.0,351.0,79.0,452.0,3.463203463203463,378.0,1176.0,381.0,45.07042253521127,26.69014084507042,23340.0,26740.0,1267.19,120.0,0.4,0.6,0.0,0.0,ED
26003,Aleyrac,ED,8.0,11.0,3.0,17.0,37.956970439041456,10.6,29.68,12.72,33.33333333333333,25.64102564102564,,26740.0,135.45,0.0,0.4,0.6,0.0,0.0,ED
26004,Alixan,C,347.0,564.0,131.0,548.0,2.220324508966695,574.0,1719.0,405.0,57.72020725388602,39.274611398963735,24590.0,26740.0,1896.87,200.0,1.0,0.0,0.0,0.0,C
26005,Allan,ED,203.0,419.0,81.0,450.0,3.65243549743025,358.171249024644,1153.561547832768,415.267203142588,59.1073105510264,40.30355050378068,26490.0,26740.0,487.19,110.0,0.8,0.2,0.0,0.0,C
26006,Allex,C,510.0,570.0,103.0,529.0,3.2474796903014247,484.119841123173,1632.984695445687,515.89546343114,60.282241477551146,41.81355777334012,25130.0,26740.0,1349.28,190.0,1.0,0.0,0.0,0.0,C
26007,Ambonil,ED,10.0,36.0,16.0,39.0,10.734493625555055,7.4862385321101,69.24770642201831,25.2660550458716,64.13043478260866,47.82608695652174,23720.0,26740.0,76.32,10.0,0.4,0.4,0.2,0.0,C
26008,Ancône,ED,197.0,205.0,53.0,328.0,0.62700742552833,272.418710128783,839.773716775317,240.8075730959,45.00714693296808,26.9572971709772,22900.0,26740.0,2.14,115.0,0.4,0.6,0.0,0.0,ED
26009,Andancette,ED,155.0,210.0,43.0,265.0,1.6670384205726172,236.666749550721,784.410177917722,286.923072531557,35.08380263182208,18.248793217773425,,26740.0,3.3,150.0,0.0,1.0,0.0,0.0,ED
26010,Anneyron,C,492.0,862.0,154.0,857.0,2.742737483713688,710.73029871634,2460.141771705332,981.127929578328,43.82943994749253,25.42068662205383,23380.0,26740.0,2268.46,295.0,0.4,0.6,0.0,0.0,ED
26011,Aouste-sur-Sye,G,563.0,474.0,68.0,413.0,4.243729844061532,489.882681381325,1556.2535208919282,649.863797726747,49.808182591836,33.56030646981644,22200.0,26740.0,506.3,285.0,0.6,0.2,0.2,0.0,C
26012,Arnayon,C,9.0,12.0,1.0,6.0,55.39923954372639,3.70967741935484,14.09677419354838,5.19354838709678,69.23076923076913,38.46153846153844,,26740.0,104.06,5.0,0.6,0.0,0.4,0.0,C
26013,Arpavon,G,23.0,20.0,4.0,10.0,47.43589743589743,11.0,47.0,15.0,59.64912280701754,33.33333333333333,,26740.0,560.65,10.0,0.2,0.0,0.8,0.0,G
26014,Arthémonay,ED,67.0,128.0,21.0,140.0,1.4509331259624372,141.929518046877,358.919745690098,114.150736263024,52.48260536726871,36.49159878099644,23710.0,26740.0,435.72,50.0,0.4,0.6,0.0,0.0,ED
26015,Aubenasson,G,32.0,12.0,2.0,1.0,17.166212534059895,14.7777777777778,49.6111111111113,11.6111111111112,67.92452830188685,50.943396226415146,,26740.0,202.9,5.0,0.2,0.2,0.6,0.0,G
26016,Aubres,ED,80.0,91.0,15.0,93.0,12.449799196787149,61.0,237.0,124.0,46.06413994169096,27.40524781341108,20730.0,26740.0,220.47,45.0,0.2,0.6,0.2,0.0,ED
26017,Aucelon,G,16.0,13.0,1.0,1.0,76.66034155597723,3.0,10.0,4.0,57.14285714285714,28.57142857142857,,26740.0,67.75,0.0,0.8,0.0,0.2,0.0,C
26018,Aulan,ED,1.0,9.0,8.0,15.0,58.333333333333336,0.0,7.0,1.0,71.42857142857143,28.57142857142857,,26740.0,43.11,0.0,0.2,0.4,0.4,0.0,ED
26019,Aurel,C,66.0,68.0,7.0,28.0,37.12733228439126,40.5885112111351,163.51634230542,57.8951464834449,51.32405704690789,36.262512681151485,20100.0,26740.0,344.11,40.0,0.4,0.0,0.6,0.0,G
26020,La Répara-Auriples,G,58.0,55.0,12.0,57.0,17.20917964351976,52.7405952777102,148.3849808759386,53.8744238463512,55.12553883397649,36.76787153859348,22530.0,26740.0,396.65,15.0,0.2,0.2,0.6,0.0,G
26021,Autichamp,G,43.0,34.0,9.0,29.0,14.444444444444445,23.0,108.0,21.0,55.2,44.0,23230.0,26740.0,750.23,15.0,0.6,0.0,0.4,0.0,C
26022,Ballons,G,31.0,16.0,4.0,21.0,40.95963218990485,9.78021978021978,48.90109890109892,30.3186813186813,48.71794871794865,28.205128205128204,,26740.0,193.72,5.0,0.4,0.2,0.4,0.0,C
26023,Barbières,ED,177.0,200.0,37.0,210.0,3.359412090665048,283.85464219979,711.1019524424989,143.043405357711,57.50986569088853,38.41895510071053,23100.0,26740.0,135.55,85.0,0.2,0.6,0.2,0.0,ED
26024,Barcelonne,C,65.0,91.0,18.0,76.0,8.763279886707945,55.9592206615003,196.2953535537411,88.7454257847586,64.65997852240149,46.46099356770589,27790.0,26740.0,236.53,20.0,0.8,0.2,0.0,0.0,C
26025,Barnave,G,84.0,33.0,3.0,15.0,30.2013422818792,49.0,128.0,39.0,66.46341463414635,45.1219512195122,19950.0,26740.0,331.0,35.0,0.0,0.0,1.0,0.0,G
26026,Barret-de-Lioure,ED,17.0,13.0,5.0,19.0,54.4548001077071,8.81578947368421,36.14473684210529,22.0394736842105,59.09090909090909,37.87878787878788,,26740.0,324.43,5.0,0.6,0.2,0.2,0.0,C
26027,Barsac,G,41.0,36.0,5.0,26.0,21.649484536082475,25.0,86.0,41.0,53.38983050847458,29.66101694915254,19580.0,26740.0,212.05,15.0,0.2,0.4,0.4,0.0,ED
26028,Bathernay,ED,32.0,54.0,17.0,56.0,14.68262135066011,37.3303964757709,147.3568281938326,38.3127753303965,45.19774011299424,25.42372881355925,22740.0,26740.0,119.37,20.0,0.6,0.4,0.0,0.0,C
26030,La Bâtie-des-Fonts,G,5.0,3.0,0.0,2.0,66.45962732919259,0.0,1.5,2.5,50.0,12.5,,26740.0,106.79,0.0,0.6,0.0,0.4,0.0,C
26031,La Bâtie-Rolland,ED,135.0,203.0,48.0,218.0,7.904594525174096,201.112889157595,641.302916798597,225.584194043808,54.17531863122156,34.027713663598966,,26740.0,277.78,75.0,0.2,0.6,0.2,0.0,ED
26032,La Baume-Cornillane,C,102.0,135.0,14.0,66.0,6.36505697199666,87.3773470418552,270.9642151914306,93.6584377667142,61.77953751931193,45.79024226621237,25110.0,26740.0,642.66,40.0,1.0,0.0,0.0,0.0,C
26033,La Baume-de-Transit,ED,110.0,172.0,50.0,201.0,11.966892291993869,167.161031988523,563.4360495853109,202.402918426164,51.05796783727923,32.22023324794332,22940.0,26740.0,505.84,60.0,0.2,0.4,0.4,0.0,ED
26034,La Baume-d'Hostun,ED,79.0,106.0,28.0,129.0,6.993878661022235,128.848940904145,370.4214158383164,94.7296432575386,56.60957682119563,35.733841449345775,24560.0,26740.0,181.39,55.0,0.2,0.8,0.0,0.0,ED
26035,Beaufort-sur-Gervanne,G,163.0,94.0,24.0,53.0,31.141834989500133,93.8056466620719,285.95563303315805,105.23872030477,64.38293083087456,47.32021982177372,20380.0,26740.0,186.74,80.0,0.0,0.0,1.0,0.0,G
26036,Beaumont-en-Diois,G,56.0,11.0,0.0,2.0,43.741750259204906,16.8314300642128,66.3569716287258,18.8115983070614,73.17121230318457,40.24646561698422,,26740.0,410.72,20.0,0.2,0.0,0.8,0.0,G
26037,Beaumont-lès-Valence,C,587.0,1013.0,182.0,805.0,0.90432973241902,835.110690563543,2534.406866159453,902.482443277004,55.99737379361424,37.06536619942483,25650.0,26740.0,797.96,295.0,1.0,0.0,0.0,0.0,C
26038,Beaumont-Monteux,ED,139.0,282.0,65.0,324.0,1.0873073020011763,313.659566698683,840.119971462417,225.2204618389,50.705155046065386,30.799821832026392,24170.0,26740.0,896.93,100.0,0.4,0.6,0.0,0.0,ED
26039,Beauregard-Baret,ED,120.0,166.0,33.0,213.0,4.133297782210038,198.145596422644,556.5631556235311,147.291247953827,57.8700267783702,37.17020477653632,25110.0,26740.0,663.46,60.0,0.4,0.6,0.0,0.0,ED
26040,Beaurières,C,24.0,29.0,5.0,13.0,48.12574637886994,12.3658536585366,45.65853658536581,19.9756097560976,59.70149253731351,41.79104477611944,,26740.0,98.26,10.0,0.6,0.2,0.2,0.0,C
26041,Beausemblant,ED,192.0,285.0,93.0,317.0,4.287298129114204,257.85549845043,893.613902481165,301.530599068405,39.68353741238776,24.19340728973256,24590.0,26740.0,621.01,140.0,0.2,0.8,0.0,0.0,ED
26042,Beauvallon,C,216.0,391.0,69.0,317.0,0.529696704023723,268.070076717725,838.747007404686,531.182915877589,49.24608933994821,31.82106708201134,25190.0,26740.0,116.56,80.0,0.4,0.6,0.0,0.0,ED
26043,Beauvoisin,G,50.0,27.0,11.0,31.0,37.77630205437878,12.1702127659574,79.1063829787235,51.7234042553191,53.17460317460319,33.33333333333333,20620.0,26740.0,226.11,15.0,0.4,0.2,0.4,0.0,C
26045,La Bégude-de-Mazenc,ED,323.0,334.0,81.0,396.0,14.106743070505235,329.873530024667,1008.880916931122,400.245553044211,56.434271596385365,38.52110565244643,23440.0,26740.0,1133.84,145.0,0.6,0.4,0.0,0.0,C
26046,Bellecombe-Tarendol,G,19.0,18.0,7.0,13.0,48.10426540284364,6.63636363636364,47.40259740259736,18.961038961039,47.05882352941177,35.29411764705884,,26740.0,293.96,10.0,0.4,0.0,0.6,0.0,G
26047,Bellegarde-en-Diois,G,34.0,20.0,5.0,11.0,41.542553208818624,7.83157686790018,60.69472072622642,25.4737024058734,67.88319031724473,41.964154014296746,,26740.0,723.96,5.0,0.0,0.0,1.0,0.0,G
26048,Bénivay-Ollon,G,24.0,21.0,3.0,11.0,40.09181260207686,2.55687030468168,44.03912119147892,29.4040085038393,43.478597563581566,27.122473870077744,,26740.0,124.69,5.0,0.6,0.2,0.2,0.0,C
26049,Bésayes,ED,192.0,255.0,71.0,288.0,1.824257128824034,225.889837930729,759.1646240252539,323.945538044017,56.2642630420797,37.50676702242751,25380.0,26740.0,414.04,95.0,0.4,0.6,0.0,0.0,ED
26050,Bésignan,G,17.0,14.0,6.0,13.0,29.642014247061184,12.4736842105264,42.6184210526317,23.9078947368422,55.3571428571429,33.928571428571416,,26740.0,297.88,10.0,0.2,0.4,0.4,0.0,ED
26051,Bézaudun-sur-Bîne,G,20.0,19.0,1.0,9.0,35.66523305073345,11.6712328767123,41.8219178082192,17.5068493150685,50.00000000000002,41.0714285714286,,26740.0,333.38,5.0,0.4,0.2,0.4,0.0,C
26052,Bonlieu-sur-Roubion,ED,63.0,97.0,21.0,105.0,1.477832512315271,99.0,283.0,74.0,52.0123839009288,32.81733746130031,24250.0,26740.0,200.69,35.0,0.4,0.4,0.2,0.0,C
26054,Bouchet,ED,186.0,229.0,72.0,381.0,14.615384615384617,273.0,874.0,270.0,50.57142857142857,29.142857142857142,23020.0,26740.0,672.89,120.0,0.0,0.8,0.2,0.0,ED
26055,Boulc,G,56.0,22.0,10.0,9.0,46.02041599151941,30.705882352941,98.4705882352934,32.8235294117646,71.4285714285715,52.67857142857145,15410.0,26740.0,550.13,15.0,0.0,0.0,1.0,0.0,G
26056,Bourdeaux,G,188.0,115.0,24.0,103.0,31.89353805170566,132.892253327288,331.654706219461,217.453040453251,53.151745091589696,35.0564106097909,21080.0,26740.0,1290.87,50.0,0.4,0.2,0.4,0.0,C
26057,Bourg-de-Péage,ED,1477.0,1802.0,358.0,1849.0,0.8136838394218496,1700.455292127688,5756.526154462537,2320.018553409774,45.681841028692986,28.25382227358056,21290.0,26740.0,432.9,,0.6,0.2,0.2,0.0,C
26058,Bourg-lès-Valence,C,2990.0,3658.0,757.0,3146.0,1.0028849173079188,3426.995501156456,11998.178901723528,4446.825597120015,49.41342362251825,30.255078214864344,22050.0,26740.0,570.75,,1.0,0.0,0.0,0.0,C
26059,Bouvante,C,46.0,55.0,15.0,49.0,53.472745896802245,24.5533438690016,127.9464408435893,58.5002152874091,48.324665935734615,26.080962394245887,23070.0,26740.0,753.83,25.0,0.6,0.4,0.0,0.0,C
26060,Bouvières,G,47.0,24.0,5.0,36.0,38.86340096318294,16.6644736842105,83.32236842105272,49.0131578947368,54.26356589147291,34.883720930232606,16680.0,26740.0,655.73,15.0,0.0,0.2,0.8,0.0,G
26061,Bren,C,79.0,161.0,30.0,151.0,7.1072525225733045,159.410134370643,386.6629062808751,133.926959348482,51.084842282644026,33.64922190419515,24830.0,26740.0,650.21,40.0,0.8,0.2,0.0,0.0,C
26062,Brette,C,9.0,18.0,2.0,3.0,65.74585635359122,3.64705882352941,19.147058823529413,8.20588235294118,44.827586206896605,17.241379310344858,,26740.0,498.36,0.0,0.6,0.4,0.0,0.0,C
26063,Buis-les-Baronnies,G,475.0,420.0,101.0,339.0,20.98075729360645,229.0,1136.0,861.0,49.86807387862797,31.29287598944591,21500.0,26740.0,307.2,270.0,0.0,0.4,0.6,0.0,G
26064,Chabeuil,C,1086.0,1791.0,375.0,1329.0,2.68923595107569,1158.406771416118,4115.985082202218,1585.6081463816531,59.13664082626247,41.327080201658525,24700.0,26740.0,2193.11,515.0,0.6,0.4,0.0,0.0,C
26065,Chabrillan,C,133.0,162.0,51.0,130.0,9.907603474994698,141.938670459945,453.551692379869,159.509637160186,63.10228145029089,42.45187899481876,25540.0,26740.0,887.93,65.0,0.8,0.0,0.2,0.0,C
26066,Le Chaffal,C,4.0,14.0,4.0,10.0,35.33839007467513,2.11428571428572,20.08571428571437,14.8,43.75000000000002,28.125000000000018,,26740.0,811.0,0.0,0.4,0.4,0.2,0.0,C
26067,Chalancon,G,19.0,13.0,3.0,14.0,37.33905579399132,4.0,30.0,25.0,61.11111111111112,38.88888888888889,,26740.0,587.11,5.0,0.4,0.0,0.6,0.0,G
26068,Le Chalon,ED,43.0,38.0,18.0,46.0,2.285107524398418,41.7061611374408,118.4834123222748,39.8104265402844,47.169811320754654,28.930817610062853,24590.0,26740.0,187.74,20.0,0.2,0.8,0.0,0.0,ED
26069,Chamaloc,G,39.0,35.0,8.0,22.0,41.66666666666667,18.0,70.0,33.0,71.42857142857143,42.85714285714285,18950.0,26740.0,499.12,15.0,0.2,0.0,0.8,0.0,G
26070,Chamaret,ED,75.0,104.0,20.0,148.0,23.993003019427388,65.5687287970233,279.17236871343664,182.258902489539,51.87032770500517,32.26998705137927,22350.0,26740.0,271.59,50.0,0.0,0.8,0.2,0.0,ED
26071,Chanos-Curson,C,150.0,282.0,58.0,263.0,1.7582032701607102,238.505541098392,728.426283401409,210.068175500199,56.61295388777734,38.394974605977,25830.0,26740.0,582.72,95.0,0.4,0.6,0.0,0.0,ED
26072,Chantemerle-les-Blés,C,174.0,298.0,39.0,244.0,2.988123965447454,289.930850749743,834.0845334996,217.984615750657,55.58691213402434,32.48280950751424,23250.0,26740.0,572.48,95.0,0.4,0.6,0.0,0.0,ED
26073,Chantemerle-lès-Grignan,C,59.0,71.0,21.0,52.0,34.318171774956305,38.6338776156826,145.8028641124504,59.563258271867,59.343719548104126,45.07397225532917,24740.0,26740.0,291.94,25.0,0.6,0.0,0.4,0.0,C
26074,La Chapelle-en-Vercors,C,191.0,194.0,53.0,131.0,41.227332730558665,112.155360670578,453.28565973868496,206.558979590737,55.41896692875168,37.56722855244686,22520.0,26740.0,900.88,70.0,0.6,0.0,0.4,0.0,C
26075,La Charce,C,9.0,13.0,1.0,12.0,67.70750358451487,0.96,13.44,9.6,30.434782608695656,21.73913043478261,,26740.0,237.73,0.0,0.2,0.4,0.4,0.0,ED
26076,Charens,G,18.0,12.0,3.0,2.0,60.0,2.0,14.0,15.0,60.71428571428571,39.285714285714285,,26740.0,260.92,5.0,0.4,0.2,0.4,0.0,C
26077,Charmes-sur-l'Herbasse,ED,126.0,159.0,45.0,199.0,6.264856128961256,131.571740736047,541.814656989648,149.613602274304,50.1130859286604,33.71835473688796,24400.0,26740.0,859.16,60.0,0.4,0.6,0.0,0.0,ED
26078,Charols,ED,143.0,182.0,41.0,189.0,8.239570948655153,178.161815248485,535.024802250812,243.813382500703,53.76389429813735,33.278553965771735,22350.0,26740.0,514.56,80.0,0.2,0.6,0.2,0.0,ED
26079,Charpey,C,178.0,336.0,79.0,317.0,3.961926353035548,337.560713826892,975.627148415192,225.812137757916,61.20047517366204,41.76070879312556,24950.0,26740.0,1211.98,100.0,1.0,0.0,0.0,0.0,C
26080,Chastel-Arnaud,G,15.0,10.0,0.0,7.0,40.65949527151983,5.52880903161964,28.900554407112462,13.5706365612678,62.06896551724128,34.4827586206896,,26740.0,51.17,5.0,0.4,0.0,0.6,0.0,G
26081,Châteaudouble,C,140.0,155.0,40.0,93.0,13.766277188038492,128.686946517862,369.665441192731,114.647612289407,67.00010834788225,46.80949547562974,26050.0,26740.0,960.29,60.0,1.0,0.0,0.0,0.0,C
26082,Châteauneuf-de-Bordette,C,24.0,35.0,2.0,15.0,21.3688518118198,10.6735025462452,58.305989815019295,32.0205076387355,54.52389247983395,32.92104724545626,20400.0,26740.0,376.15,15.0,0.2,0.6,0.2,0.0,ED
26083,Châteauneuf-de-Galaure,ED,179.0,313.0,113.0,389.0,6.408706166868199,308.0,976.0,523.0,50.66469719350074,32.865583456425405,21040.0,26740.0,657.87,120.0,0.4,0.4,0.2,0.0,C
26084,Châteauneuf-sur-Isère,ED,475.0,921.0,237.0,1002.0,5.902076003233264,862.015201166715,2543.466150308412,753.518648524873,54.704392566504666,35.6965585005692,24650.0,26740.0,3276.04,310.0,0.8,0.2,0.0,0.0,C
26085,Châteauneuf-du-Rhône,ED,328.0,475.0,106.0,758.0,3.1084878783941847,573.664202065465,1727.100333569107,506.235464365428,44.10737734764293,25.616348966766804,22390.0,26740.0,1238.67,255.0,0.2,0.8,0.0,0.0,ED
26086,Châtillon-en-Diois,C,180.0,189.0,45.0,102.0,46.98538581847191,77.0688078381861,329.2185064628309,252.712685698983,54.34954379141468,35.42666896430076,20650.0,26740.0,494.33,60.0,0.6,0.0,0.4,0.0,C
26087,Châtillon-Saint-Jean,C,211.0,294.0,52.0,282.0,4.593364446717072,243.686388465011,779.6867187829549,275.626892752034,49.88824709686156,29.003173179928066,23990.0,26740.0,730.09,90.0,0.4,0.6,0.0,0.0,ED
26088,Chatuzange-le-Goubet,ED,798.0,1284.0,280.0,1470.0,1.9836814564484724,1313.06182203653,3855.15189933838,1206.78627862509,54.38613421286216,34.67185351101217,24710.0,26740.0,1421.8,455.0,0.8,0.2,0.0,0.0,C
26089,Chaudebonne,C,14.0,16.0,3.0,16.0,43.548387096774185,3.9344262295082,39.344262295082,16.7213114754098,47.058823529411775,35.29411764705884,,26740.0,360.22,5.0,0.4,0.0,0.6,0.0,G
26090,La Chaudière,G,12.0,9.0,3.0,2.0,38.681318681318686,7.75,15.5,7.75,73.33333333333334,73.33333333333334,,26740.0,,0.0,0.0,0.0,1.0,0.0,G
26091,Chauvac-Laux-Montaux,ED,9.0,13.0,2.0,16.0,60.06618863761717,4.0,24.0,15.0,68.57142857142857,37.142857142857146,,26740.0,234.65,5.0,0.6,0.0,0.4,0.0,C
26092,Chavannes,C,84.0,159.0,37.0,153.0,1.016823741014875,202.034624161889,467.0867943183769,100.878581519733,48.533432921365325,30.62102294198689,21200.0,26740.0,59.29,50.0,0.4,0.6,0.0,0.0,ED
26093,Clansayes,ED,72.0,112.0,38.0,143.0,14.702254928584072,69.149344139915,305.124647209704,145.726008650381,56.23714593794704,35.35472042872786,26080.0,26740.0,390.37,25.0,0.6,0.2,0.2,0.0,C
26094,Claveyson,ED,121.0,151.0,45.0,238.0,4.225352112676056,207.0,557.0,162.0,47.67616191904048,29.235382308845576,21820.0,26740.0,668.13,80.0,0.2,0.4,0.4,0.0,ED
26095,Cléon-d'Andran,ED,120.0,201.0,27.0,241.0,4.944125003144385,180.435360036231,580.8941096658159,227.670530297952,41.427517909845214,22.61562739578512,,26740.0,841.01,90.0,0.0,1.0,0.0,0.0,ED
26096,Clérieux,ED,259.0,327.0,67.0,501.0,3.966251359905088,360.275600474674,1168.2021135905732,423.522285934753,48.11810780305839,31.17971607302073,22880.0,26740.0,659.04,135.0,0.4,0.6,0.0,0.0,ED
26097,Cliousclat,C,112.0,153.0,18.0,134.0,7.079646017699115,91.0,367.0,154.0,49.79508196721312,30.532786885245898,24900.0,26740.0,372.69,55.0,0.4,0.6,0.0,0.0,ED
26098,Cobonne,G,68.0,36.0,4.0,22.0,22.36301910626884,32.6117647058824,97.835294117647,37.5529411764706,65.41353383458656,49.62406015037601,21980.0,26740.0,371.18,25.0,0.2,0.0,0.8,0.0,G
26099,Colonzelle,ED,74.0,115.0,20.0,143.0,27.37752161383285,96.0,312.0,120.0,48.76237623762376,30.94059405940594,23960.0,26740.0,244.54,35.0,0.6,0.4,0.0,0.0,C
26100,Combovin,C,102.0,107.0,22.0,79.0,11.989077372361098,111.296260614994,291.8577464030529,68.8459929819541,62.66493079909055,45.26428569089687,23910.0,26740.0,1842.55,45.0,1.0,0.0,0.0,0.0,C
26101,Comps,G,44.0,37.0,14.0,17.0,22.34347224965441,22.0,79.0,36.0,67.5925925925926,46.2962962962963,20010.0,26740.0,340.76,15.0,0.0,0.0,1.0,0.0,G
26102,Condillac,C,24.0,41.0,5.0,30.0,22.35294117647059,28.0,73.0,32.0,46.53465346534654,30.69306930693069,,26740.0,175.47,10.0,0.6,0.4,0.0,0.0,C
26103,Condorcet,C,76.0,86.0,26.0,78.0,30.723909890097804,75.5256608299386,294.0654287736814,136.40891039638,38.472943861606886,21.021162681422084,,26740.0,412.53,40.0,0.6,0.4,0.0,0.0,C
26104,Cornillac,G,26.0,20.0,2.0,11.0,35.61992192069214,11.863783113873,54.3976579740044,23.7385589121226,54.17245507847445,36.09438903255534,,26740.0,296.37,5.0,0.4,0.2,0.4,0.0,C
26105,Cornillon-sur-l'Oule,C,16.0,19.0,3.0,8.0,49.945411608340414,7.09459459459457,39.52702702702683,28.3783783783783,34.848484848484766,13.63636363636363,,26740.0,25.12,5.0,0.2,0.6,0.2,0.0,ED
26106,La Coucourde,ED,130.0,131.0,39.0,346.0,6.0420787038084285,266.877015543095,773.107417145927,174.015567310978,44.34146028367343,22.89577833405032,21770.0,26740.0,126.64,110.0,0.4,0.6,0.0,0.0,ED
26107,Crépol,C,72.0,116.0,21.0,113.0,7.093892244418737,98.4437206078651,293.006830638056,135.549448754079,43.102643152808966,25.224298412097312,23090.0,26740.0,677.1,40.0,0.0,1.0,0.0,0.0,ED
26108,Crest,G,2279.0,1486.0,348.0,1090.0,3.889179726520817,1441.677110202132,4825.92934965396,2444.3935401439185,56.16461631444385,39.0016672965442,20500.0,26740.0,1039.89,,0.4,0.4,0.2,0.0,C
26110,Crozes-Hermitage,C,80.0,198.0,22.0,113.0,2.554744525547445,154.0,383.0,116.0,59.95623632385121,40.48140043763676,27100.0,26740.0,65.27,40.0,1.0,0.0,0.0,0.0,C
26111,Crupies,C,21.0,27.0,7.0,17.0,31.17192017554593,7.07291666666669,58.60416666666681,31.3229166666668,58.3333333333332,40.4761904761904,,26740.0,332.19,5.0,0.4,0.0,0.6,0.0,G
26112,Curnier,G,53.0,35.0,13.0,53.0,26.10755936482193,28.9187817258884,142.451776649747,39.6294416243656,50.31446540880511,25.78616352201258,20270.0,26740.0,135.29,20.0,0.4,0.0,0.6,0.0,G
26113,Die,G,1495.0,880.0,126.0,432.0,10.882715849656504,681.698464989956,2721.137938123224,1393.16359688683,54.10729718649996,35.447251123326765,20890.0,26740.0,994.23,630.0,0.8,0.0,0.2,0.0,C
26114,Dieulefit,G,931.0,682.0,117.0,340.0,18.78867984436162,352.604230264954,1586.164336850476,1265.23143288458,50.81103114172145,32.709242411675824,21500.0,26740.0,177.12,290.0,0.0,0.4,0.6,0.0,G
26115,Divajeu,G,133.0,121.0,32.0,118.0,7.861635220125786,139.0,413.0,135.0,57.37051792828686,39.8406374501992,23730.0,26740.0,517.29,55.0,0.6,0.2,0.2,0.0,C
26116,Donzère,ED,852.0,763.0,210.0,1497.0,1.1328048638649315,1226.54411611438,3745.6792815356,1008.77660235001,42.254024945952,23.40803690310236,21930.0,26740.0,1574.42,600.0,0.2,0.8,0.0,0.0,ED
26117,Echevis,G,26.0,15.0,1.0,9.0,16.666666666666664,9.0,43.0,4.0,50.0,29.545454545454547,,26740.0,118.36,15.0,0.8,0.0,0.2,0.0,C
26118,Epinouze,ED,173.0,269.0,80.0,375.0,3.355732390095059,293.294839251291,904.923833869597,328.781326879112,46.48702116289965,25.347929603272828,,26740.0,689.65,110.0,0.2,0.8,0.0,0.0,ED
26119,Erôme,ED,113.0,161.0,34.0,198.0,4.349978217700913,160.398768043333,518.938254945984,155.662977010683,50.30948400042671,27.98429735972963,,26740.0,191.72,70.0,0.2,0.8,0.0,0.0,ED
26121,Espeluche,ED,168.0,229.0,79.0,292.0,3.3509700176366843,201.0,731.0,205.0,55.92635212888377,35.67318757192175,25600.0,26740.0,191.94,85.0,0.2,0.8,0.0,0.0,ED
26122,Espenel,G,84.0,28.0,1.0,11.0,23.757209506011872,38.9495210252011,116.7751786951304,33.2753002796685,62.09136658826739,44.05240812938223,20680.0,26740.0,88.99,35.0,0.0,0.0,1.0,0.0,G
26123,Establet,G,14.0,9.0,0.0,4.0,49.16773367477605,1.66666666666667,10.833333333333329,12.5,32.14285714285723,25.00000000000006,,26740.0,25.07,5.0,0.4,0.2,0.4,0.0,C
26124,Etoile-sur-Rhône,C,654.0,1196.0,281.0,1057.0,1.962113567986652,1101.41379365452,3339.4927172730795,1056.09348907241,54.23721763378048,35.801638767977735,,26740.0,2173.54,390.0,0.6,0.4,0.0,0.0,C
26125,Eurre,C,318.0,342.0,63.0,232.0,6.95688655079729,305.094048749026,845.0793065189059,275.826644732068,56.861077989624775,38.13581493764581,24820.0,26740.0,572.0,115.0,0.4,0.4,0.2,0.0,C
26126,Eygalayes,ED,23.0,23.0,2.0,25.0,42.30769230769231,10.0,40.0,40.0,47.368421052631575,27.631578947368425,,26740.0,901.77,5.0,0.4,0.6,0.0,0.0,ED
26127,Eygaliers,C,22.0,29.0,3.0,26.0,13.91545560542902,17.8666666666667,90.4499999999999,25.6833333333334,52.00000000000004,31.000000000000018,17900.0,26740.0,51.88,15.0,0.6,0.0,0.4,0.0,C
26128,Eygluy-Escoulin,G,23.0,19.0,2.0,8.0,56.33802816901409,10.0,37.0,13.0,57.44680851063831,36.17021276595745,,26740.0,62.83,0.0,0.4,0.4,0.2,0.0,C
26129,Eymeux,ED,127.0,174.0,49.0,213.0,3.260869565217391,233.0,699.0,151.0,52.43589743589744,32.43589743589744,24450.0,26740.0,798.46,80.0,0.2,0.8,0.0,0.0,ED
26130,Eyroles,ED,3.0,4.0,3.0,14.0,28.16575579104745,2.0952380952381,11.523809523809502,8.3809523809524,26.31578947368414,26.31578947368414,,26740.0,25.55,0.0,0.4,0.6,0.0,0.0,ED
26131,Eyzahut,G,56.0,28.0,5.0,23.0,39.1025641025641,17.0,87.0,49.0,54.19847328244275,35.11450381679389,22690.0,26740.0,36.52,20.0,0.2,0.6,0.2,0.0,ED
26133,Fay-le-Clos,C,37.0,54.0,4.0,26.0,9.030846549715095,35.8064516129032,90.9677419354839,53.2258064516129,53.23741007194251,35.25179856115111,22920.0,26740.0,361.19,10.0,0.6,0.4,0.0,0.0,C
26134,Félines-sur-Rimandoule,G,31.0,18.0,4.0,3.0,18.07192732187107,8.09638554216864,48.57831325301177,27.3253012048192,56.94444444444439,38.88888888888889,,26740.0,560.45,10.0,0.4,0.0,0.6,0.0,G
26135,Ferrassières,ED,11.0,21.0,7.0,46.0,44.23058105172524,11.0901639344263,72.590163934427,39.3196721311477,32.07547169811315,14.1509433962264,19450.0,26740.0,1154.72,10.0,0.8,0.2,0.0,0.0,C
26136,Val-Maravel,G,20.0,13.0,5.0,9.0,62.57048166714782,4.80392156862745,26.901960784313747,17.2941176470588,51.11111111111105,33.33333333333329,,26740.0,507.26,5.0,0.8,0.0,0.2,0.0,C
26137,Francillon-sur-Roubion,G,63.0,39.0,2.0,26.0,34.09708196949641,25.0520833333333,112.734375,47.2135416666667,65.40880503144658,45.911949685534616,21370.0,26740.0,314.34,25.0,0.0,0.0,1.0,0.0,G
26138,La Garde-Adhémar,ED,172.0,259.0,55.0,310.0,12.312312312312311,192.0,678.0,277.0,57.86516853932584,39.10112359550561,26150.0,26740.0,593.25,80.0,0.8,0.2,0.0,0.0,C
26139,Génissieux,C,308.0,637.0,133.0,508.0,2.871028402826293,386.15567271719,1294.094984290547,741.749342992263,56.458056554029056,37.91745831878265,27810.0,26740.0,290.72,125.0,1.0,0.0,0.0,0.0,C
26140,Geyssans,C,123.0,151.0,35.0,144.0,3.378099435219416,168.32994759763,438.4845121177469,132.185540284623,58.75913489897343,39.78072888491318,25160.0,26740.0,490.98,40.0,0.4,0.6,0.0,0.0,ED
26141,Gigors-et-Lozeron,G,86.0,42.0,4.0,12.0,22.71897365280998,38.9166502763087,129.5013925032518,50.5819572204395,76.93511775050277,57.82907299595078,19180.0,26740.0,1471.6,30.0,0.4,0.0,0.6,0.0,G
26142,Glandage,G,55.0,31.0,2.0,20.0,63.19045486506742,24.4034960852597,55.5531468285447,35.0433570861956,67.71617306476452,51.59921694065617,,26740.0,586.1,15.0,0.4,0.0,0.6,0.0,G
26143,Le Grand-Serre,ED,99.0,137.0,51.0,188.0,8.216635094069316,175.841879466601,570.717762269664,202.440358263736,45.2334470120733,24.321806946710502,,26740.0,1097.46,95.0,0.2,0.8,0.0,0.0,ED
26144,Grane,C,382.0,385.0,72.0,359.0,5.8567288254858,411.718606156685,1232.35918550793,491.922208335385,54.80768739215053,36.74798689338205,23920.0,26740.0,1274.7,175.0,0.6,0.4,0.0,0.0,C
26145,Les Granges-Gontardes,ED,105.0,121.0,35.0,147.0,5.5258084698374645,120.232456589015,451.564830200738,120.202713210246,57.95219855270442,37.266982170784416,25700.0,26740.0,395.75,50.0,0.4,0.6,0.0,0.0,ED
26146,Grignan,C,284.0,453.0,112.0,349.0,21.63758688654577,183.199550879878,903.270796037246,502.529653082876,48.40179768109635,31.79876231007257,24690.0,26740.0,828.47,125.0,0.6,0.2,0.2,0.0,C
26147,Gumiane,ED,7.0,7.0,0.0,9.0,50.0,0.0,13.0,7.0,25.0,5.0,,26740.0,197.74,0.0,0.0,0.6,0.4,0.0,ED
26148,Hauterives,ED,227.0,380.0,133.0,422.0,6.761463441468811,298.288127297023,1026.8167351256288,569.895137577348,46.27005946502717,29.01087744271114,23360.0,26740.0,1327.69,125.0,0.4,0.6,0.0,0.0,ED
26149,Hostun,C,151.0,217.0,41.0,206.0,7.156673114119923,198.0,656.0,194.0,51.91815856777494,34.78260869565217,23620.0,26740.0,894.5,85.0,0.6,0.4,0.0,0.0,C
26150,Izon-la-Bruisse,C,2.0,8.0,0.0,1.0,34.92063492063509,1.09090909090909,9.81818181818182,1.09090909090909,75.0,50.0,,26740.0,71.37,0.0,0.4,0.2,0.4,0.0,C
26152,Jonchères,C,9.0,12.0,5.0,4.0,56.96496266513508,1.85714285714286,13.00000000000004,11.1428571428571,45.83333333333333,37.49999999999999,,26740.0,146.6,5.0,0.2,0.2,0.6,0.0,G
26153,Laborel,C,26.0,27.0,1.0,16.0,37.37373737373738,9.0,57.0,48.0,43.13725490196079,21.5686274509804,,26740.0,506.61,15.0,0.4,0.6,0.0,0.0,ED
26154,Lachau,G,64.0,46.0,4.0,47.0,40.24896265560166,23.0,109.0,89.0,46.73913043478261,23.369565217391305,18860.0,26740.0,1431.53,25.0,0.2,0.6,0.2,0.0,ED
26155,Lapeyrouse-Mornay,ED,122.0,163.0,53.0,322.0,1.831501831501832,257.0,690.0,241.0,36.99421965317919,18.728323699421964,22060.0,26740.0,756.74,105.0,0.0,1.0,0.0,0.0,ED
26156,Larnage,C,129.0,323.0,73.0,210.0,3.03153699659333,171.022258552963,677.558994888146,180.418746558891,53.70918517189269,34.20306812985477,25330.0,26740.0,452.92,65.0,0.6,0.4,0.0,0.0,C
26157,La Laupie,ED,94.0,168.0,37.0,183.0,8.380658223523909,155.221798178871,478.18020787139096,142.597993949738,55.41838244897584,37.7977725507204,24580.0,26740.0,411.88,40.0,0.2,0.8,0.0,0.0,ED
26159,Laval-d'Aix,C,38.0,41.0,1.0,19.0,36.7316519188,16.5565217391304,62.3304347826087,33.1130434782609,57.89473684210521,39.99999999999998,20700.0,26740.0,188.3,20.0,0.6,0.0,0.4,0.0,C
26160,Laveyron,ED,198.0,196.0,51.0,221.0,2.4822695035460995,274.0,752.0,227.0,40.17957351290685,19.30415263748597,21030.0,26740.0,183.05,120.0,0.0,1.0,0.0,0.0,ED
26161,Lemps,G,9.0,8.0,1.0,9.0,49.74528019178906,0.0,18.275,24.725,47.5,22.5,22880.0,26740.0,329.81,0.0,0.2,0.4,0.4,0.0,ED
26162,Lens-Lestang,ED,107.0,138.0,40.0,255.0,5.772452674716358,140.120761420597,538.7796128146911,206.099625764712,43.19208689467525,26.24932763311596,22610.0,26740.0,468.46,65.0,0.2,0.8,0.0,0.0,ED
26163,Léoncel,C,6.0,20.0,2.0,12.0,45.45454545454545,8.0,22.0,16.0,31.57894736842105,15.789473684210526,,26740.0,832.44,0.0,0.6,0.2,0.2,0.0,C
26164,Lesches-en-Diois,C,21.0,30.0,4.0,12.0,67.05462189414871,3.05263157894736,30.52631578947354,24.4210526315789,57.69230769230778,30.769230769230795,,26740.0,522.68,5.0,0.4,0.0,0.6,0.0,G
26165,Livron-sur-Drôme,ED,1163.0,1581.0,324.0,2068.0,1.363327773926611,1731.449794006753,5668.939589638871,1871.610616354376,41.65309801586013,24.121608721092624,22630.0,26740.0,1979.14,735.0,0.4,0.6,0.0,0.0,ED
26166,Loriol-sur-Drôme,ED,836.0,966.0,234.0,1197.0,1.0207400780804357,1327.33674672644,3886.9851523165694,1369.6781009569909,41.49388118014031,23.660840855861345,21560.0,26740.0,1198.7,615.0,0.2,0.8,0.0,0.0,ED
26167,Luc-en-Diois,G,167.0,111.0,22.0,63.0,36.12671828657309,108.447963153139,297.907803917112,182.644232929749,49.71119848577023,29.515527686185067,17840.0,26740.0,229.97,70.0,0.0,0.4,0.6,0.0,G
26168,Lus-la-Croix-Haute,G,134.0,115.0,28.0,91.0,59.28819607963327,82.1875833642461,291.71338043848084,151.099036197272,49.4450371576314,26.21587597348929,19400.0,26740.0,907.34,50.0,0.0,0.2,0.8,0.0,G
26169,Malataverne,ED,284.0,451.0,90.0,521.0,1.8565413364777985,484.761910695418,1342.80800403472,410.430085269862,55.64528408795727,37.329510486782006,25230.0,26740.0,245.05,125.0,0.6,0.4,0.0,0.0,C
26170,Malissard,C,524.0,900.0,200.0,640.0,1.4745308310991956,574.0,1868.0,861.0,57.85714285714286,41.30952380952381,27020.0,26740.0,189.99,205.0,1.0,0.0,0.0,0.0,C
26171,Manas,G,56.0,43.0,7.0,29.0,25.909804215723053,24.2303664921466,109.03664921465968,44.7329842931937,58.3333333333331,40.38461538461523,21250.0,26740.0,1.0,10.0,0.6,0.0,0.4,0.0,C
26172,Manthes,ED,86.0,100.0,22.0,170.0,1.9702046380632767,116.999452349917,398.5060349498421,162.494512700241,36.3756228029518,20.45600702759007,22250.0,26740.0,641.05,65.0,0.0,1.0,0.0,0.0,ED
26173,Marches,C,119.0,201.0,51.0,191.0,3.571428571428571,189.0,537.0,141.0,55.85023400936038,38.22152886115445,25440.0,26740.0,1685.09,45.0,0.6,0.4,0.0,0.0,C
26174,Margès,ED,143.0,213.0,41.0,217.0,3.1853314582923007,212.996301420477,660.601587303045,202.402111276478,46.96931800314304,27.019652184316307,23500.0,26740.0,404.78,75.0,0.0,0.8,0.2,0.0,ED
26175,Marignac-en-Diois,G,65.0,51.0,6.0,26.0,27.27272727272727,48.0,122.0,56.0,69.18238993710692,42.138364779874216,20920.0,26740.0,132.42,25.0,0.0,0.0,1.0,0.0,G
26176,Marsanne,C,245.0,343.0,78.0,291.0,13.420399754953587,175.23792994041,758.2055440919211,328.556525967669,53.90327603809483,34.17199098757949,26000.0,26740.0,2317.62,85.0,0.6,0.4,0.0,0.0,C
26177,Marsaz,C,106.0,140.0,30.0,129.0,2.2715228362109894,119.274999742353,429.189767061991,141.535233195657,49.2742841679747,30.09553670433494,24710.0,26740.0,232.94,55.0,0.2,0.8,0.0,0.0,ED
26178,Menglon,G,187.0,88.0,17.0,51.0,21.03836254645153,84.0981823866395,293.5280386430235,160.373778970337,62.04352663089114,40.124680916963,21280.0,26740.0,963.56,65.0,0.4,0.2,0.4,0.0,C
26179,Mercurol-Veaunes,C,303.0,694.0,160.0,590.0,4.5501056605820285,583.215194475675,1750.8793272085588,493.905478315766,55.019084394477765,38.834091965937176,26080.0,26740.0,1738.69,185.0,1.0,0.0,0.0,0.0,C
26180,Mérindol-les-Oliviers,C,23.0,51.0,19.0,45.0,31.01178207204736,27.2402018889067,105.5757440353336,76.1840540757597,51.22956718847552,29.225451790554004,,26740.0,269.6,10.0,0.4,0.2,0.4,0.0,C
26181,Mévouillon,ED,54.0,33.0,13.0,55.0,33.17898736647049,33.8733941517443,140.0366600431911,65.0899458050646,52.16180562643503,26.745209015051685,18650.0,26740.0,1145.36,20.0,0.2,0.8,0.0,0.0,ED
26182,Mirabel-aux-Baronnies,C,292.0,330.0,70.0,313.0,31.11410985796069,222.486430143443,825.1951685082571,466.3184013483,50.6266733628052,28.916494805195715,22890.0,26740.0,1046.39,110.0,0.4,0.4,0.2,0.0,C
26183,Mirabel-et-Blacons,G,266.0,230.0,29.0,160.0,11.189686364683062,238.894277615341,704.7499443041429,258.355778080516,52.37775846046932,33.41002641168336,24230.0,26740.0,488.14,110.0,0.2,0.4,0.4,0.0,ED
26184,Miribel,,,,,,,,,,,,26720.0,26740.0,,,0.4,0.6,0.0,0.0,ED
26185,Mirmande,C,122.0,168.0,31.0,79.0,21.772151898734176,92.0,369.0,145.0,63.74999999999999,45.83333333333333,,26740.0,286.74,55.0,1.0,0.0,0.0,0.0,C
26186,Miscon,C,21.0,22.0,3.0,7.0,44.776119402985074,12.0,34.0,26.0,75.86206896551724,50.0,,26740.0,269.68,5.0,0.4,0.2,0.4,0.0,C
26188,Mollans-sur-Ouvèze,G,206.0,196.0,53.0,201.0,44.6127079200849,135.318412283105,592.545177608557,327.136410108338,46.95073921123642,26.195216424451463,21840.0,26740.0,370.17,125.0,0.0,0.4,0.6,0.0,G
26189,Montauban-sur-l'Ouvèze,G,44.0,27.0,5.0,20.0,44.78332199778016,13.7338167929686,62.392711583220205,40.8734716238112,62.01458773833068,36.95848105244327,15290.0,26740.0,365.57,10.0,0.0,0.0,1.0,0.0,G
26190,Montaulieu,G,30.0,19.0,2.0,13.0,37.65530382539126,16.5720904660384,43.4625068725216,27.9654026614398,76.54862106771212,53.09724213542424,,26740.0,55.11,10.0,0.6,0.0,0.4,0.0,C
26191,Montboucher-sur-Jabron,ED,316.0,579.0,105.0,604.0,3.685897435897436,456.0,1544.0,559.0,57.52996352266806,36.63366336633664,25030.0,26740.0,472.25,180.0,0.6,0.4,0.0,0.0,C
26192,Montbrison sur Lez,ED,39.0,62.0,25.0,69.0,18.9570245792388,29.2476079859551,139.0456292911929,100.706762722852,56.96042560254014,31.74014020560181,,26740.0,593.5,15.0,0.4,0.4,0.2,0.0,C
26193,Montbrun-les-Bains,G,111.0,79.0,16.0,74.0,59.81554677206851,55.0,251.0,138.0,51.621621621621614,26.756756756756754,18880.0,26740.0,414.15,65.0,0.0,0.2,0.8,0.0,G
26194,Montchenu,C,114.0,132.0,44.0,132.0,16.38439282863343,102.856131109305,347.046262968086,150.097605922609,50.61823332826343,29.81366934393847,22080.0,26740.0,826.82,40.0,0.4,0.6,0.0,0.0,ED
26195,Montclar-sur-Gervanne,G,46.0,33.0,11.0,42.0,35.61643835616438,31.0,115.0,49.0,63.63636363636363,44.15584415584416,20720.0,26740.0,472.35,15.0,0.2,0.0,0.8,0.0,G
26196,Montéléger,C,224.0,426.0,98.0,267.0,0.8875739644970414,245.0,918.0,507.0,59.21450151057401,44.5619335347432,27010.0,26740.0,653.93,65.0,1.0,0.0,0.0,0.0,C
26197,Montélier,C,529.0,1126.0,272.0,768.0,1.180520018195165,779.886728489839,2488.1857224928813,1015.92754901728,55.79671423663783,38.26468576297909,27140.0,26740.0,2028.5,260.0,1.0,0.0,0.0,0.0,C
26198,Montélimar,ED,5196.0,6234.0,1357.0,6277.0,2.672835471713249,7228.435863720553,24190.284135945163,8937.28000033428,47.898715776075406,29.786877668002948,21350.0,26740.0,924.45,,0.8,0.0,0.2,0.0,C
26199,Montferrand-la-Fare,G,11.0,10.0,0.0,4.0,59.09090909090909,2.0,12.0,13.0,33.33333333333333,16.666666666666664,,26740.0,33.31,5.0,0.4,0.2,0.4,0.0,C
26200,Montfroc,G,30.0,22.0,10.0,16.0,39.62264150943396,6.0,52.0,43.0,59.523809523809526,38.095238095238095,,26740.0,284.21,5.0,0.6,0.0,0.4,0.0,C
26201,Montguers,G,19.0,17.0,4.0,3.0,55.40037243947867,0.0,27.1764705882352,16.8235294117647,63.63636363636357,45.45454545454541,,26740.0,58.99,0.0,0.2,0.0,0.8,0.0,G
26202,Montjoux,G,101.0,67.0,13.0,55.0,27.26833000120829,54.0424153909138,183.40189598843443,84.5556886206518,56.22546467500315,36.73615827592494,22980.0,26740.0,510.66,30.0,0.2,0.2,0.6,0.0,G
26203,Montjoyer,ED,45.0,73.0,12.0,75.0,15.377677306705978,38.0478590638427,166.7360527464129,72.2160881897444,53.83272058978756,29.251234491329136,24030.0,26740.0,341.65,10.0,0.2,0.8,0.0,0.0,ED
26204,Montlaur-en-Diois,C,30.0,35.0,8.0,33.0,16.46924599202505,23.7308282927443,85.06349923131641,31.2056724759393,59.306583446724936,43.49149452759826,19030.0,26740.0,420.85,10.0,1.0,0.0,0.0,0.0,C
26205,Montmaur-en-Diois,G,32.0,26.0,9.0,8.0,35.66589080162946,19.119792912955,49.80776220574269,26.0724448813023,63.99026615125969,42.197890999439615,,26740.0,360.2,15.0,0.4,0.0,0.6,0.0,G
26206,Montmeyran,C,454.0,732.0,130.0,503.0,3.0504364191340545,515.013303171764,1752.4491262895758,696.53757053866,54.640718672639466,36.53610692773617,26310.0,26740.0,1781.05,190.0,1.0,0.0,0.0,0.0,C
26207,Montmiral,ED,97.0,102.0,42.0,167.0,8.441558441558442,142.0,382.0,135.0,57.47368421052632,36.21052631578948,21270.0,26740.0,951.93,45.0,0.2,0.4,0.4,0.0,ED
26208,Montoison,C,306.0,474.0,74.0,394.0,2.229803328356497,388.536188721305,1217.2387861403308,329.225025138364,57.39711020084304,33.62047661899907,25660.0,26740.0,916.21,135.0,0.6,0.4,0.0,0.0,C
26209,Montréal-les-Sources,C,5.0,12.0,3.0,8.0,61.08433734939748,4.80769230769231,10.57692307692307,9.61538461538462,52.38095238095239,42.85714285714288,,26740.0,4.56,5.0,0.8,0.2,0.0,0.0,C
26210,Montrigaud,ED,186.0,152.0,65.0,260.0,13.274336283185844,204.0,598.0,218.0,48.01587301587302,30.95238095238096,,26740.0,1423.69,85.0,0.4,0.6,0.0,0.0,ED
26211,Montségur-sur-Lauzon,ED,207.0,245.0,93.0,334.0,11.247678925554505,232.983759023029,818.410547618344,319.605693358627,49.09503942806973,31.512678446435565,24710.0,26740.0,605.8,100.0,0.6,0.2,0.2,0.0,C
26212,Montvendre,C,180.0,333.0,76.0,223.0,3.92156862745098,289.0,801.0,193.0,61.1049723756906,42.87292817679558,,26740.0,1564.8,80.0,1.0,0.0,0.0,0.0,C
26213,Moras-en-Valloire,ED,102.0,124.0,21.0,128.0,4.8068612779481725,117.65225346365,443.87347841502,123.47426812133,50.48174091215098,29.30077574808184,22370.0,26740.0,261.85,60.0,0.6,0.4,0.0,0.0,C
26214,Mornans,G,22.0,22.0,2.0,7.0,37.79008928254104,16.8533333333333,35.813333333333105,26.3333333333333,62.96296296296296,33.33333333333329,,26740.0,380.04,5.0,0.2,0.0,0.8,0.0,G
26215,La Motte-Chalancon,G,92.0,91.0,22.0,74.0,45.038033246455285,33.8635744168329,234.1055350648421,132.030890518326,41.64616296636084,24.301075546282668,20150.0,26740.0,403.19,35.0,0.4,0.4,0.2,0.0,C
26216,La Motte-de-Galaure,ED,189.0,211.0,38.0,266.0,2.603849085061237,277.606570199618,747.726621532707,232.666808267675,46.31504293313104,29.15068375460655,,26740.0,835.8399999999999,90.0,0.2,0.8,0.0,0.0,ED
26217,La Motte-Fanjas,C,36.0,39.0,15.0,35.0,7.542097908722694,40.8290155440416,116.3626943005188,39.8082901554406,56.2962962962965,38.51851851851864,24060.0,26740.0,224.47,10.0,0.6,0.4,0.0,0.0,C
26218,Mours-Saint-Eusèbe,C,401.0,678.0,162.0,646.0,1.263897256356726,615.935233462901,1872.9445995539,915.120166983199,53.00637396216269,35.622221332484486,25030.0,26740.0,150.97,230.0,0.8,0.2,0.0,0.0,C
26219,Mureils,,,,,,,,,,,,,26740.0,,,0.0,0.6,0.4,0.0,ED
26220,Nyons,C,1263.0,1323.0,263.0,932.0,17.29648399068151,725.06742567322,3180.387511607571,2888.545062719209,45.5501830621076,27.77128452714932,21150.0,26740.0,735.53,660.0,0.8,0.2,0.0,0.0,C
26221,Omblèze,C,22.0,27.0,6.0,18.0,63.1305952643412,5.45454545454545,30.545454545454547,24.0,45.65217391304351,32.608695652173935,,26740.0,485.75,5.0,0.4,0.4,0.2,0.0,C
26222,Orcinas,ED,11.0,5.0,2.0,13.0,35.77026421854016,6.825,25.35,6.825,37.93103448275862,27.58620689655172,,26740.0,126.5,5.0,0.4,0.6,0.0,0.0,ED
26223,Oriol-en-Royans,C,92.0,121.0,28.0,86.0,25.23639479723827,84.0908221074545,305.94975729750644,122.959420595038,40.59526400791261,24.52050442273562,23170.0,26740.0,392.8,30.0,0.4,0.6,0.0,0.0,ED
26224,Ourches,C,55.0,63.0,19.0,45.0,5.730406534723573,59.5469231800928,170.5747210434738,55.8783557764324,61.17152407601967,43.4592287216577,22350.0,26740.0,151.08,30.0,0.6,0.2,0.2,0.0,C
26225,Parnans,C,93.0,140.0,31.0,134.0,4.162278895042851,117.264991991917,390.082338726884,193.652669281199,51.09362533349328,28.47006381993888,23800.0,26740.0,517.9,30.0,0.4,0.6,0.0,0.0,ED
26226,Le Pègue,ED,53.0,55.0,16.0,89.0,19.02853671034316,48.2653905010035,183.4522192166665,131.28239028233,41.57829556379647,26.06721063847946,22420.0,26740.0,255.3,25.0,0.6,0.4,0.0,0.0,C
26227,Pelonne,C,5.0,8.0,1.0,0.0,26.367187499999943,5.55555555555556,12.03703703703703,7.40740740740741,65.00000000000004,40.00000000000003,,26740.0,55.92,5.0,0.6,0.0,0.4,0.0,C
26228,Pennes-le-Sec,G,9.0,1.0,1.0,2.0,42.10526315789473,2.0,17.0,3.0,47.368421052631575,26.31578947368421,,26740.0,55.2,5.0,0.4,0.2,0.4,0.0,C
26229,La Penne-sur-l'Ouvèze,C,13.0,23.0,3.0,22.0,24.43784743817444,10.5394736842106,44.49999999999999,33.9605263157896,37.5,18.75,,26740.0,73.07,5.0,0.4,0.6,0.0,0.0,ED
26231,Peyrins,C,407.0,562.0,128.0,546.0,2.2538805929321235,425.642474477204,1595.6426364823742,608.714889040422,50.87887807057212,32.68554476543506,24660.0,26740.0,843.98,210.0,0.6,0.4,0.0,0.0,C
26232,Peyrus,C,116.0,183.0,34.0,130.0,10.369696406901356,89.6932808727159,344.5087211047711,141.797998022513,67.58007322132433,50.571016631232254,26060.0,26740.0,252.34,35.0,0.6,0.2,0.2,0.0,C
26233,Piégon,C,47.0,68.0,29.0,37.0,29.5284324389992,28.4512410455014,148.4361665469201,63.1125924075785,45.15760493008884,23.7351687524104,21290.0,26740.0,484.97,15.0,0.6,0.2,0.2,0.0,C
26234,Piégros-la-Clastre,G,258.0,169.0,26.0,143.0,12.06455426567662,147.26595291984,535.497452240936,200.236594839224,50.80671331642215,34.40429624604732,22090.0,26740.0,447.3,70.0,0.2,0.4,0.4,0.0,ED
26235,Pierrelatte,ED,1901.0,1739.0,457.0,2994.0,1.7446390899391102,2840.9029593287337,8154.48066249124,2913.616378180028,41.11017278637517,22.70313649003276,20230.0,26740.0,2498.1,,0.4,0.2,0.4,0.0,C
26236,Pierrelongue,G,42.0,33.0,9.0,24.0,15.822784810126585,30.0,137.0,61.0,47.61904761904761,24.33862433862434,20210.0,26740.0,17.92,30.0,0.4,0.2,0.4,0.0,C
26238,Les Pilles,G,60.0,35.0,8.0,26.0,19.610683834272468,33.9166048508525,127.671033489584,63.4123616595635,59.588887782416535,40.51355842259129,17970.0,26740.0,28.53,30.0,0.8,0.0,0.2,0.0,C
26239,Plaisians,ED,41.0,42.0,13.0,53.0,42.59337417948328,24.3059078929427,147.87435235837853,41.8197397486788,50.65605677367766,28.90503319243905,19390.0,26740.0,265.54,20.0,0.2,0.6,0.2,0.0,ED
26240,Plan-de-Baix,G,50.0,40.0,13.0,37.0,35.41666666666667,17.0,95.0,52.0,61.31386861313869,38.68613138686132,19770.0,26740.0,786.91,15.0,0.6,0.0,0.4,0.0,C
26241,Le Poët-Célard,G,36.0,25.0,9.0,21.0,42.85714285714285,28.0,85.0,34.0,60.0,37.27272727272727,20640.0,26740.0,333.23,10.0,0.6,0.0,0.4,0.0,C
26242,Le Poët-en-Percip,C,5.0,10.0,0.0,2.0,57.18506894594508,5.28,14.079999999999998,2.64,61.11111111111111,44.44444444444445,,26740.0,36.36,0.0,0.2,0.2,0.6,0.0,G
26243,Le Poët-Laval,G,234.0,218.0,38.0,139.0,27.83184168745685,170.237150276653,500.228020304484,287.534829418862,56.49074659400807,38.19060941432619,22420.0,26740.0,164.95,80.0,0.2,0.0,0.8,0.0,G
26244,Le Poët-Sigillat,G,34.0,32.0,7.0,14.0,39.130434782608695,16.0,62.0,39.0,61.458333333333336,34.375,17400.0,26740.0,390.74,10.0,0.6,0.0,0.4,0.0,C
26245,Pommerol,ED,0.0,4.0,0.0,7.0,79.3650793650793,0.0,2.9166666666666696,4.08333333333333,50.00000000000004,41.66666666666672,,26740.0,72.53,0.0,0.8,0.2,0.0,0.0,C
26246,Ponet-et-Saint-Auban,G,60.0,23.0,0.0,12.0,27.884615384615387,23.0,84.0,36.0,62.93103448275862,42.241379310344826,22040.0,26740.0,128.62,25.0,0.2,0.0,0.8,0.0,G
26247,Ponsas,C,81.0,127.0,16.0,92.0,2.214022140221402,84.0,322.0,121.0,48.51485148514851,32.92079207920792,23710.0,26740.0,,35.0,0.4,0.6,0.0,0.0,ED
26248,Pontaix,G,47.0,34.0,5.0,18.0,21.156051825857432,24.7161827661701,104.8173936334301,46.4664236003998,48.29956284769455,24.48629499319988,19950.0,26740.0,152.97,35.0,0.2,0.0,0.8,0.0,G
26249,Pont-de-Barret,G,203.0,126.0,31.0,89.0,16.959808221666876,113.280875862129,421.7927401042751,123.926384033597,64.8232363631863,44.19470098974193,21710.0,26740.0,394.55,80.0,0.4,0.2,0.4,0.0,C
26250,Pont-de-l'Isère,ED,417.0,645.0,132.0,768.0,1.2928900257067817,827.179326044404,2209.794772233783,646.025901721823,44.96877431072139,27.66019687314921,23110.0,26740.0,343.53,285.0,0.2,0.8,0.0,0.0,ED
26251,Portes-en-Valdaine,C,86.0,102.0,21.0,78.0,13.261648745519713,65.0,285.0,105.0,56.43835616438356,38.63013698630137,23680.0,26740.0,409.01,45.0,0.4,0.2,0.4,0.0,C
26252,Portes-lès-Valence,ED,1635.0,1600.0,357.0,1979.0,0.8825287402003208,1965.7059320887952,6231.705283607858,2171.588784303336,40.94931828588901,24.38779617262492,21680.0,26740.0,533.5,910.0,0.6,0.4,0.0,0.0,C
26253,Poyols,G,31.0,21.0,2.0,8.0,42.297101944273535,15.4387755102041,49.948979591836704,23.6122448979592,64.9999999999999,41.24999999999994,,26740.0,62.86,20.0,0.0,0.0,1.0,0.0,G
26254,Pradelle,G,12.0,7.0,3.0,1.0,63.33333333333333,7.0,15.0,3.0,61.11111111111112,27.77777777777778,,26740.0,193.88,5.0,0.6,0.0,0.4,0.0,C
26255,Les Prés,G,16.0,5.0,5.0,0.0,61.78402587708379,1.80645161290323,12.64516129032257,13.5483870967742,70.37037037037021,40.74074074074066,,26740.0,599.16,0.0,0.4,0.0,0.6,0.0,G
26256,Propiac,G,30.0,22.0,5.0,22.0,43.75,20.0,84.0,27.0,72.54901960784314,43.13725490196079,17400.0,26740.0,21.88,10.0,0.0,0.0,1.0,0.0,G
26257,Puygiron,ED,56.0,85.0,15.0,113.0,11.774539687396471,81.3233225053558,276.5393529679518,89.1373245266924,55.67251981545967,35.21434139727193,24110.0,26740.0,272.22,20.0,0.4,0.6,0.0,0.0,ED
26258,Puy-Saint-Martin,C,180.0,225.0,32.0,123.0,15.090543259557345,142.0,469.0,223.0,58.887171561051,38.48531684698609,24910.0,26740.0,549.6,70.0,0.8,0.0,0.2,0.0,C
26259,Ratières,C,37.0,63.0,18.0,55.0,12.582781456953644,40.0,156.0,79.0,48.44444444444444,29.33333333333333,22720.0,26740.0,307.28,15.0,0.4,0.4,0.2,0.0,C
26261,Réauville,C,75.0,96.0,17.0,74.0,23.355263157894736,53.0,226.0,115.0,50.0,27.87878787878788,23710.0,26740.0,122.56,40.0,0.6,0.4,0.0,0.0,C
26262,Recoubeau-Jansac,G,79.0,53.0,20.0,37.0,25.24271844660194,51.0,205.0,71.0,51.13636363636363,31.818181818181817,18890.0,26740.0,585.33,45.0,0.2,0.4,0.4,0.0,ED
26263,Reilhanette,ED,29.0,21.0,2.0,30.0,48.40529489615797,8.9719626168224,74.0186915887852,37.0093457943924,48.97959183673487,28.57142857142868,18830.0,26740.0,200.05,10.0,0.4,0.6,0.0,0.0,ED
26264,Rémuzat,C,59.0,69.0,19.0,63.0,43.64453739206712,34.9720721613138,176.4411150171112,105.586812821575,53.821909838846416,25.116608246471785,22310.0,26740.0,228.31,20.0,0.8,0.0,0.2,0.0,C
26266,Rimon-et-Savel,G,9.0,9.0,4.0,2.0,51.61229492739972,0.0,10.5217391304348,11.4782608695652,34.782608695652186,26.086956521739136,,26740.0,196.77,0.0,0.2,0.4,0.4,0.0,ED
26267,Rioms,G,9.0,5.0,0.0,2.0,5.929304446978361,6.73076923076923,15.38461538461538,2.88461538461539,72.22222222222227,22.22222222222222,,26740.0,154.88,5.0,0.8,0.2,0.0,0.0,C
26268,Rochebaudin,G,34.0,22.0,4.0,32.0,26.54703113565714,11.2844827586207,66.6810344827585,41.0344827586208,65.99999999999999,46.999999999999964,21320.0,26740.0,29.64,10.0,0.0,0.0,1.0,0.0,G
26269,Rochebrune,G,16.0,14.0,0.0,9.0,54.4747081712062,10.2142857142857,23.214285714285698,18.5714285714286,45.23809523809527,21.42857142857144,22960.0,26740.0,238.34,5.0,0.4,0.4,0.2,0.0,C
26270,Rochechinard,C,29.0,41.0,17.0,32.0,16.26070320675992,16.7424242424242,78.78787878787881,34.469696969697,64.81481481481508,44.44444444444462,21680.0,26740.0,302.1,10.0,0.4,0.2,0.4,0.0,C
26271,La Roche-de-Glun,C,445.0,850.0,168.0,733.0,1.468665683431413,665.369185315377,2052.8681646286022,860.762650056031,51.75023587491048,32.101121639399906,24750.0,26740.0,650.28,225.0,0.6,0.4,0.0,0.0,C
26272,Rochefort-en-Valdaine,ED,58.0,79.0,13.0,83.0,14.287746699541245,64.0494611484488,216.0033690058024,78.9471698457488,54.40523354453266,35.89369328247521,24380.0,26740.0,119.73,25.0,0.2,0.4,0.4,0.0,ED
26273,Rochefort-Samson,G,212.0,197.0,69.0,195.0,4.241538962437796,208.640010754037,647.693230037997,204.666759207966,57.94977361647177,40.403630525713375,24710.0,26740.0,779.28,65.0,0.4,0.4,0.2,0.0,C
26274,Rochefourchat,ED,0.0,2.0,1.0,4.0,72.72727272727268,0.0,1.333333333333333,0.666666666666667,33.33333333333335,33.33333333333335,,26740.0,,0.0,0.4,0.4,0.2,0.0,C
26275,Rochegude,ED,194.0,339.0,101.0,470.0,11.270797459758954,280.703914041742,1051.939198118499,344.356887839759,51.36035559239404,31.85737087271639,25520.0,26740.0,800.39,115.0,0.2,0.4,0.4,0.0,ED
26276,Roche-Saint-Secret-Béconne,C,100.0,107.0,23.0,72.0,23.28788134507883,77.644848421438,285.830690607005,113.524460971557,57.40878683001807,40.19902608594113,22030.0,26740.0,419.91,30.0,0.2,0.0,0.8,0.0,G
26277,La Roche-sur-Grane,ED,37.0,35.0,5.0,47.0,20.72072072072072,33.0,125.0,32.0,56.55172413793104,40.689655172413794,20570.0,26740.0,361.86,20.0,0.6,0.0,0.4,0.0,C
26278,La Roche-sur-le-Buis,C,69.0,76.0,7.0,28.0,50.216009009425335,37.7298314910511,152.69917419620668,97.5709943127422,65.8857093190035,43.77508477622308,20650.0,26740.0,1167.24,30.0,0.2,0.0,0.8,0.0,G
26279,La Rochette-du-Buis,ED,14.0,12.0,3.0,15.0,38.04704510498824,1.8,33.300000000000004,18.9,24.52830188679245,11.320754716981131,,26740.0,98.86,5.0,0.2,0.4,0.4,0.0,ED
26281,Romans-sur-Isère,C,5022.0,5214.0,972.0,4342.0,1.592881535611303,5374.596951812516,19612.965767215053,8151.437280972444,44.02076009212645,26.99710943047095,20520.0,26740.0,1127.47,,1.0,0.0,0.0,0.0,C
26282,Romeyer,G,70.0,65.0,5.0,30.0,30.23255813953488,47.0,138.0,46.0,64.73988439306359,44.50867052023121,20270.0,26740.0,147.8,30.0,0.0,0.0,1.0,0.0,G
26283,Rottier,ED,4.0,5.0,4.0,7.0,24.930439621591542,0.0,14.5833333333334,10.4166666666667,16.666666666666654,12.499999999999991,,26740.0,186.23,0.0,0.4,0.4,0.2,0.0,C
26284,Roussas,ED,49.0,100.0,17.0,125.0,17.935883232967978,66.1440515559463,235.596131112103,98.2598173319507,59.74647578112451,36.79964947921795,26910.0,26740.0,582.66,25.0,0.6,0.4,0.0,0.0,C
26285,Rousset-les-Vignes,C,65.0,67.0,20.0,60.0,32.58137198207181,27.9167682059096,154.1710382743644,92.912193519726,56.17883780181421,35.12282423097505,23430.0,26740.0,323.16,25.0,0.6,0.0,0.4,0.0,C
26286,Roussieux,G,9.0,5.0,0.0,5.0,47.29370008873103,3.0,13.0,8.0,47.05882352941176,17.647058823529413,,26740.0,385.91,0.0,0.2,0.4,0.4,0.0,ED
26287,Roynac,C,62.0,116.0,35.0,86.0,10.504314288112464,70.2191505271474,279.4713612447446,130.309488228109,61.088788113718415,39.381884729090494,24060.0,26740.0,1325.51,30.0,0.6,0.4,0.0,0.0,C
26288,Sahune,C,63.0,74.0,19.0,67.0,30.99708077766621,34.1968636609313,176.4990402096032,87.3040961294655,44.486933724006846,27.81614153234701,20950.0,26740.0,208.08,40.0,0.6,0.0,0.4,0.0,C
26289,Saillans,G,520.0,251.0,32.0,133.0,25.94458571721404,279.360766093193,769.7495655846151,371.889668322192,59.455500817786536,38.08649894697297,21510.0,26740.0,183.67,195.0,0.0,0.4,0.6,0.0,G
26290,Saint-Agnan-en-Vercors,G,91.0,68.0,15.0,68.0,60.98924928049969,54.9034192781273,232.3175759203054,77.7790048015673,55.409384959883646,31.97743284305272,19010.0,26740.0,724.93,45.0,0.4,0.0,0.6,0.0,G
26291,Saint-Andéol en Quint,G,27.0,10.0,0.0,8.0,43.19105691056909,20.5058823529412,49.8,12.6941176470588,75.80645161290315,56.451612903225765,,26740.0,112.19,15.0,0.6,0.2,0.2,0.0,C
26292,Saint-Auban-sur-l'Ouvèze,C,37.0,64.0,19.0,38.0,28.244120276932307,17.5483870967742,112.96774193548468,73.4838709677421,59.748427672956005,40.88050314465412,19220.0,26740.0,938.38,15.0,0.6,0.0,0.4,0.0,C
26293,Saint-Avit,ED,51.0,52.0,9.0,56.0,5.492666206284951,68.1480785436487,212.7492067428037,39.1027147135476,45.65864467201649,31.19423291925997,22350.0,26740.0,501.36,25.0,0.4,0.6,0.0,0.0,ED
26294,Saint-Bardoux,C,121.0,176.0,41.0,120.0,6.045984890574983,113.082647453559,352.68904379047603,133.228308755965,55.3585783862113,37.00919622100793,24760.0,26740.0,753.0,45.0,0.4,0.6,0.0,0.0,ED
26295,Saint-Barthélemy-de-Vals,ED,311.0,364.0,65.0,453.0,2.402574318735065,316.500247060086,1148.197480443896,387.302272496018,40.642207426343006,24.16893229466464,22830.0,26740.0,1228.1,150.0,0.2,0.6,0.2,0.0,ED
26296,Saint-Benoit-en-Diois,G,12.0,12.0,1.0,2.0,50.07342143906006,3.29032258064517,19.74193548387103,10.9677419354839,62.96296296296302,44.444444444444485,,26740.0,29.68,0.0,0.2,0.0,0.8,0.0,G
26297,Saint-Bonnet-de-Valclérieux,,,,,,,,,,,,,26740.0,,,0.0,0.6,0.4,0.0,ED
26298,Saint-Christophe-et-le-Laris,ED,75.0,80.0,12.0,88.0,9.44252774098758,76.6877703079088,264.6778475411335,83.6343821509567,39.10242765779886,24.564437451818897,21560.0,26740.0,308.14,35.0,0.2,0.8,0.0,0.0,ED
26299,Sainte-Croix,G,33.0,27.0,3.0,17.0,40.35255875026,13.4666666666667,50.9809523809523,36.552380952381,48.86363636363637,23.86363636363635,30350.0,26740.0,126.7,10.0,0.4,0.4,0.2,0.0,C
26300,Saint-Dizier-en-Diois,G,23.0,8.0,0.0,3.0,37.67419509851037,10.3265306122449,30.979591836734688,4.69387755102041,67.64705882352938,47.05882352941174,,26740.0,496.25,10.0,0.2,0.0,0.8,0.0,G
26301,Saint-Donat-sur-l'Herbasse,C,568.0,829.0,166.0,794.0,3.4300690350418725,736.08270984222,2489.053046400938,998.864243756842,49.42602657608735,30.15916516580489,23080.0,26740.0,694.56,315.0,0.4,0.4,0.2,0.0,C
26302,Sainte-Eulalie-en-Royans,ED,99.0,88.0,26.0,108.0,5.306048300966196,96.155816617313,337.347793533315,108.496389849371,41.79194112260937,25.43150186773902,22980.0,26740.0,506.88,45.0,0.2,0.8,0.0,0.0,ED
26303,Sainte-Euphémie-sur-Ouvèze,G,32.0,20.0,3.0,5.0,56.06060606060596,6.81081081081081,41.8378378378378,23.3513513513514,48.48484848484853,30.303030303030297,,26740.0,168.19,5.0,0.6,0.0,0.4,0.0,C
26304,Saint-Ferréol-Trente-Pas,ED,48.0,45.0,14.0,50.0,28.75,24.0,141.0,56.0,53.51351351351351,29.72972972972973,18870.0,26740.0,256.43,25.0,0.2,0.2,0.6,0.0,G
26305,Saint-Gervais-sur-Roubion,ED,147.0,215.0,50.0,276.0,9.742194079718075,219.551813759163,667.941942977381,200.506243263456,52.949286113174345,34.477647460140645,22840.0,26740.0,1130.34,90.0,0.6,0.4,0.0,0.0,C
26306,Sainte-Jalle,G,65.0,51.0,11.0,53.0,32.49589237170557,48.7323129309411,194.66125581518293,82.606431253876,51.17486666464346,33.85861736285823,17860.0,26740.0,536.26,30.0,0.0,0.4,0.6,0.0,G
26307,Saint-Jean-en-Royans,C,541.0,563.0,129.0,487.0,7.074824182334549,406.212262813846,1578.8749963813652,841.912740804789,48.29009715239111,30.74033932006786,22670.0,26740.0,1139.11,260.0,0.6,0.4,0.0,0.0,C
26308,Saint-Julien-en-Quint,C,39.0,50.0,12.0,27.0,39.36014520565151,27.6432748538012,78.16374269005841,57.1929824561404,54.41176470588224,41.91176470588226,18460.0,26740.0,862.47,15.0,0.4,0.0,0.6,0.0,G
26309,Saint-Julien-en-Vercors,C,70.0,72.0,12.0,39.0,39.68472995343805,40.5568430393665,151.7655140120868,59.6776429485467,60.3369829406017,41.20515533182488,21770.0,26740.0,392.11,35.0,0.6,0.0,0.4,0.0,C
26310,Saint-Laurent-d'Onay,ED,27.0,25.0,3.0,32.0,7.257713879252159,31.7974683544304,93.4050632911392,31.7974683544304,55.83333333333329,38.33333333333332,21590.0,26740.0,417.49,15.0,0.6,0.0,0.4,0.0,C
26311,Saint-Laurent-en-Royans,ED,223.0,202.0,61.0,243.0,4.791344667697064,197.0,833.0,353.0,38.48288621646624,22.10915818686401,21920.0,26740.0,212.35,100.0,0.0,1.0,0.0,0.0,ED
26312,Saint-Marcel-lès-Sauzet,ED,155.0,238.0,64.0,332.0,3.3840947546531304,216.0,735.0,280.0,55.06937033084312,35.005336179295625,25390.0,26740.0,58.99,90.0,0.6,0.4,0.0,0.0,C
26313,Saint-Marcel-lès-Valence,C,843.0,1278.0,291.0,1147.0,0.9002290711146338,1155.83728276443,3716.81540854999,1341.34730868557,50.64034715278313,33.34440489348391,24130.0,26740.0,1012.78,445.0,0.6,0.4,0.0,0.0,C
26314,Saint-Martin-d'Août,ED,54.0,81.0,32.0,84.0,5.2651123721863,74.0705164474081,249.8650968762456,65.0643866763463,47.77960613881742,28.761475699507294,22990.0,26740.0,423.12,30.0,0.6,0.2,0.2,0.0,C
26315,Saint-Martin-en-Vercors,G,100.0,76.0,22.0,49.0,37.719298245614034,78.0,258.0,100.0,59.82142857142857,40.17857142857143,19660.0,26740.0,572.7,45.0,0.6,0.0,0.4,0.0,C
26316,Saint-Martin-le-Colonel,C,38.0,57.0,9.0,38.0,8.142540620384073,47.1428571428571,136.0714285714287,41.7857142857142,43.67088607594936,22.78481012658228,24010.0,26740.0,10.62,20.0,0.2,0.8,0.0,0.0,ED
26317,Saint-Maurice-sur-Eygues,ED,118.0,129.0,28.0,167.0,11.28207120238466,149.114406702537,450.03267422025607,195.852919077208,40.50393932750246,22.51385659065405,20040.0,26740.0,497.42,70.0,0.4,0.6,0.0,0.0,ED
26318,Saint-May,C,9.0,11.0,3.0,11.0,48.92417172971691,0.939393939393939,15.030303030303063,15.030303030303,28.12500000000007,18.75000000000005,,26740.0,162.57,5.0,0.4,0.2,0.4,0.0,C
26319,Saint-Michel-sur-Savasse,ED,103.0,110.0,22.0,117.0,3.5154463580965336,107.208686866462,374.4768935638477,85.3144195696903,50.10934335965855,28.98739206983294,24110.0,26740.0,922.69,35.0,0.4,0.6,0.0,0.0,ED
26320,Saint-Nazaire-en-Royans,ED,118.0,116.0,18.0,137.0,10.345689469095692,165.533541591982,504.19382993963495,151.272628468384,52.46868411165736,32.33642245540761,20970.0,26740.0,31.93,70.0,0.4,0.4,0.2,0.0,C
26321,Saint-Nazaire-le-Désert,C,51.0,58.0,17.0,37.0,55.24193548387096,27.0,119.0,59.0,54.761904761904766,31.547619047619047,16760.0,26740.0,926.17,10.0,0.0,0.2,0.8,0.0,G
26322,Saint-Pantaléon-les-Vignes,ED,53.0,102.0,26.0,115.0,16.776702150426466,43.0114975444313,206.0519566133587,150.936545842209,42.52000218580794,20.64600063668708,23810.0,26740.0,521.58,25.0,0.2,0.6,0.2,0.0,ED
26323,Saint-Paul-lès-Romans,ED,233.0,405.0,97.0,419.0,1.179245283018868,368.0,1157.0,402.0,48.54166666666666,32.22222222222222,23450.0,26740.0,1124.36,130.0,0.2,0.8,0.0,0.0,ED
26324,Saint-Paul-Trois-Châteaux,ED,1360.0,1684.0,453.0,1962.0,4.890560915291001,1659.593433939404,5165.276466528458,1951.130099532138,51.35798278095862,32.40404101615113,23910.0,26740.0,580.78,790.0,0.8,0.2,0.0,0.0,C
26325,Saint-Rambert-d'Albon,ED,824.0,745.0,170.0,1131.0,1.1490868892488693,1509.20518370414,4188.10190948138,1249.69290681448,36.64947505614641,18.12108303080228,19890.0,26740.0,849.55,685.0,0.2,0.8,0.0,0.0,ED
26326,Saint-Restitut,ED,211.0,347.0,90.0,394.0,12.683133547072472,239.162615762235,806.3270637207551,404.51032051701,61.91542050509726,43.4860449902273,28290.0,26740.0,510.42,105.0,0.8,0.2,0.0,0.0,C
26327,Saint-Roman,G,78.0,44.0,5.0,14.0,17.008413304755653,49.8871968095293,139.2985205028783,41.8142826875924,73.12620941536065,48.86360735020611,21960.0,26740.0,143.32,30.0,0.2,0.0,0.8,0.0,G
26328,Saint-Sauveur-en-Diois,C,15.0,19.0,5.0,3.0,53.40011018179991,5.78571428571428,28.928571428571423,19.2857142857143,60.00000000000003,28.888888888888903,,26740.0,48.73,5.0,0.2,0.4,0.4,0.0,ED
26329,Saint-Sauveur-Gouvernet,C,34.0,61.0,11.0,28.0,27.070086731012445,19.6808510638298,99.3882978723404,65.9308510638298,54.03726708074529,29.813664596273263,17800.0,26740.0,548.55,15.0,0.2,0.4,0.4,0.0,ED
26330,Saint-Sorlin-en-Valloire,ED,265.0,383.0,73.0,539.0,4.395943902117412,438.231018442856,1291.8614212814869,506.907560275657,38.14653982657125,20.45553874063965,22590.0,26740.0,1697.72,150.0,0.0,1.0,0.0,0.0,ED
26331,Saint-Thomas-en-Royans,ED,68.0,98.0,25.0,104.0,7.972919694477532,73.4969270499604,396.8871414017066,111.615931548333,38.67195447411858,20.800209456840125,21880.0,26740.0,317.26,35.0,0.2,0.8,0.0,0.0,ED
26332,Saint-Uze,ED,289.0,277.0,72.0,347.0,3.298774740810556,425.0,1258.0,446.0,42.238033635187584,25.74385510996119,21920.0,26740.0,447.51,200.0,0.2,0.8,0.0,0.0,ED
26333,Saint-Vallier,G,534.0,443.0,112.0,430.0,3.154325460913098,711.541437832594,2416.9211149751927,954.537447192213,35.62797740064118,19.39816959540108,18610.0,26740.0,33.1,495.0,0.2,0.6,0.2,0.0,ED
26334,Salettes,G,27.0,24.0,10.0,27.0,18.8236627874022,32.5,79.8571428571428,30.6428571428572,60.55045871559614,35.77981651376131,22250.0,26740.0,625.52,5.0,0.0,0.2,0.8,0.0,G
26335,Salles-sous-Bois,C,34.0,61.0,18.0,50.0,36.72316384180791,29.0,116.0,69.0,53.63128491620112,39.10614525139665,23000.0,26740.0,75.61,10.0,0.4,0.2,0.4,0.0,C
26336,Saou,G,204.0,111.0,18.0,46.0,27.082946651711687,109.646369474188,337.728612296826,134.625018228986,67.71104267455404,48.81460543066184,20040.0,26740.0,624.55,55.0,0.0,0.0,1.0,0.0,G
26337,Saulce-sur-Rhône,ED,264.0,277.0,68.0,493.0,2.8671290036842363,343.430845877217,1172.107469111634,366.461685011139,40.83373763560073,22.633561841040088,21660.0,26740.0,560.75,185.0,0.0,0.8,0.2,0.0,ED
26338,Sauzet,C,301.0,447.0,90.0,407.0,5.634569385916144,234.17061375668,1144.901136213552,454.928250029768,53.51360208201139,33.27605901724026,26630.0,26740.0,1051.08,140.0,0.6,0.4,0.0,0.0,C
26339,Savasse,ED,142.0,336.0,78.0,406.0,3.366583541147132,293.0,988.0,349.0,55.537848605577686,37.76892430278884,25600.0,26740.0,513.77,115.0,0.4,0.6,0.0,0.0,ED
26340,Séderon,ED,49.0,52.0,20.0,66.0,46.20253164556962,21.0,123.0,92.0,43.80952380952381,21.428571428571427,18930.0,26740.0,492.57,15.0,0.2,0.6,0.2,0.0,ED
26341,Serves-sur-Rhône,ED,64.0,132.0,27.0,179.0,3.951118281894946,171.143147816893,427.12602007155,138.730832111556,36.403544142375566,19.33220942657277,22580.0,26740.0,143.82,60.0,0.0,1.0,0.0,0.0,ED
26342,Solérieux,ED,40.0,56.0,19.0,113.0,12.264840330995684,54.081413426077,178.0482524370272,78.8703341368958,50.84272428626583,33.032608856430585,25510.0,26740.0,161.36,20.0,0.6,0.2,0.2,0.0,C
26343,Souspierre,C,18.0,39.0,6.0,13.0,20.905584629609525,17.1619820439196,51.46641209061789,39.3716058654625,58.13011431981444,37.217676160164864,22170.0,26740.0,78.4,10.0,0.4,0.2,0.4,0.0,C
26344,Soyans,G,111.0,84.0,27.0,62.0,25.62763013507967,80.3078180644425,232.8928482003685,88.799333735189,64.7030561535887,43.159080326845626,22450.0,26740.0,820.17,30.0,0.2,0.0,0.8,0.0,G
26345,Suze-la-Rousse,ED,240.0,432.0,106.0,598.0,8.885017421602788,375.0,1219.0,473.0,53.953194180898166,33.017077798861486,24490.0,26740.0,1323.49,145.0,0.8,0.2,0.0,0.0,C
26346,Suze,G,80.0,68.0,22.0,45.0,23.60248447204969,39.0,130.0,78.0,64.8780487804878,46.82926829268293,24980.0,26740.0,682.19,25.0,0.8,0.0,0.2,0.0,C
26347,Tain-l'Hermitage,C,756.0,1185.0,187.0,1028.0,3.8603462957706505,908.0,3648.0,1334.0,49.6933858957512,32.19448094612352,22330.0,26740.0,402.34,620.0,0.4,0.4,0.2,0.0,C
26348,Taulignan,ED,273.0,347.0,75.0,372.0,19.60064387047452,210.935280056439,927.0469422619047,494.017777681656,46.39927369938243,28.71549184953226,21160.0,26740.0,863.4,130.0,0.2,0.6,0.2,0.0,ED
26349,Tersanne,ED,38.0,57.0,10.0,109.0,8.695652173913043,73.0,220.0,61.0,50.37878787878788,27.65151515151515,23250.0,26740.0,549.45,20.0,0.2,0.6,0.2,0.0,ED
26350,Teyssières,C,22.0,31.0,2.0,0.0,50.04815943432629,2.89993515663037,37.00064843369633,26.0994164096733,51.0093563925774,30.41009676393081,,26740.0,117.32,10.0,0.6,0.2,0.2,0.0,C
26351,Les Tonils,G,10.0,9.0,2.0,0.0,60.395938044927725,1.375,12.375,8.25,50.0,42.85714285714285,,26740.0,314.63,5.0,0.6,0.2,0.2,0.0,C
26352,La Touche,G,58.0,51.0,23.0,56.0,16.921689108992062,44.5977644294285,164.3046371668892,51.0975984036823,60.38462748573095,35.40983824009495,21640.0,26740.0,224.08,20.0,0.2,0.2,0.6,0.0,G
26353,Les Tourrettes,ED,139.0,121.0,25.0,253.0,3.303690550662831,237.975748050837,671.747223932365,174.277028016798,39.4641231694722,19.383046960535847,22020.0,26740.0,71.62,95.0,0.0,1.0,0.0,0.0,ED
26354,Treschenu-Creyers,,,,,,,,,,,,,26740.0,,,0.0,0.6,0.4,0.0,ED
26355,Triors,ED,87.0,133.0,19.0,152.0,3.6609886453177696,107.980974030863,382.710795567169,148.308230401967,56.02030792350207,35.98716479494944,24020.0,26740.0,333.82,40.0,0.0,1.0,0.0,0.0,ED
26356,Truinas,G,45.0,18.0,4.0,12.0,42.98245614035088,34.0,85.0,24.0,61.38613861386138,34.65346534653465,13860.0,26740.0,237.2,10.0,0.0,0.0,1.0,0.0,G
26357,Tulette,ED,263.0,319.0,76.0,410.0,8.104318446074792,348.405845744751,1112.268422845384,540.325731409865,45.12783492489204,25.747078544796487,21060.0,26740.0,1507.06,180.0,0.2,0.6,0.2,0.0,ED
26358,Upie,C,260.0,377.0,63.0,261.0,3.3671563498500907,275.320516234527,955.50127649211,301.178207273363,58.78563939926927,42.33126649880501,25570.0,26740.0,472.12,120.0,0.8,0.2,0.0,0.0,C
26359,Vachères-en-Quint,G,24.0,0.0,1.0,0.0,21.093750000000032,8.75,21.38888888888889,4.86111111111111,69.23076923076913,61.53846153846146,,26740.0,142.84,15.0,0.4,0.0,0.6,0.0,G
26360,Valaurie,ED,99.0,149.0,32.0,165.0,20.304996427748097,155.503327405464,421.691504757724,142.805167836813,53.50848177740733,33.059850263480705,24710.0,26740.0,278.02,60.0,0.4,0.2,0.4,0.0,C
26361,Valdrôme,G,57.0,36.0,5.0,15.0,55.65012413930375,23.0004687659324,75.0039721744798,35.9955590595878,64.81300080305152,43.51625100381429,16270.0,26740.0,686.12,20.0,0.2,0.0,0.8,0.0,G
26362,Valence,C,9859.0,10047.0,1996.0,6759.0,3.474929665456127,10505.596745371313,39894.41142403674,13887.991830591936,53.42474403443786,35.528157543154904,20120.0,26740.0,1022.2,,0.4,0.0,0.6,0.0,G
26363,Valouse,G,17.0,9.0,3.0,1.0,50.936967632027255,6.0,26.0,9.0,61.76470588235294,26.47058823529412,,26740.0,308.48,0.0,0.2,0.2,0.6,0.0,G
26364,Vassieux-en-Vercors,G,83.0,73.0,18.0,67.0,36.51335066643456,50.4588486728699,196.92955841558268,90.6115929115474,46.14753595801094,31.13929781746476,20290.0,26740.0,1677.02,35.0,0.6,0.0,0.4,0.0,C
26365,Vaunaveys-la-Rochette,C,138.0,149.0,29.0,99.0,10.26916879830032,117.302136589529,348.809481635526,144.888381774945,67.55229657703565,49.4907049855219,24230.0,26740.0,1243.55,50.0,1.0,0.0,0.0,0.0,C
26367,Venterol,C,141.0,182.0,21.0,152.0,26.535087719298247,88.0,365.0,179.0,59.11708253358925,36.85220729366603,21270.0,26740.0,819.02,65.0,0.4,0.2,0.4,0.0,C
26368,Vercheny,G,84.0,81.0,11.0,55.0,12.280701754385964,112.0,262.0,76.0,51.47540983606558,28.852459016393446,21510.0,26740.0,360.84,45.0,0.2,0.2,0.6,0.0,G
26369,Verclause,ED,13.0,15.0,2.0,16.0,37.142857142857146,5.0,41.0,21.0,43.54838709677419,24.193548387096776,,26740.0,253.75,5.0,0.2,0.8,0.0,0.0,ED
26370,Vercoiran,C,18.0,31.0,9.0,28.0,34.42749997568036,20.0472440944882,72.8031496062992,41.1496062992126,60.7843137254904,37.25490196078441,20000.0,26740.0,330.83,10.0,0.8,0.0,0.2,0.0,C
26371,Véronne,G,18.0,7.0,0.0,4.0,,4.0,20.0,14.0,76.47058823529412,47.05882352941176,,26740.0,,,0.4,0.0,0.6,0.0,G
26372,Vers-sur-Méouge,C,7.0,11.0,5.0,11.0,33.806146572104126,6.36363636363636,21.81818181818184,11.8181818181818,59.45945945945953,37.83783783783789,,26740.0,367.96,0.0,0.6,0.0,0.4,0.0,C
26373,Vesc,C,58.0,65.0,14.0,32.0,25.747047800114554,39.1504439569615,144.9961200017063,66.8534360413322,53.18163637963384,31.083162249439862,18710.0,26740.0,1190.89,20.0,0.6,0.2,0.2,0.0,C
26374,Villebois-les-Pins,G,9.0,8.0,2.0,4.0,58.82352941176471,2.59090909090909,9.5,6.90909090909091,57.89473684210533,31.578947368421083,,26740.0,142.77,5.0,0.6,0.4,0.0,0.0,C
26375,Villefranche-le-Château,ED,3.0,4.0,0.0,5.0,54.237288135593296,2.45454545454545,11.45454545454546,4.09090909090909,72.22222222222229,27.7777777777778,,26740.0,200.3,0.0,0.2,0.4,0.4,0.0,ED
26376,Villeperdrix,G,31.0,26.0,7.0,20.0,57.71741605678128,9.08910891089109,54.53465346534652,38.3762376237624,44.94382022471905,34.831460674157256,,26740.0,421.5,5.0,0.4,0.0,0.6,0.0,G
26377,Vinsobres,ED,207.0,214.0,82.0,239.0,43.89043976214027,117.769167378033,583.932546248677,303.29828637329,49.89485432890101,32.02013686546112,23190.0,26740.0,1775.26,105.0,0.8,0.2,0.0,0.0,C
26378,Volvent,C,6.0,16.0,7.0,12.0,59.653952025167165,2.91891891891892,17.51351351351348,15.5675675675676,65.62500000000003,50.00000000000002,,26740.0,129.27,0.0,0.2,0.0,0.8,0.0,G
26379,Granges-les-Beaumont,ED,111.0,206.0,49.0,260.0,0.4923605569110987,135.749220084204,575.694232933395,192.556546982401,44.44584628883804,29.01647395781937,23790.0,26740.0,669.78,75.0,0.4,0.6,0.0,0.0,ED
26380,Gervans,C,84.0,117.0,22.0,101.0,2.083223759413184,91.7279692543503,333.31313552361974,119.95889522203,48.19087572721339,30.502318369013835,23760.0,26740.0,139.2,45.0,0.6,0.4,0.0,0.0,C
26381,Jaillans,ED,136.0,169.0,57.0,217.0,7.387299861384558,187.807674408865,625.0334273636579,163.158898227477,53.20045046916313,35.924240147916734,24650.0,26740.0,471.5,70.0,0.6,0.4,0.0,0.0,C
26382,Saint-Vincent-la-Commanderie,ED,99.0,120.0,35.0,146.0,7.19237231016875,154.174726877359,355.462875784212,109.362397338429,56.08647788005876,34.04434852521025,,26740.0,237.89,45.0,0.0,0.8,0.2,0.0,ED
38001,Les Abrets en Dauphiné,ED,785.0,918.0,252.0,1449.0,2.3221126987029868,1270.09516469212,3971.42613631899,1471.47869898889,43.73578068825183,25.41086481209772,22650.0,77275.0,1080.55,445.0,0.0,1.0,0.0,0.0,ED
38002,Les Adrets,C,255.0,282.0,41.0,121.0,72.18928479336894,245.895595209452,664.3174831525499,161.786921637998,70.80308842786843,54.27221300754259,26700.0,77275.0,322.49,65.0,0.8,0.0,0.2,0.0,C
38003,Agnin,ED,162.0,217.0,40.0,302.0,2.020447307665749,251.975508375502,769.041135239878,218.98335638462,50.83771583215566,28.499356258409204,24890.0,77275.0,846.23,55.0,0.2,0.8,0.0,0.0,ED
38004,L'Albenc,ED,201.0,227.0,45.0,248.0,2.3235991563624,273.775580072346,765.989568386804,235.23485154085,52.872348897093126,33.31124518012528,23440.0,77275.0,1115.79,70.0,0.2,0.8,0.0,0.0,ED
38005,Allemont,C,173.0,242.0,51.0,173.0,44.79592381076394,157.130006838158,588.605641697074,209.264351464768,60.206986203213496,37.28241317445602,,77275.0,40.02,80.0,0.8,0.2,0.0,0.0,C
38006,Allevard,G,765.0,748.0,149.0,629.0,29.875880423555955,666.334112825954,2415.288811482552,880.377075691494,51.57255326530944,33.2344603532495,24230.0,77275.0,107.24,325.0,0.4,0.0,0.6,0.0,G
38008,Ambel,C,5.0,13.0,0.0,9.0,48.57560262965684,1.82857142857143,16.45714285714287,13.7142857142857,60.60606060606053,48.484848484848406,,77275.0,179.63,0.0,0.6,0.0,0.4,0.0,C
38009,Anjou,ED,139.0,184.0,37.0,199.0,5.399568034557236,176.0,578.0,269.0,45.98726114649681,27.770700636942674,24310.0,77275.0,157.9,60.0,0.4,0.6,0.0,0.0,ED
38010,Annoisin-Chatelans,ED,90.0,153.0,21.0,169.0,5.176316874408298,145.696428924709,486.2396291397071,92.0639419355839,50.225927301821606,31.183330770262348,26130.0,77275.0,823.24,50.0,0.2,0.8,0.0,0.0,ED
38011,Anthon,ED,117.0,254.0,49.0,276.0,3.140179576189738,220.963193838651,732.901051207465,183.135754953884,59.07691304777438,37.91126872478221,28470.0,77275.0,181.83,55.0,0.8,0.2,0.0,0.0,C
38012,Aoste,ED,319.0,381.0,94.0,587.0,2.463474821597624,631.996643094028,1722.601489754691,514.401867151281,39.74626011739047,21.43258802872208,21860.0,77275.0,743.1,190.0,0.0,1.0,0.0,0.0,ED
38013,Apprieu,C,483.0,727.0,119.0,630.0,2.689517923652568,762.161857558619,2288.30276644118,551.535376000191,52.2552911919242,35.86602306303278,26100.0,77275.0,644.86,170.0,0.6,0.4,0.0,0.0,C
38015,Artas,ED,196.0,343.0,64.0,420.0,2.8904250480150195,358.980139356502,1135.593751663007,320.426108980491,49.4526463002829,29.886935111327407,24840.0,77275.0,753.91,80.0,0.0,1.0,0.0,0.0,ED
38016,Arzay,,,,,,,,,,,,,77275.0,,,0.4,0.6,0.0,0.0,ED
38017,Assieu,ED,194.0,321.0,75.0,382.0,2.0895477942286624,375.709019469491,1114.216768136897,232.074212393612,55.47921424083911,34.38459351814608,25970.0,77275.0,379.36,70.0,0.0,1.0,0.0,0.0,ED
38018,Auberives-en-Royans,ED,65.0,80.0,21.0,81.0,7.415305766030525,54.6360219518848,255.3869463513083,58.9770316968069,41.01475948030775,22.83462458932177,22340.0,77275.0,267.88,20.0,0.2,0.8,0.0,0.0,ED
38019,Auberives-sur-Varèze,ED,193.0,231.0,58.0,344.0,0.3072072158732404,280.28966650055,969.532804651378,215.177528848072,44.6652636731623,24.289606539543,24310.0,77275.0,121.39,70.0,0.2,0.6,0.2,0.0,ED
38020,Auris,C,36.0,64.0,17.0,51.0,92.27308538506844,17.5731396761886,118.8180722823456,50.6087880414658,52.09458843231525,34.527808612115926,21320.0,77275.0,,25.0,0.8,0.2,0.0,0.0,C
38022,Les Avenières Veyrins-Thuellin,ED,764.0,1292.0,313.0,1867.0,4.446986415979279,1419.21219840034,4678.549774877731,1601.23802672192,39.78884717984339,21.561790529025373,22860.0,77275.0,2431.68,505.0,0.6,0.4,0.0,0.0,C
38023,Avignonet,C,27.0,89.0,13.0,26.0,8.233075636819219,37.8080808080808,129.3434343434343,29.8484848484849,73.79310344827572,62.758620689655054,27550.0,77275.0,76.21,5.0,0.6,0.0,0.4,0.0,C
38025,Balbins,,,,,,,,,,,,,77275.0,,,0.4,0.6,0.0,0.0,ED
38026,La Balme-les-Grottes,ED,115.0,159.0,40.0,274.0,11.270125223613595,251.0,728.0,178.0,48.97466827503016,27.744270205066343,24580.0,77275.0,998.47,70.0,0.0,1.0,0.0,0.0,ED
38027,Barraux,C,343.0,516.0,85.0,353.0,4.132644478539977,406.889954199666,1301.7187646598438,293.39128114049,61.19552825055913,45.57028762670498,27450.0,77275.0,85.9,105.0,1.0,0.0,0.0,0.0,C
38029,La Bâtie-Montgascon,ED,208.0,348.0,54.0,446.0,2.956705385427666,386.0,1244.0,395.0,48.66310160427808,28.54278074866309,23010.0,77275.0,250.11,140.0,0.2,0.8,0.0,0.0,ED
38030,Beaucroissant,ED,217.0,316.0,52.0,379.0,2.1575896522548392,374.7789073826,1148.394609652653,319.826482964747,52.87788632507983,33.56769426059328,25350.0,77275.0,669.57,90.0,0.2,0.8,0.0,0.0,ED
38031,Beaufin,C,8.0,16.0,3.0,4.0,56.37583892617446,0.952380952380952,9.523809523809527,9.52380952380952,25.00000000000005,10.0,,77275.0,46.21,0.0,0.2,0.4,0.4,0.0,ED
38032,Beaufort,ED,55.0,108.0,34.0,138.0,7.127117853356308,105.244991269269,352.891577648824,117.863431081907,41.3911922040717,20.85835746875632,24320.0,77275.0,809.17,45.0,0.0,1.0,0.0,0.0,ED
38033,Beaulieu,C,95.0,155.0,39.0,138.0,3.1902929441232755,111.556089676635,393.94783613802,124.496074185345,48.88785534240654,31.0539451342161,19420.0,77275.0,705.53,25.0,0.6,0.4,0.0,0.0,C
38034,Beaurepaire,ED,535.0,682.0,124.0,878.0,2.1310463567145184,864.4479952786,2766.4025525505594,1376.14945217084,33.65287109966489,17.330775375505763,20040.0,77275.0,1020.41,430.0,0.2,0.8,0.0,0.0,ED
38035,Beauvoir-de-Marc,ED,116.0,216.0,51.0,263.0,1.5849366729217955,196.416254457077,647.9343176168979,258.649427926025,50.02380924055688,29.37096819913308,24810.0,77275.0,788.37,45.0,0.2,0.8,0.0,0.0,ED
38036,Beauvoir-en-Royans,G,36.0,11.0,4.0,16.0,2.2222222222222223,11.0,62.0,23.0,58.53658536585365,40.2439024390244,,77275.0,1.34,10.0,0.4,0.6,0.0,0.0,ED
38037,Bellegarde-Poussieu,ED,110.0,240.0,34.0,262.0,6.249882750746514,170.964398981323,621.291935599585,222.743665419092,43.76212091090566,22.671315626405388,25860.0,77275.0,653.14,50.0,0.0,1.0,0.0,0.0,ED
38038,Belmont,ED,58.0,101.0,14.0,157.0,3.36319712642176,162.585748728648,384.5233735433662,76.8908777279858,47.57001499460489,25.943653015208685,,77275.0,388.17,35.0,0.4,0.6,0.0,0.0,ED
38039,Bernin,C,496.0,1196.0,161.0,448.0,1.73525197370144,569.243422929351,1866.7902195769148,793.966357493734,74.03871473928577,61.03644143713915,32380.0,77275.0,218.37,155.0,1.0,0.0,0.0,0.0,C
38040,Besse,C,17.0,51.0,7.0,29.0,58.89866939534038,5.1699584689919,73.41341025968491,74.4166312713232,44.53522137931102,21.172482295082258,19860.0,77275.0,103.49,10.0,0.6,0.4,0.0,0.0,C
38041,Bessins,C,17.0,38.0,3.0,22.0,7.932010787918397,19.0243902439024,75.1463414634147,22.8292682926829,49.47368421052632,29.47368421052634,23080.0,77275.0,584.15,10.0,0.4,0.4,0.2,0.0,C
38042,Bévenais,ED,154.0,196.0,44.0,231.0,5.145156547316089,204.657370297756,626.631711438459,210.710918263785,50.67145860925824,28.50180842737034,25530.0,77275.0,393.29,50.0,0.2,0.8,0.0,0.0,ED
38043,Bilieu,C,281.0,378.0,68.0,288.0,14.189998852193098,357.782724994065,1001.7068063238648,241.51046868207,57.60801066847465,39.7133271068016,26030.0,77275.0,329.75,80.0,0.8,0.2,0.0,0.0,C
38044,Biol,ED,151.0,282.0,87.0,402.0,4.79159030711612,335.215448236569,941.702509778858,259.082041984573,45.9471752447408,25.48524222597157,23790.0,77275.0,772.91,80.0,0.0,1.0,0.0,0.0,ED
38045,Biviers,C,290.0,873.0,203.0,336.0,1.8725170081095688,375.433601122996,1192.636714667948,758.929684209056,81.73331408648397,69.99209974983711,38860.0,77275.0,64.09,100.0,1.0,0.0,0.0,0.0,C
38046,Bizonnes,ED,82.0,168.0,49.0,289.0,4.437581081969761,241.257731594002,615.7021094311959,171.040158974802,47.26356123014388,25.34469144263232,23280.0,77275.0,909.31,40.0,0.0,1.0,0.0,0.0,ED
38047,Blandin,ED,19.0,33.0,6.0,42.0,4.819277108433735,32.0,97.0,27.0,49.137931034482754,25.86206896551724,,77275.0,574.26,10.0,0.6,0.4,0.0,0.0,C
38048,Bonnefamille,ED,145.0,245.0,37.0,262.0,2.6973187989333987,213.384220042869,660.684404274127,219.931375683004,51.168974156337,35.54634999870054,27240.0,77275.0,456.21,55.0,0.4,0.6,0.0,0.0,ED
38049,Bossieu,ED,34.0,50.0,27.0,99.0,14.285714285714285,68.0,184.0,75.0,45.78313253012048,22.89156626506024,24040.0,77275.0,303.98,30.0,0.0,0.8,0.2,0.0,ED
38050,Le Bouchage,ED,59.0,94.0,24.0,199.0,5.8764135583507775,122.200821508124,386.662809859406,139.136368632469,39.645494023072885,22.01552553410821,19130.0,77275.0,509.26,40.0,0.2,0.8,0.0,0.0,ED
38051,Bougé-Chambalud,ED,128.0,302.0,57.0,339.0,3.566121842496285,257.0,910.0,302.0,43.4583714547118,24.153705397987192,23920.0,77275.0,972.58,95.0,0.0,1.0,0.0,0.0,ED
38052,Le Bourg-d'Oisans,C,491.0,639.0,112.0,607.0,29.65113485562153,417.704736011469,1672.1476271822442,750.147636806287,51.634485949173936,32.42214724442734,23240.0,77275.0,559.52,285.0,0.4,0.0,0.6,0.0,G
38053,Bourgoin-Jallieu,C,3647.0,3986.0,817.0,3349.0,1.754923404789558,5733.08313498455,18488.891912357285,5594.024952658155,47.49448954940906,29.54166802652386,20870.0,77275.0,556.19,,0.4,0.0,0.6,0.0,G
38054,Bouvesse-Quirieu,ED,199.0,203.0,62.0,377.0,5.915492957746479,319.0,901.0,273.0,42.32558139534884,23.25581395348837,24200.0,77275.0,726.15,105.0,0.0,1.0,0.0,0.0,ED
38055,Brangues,ED,86.0,110.0,28.0,145.0,8.877609074399889,102.539319029413,411.89551592892695,105.56516504166,53.4480537367519,30.063748034471427,23320.0,77275.0,499.57,40.0,0.2,0.6,0.2,0.0,ED
38056,Bressieux,C,17.0,31.0,12.0,13.0,15.300771208226246,14.6774193548387,45.989247311828,30.3333333333333,58.66666666666666,36.00000000000005,,77275.0,,5.0,0.4,0.2,0.4,0.0,C
38057,Bresson,C,86.0,251.0,59.0,130.0,2.5810873049352554,92.4904593027177,374.6936505638073,203.815890133475,72.92686946531414,60.02225080103549,34920.0,77275.0,21.41,35.0,0.8,0.0,0.2,0.0,C
38058,Brézins,ED,273.0,385.0,95.0,426.0,2.234578159857376,541.389887209189,1423.032789733484,317.577323057327,44.38387854301239,26.572735111611163,23590.0,77275.0,959.35,155.0,0.2,0.8,0.0,0.0,ED
38059,Brié-et-Angonnes,C,284.0,792.0,145.0,527.0,1.6260162601626018,399.0,1493.0,617.0,64.75195822454309,49.869451697127936,32620.0,77275.0,208.98,85.0,1.0,0.0,0.0,0.0,C
38060,Brion,C,12.0,35.0,13.0,34.0,9.05126340183572,24.1702127659574,89.6312056737589,28.1985815602837,43.11926605504591,27.52293577981656,25400.0,77275.0,273.19,10.0,0.6,0.2,0.2,0.0,C
38061,La Buisse,C,531.0,859.0,116.0,520.0,1.7229953611663356,738.0,2208.0,553.0,66.41434262948206,50.55776892430279,28170.0,77275.0,660.06,175.0,1.0,0.0,0.0,0.0,C
38062,La Buissière,C,82.0,179.0,30.0,124.0,2.195439634156855,174.02311402769,490.487622013559,126.489263958752,53.93495084041589,37.1942890595901,27440.0,77275.0,540.24,35.0,0.4,0.6,0.0,0.0,ED
38063,Burcin,C,37.0,102.0,43.0,98.0,5.335608621061079,80.2655893192774,259.133086271024,99.6013244096986,49.398234895083775,29.95219260949496,24670.0,77275.0,459.2,20.0,0.4,0.6,0.0,0.0,ED
38064,Cessieu,ED,311.0,497.0,121.0,726.0,1.9288223299262703,710.032153086994,2018.687230713043,528.280616199963,47.26551146747872,27.57369401040976,24690.0,77275.0,251.63,190.0,0.2,0.8,0.0,0.0,ED
38065,Châbons,ED,297.0,351.0,83.0,471.0,8.133381083874456,433.459027574018,1356.862725175546,361.678247250436,50.61871472794312,31.141739910783688,23020.0,77275.0,1057.46,115.0,0.4,0.6,0.0,0.0,ED
38066,Chalon,ED,21.0,35.0,9.0,53.0,5.103244837758114,29.3063583815029,108.43352601156072,31.2601156069364,56.3909774436092,37.59398496240611,25720.0,77275.0,259.25,5.0,0.2,0.8,0.0,0.0,ED
38067,Chamagnieu,C,172.0,407.0,85.0,382.0,1.1235955056179776,379.0,1126.0,270.0,60.188827694728566,41.38473642800944,28740.0,77275.0,551.26,85.0,0.6,0.4,0.0,0.0,C
38068,Champagnier,C,210.0,393.0,60.0,214.0,1.7107309486780715,286.0,918.0,302.0,73.2420091324201,55.61643835616439,31460.0,77275.0,298.73,65.0,1.0,0.0,0.0,0.0,C
38069,Champier,ED,131.0,205.0,63.0,365.0,3.358785014036007,341.595671362541,974.51289754239,266.891431095069,43.6267677140507,24.485037301464992,22350.0,77275.0,542.52,125.0,0.0,1.0,0.0,0.0,ED
38070,Le Champ-près-Froges,C,169.0,325.0,49.0,256.0,1.5556313661708758,232.545423513198,804.9584903374812,279.496086149321,55.38901397379424,40.33642241083411,26820.0,77275.0,31.54,70.0,0.8,0.2,0.0,0.0,C
38071,Champ-sur-Drac,ED,508.0,615.0,99.0,747.0,1.249042983405504,584.712430053909,2007.040160364434,752.247409581647,44.64077655426071,26.68666276331497,24940.0,77275.0,,155.0,0.2,0.8,0.0,0.0,ED
38072,Chanas,ED,280.0,384.0,98.0,561.0,3.0032467532467533,532.0,1701.0,481.0,44.41102756892231,23.00751879699248,23720.0,77275.0,328.77,195.0,0.0,1.0,0.0,0.0,ED
38073,Chantelouve,C,40.0,74.0,13.0,47.0,53.135313531353134,24.0,106.0,81.0,42.13483146067416,27.52808988764045,,77275.0,391.07,10.0,0.8,0.2,0.0,0.0,C
38074,Chantesse,ED,58.0,84.0,22.0,97.0,4.168381222247039,80.4827703620559,237.48571628746288,75.0315133504812,53.91694424105946,36.379823049876855,27500.0,77275.0,207.7,25.0,0.2,0.8,0.0,0.0,ED
38075,Chapareillan,C,486.0,679.0,144.0,545.0,3.518046315479785,641.710604197727,1841.4518223807963,565.837573421477,59.11668822338976,41.81044777423797,26050.0,77275.0,1025.92,190.0,0.4,0.6,0.0,0.0,ED
38076,La Chapelle-de-la-Tour,ED,227.0,401.0,95.0,488.0,4.40997758816455,365.741214567619,1183.600706576861,386.65807885552,49.95765643550999,30.42907256431508,25730.0,77275.0,552.96,115.0,0.0,1.0,0.0,0.0,ED
38077,La Chapelle-de-Surieu,ED,89.0,117.0,27.0,185.0,5.002285064642487,173.930931378873,489.8520492138984,97.2170194072276,58.11501966301665,32.48533428064422,24530.0,77275.0,482.45,40.0,0.4,0.6,0.0,0.0,ED
38078,La Chapelle-du-Bard,G,117.0,105.0,23.0,79.0,17.543859649122805,119.0,332.0,85.0,60.77922077922078,43.37662337662337,25000.0,77275.0,233.53,35.0,0.8,0.0,0.2,0.0,C
38080,Charancieu,ED,102.0,143.0,43.0,206.0,4.767747751974655,132.761382742328,467.404153180722,147.834464076951,50.49256139859622,31.274440397902023,24780.0,77275.0,392.46,45.0,0.4,0.6,0.0,0.0,ED
38081,Charantonnay,ED,215.0,363.0,74.0,525.0,1.934508126918012,396.775130005583,1271.486464603307,324.73840539111,46.45904015291124,27.383202378776154,25760.0,77275.0,562.69,85.0,0.0,1.0,0.0,0.0,ED
38082,Charavines,C,306.0,419.0,62.0,380.0,10.614525139664805,405.0,1223.0,386.0,55.08532423208191,35.83617747440273,24060.0,77275.0,262.41,145.0,0.4,0.6,0.0,0.0,ED
38083,Charette,ED,58.0,76.0,9.0,137.0,5.938304532066473,75.9138129110831,286.27614595167773,72.8100411372392,42.10294432845781,25.06150057948967,22710.0,77275.0,460.63,25.0,0.4,0.6,0.0,0.0,ED
38084,Charnècles,C,208.0,417.0,64.0,297.0,2.087427384278651,246.508951428517,847.9462077826358,367.544840788847,58.36006807494192,41.65526425591564,27390.0,77275.0,281.41,75.0,1.0,0.0,0.0,0.0,C
38085,Charvieu-Chavagneux,ED,1287.0,1183.0,220.0,2033.0,0.5701345310875491,2743.50906975689,6311.715885426147,1403.775044816963,43.48837331126323,25.73970593878924,23620.0,77275.0,157.85,735.0,0.4,0.6,0.0,0.0,ED
38086,Chasselay,ED,64.0,74.0,26.0,93.0,7.911430370649648,81.7136368285546,268.31352874586247,78.9728344255829,52.38934181703133,33.67279884488655,24500.0,77275.0,628.09,30.0,0.4,0.6,0.0,0.0,ED
38087,Chasse-sur-Rhône,ED,811.0,745.0,134.0,1048.0,0.8656762157735609,1447.78891094328,4019.44999621724,1016.76109283948,46.577850510017925,27.402617969645927,22650.0,77275.0,235.49,475.0,0.0,0.8,0.2,0.0,ED
38089,Chassignieu,ED,27.0,52.0,16.0,71.0,11.793362968648458,38.6846846846848,135.39639639639623,51.918918918919,38.85714285714273,22.2857142857142,23970.0,77275.0,530.52,10.0,0.4,0.6,0.0,0.0,ED
38090,Château-Bernard,C,52.0,82.0,20.0,52.0,62.66741506532758,39.5504293860606,179.42671420101777,67.0228564129216,60.38109216090738,40.79934595348739,22690.0,77275.0,283.42,20.0,0.6,0.0,0.4,0.0,C
38091,Châteauvilain,ED,88.0,165.0,33.0,195.0,1.5337423312883436,131.0,468.0,145.0,52.142857142857146,35.0,27070.0,77275.0,368.28,40.0,0.2,0.8,0.0,0.0,ED
38092,Châtelus,ED,15.0,22.0,6.0,33.0,21.409274087637847,12.3956043956044,59.912087912087706,21.6923076923076,43.05555555555551,23.611111111111104,18420.0,77275.0,228.23,10.0,0.4,0.6,0.0,0.0,ED
38093,Châtenay,C,68.0,92.0,27.0,91.0,7.6923076923076925,66.0,274.0,92.0,45.0920245398773,28.52760736196319,24090.0,77275.0,364.08,30.0,0.8,0.2,0.0,0.0,C
38094,Châtonnay,ED,183.0,370.0,54.0,499.0,3.556355216260741,396.013959178899,1182.4556174200382,379.530423401063,39.029653232913645,21.214623919907936,23350.0,77275.0,1041.25,125.0,0.0,1.0,0.0,0.0,ED
38095,Chatte,C,335.0,559.0,125.0,550.0,2.342707114472061,416.441544431054,1365.839253564932,693.719202004014,43.60434810738137,26.47821437660749,23790.0,77275.0,1235.63,165.0,0.2,0.8,0.0,0.0,ED
38097,Chavanoz,ED,638.0,601.0,137.0,883.0,0.8853964939393253,1216.73009645019,3150.6228892055738,722.647014344226,42.29509956349023,22.691914711878425,23010.0,77275.0,576.51,390.0,0.0,1.0,0.0,0.0,ED
38098,Chélieu,ED,96.0,151.0,43.0,192.0,5.827531127113943,137.947271360187,477.95700032429306,123.095728315521,51.090569990143706,32.31099644966494,25040.0,77275.0,238.89,45.0,0.0,1.0,0.0,0.0,ED
38099,Chevrières,C,134.0,147.0,42.0,123.0,5.829876032588068,151.307430135883,440.97107256409896,144.721497300017,55.59747361626172,35.68988598420644,24630.0,77275.0,1413.03,45.0,0.6,0.4,0.0,0.0,C
38100,Le Cheylas,C,441.0,521.0,75.0,435.0,1.244019138755981,417.0,1571.0,384.0,51.95689166193988,33.692569483834376,26340.0,77275.0,133.45,140.0,0.6,0.4,0.0,0.0,C
38101,Cheyssieu,C,137.0,229.0,31.0,225.0,1.830028499568097,180.519806834153,671.530639219161,198.949553946686,53.95313523603165,33.60488257237366,27280.0,77275.0,358.6,50.0,0.2,0.8,0.0,0.0,ED
38102,Chèzeneuve,ED,53.0,148.0,34.0,152.0,2.9205200038225763,124.434224248202,426.9994151386088,98.5663606131892,59.306712510038,39.53960435263878,28950.0,77275.0,565.52,30.0,0.6,0.4,0.0,0.0,C
38103,Chichilianne,C,90.0,98.0,8.0,65.0,33.56682642349283,45.7647514803558,182.6557749700687,97.5794735495755,65.13502715601285,46.57503175106466,24060.0,77275.0,567.49,15.0,0.6,0.0,0.4,0.0,C
38104,Chimilin,ED,172.0,271.0,59.0,341.0,7.462999022579442,269.616814116321,877.7705203160381,248.612665567641,44.39490341860845,24.51483898610008,23500.0,77275.0,457.46,90.0,0.0,1.0,0.0,0.0,ED
38105,Chirens,C,404.0,525.0,106.0,441.0,2.85451197053407,558.0,1463.0,489.0,57.77525539160045,38.7627695800227,26100.0,77275.0,502.56,135.0,0.8,0.2,0.0,0.0,C
38106,Cholonge,ED,70.0,55.0,21.0,87.0,21.323395244266948,63.5739964834076,219.18898228767029,61.2370212289221,61.51094101170733,42.34908167746773,26750.0,77275.0,637.82,20.0,0.6,0.0,0.4,0.0,C
38107,Chonas-l'Amballan,C,225.0,399.0,74.0,389.0,2.2937134193751034,328.999130762739,1039.190790436327,322.810078800934,55.87821398301672,36.145205310630125,28690.0,77275.0,323.72,90.0,0.6,0.4,0.0,0.0,C
38108,Choranche,ED,27.0,32.0,4.0,39.0,28.846153846153843,25.0,76.0,39.0,40.36697247706422,32.11009174311927,20340.0,77275.0,86.56,15.0,0.4,0.4,0.2,0.0,C
38109,Chozeau,C,95.0,274.0,60.0,236.0,3.155339805825242,146.0,608.0,244.0,60.07702182284981,43.003851091142494,29960.0,77275.0,338.26,40.0,0.8,0.2,0.0,0.0,C
38110,Chuzelles,ED,268.0,520.0,97.0,540.0,0.7113722956882469,444.696333520889,1454.286830927521,448.01683555158,57.16378461863339,38.08011061122768,28900.0,77275.0,634.52,125.0,0.6,0.4,0.0,0.0,C
38111,Claix,C,1270.0,2355.0,348.0,1255.0,1.684997796961095,1358.627528868446,4639.60792044463,1841.7645506869349,64.82091455409822,49.14505694256787,24760.0,77275.0,332.61,410.0,0.8,0.0,0.2,0.0,C
38112,Clavans-en-Haut-Oisans,C,18.0,37.0,6.0,26.0,64.35653477690228,3.33814185615111,47.61858143848929,30.04327670536,45.13675682188295,26.487181495092727,,77275.0,,5.0,0.6,0.4,0.0,0.0,C
38113,Clelles,G,132.0,104.0,34.0,95.0,18.89468680369937,104.624947048107,313.19571921566103,158.179333736232,61.39155718100693,38.63534445460829,21060.0,77275.0,847.66,50.0,0.6,0.0,0.4,0.0,C
38114,Clonas-sur-Varèze,ED,247.0,324.0,66.0,352.0,1.09375,297.0,968.0,276.0,52.70629991126885,32.91925465838509,26890.0,77275.0,158.58,70.0,0.2,0.8,0.0,0.0,ED
38115,Saint-Martin-de-la-Cluze,C,140.0,145.0,23.0,145.0,5.881859995095806,162.717386687781,441.82250955622106,144.460103755999,60.0556806160952,39.958836925773134,26540.0,77275.0,584.22,35.0,1.0,0.0,0.0,0.0,C
38116,Cognet,C,8.0,12.0,1.0,9.0,12.0,5.0,23.0,8.0,50.0,30.0,,77275.0,139.72,0.0,0.6,0.4,0.0,0.0,C
38117,Cognin-les-Gorges,C,120.0,145.0,23.0,92.0,3.7984602069770426,108.502855562461,396.791081822344,113.706062615194,44.82492104602319,26.619072678185656,22600.0,77275.0,300.79,50.0,0.4,0.6,0.0,0.0,ED
38118,Colombe,C,229.0,388.0,87.0,349.0,4.253465404486749,374.19878777763,1082.705437323334,346.095774899036,56.85126860791364,35.24800728234403,26360.0,77275.0,925.23,85.0,0.4,0.6,0.0,0.0,ED
38120,La Combe-de-Lancey,C,130.0,199.0,38.0,118.0,6.966556632551886,146.889575310184,452.1103359977419,131.000088692072,61.42200161531684,46.85786498168357,29540.0,77275.0,64.54,30.0,0.8,0.2,0.0,0.0,C
38121,Commelle,,,,,,,,,,,,,77275.0,,,0.4,0.6,0.0,0.0,ED
38124,Corbelin,ED,304.0,438.0,113.0,582.0,4.041272570937231,447.0,1445.0,476.0,50.70422535211267,28.957746478873243,23280.0,77275.0,857.73,155.0,0.8,0.2,0.0,0.0,C
38126,Corenc,C,592.0,1417.0,260.0,508.0,2.3766463546158563,713.082997727875,2393.910791732136,1070.00621053999,83.44383251042315,73.98032670197388,37560.0,77275.0,93.61,200.0,1.0,0.0,0.0,0.0,C
38127,Cornillon-en-Trièves,G,51.0,43.0,8.0,24.0,20.939399255803146,22.4682080924856,104.5260115606936,42.0057803468208,65.03496503496513,37.7622377622378,22380.0,77275.0,370.62,10.0,0.6,0.0,0.4,0.0,C
38128,Corps,C,51.0,125.0,27.0,105.0,49.91019844306879,44.0764716828415,213.22775952945847,166.6957687877,37.50094836635917,20.58678405673673,21360.0,77275.0,99.48,25.0,0.2,0.8,0.0,0.0,ED
38129,Corrençon-en-Vercors,C,54.0,152.0,34.0,66.0,83.70439149791264,62.367589452862,229.4437552147133,76.1886553324247,49.6987351521615,31.675197346504,23590.0,77275.0,133.2,30.0,0.6,0.2,0.2,0.0,C
38130,La Côte-Saint-André,ED,547.0,754.0,181.0,759.0,3.979473401954846,667.154160792134,2906.677704833165,1219.16813437469,42.83071917717171,24.75540521802772,,77275.0,1240.47,420.0,0.2,0.8,0.0,0.0,ED
38131,Les Côtes-d'Arey,C,228.0,546.0,109.0,460.0,0.9973422271613448,371.019306093171,1215.936886878456,436.043807028373,60.97071660818501,42.41963409914576,29200.0,77275.0,1193.47,95.0,0.8,0.2,0.0,0.0,C
38132,Les Côtes-de-Corps,C,28.0,34.0,4.0,12.0,57.93724042455008,6.0,42.0,25.0,45.90163934426229,34.42622950819672,,77275.0,,10.0,0.6,0.0,0.4,0.0,C
38133,Coublevie,C,835.0,1577.0,230.0,673.0,1.9965446936997824,1003.97606854475,3209.74271934152,1195.28121211373,66.99285175072234,52.46861693694584,29600.0,77275.0,45.84,285.0,1.0,0.0,0.0,0.0,C
38134,Cour-et-Buis,ED,118.0,161.0,42.0,209.0,3.5400455205463386,185.083736739728,568.568827453052,172.34743580722,49.89068868270227,30.83643296441352,25410.0,77275.0,178.78,55.0,0.0,1.0,0.0,0.0,ED
38135,Courtenay,ED,112.0,213.0,60.0,328.0,6.37601448337963,256.57233157682,830.553131268299,200.874537154881,51.61942246292816,31.27779865145278,24680.0,77275.0,1705.74,75.0,0.4,0.6,0.0,0.0,ED
38136,Crachier,ED,72.0,113.0,26.0,154.0,2.540171705013161,116.035914011257,396.5030128274841,77.4610731612589,60.96106210187923,38.06059466391844,26560.0,77275.0,,30.0,0.8,0.2,0.0,0.0,C
38137,Cras,G,101.0,72.0,16.0,94.0,1.7201430106949906,68.690420531267,268.8682912736577,80.4412881950753,61.99047033042133,40.517736837612375,26240.0,77275.0,140.52,20.0,0.6,0.4,0.0,0.0,C
38138,Crémieu,C,427.0,642.0,113.0,559.0,4.263959390862944,560.0,2255.0,728.0,54.10733844468785,35.815991237677984,24360.0,77275.0,305.89,265.0,0.6,0.4,0.0,0.0,C
38139,Creys-Mépieu,ED,174.0,278.0,50.0,431.0,5.415312151747214,314.123292622936,967.1974236627711,294.679283714293,43.22728225462294,23.473667666341424,24340.0,77275.0,788.2,90.0,0.0,1.0,0.0,0.0,ED
38140,Crolles,C,1492.0,2461.0,316.0,1011.0,0.7470479119620393,1552.4447930074748,5164.456148557522,1746.099058435003,67.87462190589534,53.50969595687531,28760.0,77275.0,908.28,465.0,1.0,0.0,0.0,0.0,C
38141,Culin,ED,98.0,153.0,35.0,195.0,6.986070395426102,161.035137104211,519.30661519553,104.658247700258,54.79110176270932,35.31815519968612,27200.0,77275.0,294.19,30.0,0.4,0.6,0.0,0.0,ED
38144,Diémoz,ED,317.0,475.0,118.0,820.0,0.9917355371900828,518.0,1794.0,603.0,49.4732020155749,30.32524049473202,26090.0,77275.0,1052.66,160.0,0.2,0.8,0.0,0.0,ED
38146,Dizimieu,ED,99.0,175.0,26.0,192.0,5.805724250850589,172.412016374758,518.807654710143,126.780328915099,55.237041107466965,39.043217901876766,26850.0,77275.0,51.39,50.0,0.6,0.4,0.0,0.0,C
38147,Doissin,ED,103.0,176.0,50.0,210.0,4.522008873357114,174.632796544836,551.343264716663,153.023938738501,54.91644555968459,32.99547469696292,25580.0,77275.0,696.16,50.0,0.6,0.4,0.0,0.0,C
38148,Dolomieu,ED,410.0,597.0,148.0,783.0,4.863022131894999,626.277973836696,1911.790041618235,649.931984545069,54.38505277002893,34.71390402143148,25140.0,77275.0,630.52,165.0,0.4,0.6,0.0,0.0,ED
38149,Domarin,C,200.0,394.0,74.0,305.0,0.9171081145506768,327.260458788124,993.565854312428,349.173686899448,55.63556280096956,37.73192627372977,26660.0,77275.0,53.21,85.0,0.8,0.2,0.0,0.0,C
38150,Domène,C,1132.0,1310.0,221.0,1145.0,1.2778715753947087,1138.209195416509,4213.296527912589,1425.494276670902,54.87286385743354,37.43223671075169,24200.0,77275.0,3.43,395.0,1.0,0.0,0.0,0.0,C
38151,Echirolles,G,6046.0,4125.0,562.0,3516.0,1.3516729964382892,7510.6868492784015,22094.285984632348,7103.02716608926,45.171287929571854,27.20439731113904,,77275.0,,,0.8,0.0,0.2,0.0,C
38152,Eclose-Badinières,ED,172.0,282.0,59.0,359.0,3.125,335.0,970.0,205.0,53.39449541284404,33.39449541284404,24830.0,77275.0,654.89,95.0,0.2,0.8,0.0,0.0,ED
38153,Engins,C,109.0,127.0,12.0,63.0,6.799842102781511,65.8673021553305,256.16753195758247,106.965165887086,61.18008544798268,41.83624248718926,26810.0,77275.0,131.23,25.0,0.8,0.2,0.0,0.0,C
38154,Entraigues,ED,34.0,47.0,14.0,58.0,50.0,34.0,134.0,57.0,43.93063583815029,29.47976878612717,21830.0,77275.0,437.5,15.0,0.6,0.2,0.2,0.0,C
38155,Entre-deux-Guiers,ED,247.0,278.0,71.0,394.0,4.318293007433866,393.378176870974,1022.592335372132,481.029487756894,40.56644024756192,24.339327473326307,23160.0,77275.0,314.92,85.0,0.2,0.8,0.0,0.0,ED
38156,Les Eparres,ED,94.0,197.0,47.0,228.0,0.4394779231790235,173.583146282521,621.100530220537,181.316323496943,45.30271155764986,26.843074438331783,,77275.0,534.05,80.0,0.2,0.8,0.0,0.0,ED
38157,Estrablin,C,487.0,772.0,163.0,735.0,0.8854307996953538,710.95562371121,2099.708622175831,871.335754112959,49.405782908793086,30.532246904188337,25820.0,77275.0,950.64,175.0,0.2,0.8,0.0,0.0,ED
38158,Eybens,C,1713.0,1994.0,302.0,1340.0,1.2484597834059843,1777.984441462964,6303.038386823918,2013.977171713107,57.05165886282717,40.40593011499978,25120.0,77275.0,,765.0,0.8,0.2,0.0,0.0,C
38159,Eydoche,ED,37.0,105.0,31.0,132.0,5.737704918032787,115.0,327.0,99.0,52.10526315789473,31.05263157894737,22710.0,77275.0,469.1,30.0,0.0,0.8,0.2,0.0,ED
38160,Eyzin-Pinet,C,252.0,526.0,124.0,510.0,2.8480653435725576,422.160539213251,1403.925114022699,474.91434676405,54.67285084289836,36.86208559085832,26800.0,77275.0,1538.48,105.0,0.4,0.6,0.0,0.0,ED
38161,Faramans,ED,98.0,198.0,52.0,269.0,3.5185185185185186,223.0,690.0,235.0,43.01075268817204,26.16487455197133,26730.0,77275.0,672.72,75.0,0.0,1.0,0.0,0.0,ED
38162,Faverges-de-la-Tour,ED,227.0,266.0,62.0,344.0,4.811107710962427,294.667784597028,933.360663537575,253.971551865397,53.17097883839937,32.50217717267977,25090.0,77275.0,370.69,70.0,0.4,0.6,0.0,0.0,ED
38163,La Ferrière,C,111.0,138.0,38.0,91.0,77.2893772893773,68.0,290.0,101.0,63.31521739130434,40.76086956521739,23320.0,77275.0,944.43,45.0,1.0,0.0,0.0,0.0,C
38166,La Flachère,C,72.0,102.0,15.0,95.0,2.591698430928824,88.5668214212108,292.6687005160187,74.7644780627705,59.31815359989015,42.7956997950563,26610.0,77275.0,175.88,20.0,1.0,0.0,0.0,0.0,C
38167,Flachères,ED,65.0,106.0,31.0,152.0,8.362023910093672,111.892943666567,362.9694169226976,93.1376394107354,49.18348330408335,29.510244824967025,23940.0,77275.0,359.87,35.0,0.6,0.4,0.0,0.0,C
38169,Fontaine,G,3799.0,2750.0,333.0,2376.0,0.8151065669155879,3690.763519700304,14298.280292187445,4481.956188112246,46.60995987453652,30.937963899145764,24240.0,77275.0,8.84,,0.8,0.0,0.2,0.0,C
38170,Fontanil-Cornillon,C,440.0,791.0,150.0,535.0,1.2624918277353665,588.637265183022,2062.40120900992,758.961525807058,60.50014766043344,46.40760379093334,27990.0,77275.0,39.71,160.0,1.0,0.0,0.0,0.0,C
38171,La Forteresse,ED,52.0,47.0,28.0,69.0,4.8946437340821065,63.8432561538691,195.7425125126174,77.4142313335135,48.73515555035856,29.655248226238868,23800.0,77275.0,357.48,15.0,0.6,0.4,0.0,0.0,C
38172,Four,ED,183.0,306.0,78.0,335.0,2.1768707482993195,364.0,1089.0,219.0,63.19733555370525,43.13072439633638,27890.0,77275.0,493.32,100.0,0.6,0.4,0.0,0.0,C
38173,Le Freney-d'Oisans,C,56.0,60.0,5.0,40.0,47.46762697982281,43.1424692776837,165.3680470973123,46.489483625004,53.886194634472986,30.44312644065062,20790.0,77275.0,0.3,20.0,0.6,0.0,0.4,0.0,C
38174,La Frette,ED,143.0,205.0,55.0,226.0,2.8901734104046244,213.0,650.0,229.0,44.93827160493827,25.061728395061728,23580.0,77275.0,1224.01,75.0,0.2,0.8,0.0,0.0,ED
38175,Froges,C,495.0,737.0,106.0,613.0,0.6657588929411401,533.628153525187,2072.098709337138,728.273137137675,45.98762103946084,29.79609315719628,25780.0,77275.0,6.88,170.0,0.4,0.6,0.0,0.0,ED
38176,Frontonas,C,246.0,565.0,115.0,493.0,1.9952239941379488,409.214028114053,1329.377611417284,377.408360468663,61.79916718708144,44.21276735826389,28780.0,77275.0,743.38,125.0,0.6,0.4,0.0,0.0,C
38177,La Garde,C,16.0,28.0,13.0,24.0,65.59704917858389,10.3592233009709,58.3883495145631,28.252427184466,69.56521739130427,45.652173913043455,,77275.0,,10.0,0.4,0.0,0.6,0.0,G
38179,Gières,C,1052.0,1456.0,216.0,846.0,2.6636145020698185,1234.9911324225832,5032.873647520367,1085.13522005703,64.99057374242965,48.3208001946498,26010.0,77275.0,157.79,415.0,0.8,0.0,0.2,0.0,C
38180,Gillonnay,ED,150.0,212.0,61.0,282.0,3.712180816715666,168.087734882609,609.288484842029,242.623780275362,47.27479932934662,30.6906105894058,24010.0,77275.0,929.86,80.0,0.0,1.0,0.0,0.0,ED
38181,Goncelin,C,400.0,539.0,93.0,444.0,4.603395140978388,466.207726576894,1537.0937069279362,448.69856649517,60.26986633994974,42.97701109558506,25920.0,77275.0,150.18,110.0,0.8,0.2,0.0,0.0,C
38182,Le Grand-Lemps,C,412.0,571.0,116.0,507.0,2.589223233030091,559.0,1879.0,655.0,51.761635493692914,33.18834275772075,,77275.0,511.76,190.0,0.8,0.2,0.0,0.0,C
38183,Granieu,C,63.0,112.0,16.0,108.0,6.2576272767982655,96.9066855051797,334.13284231929794,84.9604721755224,50.70422786091767,29.95339910400408,24890.0,77275.0,357.47,25.0,0.4,0.6,0.0,0.0,ED
38184,Grenay,ED,132.0,274.0,58.0,350.0,1.4974070035714222,355.454274059951,1028.5226549710972,248.023070968952,54.89617934782501,35.98167692822067,27310.0,77275.0,310.18,80.0,0.6,0.4,0.0,0.0,C
38185,Grenoble,G,28120.0,22457.0,2680.0,9833.0,4.251368808232605,22943.735755539696,109359.9444315118,24085.319812948503,65.52729356882887,51.37460824552468,22140.0,77275.0,0.08,,0.0,0.0,1.0,0.0,G
38186,Gresse-en-Vercors,C,104.0,110.0,30.0,73.0,80.29700561931618,43.5256106460115,201.42293633892152,111.051453015068,60.01419558263756,43.40862456652319,25900.0,77275.0,457.45,35.0,1.0,0.0,0.0,0.0,C
38187,Le Gua,C,343.0,415.0,74.0,367.0,5.409972612140987,364.474541869866,1123.861186909758,394.664271220376,59.39841616763493,40.96100905530403,21510.0,77275.0,752.76,105.0,0.4,0.6,0.0,0.0,ED
38188,Herbeys,C,232.0,487.0,68.0,196.0,1.8899406143873736,254.52050663071,770.2523936144889,363.227099754801,76.77542758599036,61.16830759138509,32700.0,77275.0,484.25,55.0,0.8,0.0,0.2,0.0,C
38189,Heyrieux,ED,461.0,926.0,199.0,1119.0,1.2873884178695922,774.283307200417,2997.8506424938632,1051.86605030572,52.31747756516254,34.17813184065051,26240.0,77275.0,652.33,245.0,0.4,0.6,0.0,0.0,ED
38190,Hières-sur-Amby,ED,137.0,147.0,25.0,300.0,3.947405637828792,214.725785443587,759.8506224929259,223.423592063487,40.16513493105944,21.80508641841269,23800.0,77275.0,156.94,85.0,0.2,0.8,0.0,0.0,ED
38191,Huez,C,145.0,390.0,87.0,304.0,89.32295719844358,154.0,905.0,205.0,59.94208494208494,38.12741312741313,22890.0,77275.0,44.74,150.0,1.0,0.0,0.0,0.0,C
38192,Hurtières,C,30.0,52.0,11.0,36.0,4.446283923609037,48.6538461538463,135.3846153846152,35.9615384615385,65.33333333333313,45.99999999999986,26320.0,77275.0,115.09,5.0,0.8,0.2,0.0,0.0,C
38193,L'Isle-d'Abeau,ED,2185.0,2024.0,361.0,2235.0,0.7051877140049934,4394.111580207838,11252.256329666665,1449.632090125508,52.57339535577016,32.81225866190635,21370.0,77275.0,578.66,,0.4,0.4,0.2,0.0,C
38194,Izeaux,ED,296.0,348.0,86.0,423.0,1.668064298028734,378.06138007052,1320.833689334515,439.104930594965,47.52828483511552,28.21083727903751,23880.0,77275.0,437.33,120.0,0.2,0.8,0.0,0.0,ED
38195,Izeron,ED,119.0,134.0,26.0,197.0,4.724647199388939,138.373098010352,479.857557852985,162.769344136663,52.45755095807432,31.63938649409533,22580.0,77275.0,377.99,45.0,0.0,1.0,0.0,0.0,ED
38197,Janneyrias,ED,180.0,305.0,80.0,463.0,0.6630418742333868,391.379671762075,1260.126245255571,259.494082982354,49.68604424650228,30.773546391373657,26820.0,77275.0,973.89,90.0,0.0,1.0,0.0,0.0,ED
38198,Jarcieu,ED,155.0,211.0,51.0,228.0,2.707058166615211,194.205861652951,674.556306768018,266.237831579031,39.81501262536694,22.38662081897721,23560.0,77275.0,811.66,90.0,0.0,1.0,0.0,0.0,ED
38199,Jardin,C,311.0,592.0,113.0,408.0,1.327572401236422,351.397063527003,1309.033660872929,495.569275600068,54.395155167010834,37.43557760752424,28020.0,77275.0,479.25,110.0,0.6,0.4,0.0,0.0,C
38200,Jarrie,C,585.0,985.0,164.0,722.0,1.3242741084691976,724.68933769869,2372.771393493981,827.539268807329,57.86376110764194,43.22069579315634,28430.0,77275.0,276.37,160.0,0.8,0.2,0.0,0.0,C
38203,Laffrey,ED,64.0,71.0,22.0,107.0,13.059701492537313,92.0,282.0,94.0,55.23255813953488,37.7906976744186,23950.0,77275.0,,20.0,0.2,0.4,0.4,0.0,ED
38204,Lalley,C,51.0,69.0,7.0,19.0,52.21990083002559,12.846904491874,110.1177517822402,60.0353437258858,58.36026302827562,37.501859631202905,22420.0,77275.0,431.62,20.0,0.6,0.0,0.4,0.0,C
38205,Lans-en-Vercors,C,620.0,818.0,152.0,328.0,39.67275854353595,546.108208536185,1732.285309017497,419.606482446318,74.17690177315474,56.41379630476104,27910.0,77275.0,1098.63,180.0,1.0,0.0,0.0,0.0,C
38206,Laval,C,242.0,267.0,38.0,176.0,12.303040461585397,199.674765368177,638.418427444722,170.906807187101,75.16532472784428,60.67422572608637,21660.0,77275.0,301.37,35.0,0.6,0.0,0.4,0.0,C
38207,Lavaldens,C,40.0,49.0,7.0,40.0,46.756399262338014,19.5072027941771,85.8972692424181,55.5955279634048,62.42500978106686,34.58583300729761,20390.0,77275.0,633.39,10.0,0.6,0.0,0.4,0.0,C
38208,Lavars,G,48.0,34.0,3.0,32.0,31.686118771508347,20.9767441860465,97.2558139534884,45.7674418604651,59.85915492957762,40.845070422535336,21900.0,77275.0,439.18,10.0,0.4,0.2,0.4,0.0,C
38209,Lentiol,G,58.0,42.0,21.0,51.0,5.497635851489696,37.8382978723403,153.45531914893553,55.7063829787232,46.11111111111124,29.44444444444454,24110.0,77275.0,44.74,10.0,0.8,0.2,0.0,0.0,C
38210,Leyrieu,ED,117.0,154.0,38.0,190.0,1.6085640646316683,187.084601119542,579.724609857524,152.190789022933,50.69663813245698,32.796630036290296,24870.0,77275.0,503.01,35.0,0.2,0.8,0.0,0.0,ED
38211,Lieudieu,ED,43.0,35.0,11.0,103.0,2.73972602739726,73.0,224.0,50.0,43.90243902439025,24.390243902439025,22330.0,77275.0,223.34,10.0,0.2,0.6,0.2,0.0,ED
38212,Livet-et-Gavet,ED,226.0,108.0,29.0,252.0,15.737563383119683,265.88774308379,771.302321024885,220.809935891325,31.005680626145416,13.284385720256124,21330.0,77275.0,,85.0,0.0,1.0,0.0,0.0,ED
38213,Longechenal,C,88.0,120.0,26.0,112.0,6.791364127679456,137.321556810875,374.0154696048536,93.6629735842704,47.32579061626225,28.43632051153867,24430.0,77275.0,698.85,35.0,0.4,0.6,0.0,0.0,ED
38214,Lumbin,C,331.0,640.0,93.0,359.0,0.6673381339921043,395.268043775518,1386.652526653431,375.079429571051,68.05510883919507,53.27387833844372,29870.0,77275.0,51.31,110.0,1.0,0.0,0.0,0.0,C
38215,Luzinay,ED,256.0,568.0,118.0,569.0,1.3232514177693762,485.0,1560.0,393.0,58.34738617200674,41.20292299044407,29020.0,77275.0,1131.89,120.0,0.6,0.4,0.0,0.0,C
38216,Malleval,G,25.0,20.0,1.0,9.0,64.93975903614454,12.2181818181818,34.618181818181924,9.16363636363638,48.78048780487808,36.58536585365856,25740.0,77275.0,19.01,5.0,0.4,0.2,0.4,0.0,C
38217,Marcieu,ED,12.0,19.0,0.0,25.0,35.09425763754263,6.18181818181818,48.42424242424242,13.3939393939394,43.85964912280703,28.0701754385965,,77275.0,1.2,5.0,0.2,0.4,0.4,0.0,ED
38218,Marcilloles,ED,124.0,172.0,38.0,226.0,2.8452802089431515,300.816846345625,709.106549518428,176.076604135947,41.92842300708482,22.63001265955885,21930.0,77275.0,863.2,75.0,0.0,1.0,0.0,0.0,ED
38219,Marcollin,ED,96.0,105.0,21.0,151.0,3.471456508664448,112.320121093415,343.84400749255104,156.835871414034,39.34344936472697,19.873464463175296,21810.0,77275.0,645.9,35.0,0.2,0.8,0.0,0.0,ED
38221,Marnans,ED,20.0,24.0,12.0,36.0,16.216216216216218,18.0,82.0,32.0,42.30769230769231,25.0,22360.0,77275.0,229.45,10.0,0.2,0.8,0.0,0.0,ED
38222,Massieu,C,124.0,157.0,28.0,129.0,5.380886617195005,152.975771507131,440.110063678876,163.914164813993,54.24845894155087,33.60064078060626,24630.0,77275.0,353.72,45.0,0.4,0.6,0.0,0.0,ED
38223,Maubec,C,250.0,483.0,113.0,351.0,2.0752193028803814,398.737113159747,1177.116644761132,344.146242079121,66.36888832696101,47.95559362040244,28660.0,77275.0,824.26,105.0,0.8,0.2,0.0,0.0,C
38224,Mayres-Savel,G,28.0,26.0,2.0,17.0,53.59557034198201,13.7021276595745,54.80851063829781,23.4893617021277,53.33333333333327,31.99999999999993,,77275.0,290.43,0.0,0.6,0.0,0.4,0.0,C
38225,Autrans-Méaudre en Vercors,C,725.0,850.0,157.0,372.0,52.65832968305906,556.701956315226,1714.4110892692397,733.886954415534,64.79839737921152,45.68302466865519,24210.0,77275.0,1754.23,210.0,1.0,0.0,0.0,0.0,C
38226,Mens,G,398.0,308.0,53.0,230.0,24.378585086042065,191.0,722.0,518.0,58.44594594594594,41.13175675675676,21620.0,77275.0,1874.05,115.0,0.6,0.0,0.4,0.0,C
38228,Merlas,ED,74.0,102.0,16.0,126.0,15.059132359798015,74.7296879470342,291.2457720044707,100.024540048494,50.9785966184765,31.39968798580133,23380.0,77275.0,404.36,35.0,0.0,0.8,0.2,0.0,ED
38229,Meylan,C,2710.0,5527.0,925.0,2216.0,3.3268947705947607,3005.926646333223,10676.635877543384,5107.437476123387,75.17650443058047,62.35111601181358,30440.0,77275.0,107.72,945.0,1.0,0.0,0.0,0.0,C
38230,Meyrié,C,174.0,342.0,54.0,227.0,1.9780219780219777,211.0,641.0,236.0,65.125,50.375,31300.0,77275.0,23.72,45.0,1.0,0.0,0.0,0.0,C
38231,Meyrieu-les-Etangs,ED,116.0,187.0,65.0,226.0,3.5549019457888367,220.560412298644,648.679312904764,159.760274796592,50.12840543749096,31.814680093332264,,77275.0,240.68,50.0,0.0,1.0,0.0,0.0,ED
38232,Meyssiez,ED,71.0,107.0,46.0,205.0,3.1127320138855734,118.408303509736,410.7916279339249,135.800068556338,41.97744057792147,23.801431575086603,24940.0,77275.0,682.27,40.0,0.0,1.0,0.0,0.0,ED
38235,Miribel-Lanchâtre,ED,72.0,84.0,15.0,96.0,7.489800070044622,123.081916808537,279.1910514434141,47.7270317480489,65.98338839239662,44.68099583219582,27470.0,77275.0,178.69,10.0,0.8,0.2,0.0,0.0,C
38236,Miribel-les-Echelles,C,313.0,402.0,75.0,286.0,7.831737208625486,284.052088721853,998.7538696866288,457.194041591518,54.47811566567765,35.50831103483013,,77275.0,1427.33,95.0,0.6,0.4,0.0,0.0,C
38237,Mizoën,G,56.0,35.0,15.0,34.0,41.25936681618998,23.2421052631578,131.3684210526308,37.3894736842104,50.63291139240514,29.746835443038027,21940.0,77275.0,67.91,20.0,0.4,0.2,0.4,0.0,C
38238,Moidieu-Détourbe,ED,259.0,395.0,90.0,504.0,1.347783072110077,401.141451592587,1244.7701851000752,325.088363307338,53.53435856969016,33.769116337892626,26690.0,77275.0,1481.41,95.0,0.2,0.8,0.0,0.0,ED
38239,Moirans,C,1385.0,1514.0,268.0,1227.0,1.28497433548013,1357.9459928758529,4644.036496867995,1571.0175102561711,50.52840392139439,33.782942541049,24720.0,77275.0,920.66,555.0,0.6,0.4,0.0,0.0,C
38240,Moissieu-sur-Dolon,ED,115.0,146.0,21.0,171.0,5.352923340227108,138.182640623693,428.512874534267,154.304484842041,43.29915316509056,22.29315094290713,23200.0,77275.0,668.85,30.0,0.0,1.0,0.0,0.0,ED
38241,Monestier-d'Ambel,C,1.0,8.0,3.0,5.0,63.22946175637374,0.0,7.875,6.125,35.714285714285715,14.285714285714285,,77275.0,,0.0,0.4,0.2,0.4,0.0,C
38242,Monestier-de-Clermont,C,221.0,248.0,63.0,242.0,8.172195583182921,289.309417463795,906.2799722929832,267.410610243222,55.45233442681745,34.33186413026821,23980.0,77275.0,43.55,80.0,0.4,0.6,0.0,0.0,ED
38243,Le Monestier-du-Percy,G,96.0,64.0,13.0,33.0,29.791383950816297,50.6886652669276,133.5581818162433,71.7531529168291,68.99128268610112,52.94766043446403,19480.0,77275.0,450.12,20.0,0.2,0.0,0.8,0.0,G
38244,Monsteroux-Milieu,ED,99.0,139.0,41.0,204.0,2.60723555850684,155.351455520144,495.73248667703,130.916057802826,54.24347826489823,31.634957700997585,25810.0,77275.0,479.97,35.0,0.4,0.6,0.0,0.0,ED
38245,Montagne,G,58.0,45.0,18.0,58.0,7.766586689268315,42.117758825674,162.63633769240806,68.2459034819169,49.88905370860788,30.78013563740328,23230.0,77275.0,652.52,15.0,0.2,0.6,0.2,0.0,ED
38246,Montagnieu,ED,145.0,191.0,59.0,316.0,3.418607995915559,253.532479941763,747.928954881691,169.538565176546,55.41743699908018,33.296740421813176,22080.0,77275.0,728.85,50.0,0.2,0.8,0.0,0.0,ED
38247,Montalieu-Vercieu,ED,310.0,378.0,82.0,679.0,4.107734358193163,805.358265114782,2152.0986010705133,550.543133814705,38.23015982183279,19.32586844695783,21780.0,77275.0,457.91,255.0,0.0,1.0,0.0,0.0,ED
38248,Montaud,C,105.0,181.0,19.0,60.0,7.058384049898818,101.87891470576,337.8036539776839,89.3174313165551,66.29086445331129,51.02642930901723,26620.0,77275.0,285.93,25.0,1.0,0.0,0.0,0.0,C
38249,Montbonnot-Saint-Martin,C,626.0,1833.0,323.0,734.0,1.1633393761887902,897.908685373928,3448.0102893358617,1208.08102529021,76.06605785381464,61.89582558693263,33450.0,77275.0,171.44,280.0,1.0,0.0,0.0,0.0,C
38250,Montcarra,ED,70.0,123.0,29.0,140.0,7.51465523880502,163.201686435178,373.7851421624857,69.0131714023363,59.46955656710754,36.358924874667885,24670.0,77275.0,181.14,30.0,0.2,0.8,0.0,0.0,ED
38252,Montchaboud,C,64.0,98.0,12.0,56.0,1.3847733827731032,55.1408662438558,186.26533363190225,105.593800124242,71.9441327227208,52.75509364191029,29550.0,77275.0,,10.0,1.0,0.0,0.0,0.0,C
38253,Les Deux-Alpes,C,239.0,506.0,83.0,365.0,84.17131696275048,316.794028210363,1321.027162117207,282.17880967243,61.34150881983877,35.73216085095752,,77275.0,323.65,310.0,1.0,0.0,0.0,0.0,C
38254,Monteynard,ED,79.0,104.0,17.0,128.0,6.790980616602764,97.1866632813296,327.72055716660464,75.0927795520657,57.72125906798083,37.84118700677704,23970.0,77275.0,110.46,30.0,0.2,0.8,0.0,0.0,ED
38255,Montfalcon,ED,25.0,17.0,14.0,29.0,15.526423817197726,25.7874015748033,76.3307086614181,28.8818897637796,52.5252525252525,27.27272727272722,22190.0,77275.0,362.61,15.0,0.2,0.8,0.0,0.0,ED
38256,Montferrat,C,249.0,346.0,95.0,341.0,10.002119683163585,362.691054786947,1090.650038329849,385.658906883204,50.44387601110167,30.69051786197446,23700.0,77275.0,748.47,125.0,0.6,0.4,0.0,0.0,C
38257,Montrevel,ED,50.0,71.0,29.0,130.0,3.8990814021984863,80.6691926917474,297.9285861714016,68.402221136851,44.655775339456326,23.527209043586783,23280.0,77275.0,247.03,30.0,0.2,0.6,0.2,0.0,ED
38258,Mont-Saint-Martin,G,29.0,28.0,7.0,14.0,4.081632653061225,14.0,45.0,34.0,72.36842105263158,64.47368421052632,,77275.0,60.77,0.0,0.8,0.0,0.2,0.0,C
38259,Montseveroux,ED,128.0,181.0,28.0,228.0,5.557009931580763,185.278352416467,610.796581454852,201.925066128681,50.58638473143541,30.195299146654587,25480.0,77275.0,793.18,55.0,0.2,0.8,0.0,0.0,ED
38260,Moras,C,65.0,142.0,27.0,141.0,5.988599118061324,95.452909463567,312.281873836548,115.265216699886,56.94543930370863,36.23986107010991,29160.0,77275.0,429.09,10.0,0.4,0.6,0.0,0.0,ED
38261,Morestel,ED,473.0,707.0,160.0,843.0,1.3090229079008884,740.0,2536.0,1140.0,42.92929292929293,23.410576351752823,22180.0,77275.0,341.59,320.0,0.0,1.0,0.0,0.0,ED
38263,Morette,C,61.0,95.0,17.0,78.0,5.40859816062493,62.4237270667955,211.1536593962768,86.4226135369267,57.0386021039996,38.943372746602655,27120.0,77275.0,304.8,15.0,0.6,0.4,0.0,0.0,C
38264,La Morte,C,43.0,51.0,8.0,38.0,87.71315522513677,19.4191176470588,76.654411764706,42.9264705882352,50.87719298245602,31.57894736842099,23230.0,77275.0,39.92,10.0,0.8,0.2,0.0,0.0,C
38265,La Motte-d'Aveillans,ED,256.0,288.0,32.0,403.0,11.752786220871329,291.0,1029.0,407.0,48.338368580060425,27.0392749244713,22980.0,77275.0,273.18,105.0,0.0,1.0,0.0,0.0,ED
38266,La Motte-Saint-Martin,G,113.0,81.0,12.0,89.0,25.352112676056336,95.0,273.0,86.0,52.94117647058824,34.11764705882353,23680.0,77275.0,18.21,25.0,0.0,0.2,0.8,0.0,G
38267,Mottier,ED,80.0,161.0,37.0,179.0,3.737011106840466,184.853572520987,522.3823509886971,135.764076490318,44.30024022699914,26.710138426337306,23070.0,77275.0,575.4,50.0,0.4,0.6,0.0,0.0,ED
38268,Le Moutaret,C,55.0,68.0,10.0,45.0,10.44776119402985,38.0,165.0,51.0,65.12820512820512,45.12820512820513,27920.0,77275.0,106.44,20.0,0.6,0.4,0.0,0.0,C
38269,La Mure,ED,672.0,684.0,143.0,860.0,5.234576931860334,766.854597151686,2700.171732333589,1472.9736705147252,40.79512067310894,22.360527422637187,21210.0,77275.0,336.15,295.0,0.2,0.8,0.0,0.0,ED
38270,La Murette,C,267.0,565.0,94.0,293.0,1.2995421604195183,308.221758813578,1115.3823344781122,414.39590670831,63.24333699468896,47.057291501625606,27910.0,77275.0,161.0,115.0,1.0,0.0,0.0,0.0,C
38271,Murianette,C,128.0,196.0,39.0,185.0,1.110504075216782,136.138056385276,573.8752388695899,155.986704745134,58.5248385786215,41.02585639596949,28880.0,77275.0,394.97,50.0,0.6,0.4,0.0,0.0,C
38272,Murinais,ED,60.0,81.0,15.0,87.0,4.2105263157894735,85.0,245.0,78.0,51.006711409395976,31.20805369127517,22620.0,77275.0,341.74,25.0,0.0,0.8,0.2,0.0,ED
38273,Nantes-en-Ratier,C,116.0,138.0,18.0,87.0,21.371617051119287,74.6554807652838,267.0572402074972,126.287279027219,66.77057493863511,44.05346821982766,25700.0,77275.0,809.71,20.0,1.0,0.0,0.0,0.0,C
38274,Nantoin,,,,,,,,,,,,,77275.0,,,0.4,0.6,0.0,0.0,ED
38275,Serre-Nerpol,ED,28.0,57.0,17.0,60.0,12.689105347128354,52.6957313398137,197.43362039816915,64.8706482620172,43.363995225861,20.0716946714608,22310.0,77275.0,1062.46,20.0,0.2,0.8,0.0,0.0,ED
38276,Nivolas-Vermelle,C,319.0,533.0,114.0,481.0,2.06777512605135,532.711873664288,1671.0597636501443,512.228362685568,50.160867299314994,31.96259880002325,23800.0,77275.0,150.72,185.0,0.4,0.6,0.0,0.0,ED
38277,Notre-Dame-de-Commiers,ED,82.0,115.0,17.0,125.0,3.0939780682248657,119.821135767447,331.61079237990816,75.5680718526438,61.70300284889317,37.93104813251378,26970.0,77275.0,197.65,30.0,0.8,0.2,0.0,0.0,C
38278,Notre-Dame-de-l'Osier,ED,69.0,99.0,24.0,121.0,9.259094900261204,92.550766530372,272.347204930947,158.102028538681,51.6365894820902,32.58251324815941,24880.0,77275.0,346.9,30.0,0.6,0.4,0.0,0.0,C
38279,Notre-Dame-de-Mésage,C,210.0,256.0,40.0,236.0,1.4491093650601168,163.822360467086,645.884884646501,307.292754886413,58.91751312654888,38.39540038199753,26290.0,77275.0,,50.0,0.8,0.2,0.0,0.0,C
38280,Notre-Dame-de-Vaux,G,137.0,128.0,17.0,109.0,23.319571778832326,75.9575878759253,359.5521713533554,82.4902407707193,55.37295223037246,34.647125112549205,,77275.0,373.55,25.0,0.0,0.2,0.8,0.0,G
38281,Noyarey,C,308.0,539.0,85.0,410.0,1.969110385439965,421.148851357278,1334.0068033210068,565.844345321715,56.75998980119603,41.07831482186028,26880.0,77275.0,281.38,105.0,1.0,0.0,0.0,0.0,C
38282,Optevoz,ED,110.0,131.0,42.0,241.0,5.7501786570793145,195.056805713579,562.222675086487,119.720519199935,47.77259053073234,26.608050540141736,25220.0,77275.0,458.0,50.0,0.2,0.8,0.0,0.0,ED
38283,Oris-en-Rattier,G,31.0,28.0,6.0,11.0,27.242383609441053,7.1320754716981,55.0188679245284,45.8490566037735,53.68421052631579,36.8421052631579,26120.0,77275.0,111.82,5.0,0.0,0.2,0.8,0.0,G
38284,Ornacieux,C,123.0,221.0,58.0,196.0,3.9800995024875614,154.0,533.0,191.0,57.46268656716418,39.40298507462687,,77275.0,856.84,45.0,0.6,0.2,0.2,0.0,C
38285,Ornon,C,48.0,57.0,8.0,18.0,56.633881329796345,19.1567164179104,94.6567164179105,37.1865671641791,62.96296296296311,37.96296296296307,26210.0,77275.0,,10.0,0.6,0.0,0.4,0.0,C
38286,Oulles,ED,2.0,10.0,4.0,13.0,70.58823529411765,3.0,7.0,6.0,45.45454545454545,18.181818181818183,,77275.0,,5.0,0.8,0.2,0.0,0.0,C
38287,Oyeu,C,133.0,240.0,55.0,194.0,2.8107192715832543,258.981949872352,646.428204810436,186.589845317212,53.10443078537909,31.490277814107525,25200.0,77275.0,857.38,45.0,0.2,0.8,0.0,0.0,ED
38288,Oytier-Saint-Oblas,ED,169.0,347.0,80.0,412.0,1.2745047127827172,355.397460274316,1149.961513872925,227.641025852759,56.855641009297045,37.228537858703525,26820.0,77275.0,666.11,75.0,0.8,0.2,0.0,0.0,C
38289,Oz,C,51.0,72.0,23.0,37.0,88.423157337359,39.2197710790823,146.6725844867695,28.1076444341482,71.95455133710925,47.56846241959609,26410.0,77275.0,64.97,30.0,0.8,0.0,0.2,0.0,C
38290,Pact,ED,109.0,134.0,35.0,242.0,4.157043879907621,140.0,552.0,172.0,45.839636913767016,24.205748865355524,22360.0,77275.0,637.83,75.0,0.0,1.0,0.0,0.0,ED
38291,Pajay,ED,105.0,171.0,53.0,253.0,1.8480492813141685,198.0,625.0,229.0,36.52392947103274,19.143576826196472,22440.0,77275.0,1050.81,70.0,0.0,1.0,0.0,0.0,ED
38292,Villages du lac de Paladru,ED,404.0,532.0,120.0,535.0,14.340471894685466,505.242772551767,1606.376125524785,502.381101923448,53.766164198927335,35.95458362930062,24760.0,77275.0,1289.48,140.0,0.6,0.4,0.0,0.0,C
38293,Panissage,,,,,,,,,,,,,77275.0,,,0.4,0.6,0.0,0.0,ED
38294,Panossas,ED,88.0,159.0,33.0,170.0,4.987283362789278,133.409309585162,454.61893039517895,93.9717600196591,62.21467013269118,43.83715537408061,28530.0,77275.0,339.65,35.0,0.6,0.4,0.0,0.0,C
38295,Parmilieu,ED,97.0,124.0,29.0,179.0,8.0,126.0,445.0,156.0,54.51263537906137,30.324909747292416,24010.0,77275.0,195.65,45.0,0.4,0.6,0.0,0.0,ED
38296,Le Passage,C,116.0,221.0,49.0,202.0,8.334097464328288,199.774132813589,607.8057547336359,164.420112452774,53.86924041670748,33.12761810468508,25340.0,77275.0,453.81,45.0,0.4,0.6,0.0,0.0,ED
38297,Arandon-Passins,ED,172.0,271.0,87.0,482.0,5.062666554629611,355.360461604886,1159.209962380692,343.429576014422,41.63990279224937,22.63323047237524,,77275.0,1394.54,115.0,0.0,1.0,0.0,0.0,ED
38298,Le Péage-de-Roussillon,G,882.0,659.0,125.0,786.0,0.8936708230599583,1307.6852157979702,3706.5278894940207,1572.7868947080292,30.939216151069683,16.603205073534713,18930.0,77275.0,17.63,680.0,0.0,0.8,0.2,0.0,ED
38299,Pellafol,C,36.0,48.0,13.0,31.0,63.80090497737556,15.0,72.0,47.0,40.869565217391305,27.82608695652174,20970.0,77275.0,494.23,10.0,0.8,0.2,0.0,0.0,C
38300,Penol,ED,33.0,80.0,30.0,98.0,6.969551426801301,77.3853475231856,231.5070435809597,68.1076088958547,43.46470039350677,25.017754836632168,23630.0,77275.0,702.75,20.0,0.2,0.8,0.0,0.0,ED
38301,Percy,G,57.0,36.0,4.0,17.0,28.82882882882883,23.0,97.0,47.0,65.625,51.5625,18290.0,77275.0,256.23,10.0,0.0,0.0,1.0,0.0,G
38302,Le Périer,,,,,,,,,,,,,77275.0,,,0.4,0.6,0.0,0.0,ED
38303,La Pierre,C,90.0,151.0,23.0,119.0,1.835722837788617,143.540443912692,432.38545325349753,72.0741028338115,58.24098101024479,37.09330298043459,27470.0,77275.0,134.8,35.0,0.6,0.4,0.0,0.0,C
38304,Pierre-Châtel,ED,261.0,224.0,64.0,316.0,7.37243826914677,267.756641680064,926.5769713091933,290.666387010743,55.8740183197159,34.79991287120509,24140.0,77275.0,922.07,65.0,0.2,0.8,0.0,0.0,ED
38306,Pinsot,,,,,,,,,,,,,77275.0,,,0.4,0.6,0.0,0.0,ED
38307,Pisieu,ED,88.0,114.0,21.0,137.0,3.959040665570137,86.8408631722313,319.25257428540067,119.906562542368,47.49257404083288,29.083722575429366,22950.0,77275.0,1253.65,45.0,0.2,0.8,0.0,0.0,ED
38308,Plan,C,35.0,69.0,13.0,56.0,5.779809057793934,73.2521763545529,179.57122206995652,43.1766015754906,48.875384510174186,28.714876229918463,22250.0,77275.0,490.17,20.0,0.4,0.4,0.2,0.0,C
38309,Poisat,C,398.0,530.0,72.0,302.0,0.6117382381273424,359.211651705366,1168.143547306236,592.644800988398,60.05184323628685,43.89323877135128,28010.0,77275.0,,100.0,0.4,0.6,0.0,0.0,ED
38310,Poliénas,ED,167.0,204.0,57.0,229.0,2.489626556016597,199.0,680.0,235.0,47.86223277909738,27.07838479809976,25110.0,77275.0,944.78,55.0,0.0,1.0,0.0,0.0,ED
38311,Pommier-de-Beaurepaire,ED,66.0,150.0,49.0,186.0,4.0,135.0,434.0,162.0,44.927536231884055,25.18115942028985,22690.0,77275.0,1124.88,60.0,0.2,0.8,0.0,0.0,ED
38313,Ponsonnas,C,54.0,70.0,16.0,58.0,9.655172413793103,45.0,163.0,81.0,59.64125560538116,37.66816143497758,26110.0,77275.0,,10.0,0.8,0.0,0.2,0.0,C
38314,Pontcharra,C,1151.0,1297.0,217.0,1227.0,1.8147345612134345,1342.0,4506.0,1525.0,51.567055393586,34.01967930029154,23340.0,77275.0,418.18,540.0,0.6,0.4,0.0,0.0,C
38315,Le Pont-de-Beauvoisin,ED,451.0,531.0,117.0,581.0,2.504243376824138,604.956909987546,2110.626182987247,866.416907025207,47.43307307041963,26.49729456121104,22180.0,77275.0,393.07,300.0,0.2,0.8,0.0,0.0,ED
38316,Pont-de-Chéruy,ED,745.0,477.0,97.0,764.0,0.9781934885154177,1380.25518085791,3780.77453807506,945.97028106704,38.014281204229945,20.31881982365714,20510.0,77275.0,,525.0,0.0,0.8,0.2,0.0,ED
38317,Le Pont-de-Claix,G,1822.0,1112.0,193.0,1306.0,0.6974756694915372,2135.597183197763,6773.935190814321,1936.467625987924,39.76500923815349,21.60018777553348,20220.0,77275.0,,965.0,0.2,0.6,0.2,0.0,ED
38318,Pont-Evêque,G,829.0,735.0,140.0,733.0,1.0204003855548829,1308.42359848251,3497.110295339661,1037.4661061778288,42.826898479640114,25.12557491945977,,77275.0,77.31,505.0,0.0,0.8,0.2,0.0,ED
38319,Pont-en-Royans,G,198.0,137.0,26.0,99.0,8.455882352941178,113.0,477.0,219.0,50.78369905956113,27.74294670846395,20800.0,77275.0,,95.0,0.6,0.4,0.0,0.0,C
38320,Porcieu-Amblagnieu,ED,195.0,307.0,54.0,439.0,3.90566450735778,376.063533210393,1110.382194755148,305.554272034459,39.78628802694411,20.599435294346968,24030.0,77275.0,387.91,90.0,0.2,0.8,0.0,0.0,ED
38321,Prébois,C,42.0,45.0,10.0,26.0,23.33333333333333,22.0,99.0,51.0,61.53846153846154,37.76223776223776,21620.0,77275.0,729.51,15.0,0.4,0.0,0.6,0.0,G
38322,Presles,G,41.0,20.0,4.0,20.0,40.17962039526929,18.9473684210527,59.9999999999999,21.0526315789474,66.17647058823532,45.58823529411765,,77275.0,161.35,10.0,0.6,0.0,0.4,0.0,C
38323,Pressins,ED,161.0,222.0,47.0,324.0,6.093213303845133,239.063659932916,718.41419028522,223.522149781864,50.2403204511436,30.453139094621463,22950.0,77275.0,435.17,65.0,0.0,1.0,0.0,0.0,ED
38324,Primarette,ED,106.0,130.0,30.0,184.0,7.92809248569333,110.178440210927,392.297829080321,191.523730708752,43.5505199077267,26.56327926195572,24330.0,77275.0,896.48,45.0,0.2,0.8,0.0,0.0,ED
38325,Proveysieux,C,126.0,141.0,14.0,56.0,10.896503151376658,93.0697058333173,300.5310727711087,125.399221395575,77.66091475711485,62.22171517130325,27350.0,77275.0,26.04,10.0,0.6,0.0,0.4,0.0,C
38326,Prunières,G,88.0,58.0,21.0,78.0,4.465995590909158,60.3866106683181,244.25919694121148,73.3541923904704,43.15547437340943,24.38170782314113,24560.0,77275.0,123.99,30.0,0.4,0.4,0.2,0.0,C
38328,Quaix-en-Chartreuse,C,195.0,299.0,36.0,141.0,4.708502733472926,184.218683707372,555.047856171104,186.733460121524,77.14120860369343,67.06605174108452,31990.0,77275.0,169.87,45.0,0.8,0.0,0.2,0.0,C
38329,Quet-en-Beaumont,G,20.0,15.0,6.0,16.0,48.14814814814815,15.0,34.0,30.0,55.00000000000001,33.33333333333333,,77275.0,,5.0,0.6,0.0,0.4,0.0,C
38330,Quincieu,ED,13.0,15.0,7.0,21.0,5.658261746047205,30.7075471698113,55.4716981132076,18.8207547169811,58.90410958904104,38.35616438356165,21400.0,77275.0,384.01,5.0,0.2,0.6,0.2,0.0,ED
38331,Réaumont,C,159.0,268.0,40.0,183.0,0.9390984672914132,182.267494566296,656.391794917919,166.340710515785,60.59239013576224,43.36775083611906,28880.0,77275.0,116.58,45.0,0.8,0.2,0.0,0.0,C
38332,Renage,C,506.0,574.0,93.0,536.0,1.483910502331966,624.723410965496,2036.383053697619,699.893535336885,43.19727341667205,26.24382438350452,22180.0,77275.0,245.53,260.0,0.2,0.8,0.0,0.0,ED
38333,Rencurel,G,86.0,70.0,15.0,56.0,36.57993788112643,66.6791843321901,209.65880969985108,72.6620059679588,54.74250566334149,37.48336399381007,20710.0,77275.0,331.72,30.0,0.4,0.2,0.4,0.0,C
38334,Revel,C,319.0,423.0,60.0,195.0,8.268007363884866,233.583491170016,846.303266328884,243.1132425011,73.41681339742605,61.84871763835583,21290.0,77275.0,132.53,65.0,0.6,0.0,0.4,0.0,C
38335,Revel-Tourdan,ED,153.0,222.0,58.0,257.0,4.466931128516929,184.91823101631,643.6337237868911,221.448045196799,42.81305480352375,25.416113211182623,23490.0,77275.0,746.08,75.0,0.0,1.0,0.0,0.0,ED
38336,Reventin-Vaugris,ED,245.0,401.0,87.0,469.0,0.9389325915443358,375.930823321818,1272.80834363293,393.260833045252,51.02167283291445,32.44830250364605,26300.0,77275.0,893.01,120.0,0.0,1.0,0.0,0.0,ED
38337,Rives,ED,821.0,1039.0,226.0,1044.0,1.6603553743081854,1167.0,3992.0,1440.0,47.35465701066184,28.32428082880708,22790.0,77275.0,472.21,465.0,0.2,0.6,0.2,0.0,ED
38338,La Rivière,ED,100.0,141.0,24.0,169.0,4.811349598484192,167.338295811109,449.12659666839,108.535107520501,58.91766621875868,39.063447920974845,21500.0,77275.0,488.53,40.0,0.4,0.4,0.2,0.0,C
38339,Roche,ED,245.0,515.0,116.0,555.0,2.300013719595529,431.819723210857,1411.8656012731471,345.314675515996,54.792585372586935,36.5007468247737,27410.0,77275.0,938.03,125.0,0.4,0.6,0.0,0.0,ED
38340,Les Roches-de-Condrieu,ED,294.0,325.0,62.0,347.0,2.252521692925411,378.774913322086,1206.4768518686951,445.748234809219,52.24616095670345,33.61836978199396,,77275.0,,145.0,0.8,0.2,0.0,0.0,C
38341,Rochetoirin,ED,162.0,242.0,48.0,295.0,3.278688524590164,184.0,698.0,220.0,52.8235294117647,31.647058823529413,25820.0,77275.0,1239.14,75.0,0.0,1.0,0.0,0.0,ED
38342,Roissard,G,73.0,69.0,16.0,63.0,22.054639807259694,74.2978944941109,187.34376604628144,58.3583394596077,55.23555221929611,39.97921499315094,23220.0,77275.0,839.24,15.0,0.2,0.2,0.6,0.0,G
38343,Romagnieu,ED,209.0,331.0,82.0,456.0,4.325699745547073,320.0,1039.0,373.0,47.55086661642803,25.69706103993971,25300.0,77275.0,960.26,90.0,0.2,0.8,0.0,0.0,ED
38344,Roussillon,ED,1198.0,1123.0,228.0,1346.0,1.9849629078858528,1629.663403991718,5143.527311944643,1810.809284063659,37.52208658086744,20.08067517663915,21080.0,77275.0,567.3,740.0,0.0,0.8,0.2,0.0,ED
38345,Rovon,ED,111.0,114.0,9.0,167.0,9.2317008809524,122.989268820797,386.560020408634,103.450710770568,50.00888809282094,32.49326032083831,24450.0,77275.0,79.5,30.0,0.4,0.6,0.0,0.0,ED
38346,Royas,ED,41.0,83.0,18.0,105.0,3.0029359247011795,80.2277566607666,256.9345102118201,72.8377331274133,54.22684437941309,33.76076514239719,25520.0,77275.0,248.6,25.0,0.2,0.8,0.0,0.0,ED
38347,Roybon,C,174.0,221.0,51.0,169.0,6.771653543307086,142.0,571.0,390.0,39.16849015317287,23.085339168490155,21140.0,77275.0,1586.32,110.0,0.2,0.8,0.0,0.0,ED
38348,Ruy,C,505.0,1202.0,246.0,1049.0,1.0638297872340423,848.0,2885.0,1038.0,58.03646563814867,40.61711079943899,,77275.0,1020.68,290.0,0.8,0.2,0.0,0.0,C
38349,Sablons,ED,241.0,334.0,77.0,489.0,2.3963133640553,447.0,1439.0,420.0,46.388725778038754,25.24955960070464,21770.0,77275.0,431.47,140.0,0.0,1.0,0.0,0.0,ED
38350,Sainte-Agnès,C,138.0,166.0,34.0,72.0,16.848729423773147,104.202490469892,351.64579514805104,109.151714382057,65.12543555313671,52.51292866114812,26740.0,77275.0,318.56,40.0,1.0,0.0,0.0,0.0,C
38351,Saint-Agnin-sur-Bion,ED,104.0,222.0,60.0,261.0,1.8699158073678064,263.74572305994,707.073939655615,190.180337284445,52.35710070872559,35.58191904486989,25650.0,77275.0,393.12,55.0,0.0,1.0,0.0,0.0,ED
38352,Saint-Alban-de-Roche,C,251.0,532.0,122.0,366.0,2.130198852809118,384.317324219543,1374.816081979255,388.866593801202,60.40309966402088,41.306863968402034,28440.0,77275.0,52.34,95.0,1.0,0.0,0.0,0.0,C
38353,Saint-Alban-du-Rhône,ED,119.0,157.0,29.0,234.0,1.9753086419753083,192.0,619.0,149.0,50.85470085470085,27.492877492877493,24230.0,77275.0,15.03,60.0,0.2,0.8,0.0,0.0,ED
38354,Saint-Albin-de-Vaulserre,ED,51.0,93.0,20.0,107.0,8.071748878923767,69.0,258.0,94.0,47.23926380368098,27.607361963190183,23890.0,77275.0,369.11,25.0,0.8,0.2,0.0,0.0,C
38355,Saint-Andéol,C,34.0,36.0,4.0,20.0,39.82910175157797,14.2393162393163,65.0940170940169,39.6666666666668,63.26530612244892,41.83673469387752,,77275.0,280.71,5.0,0.6,0.2,0.2,0.0,C
38356,Saint-André-en-Royans,G,87.0,69.0,29.0,67.0,14.507772020725389,51.0,199.0,91.0,55.63636363636364,33.09090909090909,,77275.0,514.17,20.0,0.0,0.8,0.2,0.0,ED
38357,Saint-André-le-Gaz,ED,392.0,450.0,113.0,642.0,2.3648656414920963,527.885613899327,1692.114246512394,506.000139588279,42.42198452087609,24.637477054592782,,77275.0,516.13,165.0,0.0,1.0,0.0,0.0,ED
38358,Sainte-Anne-sur-Gervonde,ED,96.0,132.0,32.0,180.0,2.960526315789473,171.0,492.0,94.0,52.908067542213885,33.02063789868668,,77275.0,1016.56,40.0,0.4,0.6,0.0,0.0,ED
38359,Saint-Antoine-l'Abbaye,C,248.0,271.0,55.0,246.0,8.677098150782362,213.0,729.0,316.0,57.479508196721305,36.885245901639344,,77275.0,1371.75,95.0,0.6,0.4,0.0,0.0,C
38360,Saint-Appolinard,ED,58.0,90.0,19.0,99.0,7.768043235538662,53.4668862181008,249.1284690422872,100.404644739612,51.89308226015599,30.925519077735057,22540.0,77275.0,589.09,30.0,0.0,0.8,0.2,0.0,ED
38361,Saint-Arey,ED,18.0,18.0,9.0,20.0,32.57839721254354,17.0649350649351,44.5584415584415,11.3766233766234,57.89473684210525,38.59649122807021,,77275.0,51.93,10.0,0.4,0.4,0.2,0.0,C
38362,Saint-Aupre,C,158.0,339.0,48.0,209.0,5.882553030043831,223.983590306151,765.3875902277041,210.628819466145,63.219143199513695,46.02054665143268,27360.0,77275.0,109.95,50.0,0.8,0.2,0.0,0.0,C
38363,Saint-Barthélemy,ED,124.0,141.0,30.0,214.0,2.137767220902613,174.0,553.0,202.0,35.714285714285715,19.047619047619047,21420.0,77275.0,873.1,75.0,0.2,0.8,0.0,0.0,ED
38364,Saint-Barthélemy-de-Séchilienne,G,86.0,84.0,12.0,86.0,12.76595744680851,80.0,277.0,67.0,56.2111801242236,38.19875776397515,26140.0,77275.0,,15.0,0.6,0.2,0.2,0.0,C
38365,Saint-Baudille-de-la-Tour,ED,98.0,147.0,39.0,224.0,10.59738513421978,182.095206512635,531.908431938667,127.996361548697,53.66212783186642,32.672910686932575,25370.0,77275.0,1335.21,50.0,0.2,0.8,0.0,0.0,ED
38366,Saint-Baudille-et-Pipet,C,61.0,78.0,26.0,49.0,40.40785753782627,33.4475128862356,134.2212872296102,90.3311998841542,55.78346248903073,36.31255395147154,24120.0,77275.0,938.16,15.0,0.4,0.0,0.6,0.0,G
38367,Saint-Bernard,,,,,,,,,,,,32220.0,77275.0,,,0.4,0.6,0.0,0.0,ED
38368,Saint-Blaise-du-Buis,C,155.0,232.0,63.0,204.0,1.2738853503184715,208.0,645.0,211.0,61.31105398457584,45.501285347043705,28150.0,77275.0,192.32,50.0,0.8,0.2,0.0,0.0,C
38369,Sainte-Blandine,ED,149.0,183.0,51.0,305.0,1.9991264431268423,199.072172448924,608.709795221357,212.218032329719,52.612031945001526,33.05357997021669,,77275.0,375.11,45.0,0.2,0.8,0.0,0.0,ED
38370,Saint-Bonnet-de-Chavagne,ED,103.0,135.0,45.0,167.0,6.000100608919784,126.492889460094,405.369842606361,127.137267933546,48.69640889002881,29.64102639223984,23040.0,77275.0,923.18,60.0,0.0,1.0,0.0,0.0,ED
38372,Saint-Bueil,ED,111.0,123.0,20.0,125.0,13.882751722193362,106.395745803809,400.664272859264,199.939981336928,39.71753117156316,23.826275656759183,24060.0,77275.0,91.68,45.0,0.0,0.8,0.2,0.0,ED
38373,Saint-Cassien,C,155.0,321.0,43.0,239.0,2.295013285696253,174.207091911862,682.0772448271571,299.715663260981,60.262210726293965,42.34147218019555,,77275.0,202.18,55.0,0.6,0.4,0.0,0.0,C
38374,Saint-Chef,ED,360.0,695.0,166.0,869.0,2.779416684630164,805.853145907211,2458.766597473575,645.380256619214,47.91288026887342,29.5062595459022,26030.0,77275.0,1352.53,200.0,0.2,0.8,0.0,0.0,ED
38375,Saint-Christophe-en-Oisans,C,25.0,44.0,3.0,15.0,72.30046948356808,11.0,52.0,35.0,52.38095238095239,38.095238095238095,,77275.0,1034.26,5.0,0.6,0.4,0.0,0.0,C
38376,Saint-Christophe-sur-Guiers,ED,157.0,173.0,34.0,184.0,22.080008516601342,150.51394339065,518.0898018008351,167.396254808515,57.01105477327489,35.21905032523184,24530.0,77275.0,379.5,40.0,0.0,0.2,0.8,0.0,G
38377,Saint-Clair-de-la-Tour,ED,447.0,563.0,114.0,715.0,2.1279922221049845,664.120096719236,2190.510753318452,671.369149962312,47.24635655256164,28.42632842820566,23450.0,77275.0,307.74,235.0,0.4,0.6,0.0,0.0,ED
38378,Saint-Clair-du-Rhône,ED,542.0,717.0,141.0,874.0,1.0144187251458272,580.680786923116,2270.009904829883,827.309308247001,43.13081316009869,25.21622812620916,24810.0,77275.0,255.03,215.0,0.2,0.8,0.0,0.0,ED
38379,Saint-Clair-sur-Galaure,C,38.0,73.0,14.0,42.0,12.976915709302297,50.3641672251127,148.87527671979558,61.7605560550917,45.52157005838837,24.45341724155215,20750.0,77275.0,442.01,15.0,0.4,0.6,0.0,0.0,ED
38380,Saint-Didier-de-Bizonnes,ED,49.0,48.0,12.0,75.0,9.557968864904034,81.6780319934528,193.3680021356075,54.9539658709397,43.693436793815046,26.57851837623388,22560.0,77275.0,184.83,30.0,0.2,0.8,0.0,0.0,ED
38381,Saint-Didier-de-la-Tour,ED,235.0,355.0,98.0,605.0,2.8671687084560085,423.157422184411,1363.348669188913,338.493908626676,49.66963682862736,30.10918009450487,26250.0,77275.0,541.43,110.0,0.0,1.0,0.0,0.0,ED
38382,Saint-Egrève,C,2996.0,3734.0,564.0,1951.0,1.1731191311969198,3507.292107399344,10755.20187691965,3667.50601568101,60.65711373717729,44.19850569203586,,77275.0,0.0,,0.8,0.0,0.2,0.0,C
38383,Saint-Etienne-de-Crossey,C,508.0,827.0,123.0,382.0,2.264580111340424,480.328273561641,1528.2157617131577,594.455964725201,67.36068353198056,51.218092185052974,,77275.0,490.79,135.0,1.0,0.0,0.0,0.0,C
38384,Saint-Etienne-de-Saint-Geoirs,ED,357.0,630.0,151.0,649.0,4.173771273385817,663.165640779236,1932.975317101564,755.8590421192,47.093814208134944,28.401221046947043,,77275.0,1086.04,220.0,0.4,0.6,0.0,0.0,ED
38386,Saint-Geoire-en-Valdaine,C,319.0,430.0,80.0,429.0,6.060287479221784,382.64860295252,1409.345119398956,596.006277648524,49.512410241438246,31.6477353302406,23850.0,77275.0,731.73,110.0,0.6,0.4,0.0,0.0,C
38387,Saint-Geoirs,C,60.0,118.0,24.0,98.0,5.749552794808131,87.9580920968395,286.0122670010395,113.029640902122,49.77819860392586,27.24292292982992,23700.0,77275.0,339.06,30.0,0.6,0.4,0.0,0.0,C
38388,Saint-Georges-de-Commiers,ED,368.0,489.0,78.0,552.0,1.6328587568742543,549.604742639391,1642.7204492261558,498.674808134453,54.645727617998354,35.098585240418764,27370.0,77275.0,,120.0,0.4,0.6,0.0,0.0,ED
38389,Saint-Georges-d'Espéranche,ED,348.0,743.0,188.0,796.0,2.244752477027935,663.275112016067,2200.490387189237,636.234500794696,48.34400429280423,28.72076410580012,25700.0,77275.0,1335.19,160.0,0.2,0.8,0.0,0.0,ED
38390,Saint-Gervais,ED,70.0,70.0,22.0,118.0,3.5305301163063687,110.960028433311,343.5522583703019,79.4877131963871,56.40438634510916,30.94729083609659,24070.0,77275.0,134.24,35.0,0.2,0.8,0.0,0.0,ED
38391,Saint-Guillaume,C,37.0,58.0,18.0,50.0,22.523039676133788,36.8690582412425,139.1217653326666,63.0091764260909,47.029120906018775,32.53708919464546,23000.0,77275.0,419.82,5.0,0.2,0.6,0.2,0.0,ED
38392,Saint-Hilaire-de-Brens,C,85.0,136.0,40.0,136.0,2.976033382322015,128.357060488034,385.0076171967342,91.6353223152308,58.85615561047042,39.781620248017134,27330.0,77275.0,205.84,30.0,0.8,0.2,0.0,0.0,C
38393,Saint-Hilaire-de-la-Côte,ED,220.0,314.0,69.0,325.0,2.9143955886313764,290.967833540588,993.5229753620802,313.509191097332,48.589676227991085,30.548652069946808,24550.0,77275.0,848.4,100.0,0.2,0.8,0.0,0.0,ED
38394,Saint-Hilaire-du-Rosier,ED,269.0,377.0,97.0,480.0,2.932297937579577,313.923000235403,1171.020414223044,449.056585541553,47.78702427730805,26.689651111999968,23000.0,77275.0,946.45,150.0,0.4,0.6,0.0,0.0,ED
38395,Saint-Hilaire,G,738.0,509.0,57.0,182.0,15.081206496519725,557.0,1552.0,323.0,77.3293768545994,64.03560830860535,20960.0,77275.0,351.05,190.0,0.6,0.0,0.4,0.0,C
38396,Saint-Honoré,C,156.0,177.0,34.0,162.0,32.35916097834121,154.315360999177,482.947489975406,181.737149025417,54.36662913279265,32.47066661891505,23260.0,77275.0,948.45,45.0,0.6,0.0,0.4,0.0,C
38397,Saint-Ismier,C,770.0,2619.0,466.0,972.0,2.3583134536503385,1162.414860663976,4000.163594377991,1924.4215449580336,77.57166564505302,64.79020825076663,35540.0,77275.0,241.68,310.0,1.0,0.0,0.0,0.0,C
38398,Saint-Jean-d'Avelanne,ED,154.0,166.0,32.0,208.0,5.884791966133425,211.374177689903,569.486476047238,198.13934626286,42.74320424939106,25.10438273944369,23130.0,77275.0,246.61,60.0,0.4,0.6,0.0,0.0,ED
38399,Saint-Jean-de-Bournay,ED,466.0,880.0,218.0,1111.0,1.6118442676954992,732.297331506201,2722.864393315009,1306.83827517879,43.732081606877074,24.381160255993457,23460.0,77275.0,2340.37,265.0,0.4,0.6,0.0,0.0,ED
38400,Saint-Jean-de-Moirans,C,602.0,779.0,150.0,568.0,1.928460404828718,773.838057168066,2213.189864371483,613.972078460451,62.05036819615675,45.18108661737097,27020.0,77275.0,164.25,225.0,1.0,0.0,0.0,0.0,C
38401,Saint-Jean-de-Soudain,ED,179.0,300.0,52.0,322.0,0.896936600214327,371.51475449041,1035.514548347357,290.970697162233,48.664202833947975,29.35318067140871,24570.0,77275.0,524.77,90.0,0.0,1.0,0.0,0.0,ED
38402,Saint-Jean-de-Vaulx,C,131.0,135.0,18.0,90.0,14.711766742996884,94.0529307335514,339.9075487093148,92.0395205571327,65.38793068320854,46.21776753218545,27640.0,77275.0,266.14,35.0,0.8,0.2,0.0,0.0,C
38403,Saint-Jean-d'Hérans,G,86.0,55.0,23.0,82.0,24.208390907419066,38.2003103342338,184.1227977547091,85.6768919110571,55.28376287946796,35.402351124864815,23470.0,77275.0,532.51,20.0,0.0,0.2,0.8,0.0,G
38404,Saint-Jean-le-Vieux,C,42.0,96.0,12.0,50.0,4.032258064516129,51.0,172.0,53.0,70.24390243902438,56.09756097560976,24660.0,77275.0,76.11,10.0,0.8,0.0,0.2,0.0,C
38405,Saint-Joseph-de-Rivière,C,234.0,261.0,38.0,233.0,7.025304753965924,242.121005753862,809.415252614801,191.463741631337,55.27577455199649,37.93249509254444,26130.0,77275.0,581.27,55.0,0.6,0.4,0.0,0.0,C
38406,Saint-Julien-de-l'Herms,ED,19.0,24.0,6.0,42.0,7.792207792207792,35.0,98.0,30.0,50.0,30.0,23150.0,77275.0,391.42,5.0,0.6,0.2,0.2,0.0,C
38407,La Sure en Chartreuse,C,210.0,299.0,59.0,144.0,4.914980639060524,149.641214567938,654.258385908933,256.100399523129,63.860811839860666,48.28056638532778,29060.0,77275.0,455.79,40.0,0.8,0.2,0.0,0.0,C
38408,Saint-Just-Chaleyssin,C,293.0,669.0,147.0,621.0,1.42821567900363,540.418757578417,1643.0014404678575,494.579801953725,60.05674702928208,42.133790191638326,28440.0,77275.0,339.32,115.0,0.8,0.2,0.0,0.0,C
38409,Saint-Just-de-Claix,ED,187.0,222.0,47.0,300.0,5.140110114564157,282.550427472229,857.3357360418921,241.113836485879,38.71031633584474,20.788889530424644,22080.0,77275.0,185.69,90.0,0.2,0.8,0.0,0.0,ED
38410,Saint-Lattier,ED,179.0,268.0,65.0,345.0,3.665833409008796,265.634198151586,877.5377520843149,324.828049764099,52.386314606162365,32.65815232366599,23550.0,77275.0,699.98,105.0,0.6,0.4,0.0,0.0,C
38412,Saint-Laurent-du-Pont,ED,649.0,818.0,182.0,850.0,2.9984279581874573,733.692007897898,2726.133464521122,1042.17452758097,44.77777815370322,28.95125928183789,23220.0,77275.0,504.84,245.0,0.2,0.8,0.0,0.0,ED
38413,Saint-Laurent-en-Beaumont,ED,87.0,88.0,24.0,115.0,24.083633891313244,72.5614829129663,250.9120342267709,95.5264828602638,45.23111586552413,24.087916982700705,23730.0,77275.0,630.29,20.0,0.4,0.6,0.0,0.0,ED
38414,Sainte-Luce,G,15.0,11.0,1.0,10.0,63.9470782800441,12.3,21.525,7.175,69.23076923076923,46.15384615384615,,77275.0,167.72,0.0,0.6,0.0,0.4,0.0,C
38415,Saint-Marcel-Bel-Accueil,C,186.0,415.0,85.0,290.0,1.294524650297597,286.040633025824,939.207171739242,281.752195234934,59.43911471436108,43.93654754295619,29880.0,77275.0,1239.47,60.0,0.8,0.2,0.0,0.0,C
38416,Saint-Marcellin,C,1142.0,1251.0,256.0,1173.0,2.033134941352515,1000.669247919693,4446.104415373547,2258.22633670676,44.57609172558226,27.827973751462714,20880.0,77275.0,130.6,700.0,0.4,0.6,0.0,0.0,ED
38417,Sainte-Marie-d'Alloix,C,69.0,126.0,19.0,116.0,2.991030099495491,86.6196106946959,302.8795916987305,94.5007976065736,62.568740406933,42.64780800260351,26430.0,77275.0,161.69,30.0,1.0,0.0,0.0,0.0,C
38418,Sainte-Marie-du-Mont,C,58.0,72.0,4.0,27.0,23.811723147850795,46.5344333921595,162.7033027480144,23.7622638598261,57.75772847739204,45.981880923749,25280.0,77275.0,72.27,15.0,0.6,0.2,0.2,0.0,C
38419,Saint-Martin-de-Clelles,C,44.0,54.0,8.0,33.0,22.624128342991344,27.0,99.0,58.0,60.0,37.24137931034483,21790.0,77275.0,367.74,15.0,0.4,0.0,0.6,0.0,G
38420,Saint-Martin-de-Vaulserre,C,43.0,84.0,11.0,54.0,13.470171055323464,36.6026213200757,146.1004499014595,58.2969287784648,54.48765952157281,39.08323449884198,26250.0,77275.0,154.53,10.0,0.6,0.4,0.0,0.0,C
38421,Saint-Martin-d'Hères,G,5618.0,3753.0,461.0,2950.0,1.3148521125698334,5821.6772273444485,27252.60142850608,4947.721344149463,51.83110113370882,36.2782046394878,21160.0,77275.0,23.82,,0.6,0.0,0.4,0.0,C
38422,Saint-Martin-d'Uriage,C,1047.0,1913.0,239.0,689.0,6.193878662850574,1043.54477378957,3379.38335404753,1089.0718721629,76.05060485109179,63.41371606327002,32610.0,77275.0,333.36,260.0,1.0,0.0,0.0,0.0,C
38423,Saint-Martin-le-Vinoux,G,1094.0,908.0,128.0,535.0,1.5454079940443046,1027.344027158284,3923.6722297180568,1005.983743123659,62.63945847282197,47.68229510038723,24020.0,77275.0,134.64,465.0,0.8,0.0,0.2,0.0,C
38424,Saint-Maurice-en-Trièves,ED,32.0,25.0,10.0,49.0,22.83072912200064,21.6034482758621,110.074712643678,47.3218390804599,41.891891891891774,24.99999999999995,22660.0,77275.0,346.98,15.0,0.0,0.8,0.2,0.0,ED
38425,Saint-Maurice-l'Exil,ED,891.0,807.0,156.0,1130.0,1.2632820650269554,1511.040881443699,4064.159641568228,1146.7994769880731,41.034281231220746,22.864266400004443,21420.0,77275.0,601.77,495.0,0.0,0.8,0.2,0.0,ED
38426,Saint-Maximin,C,132.0,156.0,20.0,146.0,4.629836132825183,115.702540507878,400.699652728144,155.597806763978,63.28484174917438,42.25753478320205,23650.0,77275.0,107.0,25.0,0.8,0.2,0.0,0.0,C
38427,Saint-Michel-de-Saint-Geoirs,C,47.0,72.0,17.0,65.0,8.791380576506722,47.5882956663045,189.8673841561735,52.544320177522,48.79561160281428,28.618350695495675,23370.0,77275.0,330.46,10.0,0.6,0.4,0.0,0.0,C
38428,Saint-Michel-en-Beaumont,G,22.0,15.0,3.0,12.0,72.44174265450857,3.87878787878788,20.36363636363636,7.75757575757576,34.482758620689694,17.241379310344847,,77275.0,250.37,0.0,0.4,0.2,0.4,0.0,C
38429,Saint-Michel-les-Portes,C,75.0,77.0,12.0,44.0,31.06121914224032,64.0652334526055,161.6222762816576,57.3124902657369,64.54237815916045,47.43817163200678,25720.0,77275.0,210.39,15.0,0.8,0.0,0.2,0.0,C
38430,Saint-Mury-Monteymond,C,75.0,76.0,14.0,66.0,8.458295184697164,73.3475180178809,208.91652541705,52.7359565650691,64.08493003113786,44.57640566486213,,77275.0,19.02,20.0,0.8,0.0,0.2,0.0,C
38431,Saint-Nazaire-les-Eymes,C,374.0,1070.0,162.0,435.0,1.1737089201877933,545.0,1767.0,701.0,77.62013729977116,63.89016018306636,34260.0,77275.0,187.81,115.0,1.0,0.0,0.0,0.0,C
38432,Saint-Nicolas-de-Macherin,C,176.0,267.0,39.0,173.0,2.1226415094339623,175.0,564.0,205.0,62.5,45.2247191011236,28530.0,77275.0,557.93,35.0,0.6,0.4,0.0,0.0,C
38433,Saint-Nizier-du-Moucherotte,C,277.0,328.0,38.0,111.0,11.052185307281952,224.538816867595,710.376769056142,197.084414076263,80.82231274390136,68.40917475754397,29830.0,77275.0,422.51,60.0,0.8,0.0,0.2,0.0,C
38434,Saint-Ondras,ED,84.0,121.0,29.0,135.0,6.191889367726985,122.742390010764,403.079484054706,135.17812593453,49.26623934307706,28.25348115741137,,77275.0,489.09,35.0,0.6,0.4,0.0,0.0,C
38435,Saint-Pancrasse,,,,,,,,,,,,,77275.0,,,0.4,0.6,0.0,0.0,ED
38436,Saint-Paul-de-Varces,C,344.0,681.0,89.0,498.0,0.9719222462203024,403.0,1274.0,535.0,67.12990936555892,50.8761329305136,30530.0,77275.0,91.3,90.0,1.0,0.0,0.0,0.0,C
38437,Saint-Paul-d'Izeaux,ED,45.0,59.0,12.0,74.0,7.399385871099569,49.1502997709428,178.5250707731327,75.3246294559245,50.37359961110399,28.306221759758728,25530.0,77275.0,716.94,10.0,0.4,0.6,0.0,0.0,ED
38438,Saint-Paul-lès-Monestier,C,53.0,71.0,16.0,46.0,17.61006289308176,67.0,162.0,55.0,67.16417910447761,48.75621890547264,26020.0,77275.0,519.28,15.0,1.0,0.0,0.0,0.0,C
38439,Crêts en Belledonne,C,579.0,681.0,105.0,655.0,5.129055868430182,719.824370156998,2143.937249636454,566.238380206548,57.82031884541913,38.652548482411184,24890.0,77275.0,654.31,205.0,0.8,0.2,0.0,0.0,C
38440,Saint-Pierre-de-Bressieux,C,70.0,214.0,43.0,135.0,5.216092132235631,147.48934286555,432.03544364425295,198.475213490197,53.044772525769154,31.31992734425212,24670.0,77275.0,450.79,45.0,0.4,0.6,0.0,0.0,ED
38442,Saint-Pierre-de-Chartreuse,G,306.0,285.0,53.0,138.0,54.48614325146104,154.984909453045,582.605835219352,197.409255327604,62.67594109747184,45.14670099798525,26630.0,77275.0,340.0,80.0,0.8,0.0,0.2,0.0,C
38443,Saint-Pierre-de-Chérennes,C,89.0,130.0,21.0,108.0,14.772727272727272,67.0,302.0,98.0,54.74254742547425,35.77235772357724,24440.0,77275.0,115.6,30.0,0.4,0.4,0.2,0.0,C
38444,Saint-Pierre-de-Méarotz,ED,28.0,29.0,4.0,38.0,31.708580307302764,16.2931034482759,61.55172413793101,27.1551724137931,31.86813186813191,9.89010989010989,,77275.0,21.94,10.0,0.2,0.8,0.0,0.0,ED
38445,Saint-Pierre-de-Mésage,ED,129.0,156.0,30.0,172.0,2.683879322863552,138.432344346333,473.266609267469,176.301046386197,54.923513796902526,34.603553133417485,26760.0,77275.0,7.15,40.0,0.4,0.6,0.0,0.0,ED
38446,Saint-Pierre-d'Entremont,C,119.0,136.0,32.0,104.0,42.75289864783462,106.563789102502,344.970733463118,124.46547743438,56.19494268885942,36.08472574788951,22830.0,77275.0,155.13,25.0,0.4,0.2,0.4,0.0,C
38448,Saint-Prim,C,149.0,350.0,67.0,338.0,2.27263762325311,299.667622921196,895.506765617122,258.825611461682,53.898988422819606,36.15313606792039,27870.0,77275.0,617.75,60.0,0.4,0.6,0.0,0.0,ED
38449,Saint-Quentin-Fallavier,ED,833.0,717.0,137.0,947.0,1.0633584404076208,1210.0,3905.0,1067.0,37.32300884955752,21.371681415929203,22550.0,77275.0,977.26,410.0,0.0,1.0,0.0,0.0,ED
38450,Saint-Quentin-sur-Isère,C,196.0,330.0,61.0,299.0,1.5968217994941754,321.795599870192,883.584452476458,266.61994765335,57.6783711615449,37.74520617127449,25640.0,77275.0,153.61,60.0,0.6,0.4,0.0,0.0,C
38451,Saint-Romain-de-Jalionas,ED,337.0,564.0,137.0,939.0,0.5874416322162055,641.204365808032,2059.953860697987,703.841773493981,48.539851744323805,29.89663523102981,26180.0,77275.0,380.69,200.0,0.4,0.6,0.0,0.0,ED
38452,Saint-Romain-de-Surieu,ED,61.0,88.0,16.0,117.0,1.1111111111111112,119.0,279.0,67.0,60.84142394822006,38.83495145631068,25080.0,77275.0,285.13,20.0,0.4,0.6,0.0,0.0,ED
38453,Saint-Romans,C,239.0,396.0,78.0,376.0,4.162592937866356,341.466946342144,1103.7493030364071,403.783750621449,48.712682760610925,28.54581816133821,23700.0,77275.0,1191.49,115.0,0.2,0.8,0.0,0.0,ED
38454,Saint-Sauveur,ED,245.0,357.0,65.0,393.0,1.8612960318612235,317.118045273459,1224.262898522545,566.619056203996,44.19441312904778,27.555694692352105,22410.0,77275.0,582.68,125.0,0.2,0.8,0.0,0.0,ED
38455,Saint-Savin,ED,490.0,858.0,209.0,970.0,1.252723311546841,822.0,2709.0,766.0,53.75356350966107,34.431422236300286,21900.0,77275.0,2059.78,225.0,0.4,0.6,0.0,0.0,ED
38456,Châtel en Trièves,G,128.0,124.0,27.0,79.0,23.949700349212463,70.0745393587562,281.6246587708178,139.300801870425,56.71949131789237,36.51444634183558,,77275.0,1139.7,25.0,0.4,0.0,0.6,0.0,G
38457,Saint-Siméon-de-Bressieux,ED,435.0,467.0,132.0,560.0,3.0663787135397453,610.183636091461,1771.0443301950036,725.772033713535,41.26489907391427,24.0117790895716,21040.0,77275.0,1076.92,230.0,0.2,0.8,0.0,0.0,ED
38458,Saint-Sorlin-de-Morestel,ED,67.0,97.0,32.0,159.0,4.847594483580816,105.761617391634,372.524177399081,134.714205209285,46.59032273606441,30.735496745528,24470.0,77275.0,475.58,30.0,0.4,0.6,0.0,0.0,ED
38459,Saint-Sorlin-de-Vienne,ED,100.0,194.0,63.0,244.0,1.530612244897959,190.0,588.0,189.0,53.59195402298851,32.758620689655174,26390.0,77275.0,378.34,45.0,0.2,0.8,0.0,0.0,ED
38460,Saint-Sulpice-des-Rivoires,C,66.0,103.0,28.0,94.0,8.876159993465498,70.8329419136014,269.41017923845084,86.7568788479467,46.22984143094614,27.74613170446158,24690.0,77275.0,866.6,20.0,0.2,0.8,0.0,0.0,ED
38462,Saint-Théoffrey,C,115.0,135.0,22.0,98.0,25.0,151.0,365.0,93.0,63.35697399527187,42.5531914893617,25270.0,77275.0,55.48,25.0,0.6,0.2,0.2,0.0,C
38463,Saint-Vérand,C,265.0,406.0,72.0,337.0,1.886485546623513,298.862396346292,959.5214311376042,464.616172516104,51.49096666025088,32.37748454230728,,77275.0,622.04,100.0,0.4,0.6,0.0,0.0,ED
38464,Saint-Victor-de-Cessieu,ED,232.0,355.0,106.0,531.0,3.1216361679224973,423.0,1370.0,377.0,45.22613065326633,26.695979899497484,24610.0,77275.0,1575.67,150.0,0.2,0.8,0.0,0.0,ED
38465,Saint-Victor-de-Morestel,ED,152.0,187.0,47.0,308.0,4.872769074876827,220.496294799379,708.3056191356479,213.198086064973,47.86674603732642,25.841296813144552,23890.0,77275.0,766.71,70.0,0.0,1.0,0.0,0.0,ED
38466,Saint-Vincent-de-Mercuze,C,237.0,481.0,98.0,240.0,3.5412634488386727,242.368816993657,848.0866418858091,429.544541120534,68.10882075077679,54.1976615032288,29770.0,77275.0,819.19,60.0,1.0,0.0,0.0,0.0,C
38467,Salagnon,ED,147.0,284.0,46.0,388.0,2.842919883777415,316.827015504934,987.218644016933,179.954340478133,48.84088484822897,30.127974343199043,26000.0,77275.0,250.77,90.0,0.0,1.0,0.0,0.0,ED
38468,Salaise-sur-Sanne,ED,692.0,680.0,117.0,848.0,0.7755090975488965,871.107809540138,2660.708751805212,1016.18343865465,43.00495798966656,22.862759466708084,22200.0,77275.0,438.0,335.0,0.0,1.0,0.0,0.0,ED
38469,La Salette-Fallavaux,ED,19.0,35.0,8.0,41.0,74.24242424242425,5.0,65.0,12.0,55.26315789473685,32.89473684210527,,77275.0,126.08,5.0,0.6,0.2,0.2,0.0,C
38470,La Salle-en-Beaumont,ED,63.0,57.0,17.0,99.0,29.0433595252575,56.7531750173323,191.0306037977324,99.2162211849353,40.19589183618648,20.72663527298258,22110.0,77275.0,250.33,20.0,0.2,0.8,0.0,0.0,ED
38471,Le Sappey-en-Chartreuse,C,292.0,389.0,41.0,110.0,14.64793868731356,278.37461010701,729.2080881526879,146.417301740302,85.71968997441446,75.59394991218507,31410.0,77275.0,185.52,65.0,0.8,0.0,0.2,0.0,C
38472,Sarcenas,G,69.0,63.0,7.0,18.0,13.512898235104537,52.8634361233478,154.18502202643108,42.9515418502201,76.24999999999993,61.24999999999996,30770.0,77275.0,,10.0,0.8,0.0,0.2,0.0,C
38473,Sardieu,ED,128.0,169.0,65.0,287.0,3.3174671428661098,258.941983968698,749.388016479577,175.669999551725,45.40902118142773,23.735650638358173,22550.0,77275.0,1170.8,85.0,0.2,0.8,0.0,0.0,ED
38474,Sassenage,C,1597.0,2495.0,371.0,1942.0,2.3510072896715,1927.017282288175,7178.633353012704,2473.34936469912,56.15631415175344,38.63367249803276,25750.0,77275.0,84.3,670.0,1.0,0.0,0.0,0.0,C
38475,Satolas-et-Bonce,ED,256.0,486.0,100.0,674.0,1.0416666666666663,547.0,1644.0,349.0,55.629506378258455,36.882972823072656,28190.0,77275.0,1128.51,120.0,0.4,0.6,0.0,0.0,ED
38476,Savas-Mépin,ED,90.0,153.0,39.0,272.0,1.971830985915493,167.0,549.0,163.0,46.11801242236025,25.931677018633543,25080.0,77275.0,730.43,40.0,0.2,0.8,0.0,0.0,ED
38478,Séchilienne,ED,184.0,180.0,29.0,225.0,15.593220338983052,193.0,614.0,197.0,48.09782608695652,28.940217391304344,24000.0,77275.0,200.9,50.0,0.4,0.6,0.0,0.0,ED
38479,Semons,ED,212.0,387.0,105.0,504.0,7.181943543397742,435.189506224995,1275.8428611498,373.967632625205,52.99861365160714,31.64569246730387,,77275.0,1582.02,115.0,0.4,0.6,0.0,0.0,ED
38480,Septème,ED,212.0,402.0,81.0,601.0,1.7545189727280308,395.001181839094,1374.271245395086,383.72757276582,48.73292018238013,30.1657322003734,26630.0,77275.0,687.37,105.0,0.0,1.0,0.0,0.0,ED
38481,Sérézin-de-la-Tour,ED,126.0,241.0,47.0,262.0,0.6292832490447456,245.408600143958,718.956241176679,169.635158679363,61.10821429956738,44.420512145651934,26240.0,77275.0,745.98,50.0,0.4,0.6,0.0,0.0,ED
38483,Sermérieu,ED,219.0,331.0,79.0,436.0,3.906653019396917,289.718038890855,1057.42267765971,294.859283449435,46.95462263659326,27.06401642869819,24760.0,77275.0,653.73,95.0,0.0,1.0,0.0,0.0,ED
38484,Serpaize,ED,248.0,424.0,68.0,480.0,1.0688836104513064,493.0,1283.0,324.0,60.19021739130434,43.75,27130.0,77275.0,704.29,70.0,0.4,0.6,0.0,0.0,ED
38485,Seyssinet-Pariset,C,1867.0,2456.0,376.0,1714.0,1.3303672675757567,1760.5964423452865,7116.208650077198,2907.194907577517,57.09372991171693,40.18536771433611,24820.0,77275.0,2.0,710.0,1.0,0.0,0.0,0.0,C
38486,Seyssins,C,1103.0,2203.0,306.0,1150.0,1.3044684984734944,1447.0,4571.0,2069.0,66.61676646706587,51.54690618762475,29300.0,77275.0,0.76,460.0,1.0,0.0,0.0,0.0,C
38487,Seyssuel,C,269.0,566.0,99.0,410.0,1.3322333089727978,402.320163584377,1297.8480342110129,467.83180220461,63.26418357969165,44.49348127994689,29130.0,77275.0,474.52,80.0,0.8,0.2,0.0,0.0,C
38488,Siccieu-Saint-Julien-et-Carisieu,ED,82.0,125.0,39.0,127.0,8.14369309676954,118.062421652689,386.3501332612895,96.5874450860215,56.43495045357226,40.01999302833463,26590.0,77275.0,516.52,40.0,0.8,0.0,0.2,0.0,C
38489,Siévoz,G,41.0,30.0,1.0,20.0,22.426937174401097,24.1804511278195,78.58646616541361,31.2330827067669,46.15384615384618,30.76923076923078,22430.0,77275.0,255.78,10.0,0.4,0.4,0.2,0.0,C
38490,Sillans,ED,246.0,387.0,69.0,436.0,1.703701141980959,360.394007093959,1182.195405217943,380.410587688098,48.25417711970043,30.00910349896064,24440.0,77275.0,756.16,110.0,0.2,0.8,0.0,0.0,ED
38492,Sinard,C,158.0,159.0,22.0,101.0,11.154980403388922,161.195924965775,445.894754716652,111.909320317573,65.7867184117483,46.921080652269815,26930.0,77275.0,546.39,25.0,0.8,0.2,0.0,0.0,C
38494,Soleymieu,ED,84.0,173.0,47.0,224.0,7.675803759091528,163.143080120477,533.93774757357,151.919172305953,52.88927061433337,32.45913196941074,25950.0,77275.0,441.57,60.0,0.2,0.8,0.0,0.0,ED
38495,La Sône,ED,89.0,108.0,21.0,120.0,6.7751768904911165,120.910166212195,353.71805660077,139.371777187035,45.72877621001496,27.555080632354542,21560.0,77275.0,133.56,45.0,0.6,0.4,0.0,0.0,C
38496,Sonnay,ED,159.0,235.0,61.0,344.0,4.152988439910709,214.065395004622,795.95327375065,244.981331244728,50.8831076660266,28.97033497032561,25140.0,77275.0,863.65,65.0,0.2,0.8,0.0,0.0,ED
38497,Sousville,ED,19.0,40.0,10.0,48.0,5.193524045569746,22.3076923076922,80.1048951048944,42.5874125874124,50.43478260869577,27.826086956521788,22950.0,77275.0,949.6,5.0,0.2,0.8,0.0,0.0,ED
38498,Succieu,ED,106.0,137.0,40.0,194.0,2.8125,164.0,492.0,118.0,56.552962298025136,38.06104129263914,26540.0,77275.0,311.18,35.0,0.6,0.4,0.0,0.0,C
38499,Susville,ED,188.0,135.0,41.0,282.0,4.866712960883636,181.323768979815,750.846715206776,215.829515813409,35.80602894524537,17.992670705400368,20310.0,77275.0,176.48,75.0,0.0,1.0,0.0,0.0,ED
38500,Têche,ED,80.0,99.0,29.0,140.0,1.153846153846154,125.0,338.0,136.0,53.00925925925925,31.712962962962965,22980.0,77275.0,208.71,30.0,0.0,1.0,0.0,0.0,ED
38501,Tencin,ED,264.0,353.0,71.0,370.0,1.6613501114043718,511.501500354132,1378.376720877689,242.121778768179,58.395681894018736,38.534571828389566,25480.0,77275.0,159.17,85.0,0.6,0.4,0.0,0.0,C
38503,La Terrasse,C,451.0,642.0,96.0,441.0,3.3417659653047447,439.290183932868,1539.4996472876142,484.210168779518,63.49303325770839,48.33339015451328,28580.0,77275.0,68.04,130.0,1.0,0.0,0.0,0.0,C
38504,Theys,C,405.0,595.0,113.0,368.0,10.62864327678605,365.360481747688,1244.540189275918,404.099328976394,61.80898028181663,48.41495796758596,28260.0,77275.0,898.42,120.0,0.6,0.4,0.0,0.0,C
38505,Thodure,C,109.0,176.0,28.0,169.0,5.447490963051395,154.282459832409,474.68081317391,160.03672699368,45.17531657020662,25.050051729504013,22690.0,77275.0,1414.49,45.0,0.4,0.6,0.0,0.0,ED
38507,Tignieu-Jameyzieu,ED,1009.0,1187.0,210.0,1537.0,1.405301820504631,1815.0,4852.0,1277.0,49.044011544011546,30.717893217893216,24340.0,77275.0,684.09,520.0,0.6,0.4,0.0,0.0,C
38508,Torchefelon,C,108.0,176.0,28.0,166.0,2.16039373963308,206.432516232985,508.318374675118,108.249109091896,55.69004303977546,37.406177722709984,24750.0,77275.0,318.62,45.0,0.6,0.4,0.0,0.0,C
38509,La Tour-du-Pin,ED,912.0,1002.0,244.0,1100.0,1.6631890485696552,1480.046924880331,4909.507041634975,1733.446033484704,42.4560077255798,26.305427006243875,19150.0,77275.0,179.6,705.0,0.0,0.8,0.2,0.0,ED
38511,Le Touvet,C,517.0,790.0,136.0,550.0,2.8554438781974163,581.036330973152,1950.0550833211817,583.908585705666,60.91794716413885,45.252816710769366,28170.0,77275.0,101.36,140.0,1.0,0.0,0.0,0.0,C
38512,Tramolé,C,80.0,205.0,39.0,138.0,3.445976762832867,193.773476564606,494.5265536871881,113.699969748207,63.893084836424805,46.31654472471482,26820.0,77275.0,341.71,35.0,0.8,0.2,0.0,0.0,C
38513,Treffort,C,42.0,85.0,14.0,38.0,14.50381679389313,53.0,162.0,43.0,64.02116402116403,43.91534391534391,25880.0,77275.0,46.94,10.0,0.6,0.2,0.2,0.0,C
38514,Tréminis,G,66.0,48.0,16.0,40.0,46.75324675324675,28.0,101.0,72.0,56.54761904761904,30.95238095238096,20340.0,77275.0,937.11,10.0,0.4,0.0,0.6,0.0,G
38515,Trept,ED,224.0,407.0,83.0,502.0,4.195804195804196,435.0,1325.0,337.0,53.805774278215225,33.59580052493438,25590.0,77275.0,675.56,100.0,0.0,1.0,0.0,0.0,ED
38516,La Tronche,C,903.0,1567.0,248.0,517.0,3.3120609573460738,989.831440302394,4229.288315866464,1227.880243831142,76.20636505303463,65.39505388837414,30000.0,77275.0,,335.0,1.0,0.0,0.0,0.0,C
38517,Tullins,C,1192.0,1374.0,219.0,1233.0,1.0111223458038423,1235.0,4686.0,1736.0,50.06029285099053,32.592592592592595,23390.0,77275.0,1180.31,620.0,0.8,0.2,0.0,0.0,C
38518,Valbonnais,C,99.0,152.0,24.0,96.0,34.80081306931877,75.5058086160716,280.7366572708914,157.757534113036,44.307361901956526,24.3255639032071,22910.0,77275.0,580.32,30.0,0.2,0.8,0.0,0.0,ED
38519,Valencin,ED,277.0,614.0,110.0,695.0,0.9181969949916527,585.0,1905.0,407.0,57.76487663280116,40.44508950169328,28430.0,77275.0,318.45,120.0,0.8,0.2,0.0,0.0,C
38520,Valencogne,C,68.0,172.0,27.0,136.0,3.75,124.0,440.0,117.0,49.69939879759519,27.85571142284569,24750.0,77275.0,572.77,35.0,0.2,0.8,0.0,0.0,ED
38521,La Valette,G,20.0,20.0,1.0,8.0,22.16690374585111,7.52941176470588,33.88235294117652,22.5882352941176,52.63157894736853,33.333333333333414,,77275.0,128.67,5.0,0.2,0.2,0.6,0.0,G
38522,Valjouffrey,C,50.0,54.0,12.0,38.0,63.48684210526315,6.0,74.0,87.0,53.5031847133758,31.84713375796178,21260.0,77275.0,255.36,10.0,0.6,0.2,0.2,0.0,C
38523,Varacieux,ED,100.0,190.0,34.0,228.0,6.356847097161743,164.83545508826,518.284518409472,180.880026502268,50.87159834931973,30.595515836615,23370.0,77275.0,585.14,45.0,0.0,0.8,0.2,0.0,ED
38524,Varces-Allières-et-Risset,C,921.0,1559.0,266.0,1361.0,1.4065402067261332,1249.054363016573,5839.012981224454,1225.932655758973,56.10470934924382,30.874935522029105,26780.0,77275.0,712.32,365.0,1.0,0.0,0.0,0.0,C
38525,Vasselin,ED,54.0,79.0,24.0,120.0,5.357142857142857,89.0,278.0,95.0,48.13753581661891,30.65902578796561,25520.0,77275.0,217.27,25.0,0.4,0.6,0.0,0.0,ED
38526,Vatilieu,C,61.0,116.0,21.0,79.0,7.2666914624327905,63.8324587932316,203.602179436605,99.5653617701634,61.28647194276135,39.3513157354542,26080.0,77275.0,423.31,25.0,0.8,0.2,0.0,0.0,C
38527,Vaujany,C,60.0,140.0,13.0,105.0,81.52216528823448,50.665385371631,229.64544348254003,71.689171145829,64.78181272928306,38.46370460368769,25150.0,77275.0,167.25,25.0,0.8,0.0,0.2,0.0,C
38528,Vaulnaveys-le-Bas,C,197.0,333.0,33.0,270.0,10.129538537613092,280.811708322779,846.8943723483121,251.293919328909,64.8204359371626,49.35191517592863,28710.0,77275.0,278.09,65.0,0.8,0.2,0.0,0.0,C
38529,Vaulnaveys-le-Haut,C,538.0,1173.0,190.0,666.0,4.775413711583925,767.0,2406.0,845.0,69.548999660902,54.52695829094608,29360.0,77275.0,187.94,180.0,1.0,0.0,0.0,0.0,C
38530,Vaulx-Milieu,C,305.0,548.0,87.0,514.0,1.1432262564173727,475.665376888693,1560.655152785725,458.679470325582,54.4231018075733,38.13671366029844,26530.0,77275.0,315.35,130.0,1.0,0.0,0.0,0.0,C
38531,Velanne,ED,80.0,111.0,23.0,113.0,8.100761034273084,116.963222512441,341.260273740058,109.776503747501,54.590031066524766,36.25890498485929,24490.0,77275.0,589.51,40.0,0.4,0.6,0.0,0.0,ED
38532,Vénérieu,ED,63.0,192.0,38.0,219.0,6.164362107648428,256.358893530301,594.544477569532,124.096628900166,64.11100921577683,44.52031844028799,28370.0,77275.0,455.91,40.0,0.6,0.4,0.0,0.0,C
38533,Venon,C,170.0,232.0,36.0,97.0,2.21606648199446,165.0,488.0,183.0,79.37293729372938,68.97689768976898,24890.0,77275.0,105.28,30.0,0.8,0.0,0.2,0.0,C
38535,Vernas,ED,48.0,48.0,12.0,55.0,5.151370032804426,61.2469168105089,167.5877390243055,37.1653441651856,52.97362503310024,27.05988381794418,24420.0,77275.0,184.31,25.0,0.6,0.4,0.0,0.0,C
38536,Vernioz,ED,159.0,304.0,65.0,360.0,1.8243797614481647,305.166585674988,944.618415325021,253.214998999991,54.39078715939086,34.23272573018454,26580.0,77275.0,694.35,65.0,0.4,0.6,0.0,0.0,ED
38537,La Verpillière,ED,912.0,1049.0,190.0,1193.0,1.268870571216239,1597.9106402879509,4791.066074062776,1254.023285649282,50.83626952359693,31.489875050552264,22960.0,77275.0,295.85,615.0,0.4,0.6,0.0,0.0,ED
38538,Le Versoud,C,693.0,1135.0,162.0,826.0,0.6957081704466042,995.85407615389,3106.874713944703,837.271209901407,58.805005689348654,40.48116897038861,26690.0,77275.0,154.67,230.0,1.0,0.0,0.0,0.0,C
38539,Vertrieu,ED,93.0,106.0,27.0,166.0,12.326906110417168,119.094799896478,388.40995518278464,97.4952449207374,48.97296583264952,27.7449514720187,25150.0,77275.0,224.41,35.0,0.2,0.8,0.0,0.0,ED
38540,Veurey-Voroize,C,204.0,333.0,59.0,276.0,2.006191675583765,241.527165986094,863.9698857991591,286.502948214747,55.4936365967354,37.706941645563255,27510.0,77275.0,72.9,70.0,0.6,0.4,0.0,0.0,C
38542,Veyssilieu,C,56.0,102.0,16.0,84.0,15.758267361874308,58.6924896061431,208.9174996525369,56.39001074132,58.88221173787813,41.42919581352068,28970.0,77275.0,112.0,10.0,0.8,0.2,0.0,0.0,C
38543,Vézeronce-Curtin,ED,221.0,372.0,82.0,589.0,4.176115369915889,419.513313805584,1310.6162553131871,486.870430881229,42.29076011248521,22.375999562732424,23630.0,77275.0,810.75,145.0,0.0,1.0,0.0,0.0,ED
38544,Vienne,C,4411.0,4770.0,976.0,3550.0,1.6096784077236703,5659.672538559065,19476.748577434515,6418.5788840064415,52.98849286542988,36.802018020348335,21320.0,77275.0,258.45,,0.8,0.0,0.2,0.0,C
38545,Vif,C,1207.0,1883.0,303.0,1797.0,1.510658809668492,1502.971476290658,5326.675425998748,1727.353097710605,54.82851381821136,36.28910652953783,26090.0,77275.0,615.21,430.0,0.8,0.2,0.0,0.0,C
38546,Vignieu,ED,119.0,170.0,40.0,248.0,5.817280240824065,169.417369441353,617.837018152736,173.745612405912,43.471301437299445,25.45077081162071,24970.0,77275.0,394.62,50.0,0.2,0.6,0.2,0.0,ED
38547,Villard-Bonnot,C,1230.0,1322.0,199.0,1115.0,1.0054183791841402,1430.599310579368,4705.367940236552,1309.032749184061,50.88317814517455,34.00086480430448,24600.0,77275.0,254.59,445.0,0.6,0.4,0.0,0.0,C
38548,Villard-de-Lans,C,818.0,1380.0,223.0,729.0,64.42911877394636,634.0,2544.0,1187.0,63.21501906717513,44.20651217365796,24730.0,77275.0,1037.58,380.0,1.0,0.0,0.0,0.0,C
38549,Villard-Notre-Dame,G,12.0,9.0,4.0,5.0,42.61770403436362,2.2608695652174,15.8260869565218,7.9130434782609,70.0,44.99999999999999,,77275.0,,0.0,0.8,0.0,0.2,0.0,C
38550,Villard-Reculas,C,19.0,41.0,8.0,10.0,88.40624322889514,11.9610606382249,43.2438346151209,14.7951047466542,78.36225923030767,53.262131125396806,,77275.0,47.97,5.0,0.6,0.0,0.4,0.0,C
38551,Villard-Reymond,G,15.0,4.0,4.0,3.0,70.93728257628482,7.7179487179487,22.051282051282,13.2307692307692,66.66666666666666,43.33333333333333,,77275.0,0.78,0.0,0.6,0.0,0.4,0.0,C
38552,Villard-Saint-Christophe,C,76.0,91.0,15.0,88.0,10.599078341013826,73.0,245.0,80.0,57.4750830564784,41.52823920265781,25040.0,77275.0,394.4,20.0,0.6,0.2,0.2,0.0,C
38553,Villefontaine,G,2969.0,1882.0,323.0,2030.0,1.017918165066795,4806.377532837878,12199.989966613331,2011.6325005487804,45.69237883395267,26.25988961417199,19690.0,77275.0,1.38,,0.2,0.4,0.4,0.0,ED
38554,Villemoirieu,C,232.0,469.0,85.0,397.0,3.4883046788633782,342.588002264043,1152.095337694745,395.316660041212,57.87792374426628,38.94617634872017,28030.0,77275.0,710.81,100.0,0.6,0.4,0.0,0.0,C
38555,Villeneuve-de-Marc,ED,109.0,230.0,44.0,265.0,4.314733240266701,226.648998705595,705.2759779436151,230.07502335079,42.58371712096833,23.37947119737877,24290.0,77275.0,776.82,55.0,0.0,1.0,0.0,0.0,ED
38556,Ville-sous-Anjou,ED,117.0,261.0,48.0,306.0,2.8222630012615264,172.548369230833,681.743498106786,324.708132662381,46.699033356766414,28.79842826947497,26090.0,77275.0,1163.77,55.0,0.0,1.0,0.0,0.0,ED
38557,Villette-d'Anthon,ED,380.0,1067.0,192.0,1224.0,9.01477627372152,1093.04523397923,3075.2537935279297,1071.70097249284,56.76310715574046,39.971435043417294,29300.0,77275.0,1439.19,220.0,0.6,0.4,0.0,0.0,C
38558,Villette-de-Vienne,C,208.0,479.0,80.0,454.0,1.7596604401302298,408.322755563401,1253.296419383092,317.380825053507,63.77248283456349,46.04154453679945,29440.0,77275.0,383.24,80.0,0.8,0.2,0.0,0.0,C
38559,Vinay,ED,568.0,747.0,155.0,861.0,2.135487349289113,796.369583134928,2625.270563071792,1027.35985379328,42.62642857722357,24.85422020855941,22630.0,77275.0,662.51,270.0,0.2,0.8,0.0,0.0,ED
38560,Virieu,ED,209.0,272.0,58.0,294.0,4.557640750670242,242.0,917.0,375.0,47.44341994970662,28.08046940486169,,77275.0,1020.86,100.0,0.2,0.8,0.0,0.0,ED
38561,Viriville,ED,198.0,289.0,60.0,319.0,4.545223448862052,344.095067593871,1023.791979680106,336.112952726023,40.52883364320741,19.127588933731133,20970.0,77275.0,1319.87,135.0,0.0,1.0,0.0,0.0,ED
38562,Vizille,G,1146.0,1051.0,156.0,1125.0,1.4518837560235525,1277.15431186345,4404.471285653596,1634.374402482954,40.91811455227604,23.698693818237608,22530.0,77275.0,27.32,505.0,0.2,0.6,0.2,0.0,ED
38563,Voiron,C,3337.0,4241.0,749.0,2602.0,1.4890703933981635,3662.554090968407,12904.072214370128,5037.373694661467,52.50872963827939,36.684338127800665,23110.0,77275.0,837.65,,0.8,0.0,0.2,0.0,C
38564,Voissant,C,24.0,61.0,7.0,43.0,9.931735065247082,39.3541673517475,133.977075062643,62.6687575856095,45.0545712834543,29.36010118404161,23050.0,77275.0,134.56,15.0,0.6,0.4,0.0,0.0,C
38565,Voreppe,C,1524.0,2177.0,378.0,1417.0,1.430138897503802,1756.402251761256,5867.833967540004,2220.763780698741,59.93245413776963,43.57982736747434,26480.0,77275.0,426.99,575.0,1.0,0.0,0.0,0.0,C
38566,Vourey,C,260.0,465.0,65.0,295.0,1.084001906966905,268.146548230172,1026.1833535941032,399.670098175725,56.68386651914204,41.06133027978533,26840.0,77275.0,371.7,95.0,0.8,0.2,0.0,0.0,C
38567,Chamrousse,C,80.0,163.0,34.0,93.0,92.86636575316976,77.6821167346236,295.8925345040521,64.4253487613243,59.96462095699041,39.14629531164545,21620.0,77275.0,,85.0,1.0,0.0,0.0,0.0,C
42001,Aboën,ED,76.0,68.0,21.0,141.0,11.95219123505976,109.0,287.0,87.0,51.76470588235295,28.23529411764705,23450.0,41138.0,162.34,25.0,0.8,0.2,0.0,0.0,C
42002,Ailleux,ED,19.0,37.0,4.0,48.0,19.061655213783947,36.424418604651,84.2965116279064,58.2790697674416,38.1679389312976,23.66412213740451,21430.0,41138.0,404.46,10.0,0.6,0.4,0.0,0.0,C
42003,Ambierle,C,363.0,408.0,73.0,397.0,7.237518645917477,323.741173725644,1119.06915600577,434.189670268586,46.12449251619085,27.30714953930346,22250.0,41138.0,748.38,130.0,0.6,0.4,0.0,0.0,C
42004,Amions,,,,,,,,,,,,,41138.0,,,0.4,0.4,0.2,0.0,C
42005,Andrézieux-Bouthéon,C,1106.0,1765.0,315.0,1550.0,1.1883415164904367,1906.595290060068,6179.840126885405,2225.5645830545272,45.39077587846233,27.61750485925411,,41138.0,163.84,870.0,0.6,0.4,0.0,0.0,C
42006,Apinac,C,51.0,99.0,25.0,84.0,27.836222253792283,60.7875925551285,239.43867283303547,123.773734611836,51.38356532533591,28.089515307852142,20230.0,41138.0,744.21,25.0,0.6,0.4,0.0,0.0,C
42007,Arcinges,C,25.0,48.0,20.0,43.0,26.010753143389422,49.2268518518519,135.6249999999999,32.1481481481482,58.86075949367072,36.07594936708849,22400.0,41138.0,109.01,10.0,0.4,0.4,0.2,0.0,C
42008,Arcon,ED,20.0,24.0,9.0,28.0,26.121377401497885,17.2549019607843,63.62745098039221,29.1176470588235,41.66666666666666,17.857142857142854,17840.0,41138.0,567.98,5.0,0.6,0.4,0.0,0.0,C
42009,Arthun,ED,86.0,83.0,26.0,148.0,8.574800781926367,83.9492787552231,319.82779313101094,122.222928113766,43.90024901396334,23.00353512404393,22570.0,41138.0,596.79,35.0,0.2,0.8,0.0,0.0,ED
42010,Aveizieux,C,174.0,396.0,105.0,333.0,3.395989276926783,372.413700214854,1064.548525064978,256.037774720168,61.62298889354824,42.25730596823814,25590.0,41138.0,854.24,65.0,0.6,0.2,0.2,0.0,C
42011,Balbigny,ED,296.0,468.0,113.0,668.0,3.546166810616243,525.511972373701,1561.06852758612,761.419500040179,35.13560008407194,18.68514589187531,21020.0,41138.0,865.29,205.0,0.4,0.6,0.0,0.0,ED
42012,Bard,C,128.0,159.0,53.0,104.0,9.341667877726126,134.59123630637,416.415407731025,134.993355962605,53.14984057833675,33.09751693011181,24550.0,41138.0,579.0,35.0,0.6,0.4,0.0,0.0,C
42013,Bellegarde-en-Forez,ED,194.0,379.0,107.0,423.0,3.554481410533456,397.926722142771,1177.330187794089,428.74309006314,47.26692808990997,28.45789831932888,23510.0,41138.0,927.82,100.0,0.8,0.2,0.0,0.0,C
42014,Belleroche,ED,36.0,60.0,13.0,61.0,33.75186818105304,64.8398295959035,173.44967053812042,74.7104998659761,40.95293678959517,22.84920234807384,21650.0,41138.0,566.11,20.0,0.4,0.6,0.0,0.0,ED
42015,Belmont-de-la-Loire,C,173.0,320.0,70.0,299.0,20.22073569726397,194.830565452496,744.0213667856099,490.148067761894,33.63937502778566,18.04873901129693,21760.0,41138.0,1212.01,80.0,0.4,0.4,0.2,0.0,C
42016,La Bénisson-Dieu,ED,51.0,83.0,25.0,134.0,8.319310581373948,95.6951364552629,235.4761610717524,93.8287024729847,41.769088279484656,25.03111554496576,21860.0,41138.0,197.17,20.0,0.2,0.8,0.0,0.0,ED
42017,Le Bessat,C,85.0,120.0,32.0,86.0,24.293785310734464,111.0,295.0,119.0,67.79220779220779,44.41558441558441,25170.0,41138.0,,30.0,0.8,0.0,0.2,0.0,C
42018,Bessey,C,50.0,101.0,16.0,101.0,8.68056063980082,107.44665899695,292.35274727496096,65.200593728089,50.59971477361863,28.195340916054423,24840.0,41138.0,230.53,25.0,0.4,0.6,0.0,0.0,ED
42019,Boën-sur-Lignon,ED,414.0,583.0,123.0,602.0,2.29631705657468,393.699365376247,1566.716212514353,1056.5844221094,30.971986327630987,16.64615527032201,19810.0,41138.0,70.32,245.0,0.2,0.8,0.0,0.0,ED
42020,Boisset-lès-Montrond,ED,120.0,241.0,61.0,317.0,2.376237623762376,268.0,762.0,184.0,54.1958041958042,34.26573426573427,,41138.0,396.75,70.0,0.2,0.8,0.0,0.0,ED
42021,Boisset-Saint-Priest,C,180.0,270.0,46.0,256.0,6.939568866173159,266.187446334984,807.007296722255,210.805256942761,46.36794484465928,27.72328282999749,24240.0,41138.0,1425.87,70.0,0.4,0.6,0.0,0.0,ED
42022,Bonson,ED,487.0,849.0,148.0,934.0,1.2169445240544894,957.047530062203,2500.080429830587,1020.87204010721,44.62366277425312,25.481729006473376,24020.0,41138.0,6.74,280.0,0.0,1.0,0.0,0.0,ED
42023,Bourg-Argental,ED,446.0,570.0,144.0,585.0,6.353609147712317,461.995324319652,1668.5857671737272,789.418908506621,44.80721731250491,27.19074283064959,21940.0,41138.0,583.99,185.0,0.4,0.6,0.0,0.0,ED
42025,Boyer,C,24.0,48.0,17.0,27.0,2.67931284810588,36.8101765429124,133.32321291341938,25.8666105436682,47.9385038875712,27.27474376044774,24290.0,41138.0,622.35,5.0,0.6,0.4,0.0,0.0,C
42026,Briennon,ED,212.0,354.0,65.0,359.0,1.6451416974677644,273.060187045949,986.5425352061789,458.397277747872,36.92206202999368,19.30721049238736,23000.0,41138.0,1850.45,90.0,0.2,0.8,0.0,0.0,ED
42027,Bully,ED,59.0,70.0,24.0,119.0,19.401707964194628,80.4601304163496,252.21678612802737,100.323083455623,51.31870632119634,30.86459223060313,22390.0,41138.0,688.49,30.0,0.4,0.6,0.0,0.0,ED
42028,Burdignes,G,99.0,88.0,17.0,53.0,18.180223255729,77.0527616432081,232.5745007484909,99.372737608301,54.04973949123203,31.63867829847156,19950.0,41138.0,1085.2,25.0,0.4,0.4,0.2,0.0,C
42029,Bussières,ED,202.0,247.0,60.0,310.0,7.291981589507246,267.839968332663,853.938811321409,409.221220345928,38.2762828951693,21.575617855718384,,41138.0,1075.48,80.0,0.2,0.8,0.0,0.0,ED
42030,Bussy-Albieux,ED,73.0,98.0,22.0,125.0,6.737607051584492,112.941046971115,316.087467229837,112.971485799048,42.082907918809134,23.21038139100083,20350.0,41138.0,1499.2,35.0,0.2,0.8,0.0,0.0,ED
42031,Caloire,ED,38.0,84.0,11.0,93.0,11.89381055969501,53.3331433757778,201.04267650432928,67.6241801198929,64.72845996158347,47.75801323716128,29190.0,41138.0,8.19,20.0,0.8,0.2,0.0,0.0,C
42032,Cellieu,C,167.0,423.0,84.0,404.0,1.3084362110678789,334.065185512527,1022.872131891049,362.062682596424,59.60346613055368,40.462208128943466,26190.0,41138.0,372.5,80.0,0.8,0.2,0.0,0.0,C
42033,Le Cergne,ED,61.0,130.0,42.0,153.0,6.821500553055951,96.6278072181334,376.4346903280956,140.937502453771,41.309450658486746,21.436697045959686,24150.0,41138.0,,50.0,0.0,1.0,0.0,0.0,ED
42034,Cervières,C,18.0,31.0,11.0,17.0,40.14795727525863,9.16666666666667,60.50000000000003,29.3333333333333,47.87234042553186,29.787234042553184,20180.0,41138.0,211.82,5.0,0.2,0.4,0.4,0.0,ED
42035,Cezay,ED,24.0,31.0,8.0,55.0,14.814621273482617,33.6761904761905,138.6666666666666,35.6571428571429,44.720496894409806,27.32919254658378,21330.0,41138.0,584.8,15.0,0.4,0.6,0.0,0.0,ED
42036,Chagnon,C,77.0,112.0,31.0,107.0,2.575107296137339,97.0,343.0,82.0,57.326478149100254,39.0745501285347,25240.0,41138.0,166.07,30.0,1.0,0.0,0.0,0.0,C
42037,Chalain-d'Uzore,C,68.0,183.0,51.0,163.0,2.3616997745862527,128.535762243328,430.420501144531,109.043736612141,50.941004702886325,31.96776326162431,25150.0,41138.0,394.02,40.0,0.6,0.4,0.0,0.0,C
42038,Chalain-le-Comtal,ED,67.0,173.0,51.0,175.0,1.2012012012012012,130.0,497.0,113.0,49.36936936936937,30.27027027027028,24030.0,41138.0,1404.49,55.0,0.4,0.6,0.0,0.0,ED
42039,Chalmazel-Jeansagnière,C,74.0,156.0,31.0,83.0,60.24049615496211,42.5094197204245,230.3216029979885,175.168977281586,35.36297086283095,19.16741789372552,18760.0,41138.0,1132.43,30.0,0.6,0.2,0.2,0.0,C
42040,La Chamba,C,11.0,32.0,1.0,11.0,52.07290922087206,5.61702127659574,21.531914893617056,16.8510638297872,63.15789473684204,36.84210526315786,,41138.0,73.86,5.0,0.6,0.2,0.2,0.0,C
42041,Chambéon,ED,60.0,105.0,39.0,136.0,4.216042066741797,154.609703623842,400.3579013124437,98.0323950637143,53.677020429890135,30.372225117782627,23220.0,41138.0,1003.73,35.0,0.4,0.6,0.0,0.0,ED
42042,Chambles,C,143.0,269.0,52.0,248.0,12.003877529553687,218.805402911931,655.6406936514161,196.553903436653,58.79892714832229,41.365598816283146,27140.0,41138.0,795.42,45.0,0.8,0.2,0.0,0.0,C
42043,Chamboeuf,C,200.0,519.0,118.0,344.0,1.404234476960869,326.924146594754,1078.1999492969862,376.87590410826,65.35378065361833,46.545537554986666,,41138.0,831.91,65.0,1.0,0.0,0.0,0.0,C
42044,Le Chambon-Feugerolles,G,1906.0,1247.0,236.0,1892.0,1.6184502247496224,2455.910946298994,6936.019025296672,2915.070028404344,31.00904853330709,16.349212005976746,18610.0,41138.0,336.26,,0.0,0.2,0.8,0.0,G
42045,La Chambonie,G,12.0,11.0,3.0,12.0,53.333333333333336,3.0,24.0,12.0,26.47058823529412,11.76470588235294,,41138.0,20.53,0.0,0.4,0.4,0.2,0.0,C
42046,Champdieu,C,225.0,430.0,87.0,399.0,3.28001578014847,357.747124056378,1221.992668294845,455.260207648777,49.43384429202966,31.37965783833633,23940.0,41138.0,1058.06,115.0,0.6,0.4,0.0,0.0,C
42047,Champoly,C,67.0,74.0,15.0,41.0,26.00816053873582,52.3987074325982,181.82295581284583,80.7783367545549,46.408074227531,26.20644963398092,21100.0,41138.0,443.52,25.0,0.4,0.2,0.4,0.0,C
42048,Chandon,C,188.0,312.0,76.0,290.0,2.3810731179353053,256.576822706525,817.479048171365,365.94412912211,43.95794644759345,23.96419671847457,,41138.0,1042.9,75.0,0.6,0.4,0.0,0.0,C
42049,Changy,ED,71.0,115.0,25.0,175.0,6.198381820779743,145.78294975185,402.151386312403,132.065663935747,35.42305164146329,18.72377400381418,21430.0,41138.0,1837.9,30.0,0.4,0.6,0.0,0.0,ED
42050,La Chapelle-en-Lafaye,C,23.0,38.0,6.0,34.0,39.47270240019897,18.8623188405797,73.463768115942,44.6739130434783,49.10714285714312,24.107142857142986,21350.0,41138.0,103.63,5.0,0.6,0.2,0.2,0.0,C
42051,La Chapelle-Villars,ED,70.0,116.0,23.0,119.0,6.867891461235367,97.3243744350845,357.2326310244494,78.4429945404671,66.88938982710393,44.42980237498826,26280.0,41138.0,279.24,15.0,0.6,0.4,0.0,0.0,C
42052,Charlieu,C,498.0,696.0,126.0,498.0,2.913719780314642,490.905492277323,2133.891686564457,1078.20282115822,36.489864671491134,21.16689265889936,20420.0,41138.0,184.0,300.0,0.2,0.8,0.0,0.0,ED
42053,Châteauneuf,ED,227.0,312.0,78.0,424.0,2.4157477580803723,323.903574238445,1000.3311340292362,375.765291732319,55.408788308536586,33.84430992750303,,41138.0,521.02,75.0,0.4,0.6,0.0,0.0,ED
42054,Châtelneuf,ED,35.0,75.0,23.0,80.0,1.2314990178140122,76.9077484188263,232.78737512811333,44.3048764530603,47.80876417357258,28.211303945224987,25710.0,41138.0,545.79,25.0,0.8,0.2,0.0,0.0,C
42055,Châtelus,C,16.0,38.0,5.0,34.0,13.6656166513816,32.7857142857143,81.9642857142857,20.25,60.41666666666667,35.4166666666667,18420.0,41138.0,181.44,5.0,0.8,0.0,0.2,0.0,C
42056,Chavanay,ED,344.0,539.0,112.0,573.0,3.425271714298538,494.832876798439,1811.0942756159152,580.072847585646,52.17727481471567,31.17044209808448,24760.0,41138.0,483.77,195.0,0.8,0.2,0.0,0.0,C
42058,Chazelles-sur-Lavieu,ED,49.0,51.0,12.0,67.0,38.988711786489965,28.6843134387982,173.8777638201895,52.4379227410123,54.89056220396219,34.70139431363698,22090.0,41138.0,442.45,30.0,0.4,0.2,0.4,0.0,C
42059,Chazelles-sur-Lyon,C,647.0,1089.0,246.0,1010.0,1.3856657129894396,863.531111086903,3259.5543040300463,1383.91458488305,41.01158272266497,22.121171469222176,21810.0,41138.0,1658.77,350.0,0.6,0.4,0.0,0.0,C
42060,Chenereilles,ED,94.0,90.0,25.0,131.0,18.09966679270324,123.081576869295,322.4389348917634,90.4794882389416,60.95532692699798,35.377850611900364,24550.0,41138.0,425.78,25.0,0.4,0.4,0.2,0.0,C
42061,Cherier,ED,72.0,96.0,34.0,150.0,15.259740259740258,94.0,311.0,117.0,38.5,22.5,19350.0,41138.0,1705.56,35.0,0.2,0.6,0.2,0.0,ED
42062,Chevrières,C,146.0,285.0,53.0,221.0,6.442105271107931,243.202801195849,752.983252883325,158.813945920826,62.40316746827187,39.01272739223814,24630.0,41138.0,906.94,50.0,0.4,0.4,0.2,0.0,C
42063,Chirassimont,ED,41.0,84.0,26.0,102.0,10.461909721773266,60.4024324220213,243.277767028511,84.3198005494687,41.301849326468535,19.55377671743225,22760.0,41138.0,1041.81,25.0,0.0,1.0,0.0,0.0,ED
42064,Chuyer,C,98.0,198.0,54.0,182.0,7.544296003353865,134.888428185658,482.47435732232,133.637214492022,53.47380818297053,36.32745747485514,26590.0,41138.0,726.45,30.0,0.8,0.2,0.0,0.0,C
42065,Civens,C,170.0,399.0,85.0,298.0,2.2885637847577303,264.029445028768,843.715701101019,342.254853870213,48.42920511795805,30.35600165467261,25340.0,41138.0,1065.15,80.0,0.4,0.6,0.0,0.0,ED
42066,Cleppé,ED,57.0,124.0,31.0,139.0,8.572204400524546,98.7744733399006,327.2933558018564,128.932170858243,51.91999229007676,36.33937371001023,23710.0,41138.0,950.61,25.0,0.6,0.4,0.0,0.0,C
42067,Colombier,ED,56.0,58.0,18.0,82.0,16.853090496251944,54.3601698301347,187.65462612972,52.9852040401453,43.45488763784108,25.209183645397804,21280.0,41138.0,660.79,25.0,0.4,0.6,0.0,0.0,ED
42068,Combre,ED,37.0,65.0,27.0,124.0,3.446758265244212,94.332315224218,267.9372174203814,50.7304673554006,37.31453277108333,18.18068583016859,23370.0,41138.0,153.08,15.0,0.0,1.0,0.0,0.0,ED
42069,Commelle-Vernay,C,344.0,753.0,143.0,601.0,1.0069713400464757,559.0,1668.0,814.0,48.82608695652174,29.695652173913047,24710.0,41138.0,439.38,140.0,0.8,0.2,0.0,0.0,C
42070,Cordelle,ED,101.0,173.0,29.0,212.0,6.666666666666667,185.0,580.0,179.0,44.36619718309859,26.197183098591548,22350.0,41138.0,1158.14,45.0,0.2,0.8,0.0,0.0,ED
42071,Le Coteau,C,742.0,1316.0,255.0,1184.0,1.5643517421189856,864.0,3601.0,2428.0,36.6707724793243,21.41474573288756,20710.0,41138.0,75.36,575.0,0.4,0.6,0.0,0.0,ED
42072,La Côte-en-Couzan,G,22.0,17.0,0.0,12.0,,10.65625,31.96875,19.375,24.52830188679245,13.20754716981132,,41138.0,,,0.0,0.8,0.2,0.0,ED
42073,Cottance,ED,88.0,147.0,26.0,162.0,8.415632227327961,161.565850060078,459.440406984731,131.993742955191,45.48979915080508,23.76670104471654,21560.0,41138.0,892.7,45.0,0.2,0.8,0.0,0.0,ED
42074,Coutouvre,C,101.0,239.0,65.0,191.0,3.787731107753805,187.582870308523,587.625062972345,291.792066719132,38.8380621320748,22.17175054971625,22660.0,41138.0,1856.64,60.0,0.2,0.8,0.0,0.0,ED
42075,Craintilleux,ED,131.0,294.0,48.0,305.0,0.9244282769431188,262.212489159844,847.071763082288,227.715747757868,55.97507184077457,33.764157367973986,25200.0,41138.0,349.14,60.0,0.4,0.6,0.0,0.0,ED
42076,Cremeaux,C,96.0,234.0,52.0,173.0,10.944398618230242,144.222681746852,534.525103125544,234.252215127605,42.59295618913313,20.660288966203183,21280.0,41138.0,2540.03,40.0,0.8,0.2,0.0,0.0,C
42077,Croizet-sur-Gand,ED,44.0,50.0,11.0,57.0,4.223101869702473,74.4046374364869,184.2067429606653,56.3886196028478,46.225890093949296,22.91957292005421,,41138.0,601.78,20.0,0.2,0.8,0.0,0.0,ED
42078,Le Crozet,ED,26.0,54.0,12.0,69.0,15.24193903291505,28.6574943139322,141.2990689328814,70.0434367531864,27.158515923024567,14.1908781042474,21410.0,41138.0,911.13,15.0,0.2,0.8,0.0,0.0,ED
42079,Cuinzier,ED,62.0,113.0,23.0,169.0,10.698527272939089,157.543364285533,428.5949391051889,118.861696609277,34.80262202673854,15.94383527642353,21780.0,41138.0,419.47,35.0,0.0,1.0,0.0,0.0,ED
42081,Cuzieu,ED,141.0,342.0,76.0,376.0,1.3364176256379994,297.82101954707,944.7648706501728,253.414109802757,52.54096843949845,32.67262538581619,25670.0,41138.0,968.92,70.0,0.2,0.8,0.0,0.0,ED
42082,Dancé,,,,,,,,,,,,,41138.0,,,0.4,0.4,0.2,0.0,C
42083,Dargoire,C,81.0,130.0,25.0,98.0,0.9569377990430622,109.0,306.0,108.0,56.8,40.8,27540.0,41138.0,239.67,20.0,1.0,0.0,0.0,0.0,C
42084,Débats-Rivière-d'Orpra,ED,31.0,22.0,7.0,40.0,17.841570389357152,25.8375,92.41875,40.74375,32.25806451612903,18.548387096774192,22510.0,41138.0,434.55,25.0,0.4,0.6,0.0,0.0,ED
42085,Doizieux,ED,123.0,183.0,43.0,242.0,11.816192560175056,155.0,541.0,165.0,54.361370716510905,35.3582554517134,24650.0,41138.0,363.5,45.0,0.8,0.0,0.2,0.0,C
42086,Ecoche,ED,74.0,117.0,18.0,121.0,23.20263893606892,80.0103653043404,304.9774727430066,130.012161952653,48.60392859434144,27.273833858765563,,41138.0,443.26,30.0,0.2,0.8,0.0,0.0,ED
42087,Ecotay-l'Olme,C,168.0,418.0,97.0,202.0,3.7983131279666864,213.2144411298,700.111292255857,385.674266614343,61.72893669637391,41.72916236117577,,41138.0,45.04,55.0,1.0,0.0,0.0,0.0,C
42088,Epercieux-Saint-Paul,C,70.0,176.0,45.0,155.0,2.326198513621885,140.417519568395,468.039962062113,136.542518369493,44.82694318147373,23.44919177917197,,41138.0,753.73,50.0,0.2,0.8,0.0,0.0,ED
42089,Essertines-en-Châtelneuf,C,108.0,196.0,36.0,120.0,9.822065619032964,107.651561665208,406.941953329886,145.406485004906,50.49987445575793,37.678378818798045,25270.0,41138.0,632.42,35.0,0.8,0.2,0.0,0.0,C
42090,Essertines-en-Donzy,ED,56.0,92.0,36.0,106.0,9.63855421686747,99.0,292.0,88.0,43.6950146627566,23.46041055718475,22850.0,41138.0,586.03,30.0,0.2,0.8,0.0,0.0,ED
42091,Estivareilles,ED,67.0,146.0,38.0,214.0,24.203046589343664,123.541314887499,428.90530767284,156.553377439661,43.50488322159711,21.747545043917142,23010.0,41138.0,726.59,40.0,0.2,0.8,0.0,0.0,ED
42092,L'Etrat,C,268.0,729.0,163.0,561.0,2.523675951841906,423.584972074661,1647.595001122043,748.820026803296,59.80707718266917,41.73098286456853,,41138.0,107.67,170.0,0.8,0.2,0.0,0.0,C
42093,Farnay,C,196.0,387.0,62.0,285.0,0.895792236677393,245.129950758594,800.901138181491,311.968911059915,54.72519440008827,39.27804803083268,28690.0,41138.0,313.1,45.0,1.0,0.0,0.0,0.0,C
42094,Feurs,C,778.0,1479.0,412.0,1314.0,2.0482437182248425,1190.31454890843,4517.615896904685,2662.069554186886,34.65775126090022,20.19970736328272,20980.0,41138.0,1350.08,560.0,0.4,0.6,0.0,0.0,ED
42095,Firminy,G,2634.0,1897.0,358.0,2522.0,1.3623135992648538,3041.3717812869,9444.087141864253,4642.541076848856,35.092335705904176,17.231824766784605,19020.0,41138.0,4.15,,0.2,0.2,0.6,0.0,G
42096,Fontanès,C,91.0,159.0,43.0,129.0,3.1269126585976283,135.107016069322,429.35849184725606,121.534492083423,53.49049474751095,31.466474098040813,23230.0,41138.0,627.89,25.0,0.4,0.6,0.0,0.0,ED
42097,La Fouillouse,C,457.0,1123.0,240.0,1002.0,1.341375162287393,783.185402519788,2732.308742312902,1127.50585516731,58.43472599693597,39.86290982231768,26800.0,41138.0,784.23,260.0,1.0,0.0,0.0,0.0,C
42098,Fourneaux,ED,103.0,130.0,23.0,134.0,8.602683191829353,80.9777411284222,372.2785724726149,113.743686398964,39.729102262390334,22.812533073346263,22020.0,41138.0,888.75,30.0,0.4,0.4,0.2,0.0,C
42099,Fraisses,ED,574.0,645.0,138.0,774.0,1.3526777240224397,669.477209205507,2282.2991839732417,873.223606821251,48.25104511003397,27.97925850159543,23530.0,41138.0,18.19,250.0,0.4,0.6,0.0,0.0,ED
42100,La Gimond,C,33.0,83.0,19.0,68.0,4.269271597942244,64.2455378091634,161.4434363436336,52.311025847203,50.34080150692355,35.43626194291993,,41138.0,279.85,10.0,0.4,0.4,0.2,0.0,C
42101,Graix,C,34.0,38.0,5.0,30.0,29.30860629006036,18.520325203252,84.9756097560977,30.5040650406503,48.979591836734734,34.69387755102039,20770.0,41138.0,140.43,15.0,0.6,0.0,0.4,0.0,C
42102,Grammond,C,111.0,256.0,63.0,138.0,6.250269785319104,200.492771624534,523.735381584901,160.771846790565,49.28717144273509,28.65995743006452,,41138.0,698.46,30.0,0.8,0.2,0.0,0.0,C
42103,La Grand-Croix,ED,674.0,636.0,127.0,778.0,0.6372325898953117,978.0,2976.0,997.0,40.14743407995464,22.738871562234195,,41138.0,4.79,450.0,0.0,0.8,0.2,0.0,ED
42104,La Gresle,ED,83.0,171.0,43.0,176.0,14.1855605289272,166.097895703002,494.646275517591,188.255828779407,36.642551874914766,20.267377448110167,22640.0,41138.0,1093.91,45.0,0.6,0.4,0.0,0.0,C
42105,Grézieux-le-Fromental,ED,14.0,21.0,6.0,70.0,3.296703296703297,78.0,147.0,28.0,62.0253164556962,36.70886075949368,24080.0,41138.0,552.5,15.0,0.4,0.6,0.0,0.0,ED
42106,Grézolles,ED,28.0,59.0,10.0,63.0,22.10735875722822,28.3337712613364,127.0817438324304,80.5844849062332,37.93174967014792,21.31391680192436,21430.0,41138.0,405.22,10.0,0.2,0.8,0.0,0.0,ED
42107,Gumières,ED,67.0,59.0,10.0,75.0,29.382828769367592,62.4409648597121,187.487118630791,69.0719165094969,50.363832435466506,24.55144452136697,22250.0,41138.0,499.79,25.0,0.2,0.6,0.2,0.0,ED
42108,L'Hôpital-le-Grand,ED,108.0,181.0,40.0,310.0,3.032123647462057,235.851337333161,686.753278716526,150.395383950313,52.17928270431954,31.86405602289169,,41138.0,804.01,70.0,0.6,0.4,0.0,0.0,C
42109,L'Hôpital-sous-Rochefort,ED,17.0,18.0,8.0,35.0,,7.85185185185186,61.833333333333336,36.3148148148148,38.29787234042551,15.957446808510642,19660.0,41138.0,,,0.4,0.6,0.0,0.0,ED
42110,L'Horme,ED,537.0,644.0,142.0,809.0,0.5474789604418325,914.613810011405,2876.696525868465,1076.68966412012,36.47519444338022,19.903282886209706,21200.0,41138.0,34.68,400.0,0.2,0.8,0.0,0.0,ED
42112,Jarnosse,ED,83.0,75.0,21.0,110.0,13.034545215413818,79.8117993849307,237.96350733202465,79.2246932830457,43.11256044195788,24.2342906659257,22950.0,41138.0,643.32,35.0,0.2,0.8,0.0,0.0,ED
42113,Jas,ED,41.0,57.0,9.0,62.0,3.4789795578098643,42.837386085714,144.6029652614967,52.5596486527893,47.42862207109084,30.858012597383645,22800.0,41138.0,254.06,15.0,0.6,0.4,0.0,0.0,C
42115,Jonzieux,C,157.0,259.0,68.0,215.0,10.58877787086909,253.432137455399,698.930249251214,276.637613293387,47.25925256667472,27.56089039598504,23810.0,41138.0,532.49,60.0,0.6,0.4,0.0,0.0,C
42116,Juré,C,19.0,72.0,17.0,65.0,20.6896551724138,32.0,153.0,60.0,42.364532019704434,21.182266009852217,21020.0,41138.0,594.57,10.0,0.2,0.6,0.2,0.0,ED
42117,Lavieu,ED,17.0,33.0,4.0,37.0,28.204273778725657,22.2,70.4608695652174,18.3391304347826,55.421686746988,31.325301204819272,22770.0,41138.0,65.49,5.0,0.6,0.4,0.0,0.0,C
42118,Lay,ED,96.0,140.0,26.0,173.0,6.139303334954073,148.10038970602,421.776492030997,194.123118262982,45.3972752815535,27.25352624875525,22450.0,41138.0,1110.71,35.0,0.2,0.8,0.0,0.0,ED
42119,Leigneux,C,55.0,78.0,17.0,69.0,9.345683758877524,55.3446715565457,213.54332375689364,92.1120046865607,38.5186193432162,22.46088507319559,20840.0,41138.0,356.96,25.0,0.2,0.8,0.0,0.0,ED
42120,Lentigny,ED,204.0,383.0,84.0,392.0,2.2304830366541366,359.44754239157,1024.191426976378,410.361030632052,46.65298792616937,28.345652495852782,23910.0,41138.0,288.3,90.0,0.2,0.8,0.0,0.0,ED
42121,Lérigneux,C,24.0,43.0,18.0,26.0,33.26584196378417,28.1595092024539,112.6380368098151,29.20245398773,44.9152542372882,25.42372881355936,22840.0,41138.0,357.4,10.0,0.4,0.6,0.0,0.0,ED
42122,Lézigneux,C,239.0,505.0,95.0,329.0,4.04522360808401,339.837294772376,1087.329139241719,319.833565985905,57.07991925521482,36.42879048543141,26250.0,41138.0,603.97,90.0,0.8,0.2,0.0,0.0,C
42123,Lorette,ED,679.0,602.0,119.0,860.0,0.4389136890480433,937.797399376784,2794.819329774456,1163.38327084876,42.51815802767523,22.92455611978306,21450.0,41138.0,35.41,435.0,0.0,0.8,0.2,0.0,ED
42124,Lupé,C,47.0,81.0,21.0,63.0,3.8674607054919687,48.1439378821783,213.6135427761068,45.2425193417149,47.14984026102053,31.97990209416134,24780.0,41138.0,8.45,15.0,0.6,0.4,0.0,0.0,C
42125,Luré,C,10.0,40.0,9.0,30.0,20.19086871539576,13.0955882352941,85.625,38.2794117647059,40.54054054054059,26.12612612612617,21130.0,41138.0,406.94,5.0,0.2,0.6,0.2,0.0,ED
42126,Luriecq,ED,163.0,223.0,54.0,272.0,12.209378875554371,252.967369880693,785.499226970099,215.533403149208,49.18645938840967,27.161132659668606,23100.0,41138.0,801.52,75.0,0.6,0.4,0.0,0.0,C
42127,Mably,C,1059.0,1361.0,233.0,1321.0,0.8199038733389878,1151.0,3779.0,2316.0,34.50230251505491,19.075451647183847,21680.0,41138.0,2032.51,530.0,0.4,0.6,0.0,0.0,ED
42128,Machézal,ED,58.0,75.0,30.0,88.0,12.083822810851826,74.6899969111705,247.2385992869005,79.071403801929,44.32151892225038,22.34271003659965,21010.0,41138.0,687.2,30.0,0.4,0.4,0.2,0.0,C
42129,Maclas,C,302.0,369.0,71.0,334.0,3.3092601515296223,321.070526162502,1097.7888823934538,448.140591444044,41.860827664543685,25.079495869353696,23600.0,41138.0,199.13,115.0,0.4,0.6,0.0,0.0,ED
42130,Magneux-Haute-Rive,ED,53.0,115.0,21.0,148.0,3.112937950053356,143.009258457125,368.0449675653184,48.9457739775576,55.98966073508874,30.55379886580137,24100.0,41138.0,1046.96,30.0,0.4,0.6,0.0,0.0,ED
42131,Maizilly,C,50.0,68.0,18.0,60.0,9.080456037622566,63.1094557613055,182.5441988052605,76.346345433434,41.81753915775364,25.38257380069974,20870.0,41138.0,307.01,25.0,0.2,0.8,0.0,0.0,ED
42132,Malleval,C,89.0,142.0,34.0,126.0,10.709052732447804,108.816900561072,385.525030434784,124.658069004144,55.233065411313774,35.78591140658459,25740.0,41138.0,224.84,35.0,0.8,0.0,0.2,0.0,C
42133,Marcenod,ED,64.0,134.0,43.0,197.0,3.1673453138429783,144.009918514362,448.0236770823276,87.9664044033094,47.81553621211232,26.05452758348783,24500.0,41138.0,692.81,35.0,0.6,0.4,0.0,0.0,C
42134,Marcilly-le-Châtel,C,171.0,339.0,70.0,258.0,6.35658969041353,291.108796894939,871.4788894927718,232.412313612289,46.52160372905554,28.105879838322345,23650.0,41138.0,746.4,80.0,0.6,0.4,0.0,0.0,C
42135,Marclopt,C,37.0,169.0,31.0,137.0,0.9055522992289544,95.4206137318873,363.44215242452697,91.1372338435867,50.534657764620526,31.79260943047427,26760.0,41138.0,725.31,25.0,0.6,0.4,0.0,0.0,C
42136,Marcoux,ED,104.0,163.0,43.0,178.0,5.899036812847536,145.443039283084,459.3874805307861,178.169480186131,42.72622510801736,24.81314190530353,24140.0,41138.0,596.42,60.0,0.0,1.0,0.0,0.0,ED
42137,Margerie-Chantagret,ED,100.0,130.0,48.0,208.0,3.792145617384044,174.80344469699,530.0419508407849,136.154604462225,49.50483875786057,30.17284332978193,23750.0,41138.0,514.44,65.0,0.6,0.4,0.0,0.0,C
42138,Maringes,C,78.0,147.0,46.0,142.0,4.545454545454546,136.0,431.0,112.0,52.68595041322314,31.818181818181817,22430.0,41138.0,775.23,35.0,0.6,0.4,0.0,0.0,C
42139,Marlhes,C,170.0,364.0,83.0,254.0,20.10903960812875,190.893667082892,790.778682499712,356.327650417396,53.12498999210295,31.582139590879304,24990.0,41138.0,1593.29,60.0,0.4,0.6,0.0,0.0,ED
42140,Marols,C,68.0,109.0,29.0,89.0,17.820891982253563,97.1612549071696,265.3868201182789,97.4519249745515,43.09679843781261,25.091634001105227,23700.0,41138.0,485.53,35.0,0.6,0.2,0.2,0.0,C
42141,Mars,C,78.0,126.0,33.0,109.0,9.474710466545874,102.930486958583,327.501572940719,129.567940100697,45.88450088278093,27.735763661510543,17900.0,41138.0,906.31,30.0,0.6,0.0,0.4,0.0,C
42142,Merle-Leignec,ED,56.0,60.0,30.0,75.0,27.41935483870968,51.0,178.0,97.0,50.965250965250966,32.432432432432435,22690.0,41138.0,314.1,25.0,0.2,0.8,0.0,0.0,ED
42143,Mizérieux,ED,46.0,95.0,28.0,119.0,12.05549718517142,144.282046063582,307.8501270893054,84.8678268471126,48.1140215622721,28.740494408050832,25430.0,41138.0,477.78,30.0,0.2,0.8,0.0,0.0,ED
42145,Montagny,ED,100.0,201.0,49.0,284.0,4.021007125875033,197.609232293595,627.92802175377,274.462745952635,36.7601010223031,20.48983521150018,22250.0,41138.0,1480.11,65.0,0.0,1.0,0.0,0.0,ED
42146,Montarcher,C,16.0,29.0,5.0,20.0,52.71395004193115,7.11111111111114,31.492063492063657,25.3968253968255,53.84615384615381,30.769230769230795,,41138.0,66.06,5.0,0.8,0.2,0.0,0.0,C
42147,Montbrison,C,1960.0,3109.0,698.0,2447.0,3.16712650436657,2592.473180604987,9559.608661584129,3945.918157810896,44.71591066207516,26.25912265971594,22210.0,41138.0,298.36,,0.6,0.2,0.2,0.0,C
42148,Montchal,ED,72.0,90.0,24.0,105.0,18.19998375655319,98.6582320557708,306.3095884732782,102.032179470951,45.784254044164975,26.303292330156008,20980.0,41138.0,490.55,30.0,0.4,0.6,0.0,0.0,ED
42149,Montrond-les-Bains,ED,462.0,1122.0,248.0,1198.0,1.7364657814096014,933.0,3125.0,1597.0,44.94845360824743,26.09392898052692,,41138.0,310.6,335.0,0.2,0.8,0.0,0.0,ED
42150,Montverdun,ED,158.0,239.0,60.0,274.0,4.074702886247878,249.0,741.0,297.0,43.89989572471325,24.817518248175183,22750.0,41138.0,542.6,75.0,0.2,0.8,0.0,0.0,ED
42151,Mornand-en-Forez,ED,35.0,75.0,27.0,93.0,7.106598984771575,77.0,264.0,85.0,43.729903536977496,22.508038585209004,,41138.0,1886.15,15.0,0.2,0.8,0.0,0.0,ED
42152,Nandax,C,63.0,125.0,33.0,104.0,1.9692396406778143,129.128445118034,369.2038574167305,65.6676974652355,50.13551482681954,32.30776201458612,,41138.0,835.41,25.0,0.6,0.4,0.0,0.0,C
42153,Neaux,ED,62.0,102.0,19.0,110.0,7.882317113092409,101.186057197897,277.8817355371464,99.9322072649556,41.04303808421986,23.536550684101133,21930.0,41138.0,1072.76,40.0,0.0,1.0,0.0,0.0,ED
42154,Néronde,ED,67.0,87.0,23.0,93.0,13.48973607038123,86.0,264.0,132.0,48.209366391184574,26.997245179063363,,41138.0,296.27,30.0,0.4,0.4,0.2,0.0,C
42155,Nervieux,ED,90.0,197.0,49.0,290.0,5.021095868162863,201.004793283422,624.913889307649,210.081317408929,41.90906778931942,25.306435187049743,22920.0,41138.0,694.76,65.0,0.0,1.0,0.0,0.0,ED
42156,Neulise,ED,119.0,245.0,68.0,260.0,4.395105508043556,256.060427370305,736.699815571571,363.239757058124,43.75323727357504,24.64642861283968,22010.0,41138.0,1675.32,70.0,0.0,1.0,0.0,0.0,ED
42157,Noailly,ED,100.0,170.0,44.0,186.0,3.3061460092627297,175.138326988451,481.174268530969,157.68740448058,45.82578473037071,21.46631197841221,22260.0,41138.0,1217.35,40.0,0.0,1.0,0.0,0.0,ED
42158,Les Noës,C,27.0,48.0,15.0,48.0,26.32854286198889,45.5619047619048,122.8190476190476,39.6190476190476,46.79487179487173,26.9230769230769,20940.0,41138.0,80.91,15.0,0.4,0.0,0.6,0.0,G
42159,Noirétable,C,202.0,372.0,83.0,321.0,16.952380952380953,221.0,878.0,488.0,38.82352941176471,22.745098039215687,21330.0,41138.0,1075.7,75.0,1.0,0.0,0.0,0.0,C
42160,Nollieux,ED,12.0,39.0,14.0,40.0,9.709085148676747,36.4157894736842,100.3894736842106,50.1947368421052,43.165467625899154,23.741007194244528,22370.0,41138.0,464.24,10.0,0.2,0.8,0.0,0.0,ED
42161,Notre-Dame-de-Boisset,ED,79.0,129.0,40.0,133.0,2.4883917506604982,114.490777960727,355.45752258985306,103.05169944942,50.9546257416752,33.10544545826135,27820.0,41138.0,505.13,35.0,0.2,0.8,0.0,0.0,ED
42162,Ouches,ED,119.0,240.0,70.0,323.0,3.5233808294114084,194.537974324321,675.3182265862749,280.143799089404,41.18502505159282,23.26474967716049,23330.0,41138.0,1048.94,60.0,0.4,0.6,0.0,0.0,ED
42163,La Pacaudière,ED,105.0,182.0,58.0,238.0,6.4199032797487305,169.36235227896,538.4147983558,362.22284936524,31.1615404116305,16.325214516768874,20260.0,41138.0,1467.91,70.0,0.0,1.0,0.0,0.0,ED
42164,Palogneux,ED,8.0,15.0,7.0,21.0,41.507430997876895,14.2058823529412,36.5294117647058,18.2647058823529,42.00000000000001,22.0,,41138.0,110.72,0.0,0.4,0.6,0.0,0.0,ED
42165,Panissières,ED,341.0,573.0,129.0,583.0,6.940754955039721,481.616014424206,1567.9231245004305,832.460861075364,34.59452859602972,18.780168166227725,21930.0,41138.0,1463.79,155.0,0.2,0.8,0.0,0.0,ED
42166,Parigny,C,61.0,142.0,31.0,137.0,1.5625415399026537,146.029396827856,370.71837048603,110.252232686113,48.00014514608301,28.649596067155407,23820.0,41138.0,823.07,35.0,0.8,0.2,0.0,0.0,C
42167,Pavezin,ED,57.0,79.0,14.0,82.0,5.6513728919473945,87.3528388989782,227.498753089416,84.1484080116058,49.59847583846406,33.40450698435639,24130.0,41138.0,83.13,30.0,0.8,0.2,0.0,0.0,C
42168,Pélussin,C,668.0,774.0,190.0,710.0,6.056411463479208,603.539577439926,2162.6776276213564,898.782794938718,51.679772885300245,32.89790167119169,23860.0,41138.0,1026.53,240.0,0.8,0.2,0.0,0.0,C
42169,Périgneux,ED,214.0,315.0,81.0,384.0,10.528097162423784,337.892770462043,1012.433932300344,250.673297237613,52.93254650851895,30.0445314193216,24340.0,41138.0,1514.84,100.0,0.6,0.4,0.0,0.0,C
42170,Perreux,ED,218.0,468.0,100.0,471.0,2.7448219582358235,378.630370167352,1195.2073718305985,531.16225800205,52.09062686113968,32.679308998181554,24820.0,41138.0,3732.57,105.0,0.6,0.4,0.0,0.0,C
42171,Pinay,C,27.0,76.0,20.0,62.0,12.679140656734484,51.6029093170439,154.8964831800869,78.5006075028692,43.42974343724553,23.07369644108343,21120.0,41138.0,315.75,15.0,0.2,0.8,0.0,0.0,ED
42172,Planfoy,C,176.0,275.0,48.0,170.0,9.07716960918009,235.741698329147,624.349260320871,211.909041349982,70.08669867990562,53.103767700792304,27480.0,41138.0,316.56,50.0,1.0,0.0,0.0,0.0,C
42173,Pommiers,ED,31.0,72.0,26.0,85.0,14.259667650705357,76.9037818048122,203.21535059159632,90.8808676035915,44.06060188504161,22.919444933570347,24070.0,41138.0,2100.59,25.0,0.6,0.4,0.0,0.0,C
42174,Poncins,ED,104.0,272.0,46.0,302.0,6.504041392251681,277.753515234781,776.332635372275,213.913849392944,53.67216871184111,34.868642357775464,25050.0,41138.0,659.41,75.0,0.6,0.4,0.0,0.0,C
42175,Pouilly-lès-Feurs,C,158.0,297.0,48.0,275.0,3.6489863659669934,214.577536131753,717.955567588524,264.466896279723,42.32229186415015,24.74273815534312,23450.0,41138.0,588.49,70.0,0.0,1.0,0.0,0.0,ED
42176,Pouilly-les-Nonains,C,233.0,482.0,90.0,426.0,1.8936455004404096,426.565458233889,1226.1343795012162,512.300162264895,48.906111208682304,29.13506822384533,23440.0,41138.0,833.49,115.0,0.6,0.4,0.0,0.0,C
42177,Pouilly-sous-Charlieu,ED,281.0,497.0,78.0,609.0,1.1551167599748988,432.428193955326,1433.448534116454,718.12327192822,33.96069212203929,16.432210323074234,21400.0,41138.0,1341.8,175.0,0.2,0.8,0.0,0.0,ED
42178,Pradines,ED,82.0,202.0,55.0,226.0,4.319671386814876,196.10544852611,549.765227802048,156.129323671843,57.085739351143104,36.70137760168444,,41138.0,939.53,40.0,0.6,0.2,0.2,0.0,C
42179,Pralong,C,109.0,219.0,47.0,211.0,2.6179497599525736,138.192933737921,545.000484088627,167.806582173451,48.270762213698944,27.5506517038744,26440.0,41138.0,440.63,55.0,0.6,0.4,0.0,0.0,C
42180,Précieux,ED,111.0,185.0,44.0,242.0,2.1586612938079144,215.814331090196,648.18986244968,175.995806460124,46.52421359088103,24.90127065188786,23750.0,41138.0,1348.23,70.0,0.4,0.6,0.0,0.0,ED
42181,Régny,ED,203.0,232.0,51.0,261.0,3.730445246690734,284.0,774.0,389.0,34.78664192949908,18.645640074211503,19930.0,41138.0,1121.5,100.0,0.2,0.8,0.0,0.0,ED
42182,Renaison,C,405.0,809.0,190.0,638.0,4.228733677610606,536.191416774993,1767.4761113628742,916.332471862133,44.5391556706609,26.744701179687887,23970.0,41138.0,594.3,180.0,0.8,0.2,0.0,0.0,C
42183,La Ricamarie,G,1334.0,585.0,101.0,728.0,0.4452892985761341,2035.765145589885,4598.679961352525,1527.55489305759,28.17617914546898,13.492433208192258,17020.0,41138.0,27.31,945.0,0.0,0.8,0.2,0.0,ED
42184,Riorges,C,1442.0,2329.0,437.0,1906.0,1.2909209139673017,1852.4221562236005,6116.76620164056,3064.811642135844,44.87519109081865,26.82134949083761,22360.0,41138.0,151.72,800.0,0.6,0.4,0.0,0.0,C
42185,Rivas,C,63.0,171.0,48.0,138.0,0.7842010210308937,192.653812798475,446.7639388350234,97.5822483665016,62.58434111386588,43.69635006054507,28270.0,41138.0,234.04,25.0,1.0,0.0,0.0,0.0,C
42186,Rive-de-Gier,G,2087.0,1377.0,258.0,1967.0,0.9693902296553902,3437.8018981640244,9063.667507378575,2955.5305944574056,36.23536298938082,18.7373570834333,19320.0,41138.0,78.33,,0.2,0.2,0.6,0.0,G
42187,Roanne,C,3911.0,5036.0,934.0,4202.0,2.810661653508053,5030.675089553889,20968.486979282592,9364.83793116351,40.17033138941935,23.33031539280612,18930.0,41138.0,13.52,,1.0,0.0,0.0,0.0,C
42188,Roche,ED,16.0,58.0,24.0,68.0,25.017824659562383,41.0703613239586,147.872605083883,63.0570335921584,40.91186615057767,20.60022317072209,27410.0,41138.0,908.54,15.0,0.2,0.8,0.0,0.0,ED
42189,Roche-la-Molière,ED,1544.0,1710.0,294.0,2029.0,0.7513973821056613,1596.446682303143,5799.243776828895,2457.309540867962,45.10029152714034,25.9390030469907,22590.0,41138.0,858.74,720.0,0.6,0.4,0.0,0.0,C
42191,Roisey,C,163.0,221.0,42.0,192.0,9.6421512254427,193.015736325197,610.049430428184,202.934833246619,57.254244300138325,38.24804262335202,24380.0,41138.0,282.84,60.0,0.6,0.2,0.2,0.0,C
42192,Rozier-Côtes-d'Aurec,ED,59.0,59.0,19.0,144.0,34.13681317338694,60.3179193429962,247.73349969142777,113.948580965576,37.19492980367363,21.22316920199308,22560.0,41138.0,519.11,35.0,0.6,0.4,0.0,0.0,C
42193,Rozier-en-Donzy,C,209.0,321.0,73.0,279.0,6.7195986755606185,241.980196255701,827.218044258298,351.801759486001,42.80085663936078,24.744157217805945,22620.0,41138.0,316.01,75.0,0.2,0.8,0.0,0.0,ED
42194,Sail-les-Bains,C,38.0,47.0,18.0,46.0,13.049505965577817,40.358208955224,102.44776119403048,65.1940298507465,38.85350318471338,19.108280254777064,17960.0,41138.0,1569.93,10.0,0.4,0.6,0.0,0.0,ED
42195,Sail-sous-Couzan,G,200.0,154.0,31.0,190.0,13.252042509508316,170.231254910201,524.110762011583,297.657983078215,30.441160632826936,13.285483494290052,20390.0,41138.0,34.93,70.0,0.2,0.6,0.2,0.0,ED
42196,Sainte-Agathe-en-Donzy,ED,22.0,25.0,9.0,26.0,17.917153502493143,18.1551724137931,66.56896551724151,32.2758620689654,35.95505617977527,20.224719101123554,21690.0,41138.0,170.88,5.0,0.2,0.8,0.0,0.0,ED
42197,Sainte-Agathe-la-Bouteresse,ED,128.0,184.0,55.0,263.0,3.167092328822206,181.278170001267,663.06102111443,207.660808884303,36.06139068155903,17.95372196705259,21900.0,41138.0,538.18,70.0,0.0,1.0,0.0,0.0,ED
42198,Saint-Alban-les-Eaux,ED,119.0,199.0,49.0,234.0,6.394867108267917,126.563027656132,499.09041318114697,283.34655916272,44.866446046127656,24.046463779048203,24210.0,41138.0,271.79,60.0,0.4,0.6,0.0,0.0,ED
42199,Saint-André-d'Apchon,C,318.0,522.0,76.0,395.0,4.976024326854544,322.116944644931,1129.344110414508,490.538944940561,54.38851351556742,34.3543211575461,,41138.0,554.41,100.0,0.8,0.2,0.0,0.0,C
42200,Saint-André-le-Puy,ED,113.0,287.0,85.0,386.0,1.8400284297119385,307.242219791011,915.536046616292,311.221733592697,42.94918493789248,22.54122183238541,,41138.0,485.93,85.0,0.2,0.8,0.0,0.0,ED
42201,Saint-Appolinard,C,138.0,164.0,42.0,136.0,10.792435053325772,133.545693096968,426.5591593955601,144.895147507472,50.97304642373316,33.997733948297586,22540.0,41138.0,250.5,35.0,0.4,0.4,0.2,0.0,C
42202,Saint-Barthélemy-Lestra,C,89.0,179.0,46.0,121.0,4.587155963302752,117.0,405.0,153.0,45.75289575289575,29.150579150579148,22140.0,41138.0,676.84,45.0,0.4,0.4,0.2,0.0,C
42203,Saint-Bonnet-des-Quarts,C,45.0,75.0,14.0,73.0,21.58273381294964,52.0,184.0,102.0,45.92592592592592,30.0,20830.0,41138.0,1350.9,30.0,0.6,0.4,0.0,0.0,C
42204,Saint-Bonnet-le-Château,C,172.0,247.0,56.0,221.0,4.545454545454546,209.0,748.0,500.0,36.82373472949389,18.23734729493892,19930.0,41138.0,16.23,125.0,0.2,0.8,0.0,0.0,ED
42205,Saint-Bonnet-le-Courreau,C,76.0,184.0,48.0,164.0,15.278316647434782,104.832253902291,393.3414854313611,184.826260666349,39.31564642897583,21.8758119228384,20150.0,41138.0,2559.08,45.0,0.8,0.2,0.0,0.0,C
42206,Saint-Bonnet-les-Oules,C,147.0,490.0,131.0,378.0,3.234501347708895,366.0,1106.0,345.0,67.75914634146342,51.52439024390244,31840.0,41138.0,385.28,60.0,1.0,0.0,0.0,0.0,C
42207,Saint-Chamond,ED,4839.0,4772.0,950.0,4949.0,1.0841629305190672,6381.851879995432,20883.687849866496,8320.460270138077,40.62142508980651,23.00043025734908,,41138.0,2172.52,,0.8,0.0,0.2,0.0,C
42208,Saint-Christo-en-Jarez,ED,164.0,450.0,136.0,453.0,2.9239258646214967,397.996121222107,1188.933931870729,301.069946907164,52.0299450474527,32.06829752047321,24420.0,41138.0,1376.71,85.0,0.4,0.6,0.0,0.0,ED
42209,Sainte-Colombe-sur-Gand,ED,39.0,79.0,41.0,106.0,10.471348933956774,61.1298524098445,228.9980692270053,95.8720783631512,41.95541341206775,23.727302959580555,,41138.0,716.03,20.0,0.0,1.0,0.0,0.0,ED
42210,Sainte-Croix-en-Jarez,C,60.0,110.0,40.0,98.0,9.016286253297716,92.5499551318909,298.9452996541567,92.5047452139524,55.041199800368666,37.67791127142973,24000.0,41138.0,714.05,25.0,0.4,0.2,0.4,0.0,C
42211,Saint-Cyprien,ED,260.0,494.0,90.0,580.0,1.7530571308804876,403.139658122154,1527.631758851603,497.228583026243,43.340814374057565,24.014214294224608,23310.0,41138.0,236.48,125.0,0.4,0.6,0.0,0.0,ED
42212,Saint-Cyr-de-Favières,ED,99.0,171.0,41.0,220.0,1.95982309684172,268.523319830346,603.568945899465,155.907734270189,52.93864071657425,33.78481563423764,23910.0,41138.0,1339.03,55.0,0.4,0.6,0.0,0.0,ED
42213,Saint-Cyr-de-Valorges,C,48.0,67.0,23.0,63.0,11.305960950312704,55.8629406643499,201.0563550245162,54.0807043111339,42.444199038449575,24.92968008635357,22250.0,41138.0,931.17,15.0,0.2,0.8,0.0,0.0,ED
42214,Saint-Cyr-les-Vignes,ED,85.0,237.0,48.0,254.0,6.19711326560974,238.464964234527,681.253144347236,157.281891418237,58.05035444609242,37.60176162334399,25980.0,41138.0,1390.36,60.0,0.4,0.6,0.0,0.0,ED
42215,Saint-Denis-de-Cabanne,C,163.0,243.0,51.0,224.0,3.366370497906864,206.12873735385,702.6973252822689,343.173937363881,33.41384065454769,16.846291347739406,21430.0,41138.0,229.89,70.0,0.0,1.0,0.0,0.0,ED
42216,Saint-Denis-sur-Coise,C,77.0,176.0,52.0,121.0,3.818303884062897,151.767059645261,421.974420451954,110.258519902785,51.37527818512581,31.32027052563309,22920.0,41138.0,1018.15,30.0,0.4,0.6,0.0,0.0,ED
42217,Saint-Didier-sur-Rochefort,C,81.0,83.0,20.0,68.0,39.83605014508274,70.3088709850625,241.15391341013347,145.537215604804,44.70330166251303,26.17725083735472,18650.0,41138.0,991.02,30.0,0.2,0.6,0.2,0.0,ED
42218,Saint-Etienne,G,24108.0,19740.0,3369.0,14845.0,2.377300953139545,29444.130144680737,107325.55031002544,35799.31954529381,46.70324127942613,30.02978212123091,,41138.0,918.21,,0.0,0.0,1.0,0.0,G
42219,Saint-Etienne-le-Molard,ED,121.0,210.0,47.0,247.0,8.006524289677666,200.335962750889,655.323599754132,176.340437494979,41.0937903920531,24.83922882211193,,41138.0,828.97,65.0,0.0,1.0,0.0,0.0,ED
42220,Saint-Forgeux-Lespinasse,ED,60.0,114.0,34.0,139.0,1.1154638558555596,135.740899641174,362.6489116628954,95.6101886959306,46.59778625234197,26.038850986823626,21980.0,41138.0,1827.81,25.0,0.0,1.0,0.0,0.0,ED
42221,Sainte-Foy-Saint-Sulpice,ED,55.0,94.0,30.0,121.0,3.673469387755103,121.0,339.0,105.0,49.122807017543856,29.32330827067669,22800.0,41138.0,1966.88,30.0,0.2,0.8,0.0,0.0,ED
42222,Saint-Galmier,C,579.0,1426.0,303.0,1060.0,1.7774617845716316,924.0,3441.0,1483.0,57.402830824533815,39.2271399685464,26680.0,41138.0,1221.53,340.0,1.0,0.0,0.0,0.0,C
42223,Saint-Genest-Lerpt,C,839.0,1254.0,241.0,1024.0,1.4426097879313586,1133.42806769764,3510.0490914274465,1538.522840874914,56.30309353289213,36.96325978664565,24970.0,41138.0,540.26,420.0,1.0,0.0,0.0,0.0,C
42224,Saint-Genest-Malifaux,C,370.0,768.0,187.0,546.0,15.903376626732888,498.33064877482,1706.07060837513,707.59874285005,56.75436089580778,37.72753567856211,25430.0,41138.0,1964.64,110.0,1.0,0.0,0.0,0.0,C
42225,Genilac,C,543.0,845.0,141.0,781.0,1.6433353621424225,717.0,2408.0,696.0,53.884533143264434,34.78260869565217,25220.0,41138.0,191.04,190.0,0.8,0.2,0.0,0.0,C
42226,Saint-Georges-de-Baroille,ED,66.0,78.0,25.0,99.0,8.926131921444874,107.167605053111,263.6776096100362,81.1547853368528,54.40566715580808,28.87546376911608,22410.0,41138.0,475.47,25.0,0.2,0.6,0.2,0.0,ED
42227,Saint-Georges-en-Couzan,C,31.0,126.0,21.0,99.0,17.184778336673993,57.2392454373037,223.75668873988133,134.004065822815,39.05376638234674,19.23144152772285,19970.0,41138.0,1160.92,20.0,0.8,0.2,0.0,0.0,C
42228,Saint-Georges-Haute-Ville,ED,194.0,268.0,52.0,400.0,1.654699818523549,292.247302694691,847.5542879093521,318.198409395957,52.16665601728192,29.71315317934188,23420.0,41138.0,469.61,70.0,0.4,0.6,0.0,0.0,ED
42229,Saint-Germain-la-Montagne,ED,36.0,48.0,18.0,56.0,33.723538078183275,24.0295438744371,132.77864722990068,58.1918088956622,43.42710772894586,25.074880025952407,21750.0,41138.0,476.58,15.0,0.4,0.6,0.0,0.0,ED
42230,Saint-Germain-Laval,ED,186.0,315.0,83.0,340.0,9.86120797185718,225.922763267161,871.3402231089391,496.7370136239,35.0822887555587,18.34670145503776,20810.0,41138.0,1111.58,125.0,0.4,0.6,0.0,0.0,ED
42231,Saint-Germain-Lespinasse,ED,129.0,235.0,63.0,298.0,2.3645579710801106,214.563111989832,719.7686346068961,287.668253403272,38.96465715220628,20.099845368842853,22090.0,41138.0,1478.08,65.0,0.0,0.8,0.2,0.0,ED
42232,Saint-Haon-le-Châtel,C,120.0,143.0,17.0,85.0,11.204768291955787,121.519076363831,383.595929332326,124.884994303843,54.68438668250512,29.153362194714177,22860.0,41138.0,15.85,45.0,0.6,0.4,0.0,0.0,C
42233,Saint-Haon-le-Vieux,ED,163.0,226.0,48.0,244.0,6.709412686257915,185.255259368875,569.942148175194,205.802592455931,47.84300094091696,29.445840495764543,25390.0,41138.0,929.22,40.0,0.8,0.2,0.0,0.0,C
42234,Saint-Héand,C,376.0,1074.0,209.0,624.0,2.3724886143639337,609.958230087249,2125.133102997993,948.908666914748,53.85348694990984,36.87349151756927,,41138.0,2207.23,180.0,1.0,0.0,0.0,0.0,C
42235,Saint-Hilaire-Cusson-la-Valmitte,C,44.0,89.0,25.0,70.0,28.04973425830556,50.6994272879612,203.6249814844282,79.6755912276106,48.76969381507464,24.03870453304173,21240.0,41138.0,682.4,20.0,0.6,0.2,0.2,0.0,C
42236,Saint-Hilaire-sous-Charlieu,C,52.0,126.0,22.0,111.0,9.74722272480482,111.990655347849,328.4377059368786,99.5716387152724,46.00762003406433,27.60055092761032,22820.0,41138.0,998.16,35.0,0.2,0.6,0.2,0.0,ED
42237,Saint-Jean-Bonnefonds,ED,954.0,1195.0,195.0,1259.0,1.151373789733869,1219.0412614393,3959.774018657549,1415.184719903141,46.68534428425272,28.773111329910662,,41138.0,523.0,420.0,0.6,0.4,0.0,0.0,C
42238,Saint-Jean-la-Vêtre,ED,48.0,58.0,17.0,80.0,43.57958514626038,42.0125359385018,181.5428004914962,86.444663570002,41.92315858228687,26.23933482877779,20040.0,41138.0,342.49,25.0,0.2,0.6,0.2,0.0,ED
42239,Saint-Jean-Saint-Maurice-sur-Loire,ED,147.0,284.0,58.0,288.0,7.567721207696916,217.876511248406,665.795539226963,271.327949524631,45.80904663373385,27.84467432932959,23510.0,41138.0,1096.36,55.0,0.4,0.6,0.0,0.0,ED
42240,Saint-Jean-Soleymieux,C,158.0,170.0,21.0,160.0,17.387802702248408,133.590374634476,454.613899306858,255.795726058667,37.416767470937714,21.560475176796395,22030.0,41138.0,564.75,55.0,0.6,0.4,0.0,0.0,C
42241,Saint-Jodard,ED,41.0,69.0,20.0,70.0,9.222094972376254,77.0149602911344,228.7973466487193,86.1876930601463,51.48250166537923,31.76679722232868,21240.0,41138.0,539.81,25.0,0.4,0.4,0.2,0.0,C
42242,Saint-Joseph,ED,285.0,377.0,81.0,449.0,1.4743672968934871,359.623432975841,1262.775637876873,355.600929147286,46.76270070753277,25.353389927380217,25430.0,41138.0,493.12,115.0,0.2,0.8,0.0,0.0,ED
42243,Saint-Julien-d'Oddes,C,31.0,77.0,15.0,57.0,5.804462429831863,69.4878138196804,165.0481601141097,62.4640260662099,51.06642883341015,31.104104104242342,22310.0,41138.0,841.12,15.0,0.6,0.4,0.0,0.0,C
42245,Saint-Julien-la-Vêtre,ED,91.0,111.0,28.0,134.0,24.53271028037383,77.0,313.0,175.0,37.908496732026144,23.31154684095861,,41138.0,936.36,45.0,0.2,0.8,0.0,0.0,ED
42246,Saint-Julien-Molin-Molette,G,278.0,196.0,55.0,198.0,10.003092664394265,161.448740879696,623.661894624996,357.889364495308,36.56961525129882,24.89677251108904,21190.0,41138.0,381.21,115.0,0.4,0.6,0.0,0.0,ED
42247,Saint-Just-en-Bas,ED,41.0,60.0,25.0,74.0,23.92344497607656,44.0,160.0,78.0,35.65217391304348,20.43478260869565,20410.0,41138.0,1033.03,10.0,0.4,0.6,0.0,0.0,ED
42248,Saint-Just-en-Chevalet,C,100.0,246.0,71.0,230.0,11.045064649623464,168.573942889296,573.6980826201531,402.727974490551,34.33982428466697,17.674774638450995,20270.0,41138.0,1038.32,85.0,0.6,0.4,0.0,0.0,C
42249,Saint-Just-la-Pendue,ED,188.0,306.0,88.0,370.0,5.210574924719861,273.199322067866,884.970296806275,485.830381125859,36.18683660489253,19.97224431176993,,41138.0,1174.43,85.0,0.2,0.8,0.0,0.0,ED
42251,Saint-Laurent-la-Conche,ED,46.0,146.0,42.0,170.0,2.3363137037234054,87.2381155692249,360.8772618057061,110.884622625068,39.36442574430964,25.047889920914905,23250.0,41138.0,1093.69,25.0,0.2,0.8,0.0,0.0,ED
42252,Saint-Laurent-Rochefort,ED,41.0,54.0,12.0,58.0,,29.6048542172543,140.2258449410914,77.1693008416533,41.000529909461605,20.40692406501868,20560.0,41138.0,,,0.4,0.4,0.2,0.0,C
42253,Saint-Léger-sur-Roanne,ED,113.0,286.0,58.0,294.0,3.683528589437088,197.177226842613,689.735950491679,272.086822665708,44.958262319111576,26.124694546144774,23810.0,41138.0,249.38,50.0,0.4,0.6,0.0,0.0,ED
42254,Saint-Marcel-de-Félines,ED,82.0,134.0,58.0,195.0,11.458452544793172,148.938199777023,487.400181963019,170.661618259958,43.00830433997201,23.647106022058534,22500.0,41138.0,1511.3,50.0,0.0,1.0,0.0,0.0,ED
42255,Saint-Marcel-d'Urfé,C,40.0,62.0,11.0,50.0,21.41243017720893,37.5629553907992,148.084068582013,83.3529760271878,36.65156173179222,21.99853467451694,19360.0,41138.0,771.07,15.0,0.4,0.6,0.0,0.0,ED
42256,Saint-Marcellin-en-Forez,ED,486.0,984.0,197.0,1135.0,2.957512275357912,1008.93299763741,3099.400881925576,979.666120437014,52.21879700434944,31.03648678842376,23780.0,41138.0,979.32,340.0,0.4,0.6,0.0,0.0,ED
42257,Saint-Martin-d'Estréaux,ED,120.0,184.0,32.0,202.0,6.884681583476763,126.0,449.0,275.0,32.838038632986624,17.97919762258544,19070.0,41138.0,2091.45,60.0,0.0,1.0,0.0,0.0,ED
42259,Saint-Martin-la-Plaine,C,486.0,867.0,157.0,771.0,1.1778563015312131,699.0,2286.0,783.0,54.49945789663896,36.46548608601373,25630.0,41138.0,257.77,210.0,0.8,0.2,0.0,0.0,C
42260,Saint-Martin-la-Sauveté,ED,85.0,183.0,45.0,211.0,7.88130322412832,130.180688661444,513.447336569513,226.371974769043,33.45372526902273,16.82042608808898,21890.0,41138.0,1751.06,45.0,0.2,0.8,0.0,0.0,ED
42261,Saint-Martin-Lestra,ED,84.0,194.0,66.0,223.0,8.79310321611742,185.370994822092,585.700220010506,154.928785167402,45.22668346577112,22.506089185535632,21800.0,41138.0,1442.87,45.0,0.0,1.0,0.0,0.0,ED
42262,Saint-Maurice-en-Gourgois,ED,184.0,331.0,79.0,455.0,8.72844827586207,382.0,1124.0,318.0,50.42868277474669,29.30631332813718,24080.0,41138.0,1408.8,95.0,0.4,0.6,0.0,0.0,ED
42264,Saint-Médard-en-Forez,C,136.0,262.0,57.0,180.0,3.742871565587336,189.329433864118,563.2096538100981,192.460912325784,51.214596199545184,33.789423660766445,25220.0,41138.0,680.81,40.0,0.8,0.2,0.0,0.0,C
42265,Saint-Michel-sur-Rhône,C,130.0,186.0,52.0,180.0,6.308868312746223,138.580643639286,542.797403811637,190.621952549077,47.48315056733652,30.00358896099832,26840.0,41138.0,167.2,55.0,0.6,0.4,0.0,0.0,C
42266,Saint-Nizier-de-Fornas,ED,98.0,147.0,32.0,157.0,19.682223868886613,85.5888476742168,390.1983814815002,177.212770844282,41.43769149046943,24.3595627177619,24360.0,41138.0,804.52,25.0,0.2,0.8,0.0,0.0,ED
42267,Saint-Nizier-sous-Charlieu,C,213.0,395.0,72.0,345.0,4.625212170276421,297.539311651397,944.809239813934,446.651448534669,40.821764645331385,23.18593377070324,24450.0,41138.0,1000.46,65.0,0.4,0.6,0.0,0.0,ED
42268,Saint-Paul-de-Vézelin,C,81.0,197.0,51.0,162.0,12.869198312236287,162.0,467.0,187.0,50.0,29.508196721311474,,41138.0,2409.06,40.0,0.8,0.2,0.0,0.0,C
42269,Saint-Paul-d'Uzore,ED,19.0,45.0,6.0,54.0,3.614457831325301,43.0,132.0,19.0,57.14285714285714,35.0,27770.0,41138.0,462.97,10.0,0.6,0.4,0.0,0.0,C
42270,Saint-Paul-en-Cornillon,C,198.0,315.0,58.0,288.0,4.141291730896642,246.701903982306,774.745676098679,326.552419919015,63.036115754547154,43.22578160427412,27970.0,41138.0,82.94,80.0,1.0,0.0,0.0,0.0,C
42271,Saint-Paul-en-Jarez,ED,604.0,867.0,203.0,904.0,1.1887572518299714,999.358456603391,2781.45135413513,977.190189261479,46.43566711264512,28.3854485614492,23630.0,41138.0,1049.24,310.0,0.0,0.8,0.2,0.0,ED
42272,Saint-Pierre-de-Boeuf,ED,229.0,314.0,58.0,331.0,4.249787354477725,271.615998469063,1060.28335930878,373.100642222157,49.50357971824859,31.28324762610136,,41138.0,89.15,120.0,0.6,0.4,0.0,0.0,C
42273,Saint-Pierre-la-Noaille,C,30.0,99.0,19.0,91.0,13.41944145712241,80.4024065058632,220.8859237400337,79.7116697541041,52.85333686993396,33.76040003153883,22720.0,41138.0,436.76,25.0,0.4,0.6,0.0,0.0,ED
42274,Saint-Polgues,ED,38.0,51.0,9.0,58.0,5.442176870748299,65.0,162.0,48.0,53.535353535353536,29.7979797979798,21290.0,41138.0,566.68,10.0,0.4,0.6,0.0,0.0,ED
42275,Saint-Priest-en-Jarez,C,681.0,1257.0,268.0,854.0,3.640924693501378,997.558171090892,3737.747081938206,1582.694746970892,57.59962264651695,40.9144019016512,25120.0,41138.0,,400.0,1.0,0.0,0.0,0.0,C
42276,Saint-Priest-la-Prugne,ED,38.0,100.0,20.0,108.0,22.84983238710636,54.4059942932199,217.0416736711801,140.552332035599,33.30747786770458,17.41422162750761,20430.0,41138.0,455.56,30.0,0.0,0.8,0.2,0.0,ED
42277,Saint-Priest-la-Roche,ED,32.0,69.0,10.0,82.0,12.740435683886895,56.1798856382386,210.91292025772708,72.9071941040343,54.362056156094695,34.04515849720021,23990.0,41138.0,522.73,25.0,0.6,0.4,0.0,0.0,C
42278,Saint-Priest-la-Vêtre,C,33.0,35.0,6.0,35.0,28.360101437024383,16.0,85.0,40.0,42.60869565217392,19.13043478260869,20660.0,41138.0,212.59,5.0,0.2,0.8,0.0,0.0,ED
42279,Saint-Just-Saint-Rambert,C,1789.0,3562.0,697.0,2769.0,1.0141060989337147,2628.417907147827,9215.48431940144,3735.097773450722,53.67700541026825,37.01583225091053,26190.0,41138.0,1278.47,820.0,1.0,0.0,0.0,0.0,C
42280,Saint-Régis-du-Coin,C,67.0,101.0,14.0,88.0,33.593939841257416,97.0355838601333,246.1066915358224,72.8577246040443,55.3827107750645,38.880444173529725,22220.0,41138.0,848.95,25.0,0.6,0.0,0.4,0.0,C
42281,Saint-Rirand,ED,32.0,26.0,4.0,38.0,30.04327563249005,9.77443609022556,83.08270676691734,37.1428571428571,48.305084745762585,26.27118644067788,,41138.0,215.27,15.0,0.4,0.4,0.2,0.0,C
42282,Saint-Romain-d'Urfé,C,45.0,77.0,16.0,49.0,29.50766846837128,28.1390619604636,136.8550732850468,70.0058647544896,43.47021321825523,24.70238161355708,19890.0,41138.0,716.01,10.0,0.4,0.4,0.2,0.0,C
42283,Saint-Romain-en-Jarez,ED,121.0,257.0,72.0,347.0,3.2725728803615683,223.135823123864,765.848407032376,220.01576984376,45.39351090236538,27.06600683523964,24250.0,41138.0,918.51,65.0,0.4,0.6,0.0,0.0,ED
42284,Saint-Romain-la-Motte,C,201.0,358.0,68.0,312.0,1.4286911166476857,249.480145398203,803.3684067353781,370.151447866419,47.10497686268499,27.760167309777984,24040.0,41138.0,2377.73,75.0,0.6,0.4,0.0,0.0,C
42285,Saint-Romain-le-Puy,ED,493.0,641.0,151.0,1037.0,1.254590682277086,827.063640590654,2505.184222633568,788.752136775778,47.62052337672384,27.08557637694452,23500.0,41138.0,892.56,240.0,0.0,1.0,0.0,0.0,ED
42286,Saint-Romain-les-Atheux,ED,146.0,209.0,32.0,238.0,7.988235251629687,179.330500160851,589.719907474081,179.949592365068,62.03104001354396,39.95408496162722,24840.0,41138.0,582.8,55.0,0.6,0.4,0.0,0.0,C
42287,Saint-Sauveur-en-Rue,C,186.0,209.0,77.0,188.0,12.861736334405144,163.0,653.0,267.0,40.442890442890445,25.407925407925408,21340.0,41138.0,871.12,65.0,0.4,0.4,0.2,0.0,C
42288,Saint-Sixte,C,103.0,156.0,24.0,154.0,5.342640180654388,113.477201933744,408.531451520024,160.991346546231,38.30884141929172,21.57138788351788,21520.0,41138.0,640.16,45.0,0.4,0.6,0.0,0.0,ED
42289,Saint-Symphorien-de-Lay,ED,218.0,375.0,68.0,443.0,6.694129763130793,390.0,1127.0,459.0,42.73037542662116,26.48464163822525,22130.0,41138.0,2221.13,115.0,0.2,0.8,0.0,0.0,ED
42290,Saint-Thomas-la-Garde,C,78.0,164.0,25.0,123.0,1.4760147601476017,88.0,363.0,145.0,48.60813704496788,27.8372591006424,25340.0,41138.0,529.56,20.0,0.8,0.2,0.0,0.0,C
42291,Saint-Thurin,,,,,,,,,,,,,41138.0,,,0.4,0.4,0.2,0.0,C
42293,Saint-Victor-sur-Rhins,ED,120.0,207.0,58.0,291.0,7.019092505817872,225.561438352334,722.15901193669,216.279549710976,45.07119307104349,23.19331131135333,22600.0,41138.0,772.49,70.0,0.0,1.0,0.0,0.0,ED
42294,Saint-Vincent-de-Boisset,C,89.0,283.0,74.0,193.0,2.810339066413561,194.844220100709,557.091303520786,220.064476378505,60.80632455287208,43.68442692242826,27130.0,41138.0,121.45,45.0,1.0,0.0,0.0,0.0,C
42295,Les Salles,C,54.0,132.0,36.0,132.0,22.4131988632446,111.218237770219,323.521189080519,127.260573149262,41.81854409893312,21.90663888101273,22110.0,41138.0,1052.93,30.0,0.2,0.6,0.2,0.0,ED
42296,Salt-en-Donzy,C,45.0,144.0,39.0,128.0,5.597003161684422,107.405293250781,315.05096772088,122.54373902834,49.75800696253042,32.5473233157926,23680.0,41138.0,387.55,20.0,0.4,0.6,0.0,0.0,ED
42297,Salvizinet,C,75.0,186.0,28.0,116.0,6.812661971090766,97.2036124599585,391.2694843836454,136.526903156395,52.77566198829364,38.57440743853184,26760.0,41138.0,442.93,30.0,1.0,0.0,0.0,0.0,C
42298,Sauvain,C,29.0,119.0,27.0,92.0,30.426796712719028,49.9524549804063,215.4707226499117,107.576822369682,38.32256430825648,19.870458026511013,19560.0,41138.0,1341.72,10.0,0.6,0.2,0.2,0.0,C
42299,Savigneux,C,393.0,826.0,168.0,736.0,1.828988397191164,598.667580250171,1966.134820968442,924.197598781387,46.68254491704866,29.686002677999472,26370.0,41138.0,1407.63,215.0,0.2,0.8,0.0,0.0,ED
42300,Sevelinges,ED,68.0,129.0,43.0,173.0,6.461538461538462,113.0,401.0,136.0,38.69653767820774,18.126272912423623,23070.0,41138.0,453.45,35.0,0.0,1.0,0.0,0.0,ED
42301,Soleymieux,G,143.0,120.0,26.0,110.0,9.925910078490803,140.343282741548,455.7262922187,119.930425039753,49.48901115634741,27.788124742836608,22340.0,41138.0,563.44,60.0,0.4,0.2,0.4,0.0,C
42302,Sorbiers,C,1054.0,1931.0,390.0,1576.0,1.298924788175116,1490.003996525348,4754.924649479622,1826.071353995021,56.4621962360403,38.04113997909312,,41138.0,516.47,460.0,1.0,0.0,0.0,0.0,C
42303,Souternon,ED,38.0,85.0,9.0,86.0,11.1699381278748,30.9917966896441,148.8106546876276,95.1975486227283,41.39149491352983,23.191675720458885,20930.0,41138.0,1180.05,10.0,0.2,0.8,0.0,0.0,ED
42304,Sury-le-Comtal,ED,630.0,886.0,205.0,1271.0,1.6403620929168872,1394.83025835662,4096.4747143907,1159.69502725268,41.76838973058901,22.477249733697946,21570.0,41138.0,1701.39,515.0,0.2,0.8,0.0,0.0,ED
42305,La Talaudière,C,778.0,1289.0,286.0,1166.0,1.4135784462141503,1037.467197526524,4023.205758348019,2042.327044125448,45.764513282253375,28.3044885132906,23700.0,41138.0,179.73,415.0,0.6,0.4,0.0,0.0,C
42306,Tarentaise,C,75.0,153.0,41.0,89.0,21.7687074829932,75.0,318.0,116.0,62.5,45.66326530612245,26320.0,41138.0,393.0,30.0,0.6,0.4,0.0,0.0,C
42307,Tartaras,C,111.0,220.0,40.0,193.0,0.5716218399925641,223.999108218189,635.2030231996148,97.7978685821952,56.39871746725087,36.71256351952631,25780.0,41138.0,239.93,50.0,0.4,0.6,0.0,0.0,ED
42308,La Terrasse-sur-Dorlay,ED,109.0,136.0,23.0,183.0,1.0844342081515037,162.983755228741,480.35123916508303,127.665005606176,52.53755714139772,32.55870927708829,23310.0,41138.0,516.25,50.0,0.4,0.6,0.0,0.0,ED
42310,Thélis-la-Combe,C,25.0,44.0,14.0,38.0,41.25165271044538,16.8819444444445,92.3541666666666,33.7638888888889,43.3333333333332,24.99999999999993,23280.0,41138.0,189.15,10.0,0.4,0.6,0.0,0.0,ED
42311,La Tour-en-Jarez,C,176.0,331.0,59.0,211.0,2.134152474462164,319.537228441954,904.0980036373068,260.364767920739,65.0538128378528,49.253950314752586,30650.0,41138.0,269.23,80.0,1.0,0.0,0.0,0.0,C
42312,La Tourette,ED,85.0,119.0,44.0,178.0,7.812903919876307,105.759423719926,390.972006441854,133.26856983822,41.59295133420456,22.34565490435075,24260.0,41138.0,3.72,30.0,0.4,0.6,0.0,0.0,ED
42313,Trelins,C,95.0,169.0,30.0,143.0,6.172839506172839,123.0,382.0,167.0,43.418467583497055,24.361493123772103,23070.0,41138.0,307.75,40.0,0.0,1.0,0.0,0.0,ED
42314,La Tuilière,ED,19.0,61.0,26.0,91.0,24.87804878048781,35.0,150.0,88.0,26.521739130434785,10.869565217391305,19980.0,41138.0,1166.67,15.0,0.0,0.8,0.2,0.0,ED
42315,Unias,ED,44.0,95.0,23.0,115.0,4.845687423094605,115.197825731883,272.19441264216863,67.6077616259484,54.63678533538111,30.98035841383356,24630.0,41138.0,293.93,25.0,0.6,0.2,0.2,0.0,C
42316,Unieux,ED,1395.0,1181.0,248.0,1568.0,1.1514672777886783,1684.630466363723,5027.550998304043,1782.818535332234,48.18737256599274,27.62641044639369,22060.0,41138.0,62.82,730.0,0.6,0.4,0.0,0.0,C
42317,Urbise,C,18.0,39.0,5.0,20.0,11.37447446564546,17.7741935483871,68.2903225806452,29.9354838709677,39.2156862745098,20.588235294117645,19350.0,41138.0,1674.2,10.0,0.2,0.8,0.0,0.0,ED
42318,Usson-en-Forez,ED,156.0,325.0,91.0,420.0,28.620012613683084,170.959722092508,762.8696291686771,527.170648738815,38.40686045632383,20.1032253069976,20770.0,41138.0,2013.24,75.0,0.2,0.8,0.0,0.0,ED
42319,Valeille,ED,61.0,122.0,45.0,185.0,4.915662140555377,150.091570184506,404.8606392328411,125.047790582654,43.36308853950289,23.97104296516192,23430.0,41138.0,1189.88,30.0,0.2,0.8,0.0,0.0,ED
42320,Valfleury,ED,58.0,141.0,37.0,160.0,2.3981171119361364,169.320673662739,451.9674998699687,88.7118264672924,55.74876141963803,33.65766471650952,23260.0,41138.0,452.51,40.0,0.4,0.6,0.0,0.0,ED
42321,La Valla-sur-Rochefort,ED,11.0,15.0,6.0,39.0,47.99628553983686,3.75074768200418,53.11671743587392,46.1325348821219,27.783273068286885,15.38398930423828,,41138.0,306.99,10.0,0.4,0.2,0.4,0.0,C
42322,La Valla-en-Gier,ED,87.0,171.0,43.0,304.0,12.395299022498572,246.120101486252,682.351138179214,189.528760334534,54.89341307335642,32.70629951414092,23150.0,41138.0,412.33,50.0,0.6,0.4,0.0,0.0,C
42323,Veauche,ED,947.0,2070.0,414.0,2091.0,1.0369491398882338,1483.783549577012,5135.441758123706,2364.774692299293,49.2609216811087,30.08306925064257,24910.0,41138.0,136.52,470.0,0.6,0.4,0.0,0.0,C
42324,Veauchette,ED,140.0,227.0,41.0,288.0,0.7684557581339634,299.288066205588,749.7508777595291,167.961056034883,56.2114150085846,35.246195146523604,25070.0,41138.0,321.72,55.0,0.2,0.8,0.0,0.0,ED
42325,Vendranges,ED,26.0,86.0,14.0,87.0,5.520210950823446,101.834540416743,222.0583670512292,66.1070925320278,53.13994616555179,31.828277394105907,,41138.0,826.08,25.0,0.6,0.4,0.0,0.0,C
42326,Véranne,G,202.0,202.0,33.0,157.0,11.18185497790552,190.483186413839,546.3315876394939,180.185225946666,54.21064797419428,34.82136732512863,24670.0,41138.0,99.23,60.0,0.6,0.0,0.4,0.0,C
42327,Vérin,C,95.0,163.0,37.0,135.0,3.274948944489997,88.7654091789974,452.3172344848356,113.917356336166,48.8635607796547,30.56160266566499,26600.0,41138.0,74.19,40.0,0.6,0.4,0.0,0.0,C
42328,Verrières-en-Forez,G,134.0,128.0,34.0,115.0,17.203164667462975,145.068794589052,444.9378230428701,136.993382368078,55.38335472184263,35.1908048195544,22970.0,41138.0,936.6,40.0,0.4,0.0,0.6,0.0,G
42329,La Versanne,C,69.0,81.0,24.0,69.0,31.86069328899666,72.3786127082702,215.75363993264287,97.8677473590869,53.39390768619714,32.803145655676474,22460.0,41138.0,375.28,25.0,0.4,0.6,0.0,0.0,ED
42330,Villars,C,1201.0,1637.0,304.0,1389.0,1.1697426566155449,1295.0,4516.0,1894.0,51.22837370242215,32.2318339100346,21310.0,41138.0,262.73,505.0,0.6,0.4,0.0,0.0,C
42331,Villemontais,C,132.0,273.0,39.0,190.0,8.428693169971499,198.886349268077,583.161584222893,262.95206650903,47.334573556602585,28.50956359871508,23680.0,41138.0,437.02,50.0,0.4,0.4,0.2,0.0,C
42332,Villerest,C,626.0,1225.0,215.0,1042.0,2.017347673121079,928.046234303507,2793.130772469843,1453.82299322666,51.04646411768636,33.34261012026443,24840.0,41138.0,218.73,275.0,1.0,0.0,0.0,0.0,C
42333,Villers,ED,68.0,125.0,44.0,146.0,4.983197488792697,134.504533446904,350.707932835848,113.787533717248,40.77226257189123,24.05169056837881,22030.0,41138.0,364.79,40.0,0.2,0.8,0.0,0.0,ED
42334,Violay,ED,128.0,290.0,79.0,291.0,6.280929762714996,173.137481439199,686.2321086213449,350.630409939456,34.05952277804681,16.426361201770238,22060.0,41138.0,1436.7,45.0,0.2,0.8,0.0,0.0,ED
42335,Viricelles,C,43.0,118.0,37.0,96.0,11.676636518399173,97.7847413896116,264.33223655005827,85.8830220603291,39.446112107525465,24.79203250285962,23620.0,41138.0,137.95,20.0,0.4,0.6,0.0,0.0,ED
42336,Virigneux,ED,68.0,131.0,26.0,151.0,5.782312925170068,126.0,421.0,74.0,52.58426966292134,32.58426966292135,23290.0,41138.0,495.84,30.0,0.6,0.4,0.0,0.0,C
42337,Vivans,ED,22.0,56.0,15.0,64.0,18.753187137814145,37.5741216854123,140.9362127274129,52.4896655871748,49.44277323952053,23.476717603483586,21460.0,41138.0,1366.5,10.0,0.4,0.4,0.2,0.0,C
42338,Vougy,C,177.0,353.0,77.0,341.0,2.049262574134884,257.909538573679,827.4300650369009,437.66039638942,45.10802064537232,26.27930499507054,23760.0,41138.0,1404.92,80.0,0.6,0.4,0.0,0.0,C
42339,Chausseterre,ED,28.0,60.0,5.0,65.0,22.05944505472406,25.6660792530707,121.6733524930993,65.66056825383,35.60110401905432,20.60884786269705,20400.0,41138.0,383.9,10.0,0.0,1.0,0.0,0.0,ED
43001,Agnat,ED,24.0,38.0,15.0,46.0,22.85251162053665,16.7068965517241,106.1379310344828,48.1551724137931,34.69387755102048,14.965986394557854,21220.0,7453.0,751.8,15.0,0.2,0.8,0.0,0.0,ED
43002,Aiguilhe,C,224.0,357.0,99.0,216.0,5.859778677564294,185.601977425554,769.1146895360021,528.283333038444,59.34323208184098,43.04185103857998,25320.0,7453.0,,90.0,0.6,0.2,0.2,0.0,C
43003,Allègre,ED,95.0,161.0,52.0,194.0,22.43363093963625,100.665271115721,481.985841290261,309.348887594018,39.03066934196631,22.112871847282044,19720.0,7453.0,1001.27,70.0,0.6,0.4,0.0,0.0,C
43004,Alleyrac,ED,27.0,35.0,8.0,40.0,49.23836007684829,10.0854700854701,72.6153846153845,35.2991452991454,37.37373737373734,14.14141414141414,17200.0,7453.0,848.46,5.0,0.6,0.4,0.0,0.0,C
43005,Alleyras,G,60.0,37.0,23.0,39.0,67.78205998483185,14.7080140149297,71.6156557840555,66.6763302010148,37.89637539521257,18.20498222784088,18740.0,7453.0,643.27,5.0,0.4,0.6,0.0,0.0,ED
43006,Ally,ED,12.0,40.0,15.0,46.0,39.09864132335228,12.4961240310077,74.0155038759691,37.4883720930232,25.892857142857217,8.928571428571448,20980.0,7453.0,1362.96,10.0,0.4,0.6,0.0,0.0,ED
43007,Araules,ED,93.0,151.0,55.0,164.0,45.44809444696508,104.424315621004,368.855351886525,141.720332492471,45.69311311789194,28.382387389257858,21680.0,7453.0,1146.13,50.0,0.6,0.4,0.0,0.0,C
43008,Arlempdes,C,15.0,48.0,22.0,39.0,44.76315088217685,18.159509202454,74.45398773006141,55.3865030674846,43.88489208633103,24.46043165467631,20760.0,7453.0,1192.53,5.0,0.6,0.4,0.0,0.0,C
43009,Arlet,G,10.0,4.0,1.0,6.0,59.64435663126694,4.17391304347828,11.47826086956526,8.34782608695656,47.36842105263165,21.0526315789474,,7453.0,87.67,5.0,0.4,0.4,0.2,0.0,C
43010,Arsac-en-Velay,C,197.0,269.0,94.0,254.0,7.560137457044673,236.0,724.0,256.0,51.29358830146232,31.833520809898765,23170.0,7453.0,1315.84,55.0,0.4,0.6,0.0,0.0,ED
43011,Aubazat,C,38.0,43.0,12.0,42.0,22.087882694595333,18.4161849710983,100.265895953758,58.3179190751447,44.295302013422734,23.48993288590601,22320.0,7453.0,504.67,15.0,0.4,0.4,0.2,0.0,C
43012,Aurec-sur-Loire,ED,754.0,1068.0,247.0,1454.0,7.234389255365199,1189.72330329706,3560.9314050965004,1382.34529160643,46.74666336866652,26.54932408207263,23200.0,7453.0,603.27,395.0,0.6,0.2,0.2,0.0,C
43013,Vissac-Auteyrac,C,67.0,89.0,32.0,70.0,27.637855334655143,36.5868905601556,169.5351208409366,93.8779885989078,40.573481327846,22.41165668339092,22260.0,7453.0,789.35,20.0,0.6,0.4,0.0,0.0,C
43014,Autrac,C,7.0,23.0,4.0,14.0,17.717095195198493,3.84905660377358,33.679245283018915,13.4716981132075,48.88888888888902,22.222222222222232,,7453.0,829.35,0.0,0.6,0.0,0.4,0.0,C
43015,Auvers,C,10.0,19.0,4.0,8.0,67.48447392475867,3.0,26.0,19.0,42.22222222222222,28.88888888888889,,7453.0,350.76,0.0,0.6,0.4,0.0,0.0,C
43016,Auzon,ED,142.0,139.0,27.0,221.0,18.896514304352813,111.182508556647,506.787452383003,256.03003906035,41.99498306126516,20.507891690605977,21710.0,7453.0,642.8,70.0,0.2,0.8,0.0,0.0,ED
43017,Azérat,C,60.0,69.0,18.0,55.0,20.3960495637922,57.9028652896492,161.7877782637209,74.3093564466299,53.511599231309525,25.62175308213364,21770.0,7453.0,1250.21,25.0,0.6,0.4,0.0,0.0,C
43018,Bains,ED,144.0,221.0,77.0,331.0,9.376889452165678,245.446832783671,876.29292296558,265.260244250749,46.20607095744139,25.8850770821606,22230.0,7453.0,2668.24,70.0,0.4,0.6,0.0,0.0,ED
43019,Barges,C,18.0,28.0,11.0,22.0,43.93250352653093,10.258064516129,53.5698924731183,42.1720430107527,46.25,21.25,27190.0,7453.0,551.97,0.0,0.6,0.4,0.0,0.0,C
43020,Bas-en-Basset,ED,533.0,845.0,224.0,1181.0,10.33434650455927,805.0,2662.0,1164.0,46.06455266138165,25.6228765571914,23380.0,7453.0,1425.33,305.0,0.0,1.0,0.0,0.0,ED
43021,Beaulieu,ED,130.0,217.0,75.0,255.0,8.125955649678094,187.455131526646,562.0833489310519,321.461519542302,45.75297172539639,23.951567377834444,19420.0,7453.0,1642.58,55.0,0.0,1.0,0.0,0.0,ED
43022,Beaumont,C,63.0,72.0,15.0,54.0,8.873844299795545,39.9614920272337,154.04337655211862,68.9951314206477,49.045952003746365,32.63690134507469,13660.0,7453.0,736.16,15.0,0.6,0.4,0.0,0.0,C
43023,Beaune-sur-Arzon,ED,29.0,42.0,20.0,71.0,34.679439391484266,27.6956470687655,118.64521997112269,70.6591329601118,44.315090204673865,21.156589924711607,19930.0,7453.0,889.83,15.0,0.4,0.6,0.0,0.0,ED
43024,Beaux,ED,134.0,156.0,37.0,183.0,19.50042813518517,108.610738872762,484.246916792651,272.142344334588,41.34480059273767,24.296606282127296,21250.0,7453.0,601.28,65.0,0.0,1.0,0.0,0.0,ED
43025,Beauzac,ED,335.0,522.0,168.0,803.0,16.870090992961583,497.698623398945,1791.1260220532,675.175354547855,42.55094465538215,22.290667069236,23110.0,7453.0,1363.46,230.0,0.0,1.0,0.0,0.0,ED
43026,Bellevue-la-Montagne,ED,75.0,83.0,49.0,131.0,32.29460242883498,61.4831018764497,261.4018235978153,125.115074525736,38.62044115115071,19.85977692436113,20520.0,7453.0,1099.55,30.0,0.2,0.8,0.0,0.0,ED
43027,Berbezit,G,15.0,13.0,4.0,12.0,57.377049180327866,5.0,27.0,12.0,58.97435897435898,35.8974358974359,,7453.0,39.06,5.0,0.4,0.4,0.2,0.0,C
43028,Bessamorel,ED,52.0,87.0,38.0,137.0,13.102454857369588,81.2404715769622,304.9715198175878,61.78800860545,51.82703304354735,30.887414407866405,23840.0,7453.0,257.44,15.0,0.2,0.8,0.0,0.0,ED
43029,La Besseyre-Saint-Mary,C,13.0,33.0,17.0,25.0,46.45669291338583,14.0,61.0,27.0,37.5,22.5,,7453.0,1078.23,5.0,0.8,0.2,0.0,0.0,C
43030,Blanzac,C,62.0,106.0,35.0,101.0,5.156712131005896,96.0446979808074,286.28848621059626,67.6668158085953,55.09300549067778,33.173216949321215,23010.0,7453.0,372.22,35.0,0.6,0.4,0.0,0.0,C
43031,Blassac,G,34.0,34.0,4.0,34.0,35.97516639633099,16.365671641791,71.2388059701493,41.3955223880597,38.59649122807029,21.052631578947395,20170.0,7453.0,254.79,15.0,0.4,0.4,0.2,0.0,C
43032,Blavozy,C,244.0,419.0,98.0,356.0,2.1603293490830926,294.738612295274,1031.76898346506,395.492404239666,51.670742980520366,29.80196778366205,24490.0,7453.0,163.98,110.0,0.2,0.8,0.0,0.0,ED
43033,Blesle,C,114.0,162.0,47.0,135.0,29.264214046822744,66.0,313.0,239.0,41.965973534971646,22.68431001890359,19540.0,7453.0,957.31,40.0,0.4,0.6,0.0,0.0,ED
43034,Boisset,ED,30.0,78.0,39.0,116.0,31.85977863292584,76.0594214560361,219.878882133502,86.0616964104619,42.792451978140285,21.15060259405791,19620.0,7453.0,732.12,20.0,0.4,0.6,0.0,0.0,ED
43035,Bonneval,C,13.0,14.0,7.0,13.0,33.980582524271846,11.0,42.0,38.0,44.73684210526316,35.526315789473685,22400.0,7453.0,263.5,5.0,0.6,0.4,0.0,0.0,C
43036,Borne,ED,60.0,79.0,31.0,105.0,9.14879358136904,73.8145586645091,244.6884653401113,86.4969759953796,53.1152269094892,32.29377866280042,,7453.0,301.89,25.0,0.4,0.6,0.0,0.0,ED
43037,Le Bouchet-Saint-Nicolas,ED,24.0,76.0,32.0,94.0,37.43277727252931,49.2276962921404,158.72617234206592,63.0461313657937,45.79721204740807,22.47558731907429,19370.0,7453.0,1492.91,20.0,0.6,0.4,0.0,0.0,C
43038,Bournoncle-Saint-Pierre,ED,161.0,184.0,43.0,244.0,7.417683717148344,156.800972468133,624.918137716732,269.280889815135,39.75816646409159,19.82130266420567,21230.0,7453.0,1116.49,95.0,0.2,0.8,0.0,0.0,ED
43039,Le Brignon,ED,97.0,133.0,30.0,150.0,24.76074675477756,114.476347157298,373.949450509467,126.574202333234,46.06177844492389,25.538169071266097,19960.0,7453.0,2698.08,45.0,0.2,0.6,0.2,0.0,ED
43040,Brioude,C,1020.0,1268.0,275.0,919.0,5.326373757085121,908.714180274625,3563.0121199072264,2051.273699818129,39.09544331090584,21.81289974770464,20340.0,7453.0,337.66,610.0,0.6,0.4,0.0,0.0,C
43041,Brives-Charensac,C,594.0,751.0,190.0,731.0,2.30309530010615,618.432215819411,2470.516791216549,1153.05099296404,44.58940593071448,26.64322302191576,20830.0,7453.0,35.45,315.0,0.2,0.8,0.0,0.0,ED
43042,Cayres,ED,70.0,138.0,45.0,216.0,26.562975284834344,85.6454325783553,398.0988736520137,203.255693769631,43.000058446522935,24.601691332244403,20840.0,7453.0,1622.78,40.0,0.2,0.6,0.2,0.0,ED
43043,Céaux-d'Allègre,ED,65.0,92.0,24.0,120.0,25.46916890080429,83.0,289.0,112.0,45.0,22.894736842105264,21580.0,7453.0,1775.34,35.0,0.4,0.6,0.0,0.0,ED
43044,Cerzat,C,44.0,53.0,9.0,52.0,29.448032715679,23.9754838162523,117.6313310706434,70.3931851131043,43.527948912140864,24.769700861931003,20210.0,7453.0,491.55,10.0,0.6,0.4,0.0,0.0,C
43045,Ceyssac,ED,58.0,86.0,27.0,89.0,4.723064816750889,77.8855239983749,248.5506399772021,112.563836024423,49.58375556869273,31.67367176609811,22960.0,7453.0,652.31,20.0,0.2,0.6,0.2,0.0,ED
43046,Chadrac,C,373.0,575.0,139.0,434.0,1.9014429598799605,342.8597369144,1334.810628664948,824.329634420652,46.64226947513604,27.471344243383992,22440.0,7453.0,96.93,165.0,0.4,0.6,0.0,0.0,ED
43047,Chadron,C,63.0,81.0,14.0,56.0,25.834622814215287,76.9064800769444,221.93275610257933,49.1607638204763,52.87010140587128,31.233618935994688,21460.0,7453.0,381.71,25.0,0.4,0.4,0.2,0.0,C
43048,La Chaise-Dieu,ED,86.0,137.0,44.0,138.0,29.8239038226543,57.4290971230536,327.6731363576254,209.897766519321,34.955278377220964,18.563403205909083,21550.0,7453.0,616.86,40.0,0.2,0.8,0.0,0.0,ED
43049,Chamalières sur Loire,ED,80.0,101.0,37.0,127.0,34.76297968397291,82.0,273.0,162.0,43.855421686746986,21.44578313253012,,7453.0,426.73,30.0,0.0,0.6,0.4,0.0,ED
43050,Chambezon,ED,23.0,19.0,3.0,24.0,12.964684014869924,34.5967741935483,72.3387096774195,23.0645161290322,43.82022471910115,19.10112359550562,17890.0,7453.0,397.82,10.0,0.6,0.4,0.0,0.0,C
43051,Le Chambon-sur-Lignon,C,377.0,640.0,137.0,370.0,36.41449692180922,317.420045771,1210.8673312552771,922.712622973723,52.74993803708072,32.25628431688151,21030.0,7453.0,966.46,135.0,0.6,0.2,0.2,0.0,C
43052,Champagnac-le-Vieux,C,43.0,51.0,17.0,46.0,37.43071627031296,14.932018265306,89.6892730565642,78.3787086781298,25.68089310080813,14.855652652488857,18730.0,7453.0,315.76,25.0,0.4,0.4,0.2,0.0,C
43053,Champclause,ED,40.0,51.0,26.0,59.0,44.583333333333336,25.0,124.0,54.0,47.85276073619632,26.380368098159508,16430.0,7453.0,572.24,15.0,0.6,0.2,0.2,0.0,C
43054,Chanaleilles,C,17.0,64.0,36.0,50.0,39.35540287364579,15.9080459770115,97.43678160919538,59.6551724137931,37.41935483870967,20.645161290322577,19430.0,7453.0,1609.66,15.0,0.6,0.4,0.0,0.0,C
43055,Chaniat,ED,30.0,36.0,8.0,43.0,23.010863259847707,29.3580246913581,96.17283950617356,38.4691358024693,35.15625000000003,20.312500000000007,20840.0,7453.0,529.88,15.0,0.2,0.8,0.0,0.0,ED
43056,Chanteuges,ED,74.0,86.0,25.0,89.0,25.469428078458307,56.1179093404845,231.27970561527047,120.602385044245,39.84930540268632,17.799137193819572,21430.0,7453.0,686.99,25.0,0.4,0.6,0.0,0.0,ED
43057,La Chapelle-Bertin,ED,14.0,16.0,5.0,17.0,51.13636363636363,5.0,22.0,23.0,38.63636363636363,18.181818181818183,,7453.0,165.15,0.0,0.2,0.4,0.2,0.2,ED
43058,La Chapelle-d'Aurec,ED,120.0,196.0,65.0,282.0,7.031526156300585,287.160007487403,705.8762533354391,117.963739177158,58.9773730822786,37.29865767462257,26060.0,7453.0,530.47,60.0,0.6,0.4,0.0,0.0,C
43059,La Chapelle-Geneste,C,23.0,31.0,9.0,30.0,62.85223987888008,8.14678899082568,62.11926605504592,40.7339449541284,39.60396039603973,23.762376237623805,17560.0,7453.0,351.7,5.0,0.6,0.2,0.2,0.0,C
43060,Charraix,C,11.0,26.0,13.0,9.0,45.990896358543424,8.0,42.0,17.0,60.37735849056604,33.9622641509434,,7453.0,333.64,5.0,0.2,0.2,0.6,0.0,G
43061,Chaspinhac,C,130.0,196.0,41.0,156.0,8.267845777176895,198.894694730531,542.445901439442,139.659403830027,66.46725248906378,47.39863268493477,24470.0,7453.0,636.45,30.0,0.8,0.0,0.2,0.0,C
43062,Chaspuzac,ED,97.0,173.0,38.0,196.0,9.587087662748171,185.69698634423,532.79448349489,130.50853016088,57.42685706086568,32.84771190395845,23170.0,7453.0,522.94,55.0,0.2,0.8,0.0,0.0,ED
43063,Chassagnes,G,38.0,35.0,12.0,15.0,23.2053738760554,26.6625,107.6375,23.7,48.41269841269842,23.80952380952381,20350.0,7453.0,691.98,15.0,0.4,0.4,0.2,0.0,C
43064,Chassignolles,C,12.0,34.0,13.0,21.0,52.425226839923646,2.95384615384615,24.61538461538465,36.4307692307692,29.03225806451612,24.19354838709677,21070.0,7453.0,277.83,5.0,0.4,0.2,0.4,0.0,C
43065,Chastel,ED,13.0,32.0,5.0,37.0,36.087403755245326,5.65853658536585,58.47154471544715,51.869918699187,26.95652173913033,7.8260869565217135,15570.0,7453.0,1045.27,10.0,0.8,0.0,0.2,0.0,C
43066,Chaudeyrolles,ED,24.0,27.0,11.0,28.0,42.4432672814073,11.9322033898305,83.5254237288127,32.5423728813558,46.8749999999998,26.04166666666655,,7453.0,960.71,5.0,0.4,0.6,0.0,0.0,ED
43067,Chavaniac-Lafayette,ED,37.0,60.0,27.0,64.0,33.47457627118644,40.0,162.0,68.0,44.85981308411215,28.03738317757009,22730.0,7453.0,584.35,25.0,0.4,0.2,0.4,0.0,C
43068,Chazelles,G,18.0,1.0,3.0,11.0,41.91176470588236,8.0,19.0,5.0,63.63636363636363,40.909090909090914,,7453.0,35.37,5.0,0.2,0.0,0.8,0.0,G
43069,Chenereilles,ED,31.0,80.0,20.0,91.0,35.177865612648226,44.0,182.0,65.0,41.55844155844156,22.07792207792208,24550.0,7453.0,731.13,30.0,0.4,0.6,0.0,0.0,ED
43070,Chilhac,G,57.0,34.0,16.0,38.0,58.39153321125082,10.5651733457888,107.2099352323714,55.2248914218398,47.01441815172547,26.99577370665141,19720.0,7453.0,554.76,25.0,0.4,0.0,0.6,0.0,G
43071,Chomelix,C,68.0,122.0,33.0,90.0,30.857771920565696,59.5832049096855,238.2416813000505,151.175113790264,44.83027773553657,19.673341102068456,21140.0,7453.0,1390.96,25.0,0.8,0.2,0.0,0.0,C
43072,La Chomette,ED,13.0,31.0,12.0,42.0,12.569941444372168,23.4347826086957,87.3478260869564,36.2173913043479,47.27272727272712,19.09090909090901,19980.0,7453.0,774.39,15.0,0.4,0.6,0.0,0.0,ED
43073,Cistrières,ED,30.0,35.0,11.0,43.0,37.736346406031394,13.3731343283582,68.7761194029851,45.8507462686567,29.82456140350869,17.543859649122762,20410.0,7453.0,195.05,15.0,0.6,0.4,0.0,0.0,C
43074,Cohade,ED,132.0,144.0,39.0,175.0,4.306852801754967,150.108771145262,519.9651614275999,197.926067427137,36.1394056580535,18.361138683602547,22150.0,7453.0,1202.23,45.0,0.0,1.0,0.0,0.0,ED
43075,Collat,ED,15.0,23.0,8.0,30.0,36.74726209143012,7.49367088607595,40.278481012658254,26.2278481012658,34.328358208955216,20.895522388059693,,7453.0,364.45,5.0,0.6,0.4,0.0,0.0,C
43076,Connangles,C,11.0,38.0,14.0,38.0,42.20619936073748,12.0,64.0,56.0,35.8974358974359,19.65811965811966,17590.0,7453.0,314.05,10.0,0.8,0.0,0.2,0.0,C
43077,Costaros,ED,56.0,84.0,30.0,140.0,8.94308943089431,84.0,322.0,146.0,37.470725995316165,17.798594847775178,20800.0,7453.0,331.39,45.0,0.4,0.6,0.0,0.0,ED
43078,Coubon,C,481.0,765.0,181.0,614.0,4.455760661998727,495.0,1841.0,801.0,54.44444444444444,32.05761316872428,24440.0,7453.0,905.33,165.0,0.8,0.2,0.0,0.0,C
43079,Couteuges,ED,42.0,36.0,17.0,66.0,9.219858156028367,42.0,151.0,93.0,40.43478260869565,20.869565217391305,21820.0,7453.0,1137.39,15.0,0.2,0.8,0.0,0.0,ED
43080,Craponne-sur-Arzon,ED,213.0,390.0,132.0,411.0,13.523131672597868,224.0,993.0,787.0,34.55838767042086,17.012448132780083,20800.0,7453.0,2015.71,110.0,0.6,0.4,0.0,0.0,C
43082,Cronce,ED,7.0,18.0,6.0,19.0,48.74141876430212,6.90140845070422,44.36619718309858,18.7323943661972,47.61904761904757,19.04761904761904,,7453.0,647.32,10.0,0.2,0.6,0.2,0.0,ED
43083,Cubelles,ED,14.0,28.0,12.0,43.0,31.24491574140704,31.8322147651006,92.41610738255048,28.7516778523489,39.62264150943412,18.867924528301963,21280.0,7453.0,698.7,10.0,0.4,0.6,0.0,0.0,ED
43084,Cussac-sur-Loire,ED,289.0,307.0,114.0,406.0,3.377616731456856,274.861910162556,981.7195452587662,401.418544578678,52.98358832836298,28.01380531693156,23410.0,7453.0,728.58,80.0,0.2,0.8,0.0,0.0,ED
43085,Desges,C,11.0,21.0,6.0,4.0,44.39477197230753,4.07272727272728,26.47272727272732,25.4545454545455,29.78723404255322,19.14893617021278,,7453.0,421.31,5.0,0.8,0.2,0.0,0.0,C
43086,Domeyrat,G,45.0,39.0,15.0,35.0,21.58430232558138,30.3508771929825,105.21637426900573,37.4327485380118,45.38461538461556,25.384615384615483,21280.0,7453.0,201.06,15.0,0.2,0.4,0.4,0.0,ED
43087,Dunières,ED,275.0,517.0,192.0,611.0,7.201184897311659,405.795243348309,1466.9781926493513,750.22656400234,37.204309734452806,18.74305415574948,21630.0,7453.0,1087.82,150.0,0.4,0.6,0.0,0.0,ED
43088,Espalem,C,50.0,79.0,30.0,69.0,7.061325531458981,51.7208278128491,219.6297360087578,54.6494361783931,50.71280042793585,26.95527440160641,20390.0,7453.0,1051.47,20.0,1.0,0.0,0.0,0.0,C
43089,Espaly-Saint-Marcel,C,523.0,625.0,182.0,532.0,2.3856858846918487,559.0,2128.0,887.0,53.70843989769821,34.74607234198027,22610.0,7453.0,226.1,300.0,0.6,0.2,0.2,0.0,C
43090,Esplantas-Vazeilles,C,13.0,51.0,7.0,31.0,48.85067256938527,17.0,74.0,36.0,32.38095238095238,13.333333333333334,18300.0,7453.0,1067.92,5.0,0.6,0.4,0.0,0.0,C
43091,Les Estables,C,52.0,85.0,29.0,78.0,55.946647211089605,47.8983733619377,192.40029604557031,77.701330592493,46.4564023014346,28.144661693584823,20100.0,7453.0,2453.88,30.0,1.0,0.0,0.0,0.0,C
43092,Fay-sur-Lignon,ED,37.0,69.0,29.0,73.0,34.46639473791,46.8644718855664,194.8362897424646,102.299238371969,48.88797175062134,31.69942770373962,20110.0,7453.0,868.54,20.0,0.2,0.4,0.4,0.0,ED
43093,Félines,ED,50.0,60.0,22.0,74.0,33.82899628252788,44.0,171.0,87.0,37.1900826446281,18.59504132231405,25570.0,7453.0,732.86,25.0,0.4,0.6,0.0,0.0,ED
43094,Ferrussac,C,9.0,22.0,11.0,20.0,37.93103448275862,3.0,49.0,24.0,40.0,15.714285714285714,,7453.0,670.9,5.0,0.6,0.4,0.0,0.0,C
43095,Fix-Saint-Geneys,ED,21.0,25.0,9.0,44.0,33.82509505703419,31.4460431654675,80.1366906474822,29.4172661870503,48.48484848484871,28.28282828282844,20070.0,7453.0,385.23,10.0,0.6,0.2,0.2,0.0,C
43096,Fontannes,C,142.0,194.0,36.0,159.0,6.354376673862396,120.587780516421,581.7788455046399,175.633373978938,42.53361750807054,24.488084703745816,21570.0,7453.0,856.03,65.0,0.4,0.6,0.0,0.0,ED
43097,Freycenet-la-Cuche,ED,12.0,31.0,22.0,33.0,48.89740173217862,13.0,57.0,35.0,41.37931034482759,19.54022988505747,15460.0,7453.0,1454.95,5.0,0.8,0.2,0.0,0.0,C
43098,Freycenet-la-Tour,G,37.0,32.0,13.0,15.0,36.490659713305575,9.42148760330578,61.23966942148762,43.3388429752066,53.63636363636335,29.999999999999822,17700.0,7453.0,716.0,5.0,0.2,0.4,0.4,0.0,ED
43099,Frugères-les-Mines,ED,66.0,89.0,9.0,118.0,3.426516308877712,95.6045750649805,290.5280264990905,164.867398435929,31.413967326123192,15.148290415386642,,7453.0,92.18,40.0,0.2,0.8,0.0,0.0,ED
43100,Frugières-le-Pin,ED,35.0,18.0,12.0,49.0,24.82426233173248,39.2154696132596,109.6022099447506,33.1823204419888,46.56488549618323,25.19083969465652,19670.0,7453.0,340.07,10.0,0.4,0.4,0.2,0.0,C
43101,Goudet,ED,21.0,26.0,6.0,34.0,64.64655994890282,7.94117647058824,38.82352941176465,28.2352941176471,45.070422535211286,32.39436619718312,,7453.0,181.83,5.0,0.2,0.8,0.0,0.0,ED
43102,Grazac,ED,134.0,192.0,65.0,378.0,18.671939042248784,232.895720521509,692.845090020967,200.259189457524,39.71035565690431,21.861318920772536,23640.0,7453.0,1016.45,60.0,0.8,0.2,0.0,0.0,C
43103,Grenier-Montgon,G,32.0,24.0,4.0,28.0,17.979315831344465,11.787610619469,62.8672566371682,36.3451327433628,30.526315789473667,15.789473684210536,19250.0,7453.0,89.17,10.0,0.2,0.6,0.2,0.0,ED
43104,Grèzes,C,23.0,61.0,13.0,48.0,44.44444444444444,19.0,111.0,54.0,26.41509433962264,13.20754716981132,17760.0,7453.0,1153.62,5.0,0.8,0.2,0.0,0.0,C
43105,Javaugues,C,30.0,46.0,15.0,42.0,8.793542044527493,25.8539325842697,115.3483146067415,35.7977528089888,41.37931034482757,16.551724137931004,22270.0,7453.0,340.4,10.0,0.4,0.6,0.0,0.0,ED
43106,Jax,C,32.0,45.0,8.0,20.0,29.987541986376097,23.1891891891892,72.46621621621621,47.3445945945946,40.83333333333334,27.499999999999982,18360.0,7453.0,182.97,10.0,0.6,0.2,0.2,0.0,C
43107,Josat,ED,22.0,20.0,3.0,23.0,41.33727457963056,4.8235294117647,42.4470588235294,34.7294117647059,33.33333333333338,12.820512820512809,,7453.0,178.74,5.0,0.6,0.4,0.0,0.0,C
43108,Jullianges,ED,41.0,91.0,38.0,129.0,23.452768729641694,60.0,236.0,138.0,41.12676056338028,22.816901408450704,20980.0,7453.0,808.25,15.0,0.8,0.2,0.0,0.0,C
43109,Lafarre,ED,15.0,13.0,12.0,23.0,61.403404819482354,10.1348314606742,36.85393258426959,35.0112359550562,43.99999999999997,30.666666666666654,,7453.0,375.36,5.0,0.4,0.6,0.0,0.0,ED
43110,Lamothe,C,131.0,186.0,57.0,159.0,11.34177767245978,138.261648303729,510.990383092308,178.747968603962,42.22597347904777,25.850800334125505,21830.0,7453.0,625.78,50.0,0.4,0.6,0.0,0.0,ED
43111,Landos,ED,98.0,165.0,42.0,223.0,25.77323297374037,152.376816424548,466.372657105322,250.25052647013,39.63360138160639,16.06403149102629,,7453.0,3747.6,35.0,0.6,0.2,0.2,0.0,C
43112,Langeac,C,566.0,743.0,142.0,536.0,7.911224679550746,352.071010036328,1817.1064643200816,1263.82252564359,34.122873409015135,17.57141988791965,20720.0,7453.0,1024.52,280.0,0.2,0.8,0.0,0.0,ED
43113,Lantriac,ED,322.0,399.0,94.0,445.0,8.193289848854661,332.229316312248,1127.9821940704649,468.788489617287,51.45607309988009,27.78057609155608,22730.0,7453.0,830.25,115.0,0.2,0.8,0.0,0.0,ED
43114,Lapte,ED,246.0,369.0,114.0,414.0,18.183135764698296,346.867892900624,1046.9536154215891,380.178491677787,44.16005703390744,24.554764503254503,21610.0,7453.0,1208.89,115.0,0.4,0.6,0.0,0.0,ED
43115,Laussonne,ED,150.0,199.0,63.0,262.0,14.130434782608695,152.0,531.0,336.0,41.71779141104295,23.55828220858896,21260.0,7453.0,1787.45,55.0,0.2,0.8,0.0,0.0,ED
43116,Laval-sur-Doulon,ED,5.0,8.0,2.0,21.0,57.3472041612483,5.80952380952381,31.952380952380988,23.2380952380952,45.6140350877192,26.315789473684205,,7453.0,67.71,5.0,0.2,0.6,0.2,0.0,ED
43117,Lavaudieu,C,47.0,80.0,14.0,34.0,19.638658366494923,28.8229843483549,128.3118471862926,87.8651684653525,51.81724979821689,32.88834739547282,22580.0,7453.0,520.36,15.0,0.4,0.6,0.0,0.0,ED
43118,Lavoûte-Chilhac,C,40.0,76.0,26.0,56.0,33.00501489133749,18.3618506273406,108.9808449337764,127.657304438883,27.971394232531505,13.15058059150724,20150.0,7453.0,118.81,30.0,0.6,0.2,0.2,0.0,C
43119,Lavoûte-sur-Loire,C,126.0,148.0,45.0,144.0,7.510548881288328,145.216168276839,452.912920842808,214.870910880353,46.638633716286776,27.12932784954644,21230.0,7453.0,185.7,60.0,0.4,0.6,0.0,0.0,ED
43120,Lempdes-sur-Allagnon,ED,210.0,210.0,50.0,263.0,5.629333420902025,207.846456124385,744.772861814911,352.380682060704,32.26233926098919,14.209219746767277,20600.0,7453.0,287.02,115.0,0.0,1.0,0.0,0.0,ED
43121,Léotoing,ED,46.0,40.0,9.0,54.0,18.47950748657396,34.8544931225962,119.0062734393587,60.1392334380451,42.63462169834398,27.03606174788899,21300.0,7453.0,815.54,20.0,0.0,1.0,0.0,0.0,ED
43122,Lissac,ED,35.0,62.0,20.0,72.0,17.651702589062033,48.4561317777476,185.5380839609556,59.0057842612978,45.58338324594261,19.71054428327571,22290.0,7453.0,1529.14,20.0,0.4,0.6,0.0,0.0,ED
43123,Lorlanges,C,62.0,81.0,33.0,75.0,11.578945082338322,97.766028744562,274.9586395674463,50.2753316879907,50.361088659353015,28.3235696967098,22860.0,7453.0,1037.4,30.0,0.4,0.6,0.0,0.0,ED
43124,Loudes,ED,153.0,187.0,43.0,210.0,7.664781518474549,150.0133160537,582.688538438878,214.298145507422,45.15171813907049,23.28110082714748,22080.0,7453.0,1573.06,80.0,0.4,0.6,0.0,0.0,ED
43125,Lubilhac,C,25.0,34.0,6.0,27.0,28.431372549019606,15.0,54.0,33.0,45.88235294117647,21.176470588235293,,7453.0,940.03,5.0,0.6,0.2,0.2,0.0,C
43126,Malrevers,ED,106.0,149.0,28.0,189.0,12.207593102814972,144.587940568168,480.025033870532,131.3870255613,43.89288177907706,23.72358823120993,22500.0,7453.0,560.21,40.0,0.6,0.4,0.0,0.0,C
43127,Malvalette,ED,113.0,158.0,35.0,184.0,15.151515151515152,186.0,555.0,141.0,53.22834645669291,32.75590551181102,24460.0,7453.0,511.2,35.0,0.2,0.8,0.0,0.0,ED
43128,Malvières,C,25.0,32.0,8.0,22.0,38.65476063388133,14.7916666666667,78.8888888888889,48.3194444444444,52.50000000000024,33.33333333333348,18580.0,7453.0,176.03,10.0,0.2,0.0,0.8,0.0,G
43129,Le Mas-de-Tence,ED,44.0,42.0,17.0,55.0,36.91935372139763,15.9661016949153,95.79661016949152,45.2372881355932,41.49659863945566,21.088435374149626,22150.0,7453.0,196.15,10.0,0.4,0.4,0.2,0.0,C
43130,Mazet-Saint-Voy,C,181.0,317.0,74.0,143.0,39.00935563387233,143.008833063709,584.8217732496569,383.169393686634,46.20333817910095,28.08790804881964,20940.0,7453.0,1997.76,70.0,0.8,0.2,0.0,0.0,C
43131,Mazerat-Aurouze,G,59.0,50.0,9.0,38.0,29.164085397824564,15.366459722515,113.5256267310174,61.1079135464676,44.253994521320536,26.777270752186293,19770.0,7453.0,650.33,20.0,0.6,0.4,0.0,0.0,C
43132,Mazeyrat-d'Allier,ED,223.0,304.0,92.0,356.0,14.382213971953488,210.237703042467,897.864714658915,317.897582298618,40.43122562820425,18.87403157530225,22020.0,7453.0,3246.36,110.0,0.4,0.4,0.2,0.0,C
43133,Mercoeur,C,12.0,47.0,23.0,32.0,30.15873015873016,20.0,80.0,48.0,49.18032786885246,26.229508196721312,,7453.0,1764.81,5.0,0.8,0.0,0.2,0.0,C
43134,Mézères,ED,30.0,42.0,17.0,49.0,23.134906509941867,28.1460674157303,95.6966292134832,43.1573033707865,56.02836879432608,34.75177304964532,20640.0,7453.0,318.36,10.0,0.6,0.4,0.0,0.0,C
43135,Le Monastier-sur-Gazeille,ED,287.0,306.0,91.0,381.0,21.570396058558085,247.912979552894,974.812543220495,550.274477226611,43.52073102437101,24.86888745023167,21430.0,7453.0,2205.61,75.0,0.4,0.6,0.0,0.0,ED
43136,Monistrol-d'Allier,G,54.0,48.0,18.0,43.0,43.612229642290174,29.5344429556923,119.2033471409472,70.2622099033605,53.16986001247732,27.801217009193373,19530.0,7453.0,461.32,20.0,0.2,0.6,0.2,0.0,ED
43137,Monistrol-sur-Loire,ED,1176.0,1784.0,466.0,2018.0,3.902344285187515,1549.373603462637,5432.610564029282,1892.015832508092,51.97977579346394,33.247586738313046,24070.0,7453.0,1942.09,590.0,0.8,0.2,0.0,0.0,C
43138,Monlet,C,51.0,87.0,38.0,86.0,38.99505899556276,56.0111693386489,200.85546193940712,149.133368721944,47.8521075831324,25.887518626600464,21360.0,7453.0,1170.04,20.0,0.6,0.4,0.0,0.0,C
43139,Montclard,G,10.0,5.0,5.0,7.0,17.532066383958945,3.05769230769231,37.711538461538495,12.2307692307692,59.09090909090906,43.18181818181816,,7453.0,364.04,0.0,0.2,0.4,0.4,0.0,ED
43140,Le Monteil,C,118.0,179.0,53.0,127.0,4.075235109717868,117.0,407.0,153.0,50.88062622309197,27.20156555772994,19630.0,7453.0,46.37,35.0,0.4,0.6,0.0,0.0,ED
43141,Montfaucon-en-Velay,ED,85.0,260.0,81.0,297.0,7.262775672442551,134.714672543229,655.484873599358,345.800453857413,31.12652168306028,14.296428359352111,21430.0,7453.0,464.31,70.0,0.0,1.0,0.0,0.0,ED
43142,Montregard,ED,68.0,136.0,44.0,138.0,25.09342746265919,105.660617841269,347.362351460352,159.977030698379,44.33276115939773,23.914176049846205,21910.0,7453.0,1506.3,35.0,0.2,0.8,0.0,0.0,ED
43143,Montusclat,ED,24.0,32.0,12.0,39.0,43.48783023020117,17.296875,68.2265625,37.4765625,44.230769230769226,20.192307692307693,19020.0,7453.0,749.69,10.0,0.6,0.4,0.0,0.0,C
43144,Moudeyres,C,13.0,24.0,11.0,23.0,30.39675016926206,18.5901639344262,64.6229508196722,24.7868852459016,55.31914893617028,31.91489361702129,19200.0,7453.0,896.84,5.0,0.4,0.4,0.2,0.0,C
43145,Ouides,D,10.0,8.0,14.0,13.0,62.2714162469722,5.3061224489796,29.7142857142858,16.9795918367347,39.5348837209302,20.930232558139515,,7453.0,465.38,0.0,0.2,0.4,0.2,0.2,ED
43147,Paulhac,ED,106.0,145.0,39.0,155.0,5.639633987279116,88.0038870362257,339.93747275447834,179.058640209296,52.50190828612163,31.609525441593945,20160.0,7453.0,693.2,30.0,0.2,0.6,0.2,0.0,ED
43148,Paulhaguet,ED,115.0,145.0,38.0,172.0,14.440993788819876,100.0,461.0,294.0,41.853932584269664,22.89325842696629,20380.0,7453.0,471.09,80.0,0.0,1.0,0.0,0.0,ED
43149,Pébrac,C,24.0,32.0,12.0,18.0,49.23352411554053,12.7777777777778,66.8376068376068,35.3846153846154,39.99999999999999,21.999999999999982,17560.0,7453.0,641.85,10.0,0.4,0.4,0.2,0.0,C
43150,Le Pertuis,C,89.0,129.0,42.0,127.0,18.1300895724406,117.542837856185,316.03210375522804,108.425058388587,57.85057786792306,36.34344013999021,22170.0,7453.0,533.14,45.0,0.4,0.0,0.6,0.0,G
43151,Pinols,C,39.0,56.0,19.0,55.0,36.086866404033735,15.4808962366557,87.722788437648,79.7963153256963,33.3756793915446,12.024056004408775,19580.0,7453.0,1052.47,10.0,0.8,0.2,0.0,0.0,C
43152,Polignac,C,391.0,718.0,200.0,578.0,4.782730248933471,441.859860397354,1715.1085739593475,670.031565643298,51.32964008674045,33.96030766975888,21030.0,7453.0,2043.94,140.0,0.6,0.2,0.2,0.0,C
43153,Pont-Salomon,ED,257.0,242.0,67.0,487.0,1.9189230419463723,346.349441010013,1219.616572880177,295.03398610981,45.26744911860138,23.751750279097493,22140.0,7453.0,188.25,140.0,0.2,0.8,0.0,0.0,ED
43154,Pradelles,ED,62.0,88.0,35.0,105.0,38.5975266631348,57.9025765884536,299.6071260120594,177.490297399486,36.6185568711668,19.868317540006288,20920.0,7453.0,791.26,25.0,0.2,0.8,0.0,0.0,ED
43155,Prades,ED,20.0,23.0,8.0,26.0,66.52863835575039,8.41558441558442,25.24675324675328,38.3376623376623,43.28358208955229,26.865671641791067,21990.0,7453.0,,10.0,0.6,0.4,0.0,0.0,C
43156,Présailles,ED,18.0,34.0,13.0,41.0,54.37940273617368,19.3518518518519,51.94444444444429,38.7037037037038,30.952380952380945,13.095238095238091,19020.0,7453.0,1327.67,5.0,0.6,0.4,0.0,0.0,C
43157,Le Puy-en-Velay,C,2751.0,3037.0,762.0,2145.0,5.305762264456952,2687.016169269242,11665.75588575403,4636.227944976728,51.74860139061946,32.6114924205404,20480.0,7453.0,322.6,,0.8,0.0,0.2,0.0,C
43158,Queyrières,G,86.0,64.0,20.0,80.0,34.67320339348628,77.5794768361373,213.1513307237231,66.2691924401396,60.46821655304099,37.20867649255532,21940.0,7453.0,551.04,30.0,0.6,0.0,0.4,0.0,C
43159,Raucoules,ED,105.0,175.0,54.0,285.0,15.149683057501564,187.301187260827,613.8775951408351,145.821217598338,42.47304329248159,22.653219246884053,21340.0,7453.0,749.46,45.0,0.2,0.8,0.0,0.0,ED
43160,Rauret,C,30.0,49.0,23.0,45.0,40.845070422535215,24.0,108.0,68.0,52.09580838323353,31.736526946107784,19410.0,7453.0,1467.77,15.0,0.6,0.0,0.4,0.0,C
43162,Retournac,ED,490.0,519.0,133.0,708.0,26.12515174414157,461.804773474978,1624.269418456534,884.925808068488,38.93206674676365,19.93999624964373,21280.0,7453.0,1585.49,225.0,0.6,0.4,0.0,0.0,C
43163,Riotord,ED,107.0,251.0,99.0,322.0,17.15234211327346,166.354430977388,693.1508783517061,325.494690670906,34.86189809587928,17.686372803015797,22330.0,7453.0,1158.41,60.0,0.4,0.6,0.0,0.0,ED
43164,Roche-en-Régnier,ED,87.0,106.0,52.0,125.0,31.194354338197822,51.7076559770116,241.2345620984064,184.057781924582,34.4151032099351,16.36541158217368,20450.0,7453.0,1136.29,25.0,0.4,0.6,0.0,0.0,ED
43165,Rosières,ED,194.0,312.0,83.0,334.0,13.937652921118175,212.796972002668,916.571210750238,406.631817247094,43.55301052721421,25.44540382411904,20610.0,7453.0,1715.32,90.0,0.0,1.0,0.0,0.0,ED
43166,Saint-André-de-Chalencon,G,78.0,76.0,35.0,74.0,31.99289082512988,54.0861119701327,198.21740927876925,128.696478751097,46.85222892113312,24.585999429531515,,7453.0,660.38,20.0,0.0,0.6,0.4,0.0,ED
43167,Saint-Arcons-d'Allier,C,25.0,53.0,12.0,49.0,28.316208095549804,28.2962962962963,104.08994708994707,58.6137566137566,45.99999999999984,28.666666666666547,20150.0,7453.0,1022.33,15.0,0.4,0.2,0.4,0.0,C
43168,Saint-Arcons-de-Barges,ED,9.0,24.0,9.0,45.0,66.50502399827386,15.000239120285,53.9990116361555,47.0007492435595,33.998779526952454,10.999278811380972,15630.0,7453.0,1017.96,10.0,0.4,0.6,0.0,0.0,ED
43169,Saint-Austremoine,C,9.0,15.0,8.0,14.0,38.60314022739585,6.24,29.12,16.64,35.8974358974359,17.94871794871795,,7453.0,370.63,5.0,0.6,0.4,0.0,0.0,C
43170,Saint-Beauzire,ED,55.0,67.0,17.0,85.0,7.791373587014913,71.0931369152913,312.6658715631263,69.2409915215824,48.22815821358579,31.76048305660389,21970.0,7453.0,1102.95,30.0,0.4,0.6,0.0,0.0,ED
43171,Saint-Bérain,C,16.0,24.0,14.0,23.0,49.87314866479,9.47368421052632,61.57894736842108,18.9473684210526,54.32098765432094,25.925925925925924,23820.0,7453.0,796.91,10.0,0.8,0.2,0.0,0.0,C
43172,Saint-Bonnet-le-Froid,C,28.0,80.0,8.0,43.0,36.18857451187896,43.1173708920187,143.02347417840292,37.8591549295774,44.30379746835445,21.51898734177214,20090.0,7453.0,144.42,15.0,0.4,0.2,0.4,0.0,C
43173,Saint-Christophe-d'Allier,C,24.0,36.0,11.0,14.0,49.146345999238925,7.25301204819275,49.73493975903595,29.012048192771,52.70270270270271,14.864864864864863,,7453.0,1038.17,5.0,0.6,0.4,0.0,0.0,C
43174,Saint-Christophe-sur-Dolaison,ED,149.0,184.0,57.0,215.0,5.278747921247114,169.971961423912,542.463139648696,224.564898927394,48.72136791481137,28.047897049165137,22130.0,7453.0,1946.83,55.0,0.0,0.8,0.2,0.0,ED
43175,Saint-Cirgues,ED,16.0,42.0,9.0,51.0,43.2128970567185,12.9212121212121,102.3757575757576,48.7030303030303,41.42857142857152,24.28571428571432,21170.0,7453.0,427.09,15.0,0.4,0.4,0.2,0.0,C
43177,Saint-Didier-en-Velay,ED,440.0,662.0,150.0,823.0,5.441269198642934,608.88915230038,2125.320034699089,767.790813000531,49.55016635342983,30.2325071454256,23510.0,7453.0,1511.27,215.0,0.4,0.6,0.0,0.0,ED
43178,Saint-Didier-sur-Doulon,C,49.0,61.0,14.0,47.0,47.47294432667639,27.278350515464,102.04123711340272,66.6804123711343,43.82716049382716,27.160493827160487,18040.0,7453.0,677.6,20.0,0.6,0.0,0.4,0.0,C
43180,Saint-Etienne-du-Vigan,ED,14.0,26.0,15.0,32.0,50.3110616559606,10.1020408163265,55.10204081632649,24.795918367347,24.09638554216873,7.228915662650608,,7453.0,891.15,0.0,0.6,0.4,0.0,0.0,C
43181,Saint-Etienne-Lardeyrol,C,148.0,189.0,42.0,135.0,11.40790626822854,159.908718061343,440.13060765917896,149.960674279478,56.016490384858606,34.07434901239457,,7453.0,874.68,50.0,0.2,0.8,0.0,0.0,ED
43182,Saint-Etienne-sur-Blesle,C,6.0,19.0,5.0,16.0,39.38328487914446,7.1320754716981,24.4528301886792,22.4150943396226,43.18181818181818,18.181818181818183,,7453.0,101.16,5.0,0.6,0.4,0.0,0.0,C
43183,Sainte-Eugénie-de-Villeneuve,C,12.0,30.0,7.0,29.0,38.85230126520357,16.621359223301,59.213592233009706,31.1650485436893,44.57831325301202,15.662650602409643,20250.0,7453.0,124.14,10.0,0.8,0.2,0.0,0.0,C
43184,Saint-Ferréol-d'Auroure,ED,280.0,457.0,125.0,671.0,1.7194570135746607,475.0,1451.0,531.0,55.592469545957925,33.499446290143965,25340.0,7453.0,498.85,105.0,0.2,0.8,0.0,0.0,ED
43185,Sainte-Florine,ED,515.0,502.0,71.0,620.0,3.087572863274457,552.804387512508,1852.8528992350907,851.342713252401,38.032061752977455,18.567890471477448,20570.0,7453.0,310.57,275.0,0.0,1.0,0.0,0.0,ED
43186,Saint-Front,C,69.0,113.0,31.0,98.0,41.97002141327623,58.0,235.0,120.0,47.60479041916168,30.23952095808384,20080.0,7453.0,2731.14,25.0,0.8,0.2,0.0,0.0,C
43187,Saint-Geneys-près-Saint-Paulien,ED,39.0,79.0,27.0,81.0,20.194340551224577,48.7950607421472,200.7097867778503,69.4951524800025,50.68719065499565,30.845596439389368,22270.0,7453.0,1437.62,10.0,0.4,0.6,0.0,0.0,ED
43188,Saint-Georges-d'Aurac,ED,68.0,75.0,26.0,105.0,14.437674139040745,96.7165665266448,280.2241196112818,96.0593138620734,31.31246862949162,15.511360880464403,20180.0,7453.0,1415.81,40.0,0.2,0.8,0.0,0.0,ED
43189,Saint-Georges-Lagricol,C,74.0,123.0,48.0,97.0,18.4909922694724,94.886147890041,281.682447808005,146.431404301955,42.56534015893539,21.40747677920148,20760.0,7453.0,1143.97,20.0,0.2,0.8,0.0,0.0,ED
43190,Saint-Germain-Laprade,C,609.0,853.0,209.0,730.0,3.6809815950920246,611.0,2053.0,795.0,51.924557351809085,31.44726712856043,24400.0,7453.0,1083.09,220.0,0.6,0.4,0.0,0.0,C
43191,Saint-Géron,C,48.0,53.0,9.0,42.0,7.859295702551873,41.0184183437072,151.0601055728965,51.9214760833963,46.01881301989696,29.44540821172551,25280.0,7453.0,1086.12,15.0,0.4,0.6,0.0,0.0,ED
43192,Saint-Haon,ED,44.0,64.0,19.0,99.0,50.50109643983516,38.7616562692385,150.12287901210368,88.1154647186578,37.14741348954592,15.32878338553623,17830.0,7453.0,2412.8,15.0,0.6,0.4,0.0,0.0,C
43193,Saint-Hilaire,ED,29.0,29.0,14.0,44.0,29.887129380054017,18.1146496815286,90.57324840764352,49.3121019108279,39.39393939393939,22.727272727272727,20960.0,7453.0,571.84,10.0,0.6,0.4,0.0,0.0,C
43194,Saint-Hostien,C,116.0,142.0,49.0,113.0,14.014379371853575,150.945989092311,417.52045536703497,125.533555540654,50.052017415133285,31.098705458320623,22490.0,7453.0,530.09,60.0,0.4,0.6,0.0,0.0,ED
43195,Saint-Ilpize,G,59.0,44.0,16.0,49.0,47.67676147097814,21.0376340512362,114.9757731465252,56.9865928022386,55.12534645758221,30.95792175996454,21280.0,7453.0,289.81,25.0,0.6,0.0,0.4,0.0,C
43196,Saint-Jean-d'Aubrigoux,ED,28.0,46.0,19.0,51.0,26.6304347826087,19.0,98.0,66.0,34.61538461538461,18.58974358974359,21450.0,7453.0,684.57,15.0,0.2,0.8,0.0,0.0,ED
43197,Saint-Jean-de-Nay,ED,52.0,79.0,31.0,90.0,18.181818181818183,49.0,189.0,100.0,40.72727272727273,21.818181818181817,18640.0,7453.0,2415.49,15.0,0.4,0.6,0.0,0.0,ED
43198,Saint-Jean-Lachalm,ED,33.0,66.0,29.0,94.0,35.457020694656094,54.5771501356667,181.9437561279654,66.4790937363679,47.4183167743619,22.03015704947647,18120.0,7453.0,1900.49,15.0,0.6,0.2,0.2,0.0,C
43199,Saint-Jeures,C,151.0,262.0,58.0,212.0,37.0227632761799,176.093539950311,565.102333210529,251.804126839159,54.87984965627216,32.60680426099633,21720.0,7453.0,1473.71,70.0,0.8,0.0,0.2,0.0,C
43200,Saint-Julien-Chapteuil,C,308.0,432.0,131.0,316.0,20.19130254148629,334.470863931666,1178.169863261007,508.359272807327,52.21344751805751,30.57008572808521,22830.0,7453.0,1133.58,125.0,0.6,0.4,0.0,0.0,C
43201,Saint-Julien-d'Ance,ED,41.0,54.0,13.0,82.0,38.01652892561984,26.0,143.0,79.0,43.13725490196079,25.0,20540.0,7453.0,965.67,15.0,0.6,0.4,0.0,0.0,C
43202,Saint-Julien-des-Chazes,C,15.0,25.0,13.0,12.0,60.97560975609756,4.0,19.0,31.0,48.97959183673469,20.40816326530612,,7453.0,279.59,5.0,0.6,0.2,0.2,0.0,C
43203,Saint-Julien-du-Pinet,C,98.0,119.0,36.0,118.0,18.482420375158544,92.0003593370238,291.3990750060252,103.60056565695,52.17525960406152,32.539459275321946,22590.0,7453.0,295.86,30.0,0.6,0.4,0.0,0.0,C
43204,Saint-Julien-Molhesabate,C,19.0,51.0,11.0,43.0,32.895807895807984,17.6415094339622,89.24528301886721,58.1132075471696,41.91176470588224,22.058823529411704,19120.0,7453.0,684.59,5.0,0.4,0.6,0.0,0.0,ED
43205,Saint-Just-Malmont,ED,520.0,798.0,205.0,1022.0,4.08589662241745,782.083450578363,2593.165289532308,844.751259889329,46.4651688641557,25.884927867355163,23160.0,7453.0,778.98,245.0,0.2,0.8,0.0,0.0,ED
43206,Saint-Just-près-Brioude,C,82.0,97.0,22.0,78.0,21.21509379526755,56.2748957046311,260.2410277063293,80.4840765890386,46.68748040972558,25.63321776057709,21300.0,7453.0,2319.3,35.0,0.4,0.6,0.0,0.0,ED
43207,Saint-Laurent-Chabreuges,C,47.0,83.0,10.0,39.0,5.38495077637145,44.5143845937083,151.538327040119,56.9472883661727,47.0395907110044,26.287236192765747,24340.0,7453.0,136.44,15.0,0.6,0.2,0.2,0.0,C
43208,Sainte-Marguerite,C,2.0,22.0,3.0,7.0,40.42553191489361,5.0,21.0,11.0,37.5,25.0,,7453.0,82.59,5.0,0.4,0.6,0.0,0.0,ED
43210,Saint-Martin-de-Fugères,ED,44.0,55.0,23.0,76.0,49.60198312025166,29.8906245964411,129.1252689426496,68.9841064609093,32.375489010194485,13.295416720405436,20590.0,7453.0,1517.21,20.0,0.4,0.6,0.0,0.0,ED
43211,Saint-Maurice-de-Lignon,ED,303.0,454.0,127.0,595.0,7.272360283442322,531.337733644565,1633.155741299542,501.506525055893,48.53371386801429,28.557494271260506,23160.0,7453.0,1066.6,160.0,0.0,1.0,0.0,0.0,ED
43212,Saint-Pal-de-Chalencon,C,134.0,258.0,84.0,246.0,23.13122447965414,128.311935665827,521.712241026333,368.97582330784,41.89960282694379,20.675999491659468,22030.0,7453.0,1931.2,65.0,0.2,0.8,0.0,0.0,ED
43213,Saint-Pal-de-Mons,ED,312.0,405.0,131.0,563.0,9.790648063715029,431.005564019017,1471.956183164361,421.038252816622,46.518789736637046,26.409832717479148,22700.0,7453.0,853.58,170.0,0.0,1.0,0.0,0.0,ED
43214,Saint-Pal-de-Senouire,ED,21.0,19.0,10.0,28.0,49.23076923076923,15.0,55.0,39.0,40.65934065934066,27.472527472527474,,7453.0,199.41,15.0,0.4,0.6,0.0,0.0,ED
43215,Saint-Paul-de-Tartas,C,28.0,57.0,20.0,55.0,60.44648597735844,27.3436984748138,92.2205861766529,73.4357153485333,37.48255816359943,25.065535062032986,17430.0,7453.0,1331.5,10.0,0.8,0.2,0.0,0.0,C
43216,Saint-Paulien,ED,340.0,457.0,127.0,525.0,6.617354347451405,364.087395939937,1462.563461311755,592.349142748308,45.51733547917996,25.57782967084654,22280.0,7453.0,2589.89,150.0,0.4,0.6,0.0,0.0,ED
43217,Saint-Pierre-du-Champ,ED,84.0,122.0,48.0,137.0,21.69963461713634,84.4932572224364,310.89502222871363,159.61172054885,44.67332747050779,23.189458281652023,20370.0,7453.0,1568.14,30.0,0.4,0.6,0.0,0.0,ED
43218,Saint-Pierre-Eynac,C,237.0,250.0,65.0,242.0,11.358697282816294,269.161223655825,788.506156042112,192.332620302063,59.885825646092094,36.60368129052336,24430.0,7453.0,776.16,70.0,0.4,0.6,0.0,0.0,ED
43219,Saint-Préjet-Armandon,G,34.0,27.0,4.0,9.0,26.817423302383325,11.0,69.3,29.7,50.0,29.761904761904763,,7453.0,77.13,15.0,0.2,0.4,0.4,0.0,ED
43220,Saint-Préjet-d'Allier,C,36.0,47.0,18.0,35.0,37.8125035198893,12.2466666666666,75.706666666666,79.0466666666664,39.70588235294116,21.323529411764667,17780.0,7453.0,1047.66,10.0,0.6,0.2,0.2,0.0,C
43221,Saint-Privat-d'Allier,C,76.0,121.0,23.0,83.0,40.21052631578947,52.0,228.0,117.0,43.20987654320987,24.382716049382715,18720.0,7453.0,1916.82,25.0,0.6,0.2,0.2,0.0,C
43222,Saint-Privat-du-Dragon,C,27.0,50.0,8.0,32.0,29.964469009080048,23.139393939394,98.5939393939402,44.2666666666668,42.335766423357526,21.897810218978016,19600.0,7453.0,1347.12,15.0,0.2,0.8,0.0,0.0,ED
43223,Saint-Romain-Lachalm,ED,145.0,209.0,86.0,299.0,16.411424533912736,227.796794524723,724.3600252644729,179.843180210804,54.387559860071455,32.298831388789715,22660.0,7453.0,869.62,65.0,0.2,0.6,0.2,0.0,ED
43224,Sainte-Sigolène,ED,675.0,1005.0,324.0,1237.0,3.92636363019824,1128.395058165523,3708.120490034165,1223.484451800302,41.17692412765312,22.60709924882129,22440.0,7453.0,1166.98,460.0,0.2,0.8,0.0,0.0,ED
43225,Saint-Vénérand,C,11.0,16.0,4.0,10.0,41.16063749051352,10.1538461538462,32.30769230769229,17.5384615384615,38.00000000000007,15.999999999999996,,7453.0,465.18,5.0,0.8,0.2,0.0,0.0,C
43226,Saint-Vert,C,8.0,33.0,14.0,25.0,56.49184588940594,12.3428571428572,66.8571428571428,28.8,37.07865168539327,20.224719101123554,18480.0,7453.0,162.01,5.0,0.6,0.0,0.4,0.0,C
43227,Saint-Victor-Malescours,ED,87.0,161.0,69.0,198.0,16.431924882629108,150.0,529.0,125.0,57.42904841402338,35.2253756260434,24750.0,7453.0,730.12,35.0,0.6,0.4,0.0,0.0,C
43228,Saint-Victor-sur-Arlanc,ED,17.0,23.0,17.0,24.0,44.68460788801087,10.7634408602151,46.9677419354838,33.2688172043011,55.69620253164551,36.708860759493625,,7453.0,225.17,5.0,0.6,0.2,0.2,0.0,C
43229,Saint-Vidal,ED,78.0,116.0,28.0,144.0,6.756756756756757,127.0,375.0,107.0,56.40449438202248,33.258426966292134,24440.0,7453.0,488.41,20.0,0.4,0.6,0.0,0.0,ED
43230,Saint-Vincent,ED,158.0,181.0,56.0,289.0,9.547736647577178,217.798344562346,620.505325824197,231.696329613457,48.1084425509446,27.68962522323972,26680.0,7453.0,598.0,60.0,0.2,0.8,0.0,0.0,ED
43231,Salettes,ED,27.0,49.0,12.0,54.0,72.32142857142857,13.0,72.0,69.0,34.090909090909086,20.454545454545457,22250.0,7453.0,421.73,10.0,0.2,0.6,0.0,0.2,ED
43232,Salzuit,ED,51.0,52.0,27.0,76.0,9.95260663507109,45.0,202.0,86.0,35.471698113207545,15.849056603773583,20430.0,7453.0,737.11,30.0,0.0,1.0,0.0,0.0,ED
43233,Sanssac-l'Eglise,ED,162.0,216.0,76.0,290.0,4.8598497195998975,182.895675190069,647.240872670506,247.863452139425,57.15984414136335,33.55875974802874,,7453.0,852.49,60.0,0.4,0.6,0.0,0.0,ED
43234,Saugues,C,153.0,476.0,143.0,333.0,19.63938504560128,200.714331318914,894.398540041595,568.887128639491,42.63992367831007,19.357605841625965,20380.0,7453.0,5699.89,75.0,0.8,0.2,0.0,0.0,C
43236,La Séauve-sur-Semène,ED,154.0,252.0,63.0,355.0,5.263653460766497,303.661359316771,927.1121264653808,240.226514217848,50.785028059472026,30.40424546927944,23110.0,7453.0,376.36,95.0,0.2,0.8,0.0,0.0,ED
43237,Sembadel,ED,51.0,57.0,15.0,85.0,35.23446619049115,29.1297641500662,143.7984171854965,67.0718186644373,41.82548498734345,21.63612581453545,19210.0,7453.0,254.67,20.0,0.4,0.4,0.2,0.0,C
43238,Séneujols,ED,68.0,69.0,22.0,92.0,19.146929049669133,39.2574120647747,210.9640266296207,50.7785613056046,42.95841011091978,25.897136450814777,22470.0,7453.0,417.86,15.0,0.6,0.4,0.0,0.0,C
43239,Siaugues-Sainte-Marie,ED,108.0,185.0,48.0,198.0,21.53469197439265,125.355466085086,433.9466173463161,267.697916568598,42.72365219511948,23.86308872521151,19140.0,7453.0,2737.83,55.0,0.2,0.8,0.0,0.0,ED
43240,Solignac-sous-Roche,ED,60.0,42.0,10.0,71.0,33.99134497097944,46.1680068062429,152.12800463546162,62.7039885582955,37.99848361558478,20.24268426653112,20760.0,7453.0,143.18,15.0,0.0,0.8,0.2,0.0,ED
43241,Solignac-sur-Loire,C,172.0,279.0,87.0,274.0,10.906920161859482,231.584080484912,735.447602281729,318.968317233359,49.55756079503691,29.819381216704024,22300.0,7453.0,1462.32,70.0,0.4,0.6,0.0,0.0,ED
43242,Tailhac,C,8.0,16.0,8.0,12.0,42.65426390545032,5.33898305084745,40.57627118644065,17.0847457627118,43.13725490196083,17.647058823529406,,7453.0,355.53,10.0,0.8,0.2,0.0,0.0,C
43244,Tence,C,489.0,652.0,190.0,644.0,18.963831867057674,414.0,1845.0,889.0,42.84588096176586,23.768230193141505,21260.0,7453.0,2015.29,180.0,0.4,0.6,0.0,0.0,ED
43245,Thoras,C,16.0,87.0,37.0,44.0,35.84880910773535,27.0143087045939,118.851310589883,89.1343807055231,37.88263834390718,19.949752311788124,16920.0,7453.0,2785.8,10.0,0.8,0.2,0.0,0.0,C
43246,Tiranges,ED,71.0,105.0,48.0,121.0,34.899344468443374,77.4590321516586,238.54928593210136,138.99168191624,36.90045876368168,17.300593446136286,21090.0,7453.0,973.07,25.0,0.4,0.6,0.0,0.0,ED
43247,Torsiac,C,8.0,19.0,9.0,11.0,38.82445260998113,5.60344827586205,32.49999999999995,26.8965517241378,36.000000000000014,18.000000000000004,,7453.0,724.75,5.0,0.6,0.2,0.2,0.0,C
43249,Valprivas,ED,80.0,129.0,30.0,149.0,29.79667867249628,80.2730637118021,303.2439218270269,156.483014461171,52.45100684711789,30.30660931985273,23640.0,7453.0,806.08,15.0,0.2,0.6,0.2,0.0,ED
43250,Vals-le-Chastel,G,17.0,10.0,2.0,12.0,19.299104054532894,2.72093023255814,23.581395348837265,12.6976744186046,45.00000000000005,27.500000000000043,,7453.0,20.59,5.0,0.4,0.4,0.2,0.0,C
43251,Vals-près-le-Puy,C,450.0,715.0,157.0,479.0,3.2118685185947653,442.764854740814,1903.873857262956,1045.36128799623,56.118011689603655,35.34948398151639,22760.0,7453.0,323.61,190.0,0.4,0.6,0.0,0.0,ED
43252,Varennes-Saint-Honorat,ED,4.0,7.0,0.0,12.0,56.60377358490566,2.0,9.0,15.0,45.83333333333333,33.33333333333333,,7453.0,15.83,0.0,0.2,0.6,0.2,0.0,ED
43253,Les Vastres,C,36.0,57.0,27.0,38.0,44.15366265624596,28.699481865285,117.7668393782383,44.5336787564767,50.00000000000008,28.28947368421057,18330.0,7453.0,2245.79,15.0,0.6,0.2,0.2,0.0,C
43254,Vazeilles-Limandre,ED,33.0,55.0,18.0,68.0,27.810650887573964,70.0,151.0,44.0,41.80790960451977,24.293785310734464,,7453.0,809.42,15.0,0.4,0.6,0.0,0.0,ED
43256,Venteuges,C,27.0,118.0,32.0,70.0,33.91874195040948,45.7081177466878,208.30027057494905,86.9916116783632,42.558982411264026,19.758156698709925,20280.0,7453.0,2159.74,10.0,0.8,0.2,0.0,0.0,C
43257,Vergezac,ED,50.0,90.0,29.0,145.0,11.347517730496454,87.0,291.0,92.0,49.85915492957746,26.197183098591548,21960.0,7453.0,1862.9,30.0,0.6,0.4,0.0,0.0,C
43258,Vergongheon,ED,284.0,321.0,51.0,359.0,3.343875614562617,264.991730016702,1082.0657863343051,445.942483648993,32.858658219975574,15.268614834116915,21500.0,7453.0,593.97,130.0,0.2,0.8,0.0,0.0,ED
43259,Vernassal,C,39.0,107.0,37.0,95.0,31.106994278894103,47.9268846310085,212.5050063512165,102.568109017775,42.6772219211048,16.940009816327507,21240.0,7453.0,1261.4,20.0,0.6,0.4,0.0,0.0,C
43260,Le Vernet,C,6.0,10.0,3.0,2.0,55.26315789473685,3.0,13.0,6.0,33.33333333333333,11.11111111111111,25620.0,7453.0,193.49,0.0,0.4,0.4,0.2,0.0,C
43261,Vézézoux,ED,105.0,113.0,28.0,160.0,8.09968847352025,119.0,372.0,140.0,45.13457556935818,20.28985507246377,22340.0,7453.0,253.33,35.0,0.4,0.6,0.0,0.0,ED
43262,Vieille-Brioude,C,236.0,276.0,57.0,247.0,13.86946386946387,184.0,772.0,289.0,51.84049079754601,30.879345603271982,23260.0,7453.0,1055.34,95.0,0.4,0.6,0.0,0.0,ED
43263,Vielprat,ED,9.0,15.0,1.0,23.0,55.708065126845874,3.0,28.0,36.0,43.333333333333336,30.0,,7453.0,178.97,0.0,0.2,0.8,0.0,0.0,ED
43264,Villeneuve-d'Allier,C,67.0,68.0,15.0,43.0,42.926280921192536,43.6379642767049,145.3169296732576,92.0451060500375,57.096027393518526,33.64144283280754,19920.0,7453.0,576.35,25.0,0.6,0.0,0.4,0.0,C
43265,Les Villettes,ED,196.0,277.0,54.0,349.0,10.762705553875971,348.820074818894,940.359597438749,165.820327742357,52.57713918661299,30.092034049521786,23900.0,7453.0,369.5,85.0,0.0,1.0,0.0,0.0,ED
43267,Vorey,ED,192.0,284.0,92.0,344.0,20.101995151939008,219.982711765821,768.287998241344,477.729289992835,38.76705509862917,21.04383529676534,20280.0,7453.0,941.07,115.0,0.6,0.4,0.0,0.0,C
43268,Yssingeaux,ED,915.0,1518.0,419.0,1594.0,9.1583398075386,1198.837266312192,4390.84207497989,1790.320658707908,48.20809861619342,29.357431792119627,23020.0,7453.0,4190.24,515.0,0.6,0.4,0.0,0.0,C
63001,Aigueperse,ED,306.0,416.0,77.0,488.0,1.34537790615762,426.36682497067,1486.3941320263632,787.239043002967,37.90203069574984,21.10739956500529,22570.0,29126.0,597.79,180.0,0.0,1.0,0.0,0.0,ED
63002,Aix-la-Fayette,C,18.0,31.0,11.0,19.0,42.74193548387097,7.0,53.0,39.0,45.45454545454545,28.40909090909091,17240.0,29126.0,136.21,5.0,0.6,0.4,0.0,0.0,C
63003,Ambert,C,783.0,1329.0,259.0,1106.0,8.348785819434815,880.230217688676,3745.915118760173,1929.8546635511511,42.05515970361342,24.629460222262,21990.0,29126.0,2140.75,465.0,0.6,0.4,0.0,0.0,C
63004,Les Ancizes-Comps,ED,294.0,313.0,51.0,317.0,5.640752018722066,266.931818952045,997.469325845772,449.598855202183,32.34790063427117,15.023273563025722,21380.0,29126.0,471.54,100.0,0.2,0.8,0.0,0.0,ED
63005,Antoingt,C,47.0,81.0,31.0,77.0,6.388805781597159,79.6318182297077,241.8346166216064,94.5335651486869,45.29766591566096,24.40812759237865,22810.0,29126.0,928.47,25.0,0.2,0.8,0.0,0.0,ED
63006,Anzat-le-Luguet,C,25.0,44.0,16.0,39.0,50.82084101501031,19.1098265895954,87.5028901734103,67.3872832369943,32.89473684210524,17.105263157894722,15330.0,29126.0,3196.27,10.0,0.8,0.2,0.0,0.0,C
63007,Apchat,C,44.0,47.0,14.0,29.0,26.855760003907967,8.67272727272728,84.80000000000001,65.5272727272727,34.89932885906049,10.067114093959749,20260.0,29126.0,1564.66,10.0,0.4,0.4,0.2,0.0,C
63008,Arconsat,C,87.0,142.0,23.0,127.0,14.345843497423482,74.4082939381777,328.59401394208027,172.997692119742,28.61876263080138,14.762362475425196,20750.0,29126.0,204.6,55.0,0.2,0.6,0.2,0.0,ED
63009,Ardes,C,91.0,97.0,20.0,94.0,18.010041667917314,101.678006327338,288.54403896191405,208.777954710749,35.98660642823959,18.865010497052065,18870.0,29126.0,264.46,55.0,0.6,0.4,0.0,0.0,C
63010,Arlanc,ED,195.0,306.0,100.0,349.0,17.583903532204904,230.261345058588,971.869445244141,564.869209697271,28.618628079601137,13.78109685433352,19860.0,29126.0,1978.04,120.0,0.4,0.6,0.0,0.0,ED
63011,Ars-les-Favets,ED,38.0,44.0,15.0,50.0,29.027969213129563,40.3652968036528,142.287671232876,38.3470319634702,44.186046511627936,21.511627906976763,21370.0,29126.0,1291.66,5.0,0.8,0.2,0.0,0.0,C
63012,Artonne,C,156.0,216.0,46.0,174.0,8.688110550778788,171.895903695109,547.7779330449689,203.326163259922,54.13517675987415,36.09628782755448,24460.0,29126.0,2164.44,55.0,0.6,0.4,0.0,0.0,C
63013,Aubiat,ED,154.0,227.0,53.0,229.0,3.4907597535934287,202.0,644.0,172.0,54.1005291005291,33.86243386243386,24940.0,29126.0,1443.79,55.0,0.6,0.4,0.0,0.0,C
63014,Aubière,C,1470.0,2072.0,356.0,1152.0,3.4100363101165487,1168.5236406244835,6981.365302484551,2123.1110568909544,54.78136005362085,39.89939557204124,24600.0,29126.0,320.38,685.0,0.8,0.2,0.0,0.0,C
63015,Aubusson-d'Auvergne,C,36.0,58.0,11.0,48.0,19.040322837167576,26.5708568279206,143.7505872316938,45.6785559403856,40.11836358964885,22.907341396735763,22300.0,29126.0,459.9,20.0,0.2,0.8,0.0,0.0,ED
63016,Augerolles,C,168.0,192.0,27.0,177.0,21.21640735502121,125.0,478.0,261.0,39.43262411347518,21.56028368794326,20800.0,29126.0,951.32,60.0,0.6,0.4,0.0,0.0,C
63017,Augnat,C,26.0,36.0,11.0,33.0,13.272525575964528,33.1692307692309,118.60512820512888,44.2256410256412,46.97986577181217,22.14765100671143,21670.0,29126.0,508.11,10.0,0.4,0.6,0.0,0.0,ED
63019,Aulnat,C,642.0,657.0,90.0,615.0,1.9032069436907928,704.532478084262,2474.240193187409,948.227328728329,35.66324645378819,16.7237166813219,20610.0,29126.0,,350.0,0.2,0.8,0.0,0.0,ED
63020,Aurières,C,55.0,113.0,16.0,52.0,10.29841666742269,81.7007375875141,251.5108246684796,45.7884377440063,56.68891551274891,31.87253138710189,22840.0,29126.0,983.88,20.0,0.4,0.6,0.0,0.0,ED
63021,Authezat,C,120.0,157.0,26.0,142.0,4.777070063694268,101.0,435.0,125.0,55.42168674698795,34.53815261044177,24940.0,29126.0,1339.41,30.0,0.6,0.4,0.0,0.0,C
63022,Auzat-la-Combelle,ED,422.0,261.0,68.0,463.0,6.813182389157689,255.035073528277,1140.451494893274,557.513431578449,29.927020122771136,14.144105578076385,20640.0,29126.0,335.74,195.0,0.2,0.8,0.0,0.0,ED
63023,Auzelles,C,83.0,94.0,16.0,84.0,46.20790185834345,65.6932878535044,221.4137869631406,100.892925183355,56.57405194220529,30.44314895972652,20990.0,29126.0,713.68,35.0,0.8,0.2,0.0,0.0,C
63024,Avèze,C,31.0,44.0,20.0,33.0,50.609756097560975,19.0,82.0,58.0,31.61764705882353,16.911764705882355,19750.0,29126.0,1354.77,10.0,0.4,0.6,0.0,0.0,ED
63025,Ayat-sur-Sioule,C,22.0,53.0,10.0,24.0,27.97211550497323,15.4244604316547,67.4820143884892,51.0935251798561,34.42622950819671,16.3934426229508,19890.0,29126.0,1145.87,5.0,0.6,0.4,0.0,0.0,C
63026,Aydat,C,502.0,699.0,111.0,418.0,22.10005554763296,567.432675586893,1542.4836288479082,438.083695565199,61.13769924665932,41.636289087895925,26390.0,29126.0,1598.86,150.0,0.8,0.2,0.0,0.0,C
63027,Baffie,C,16.0,42.0,8.0,31.0,60.25568927379725,15.0,55.0,41.0,36.95652173913043,21.73913043478261,19050.0,29126.0,112.8,10.0,0.6,0.2,0.2,0.0,C
63028,Bagnols,C,69.0,103.0,58.0,73.0,43.58812252455094,42.2143733517227,211.4690153600583,148.31661128822,40.377010514549056,18.830313388116817,18130.0,29126.0,2975.07,30.0,0.8,0.2,0.0,0.0,C
63029,Bansat,G,67.0,45.0,8.0,53.0,7.786874171517846,56.5107323246765,168.7384398169747,37.7508278583488,52.358529010171296,26.19645759511064,23830.0,29126.0,127.31,20.0,0.6,0.4,0.0,0.0,C
63030,Bas-et-Lezat,ED,32.0,71.0,12.0,109.0,5.056179775280898,61.0,239.0,46.0,49.23664122137404,28.24427480916031,24710.0,29126.0,1172.68,30.0,0.4,0.6,0.0,0.0,ED
63031,Beaulieu,ED,73.0,69.0,19.0,123.0,4.043138055437786,76.1002390727682,294.5900102329148,103.309750694317,36.47948392264544,18.7656192083572,19420.0,29126.0,771.33,30.0,0.6,0.4,0.0,0.0,C
63032,Beaumont,C,1653.0,2716.0,398.0,1118.0,1.798935769918232,1463.63552455392,6684.42342506245,2638.9410503836298,62.54108070034798,44.87672528866275,13660.0,29126.0,,730.0,0.8,0.0,0.2,0.0,C
63033,Beaumont-lès-Randan,ED,44.0,60.0,6.0,84.0,7.519458444093519,77.6960044007994,177.14441185981272,60.1595837393879,51.88026844128738,29.540026585962,,29126.0,447.2,15.0,0.4,0.2,0.4,0.0,C
63034,Beauregard-l'Evêque,C,229.0,342.0,74.0,304.0,2.802213915665599,306.793104850271,947.882240402826,329.324654746903,52.94332657251535,34.131520211084215,,29126.0,839.66,95.0,0.6,0.2,0.2,0.0,C
63035,Beauregard-Vendon,ED,189.0,282.0,45.0,286.0,2.656617940610436,315.339260858414,835.523286163281,172.137452978305,53.08194934290598,33.38477355525547,,29126.0,399.29,60.0,0.4,0.4,0.2,0.0,C
63036,Bergonne,C,56.0,70.0,14.0,64.0,3.0079328951053426,53.980730662533,183.23615146938857,78.7831178680784,43.4094634935458,22.294564890042423,23030.0,29126.0,550.73,20.0,0.2,0.8,0.0,0.0,ED
63037,Bertignat,C,74.0,130.0,21.0,87.0,38.449728727394245,66.2324930333603,264.60838022308167,140.159126743558,48.32198945240943,28.153941292538303,22330.0,29126.0,774.2,25.0,0.4,0.6,0.0,0.0,ED
63038,Besse-et-Saint-Anastaise,C,228.0,411.0,67.0,275.0,77.21097865261991,173.0,829.0,443.0,43.80165289256198,24.3801652892562,22400.0,29126.0,3429.87,105.0,1.0,0.0,0.0,0.0,C
63039,Beurières,C,58.0,76.0,17.0,74.0,35.47669666308409,45.052619968257,185.7867411184496,79.1606389132935,41.97428872761581,25.57096854741877,20860.0,29126.0,631.22,30.0,0.4,0.6,0.0,0.0,ED
63040,Billom,G,951.0,806.0,135.0,695.0,2.937765751836104,761.0,2802.0,1263.0,43.22889006903877,25.01327668613914,22540.0,29126.0,585.87,380.0,0.0,0.8,0.2,0.0,ED
63041,Biollet,G,90.0,50.0,6.0,50.0,22.543202145512343,31.7044011932907,177.09005657769828,108.205542229011,42.3619337137813,24.542623005673587,19650.0,29126.0,1685.65,15.0,0.2,0.6,0.2,0.0,ED
63042,Blanzat,C,675.0,857.0,146.0,477.0,1.146288209606987,544.0,2002.0,1183.0,48.57916102841678,30.446549391069013,25110.0,29126.0,113.96,215.0,0.8,0.2,0.0,0.0,C
63043,Blot-l'Eglise,G,106.0,90.0,13.0,80.0,19.208346440116188,73.9022722288229,267.5379140457271,99.559813725451,45.66577895292664,23.724716616141823,,29126.0,781.15,35.0,0.2,0.4,0.4,0.0,ED
63044,Bongheat,G,112.0,89.0,9.0,76.0,11.66363664697954,91.7204277104634,302.9494567538868,57.3301155356498,55.200273019914334,32.84397805412668,21700.0,29126.0,551.29,30.0,0.4,0.2,0.4,0.0,C
63045,Bort-l'Etang,G,155.0,112.0,15.0,134.0,12.602349107425631,169.750586199434,431.1886112642509,123.060802536313,49.49875713972256,28.061107300846377,,29126.0,835.35,50.0,0.4,0.4,0.2,0.0,C
63046,Boudes,G,77.0,70.0,12.0,26.0,11.538461538461538,35.0,169.0,58.0,50.480769230769226,30.76923076923077,21080.0,29126.0,410.38,20.0,0.2,0.4,0.4,0.0,ED
63047,La Bourboule,C,248.0,392.0,103.0,313.0,55.47812293135973,228.529751032164,1043.531681461864,466.938567505972,38.95447773898216,21.075957015697053,20250.0,29126.0,37.11,200.0,0.4,0.4,0.2,0.0,C
63048,Bourg-Lastic,C,157.0,180.0,48.0,159.0,14.469453376205788,109.0,446.0,318.0,36.141304347826086,17.255434782608695,21940.0,29126.0,1759.13,40.0,0.8,0.2,0.0,0.0,C
63049,Bouzel,C,115.0,177.0,22.0,156.0,2.8442014372480355,125.298671930686,435.32112310653895,151.380204962774,52.1749290381858,32.481857545919624,23770.0,29126.0,476.12,35.0,0.8,0.2,0.0,0.0,C
63050,Brassac-les-Mines,ED,515.0,514.0,96.0,678.0,2.1901443504230964,501.0,1849.0,1030.0,31.365998515219008,15.998515219005196,20640.0,29126.0,274.05,295.0,0.2,0.8,0.0,0.0,ED
63051,Brenat,C,104.0,163.0,33.0,117.0,4.662757007678446,106.173088925905,356.612233721788,166.214677352307,48.317019043980864,29.732102298094134,23430.0,29126.0,439.42,35.0,0.4,0.4,0.2,0.0,C
63052,Le Breuil-sur-Couze,G,210.0,174.0,37.0,202.0,4.032382896131267,176.866478418632,637.064924986924,216.068596594444,48.44710802421048,26.910907397516432,22260.0,29126.0,288.79,70.0,0.0,0.6,0.4,0.0,ED
63053,Briffons,ED,52.0,57.0,22.0,60.0,22.62443438914028,29.0,156.0,80.0,39.55555555555556,16.88888888888889,18250.0,29126.0,1984.47,25.0,0.6,0.4,0.0,0.0,C
63054,Le Broc,ED,105.0,127.0,41.0,151.0,5.932203389830509,110.0,330.0,192.0,52.81124497991968,35.54216867469879,25230.0,29126.0,983.75,35.0,0.8,0.2,0.0,0.0,C
63055,Bromont-Lamothe,ED,122.0,245.0,57.0,255.0,13.819299143530406,182.886972486206,640.837682416554,192.27534509724,47.46479287333816,25.64365695751888,22120.0,29126.0,2411.11,70.0,0.8,0.2,0.0,0.0,C
63056,Brousse,G,114.0,84.0,14.0,64.0,31.947920635935446,46.7407503181962,212.0600067327071,99.1992429490967,48.2223927950978,25.73065035427128,,29126.0,743.8,35.0,0.0,0.6,0.4,0.0,ED
63057,Le Brugeron,ED,73.0,62.0,16.0,74.0,59.74131896525384,20.5689821513698,140.9716732214421,80.4593446271881,42.98443214281668,28.20862355929196,22290.0,29126.0,75.73,25.0,0.2,0.8,0.0,0.0,ED
63058,Bulhon,C,87.0,140.0,20.0,116.0,2.8750057821352133,99.5457335908238,388.4481747144312,100.006091694745,52.21743362584791,30.81241530622377,23430.0,29126.0,286.2,45.0,0.4,0.4,0.2,0.0,C
63059,Busséol,G,45.0,43.0,10.0,38.0,11.091573545745806,40.0,142.0,39.0,55.21472392638037,37.42331288343559,24670.0,29126.0,460.34,5.0,0.6,0.2,0.2,0.0,C
63060,Bussières,ED,15.0,21.0,8.0,26.0,35.41666666666667,13.0,64.0,30.0,46.590909090909086,28.40909090909091,,29126.0,926.29,10.0,0.4,0.4,0.2,0.0,C
63061,Bussières-et-Pruns,ED,58.0,81.0,16.0,83.0,7.009345794392523,140.0,299.0,65.0,57.09969788519638,31.41993957703928,22970.0,29126.0,1128.36,30.0,0.4,0.6,0.0,0.0,ED
63062,Buxières-sous-Montaigut,ED,44.0,34.0,8.0,53.0,22.816009750249567,45.499068688308,153.5110274429594,42.9899038687326,40.68077972316884,21.70947655554712,23010.0,29126.0,1415.92,15.0,0.6,0.4,0.0,0.0,C
63063,Cébazat,C,1252.0,1862.0,268.0,1164.0,1.0831791196676706,1588.813534126877,4840.504671869912,2519.681794003209,49.51135574050274,31.606957351187432,23990.0,29126.0,217.83,560.0,0.8,0.2,0.0,0.0,C
63064,La Celle,ED,18.0,14.0,5.0,23.0,33.354450427621096,6.15384615384618,49.23076923076943,24.6153846153847,38.02816901408452,23.94366197183099,21540.0,29126.0,686.29,5.0,0.4,0.6,0.0,0.0,ED
63065,Ceilloux,C,42.0,48.0,9.0,26.0,32.52797143518926,30.3488372093022,93.06976744185982,50.581395348837,43.181818181818095,21.969696969696944,22610.0,29126.0,702.23,15.0,0.6,0.4,0.0,0.0,C
63066,Celles-sur-Durolle,ED,266.0,331.0,76.0,368.0,3.539096678981769,261.233146319585,945.54802520333,428.218828477085,35.01194285229563,17.88234427956675,21250.0,29126.0,2032.4,140.0,0.2,0.8,0.0,0.0,ED
63067,La Cellette,C,25.0,44.0,10.0,43.0,21.705789137745708,19.7633136094675,91.8994082840236,55.3372781065089,44.75524475524485,20.97902097902102,18710.0,29126.0,577.47,5.0,0.8,0.0,0.2,0.0,C
63069,Le Cendre,C,862.0,1218.0,179.0,857.0,1.0753294214914146,1015.329175003991,3058.071092917646,1381.599732078363,48.770935546980645,30.0450792001869,,29126.0,128.37,320.0,0.6,0.4,0.0,0.0,C
63070,Ceyrat,C,973.0,1942.0,356.0,784.0,2.880450621879344,1124.937672719289,3712.478781528512,1710.5835457522,63.87379725242288,47.88077331273835,28590.0,29126.0,0.59,375.0,1.0,0.0,0.0,0.0,C
63071,Ceyssat,C,120.0,180.0,39.0,117.0,12.11428572359318,109.594977948536,467.641642208716,116.763379842748,60.26415171068249,42.015623152182656,24220.0,29126.0,1002.81,50.0,0.6,0.0,0.4,0.0,C
63072,Chabreloche,ED,167.0,233.0,31.0,251.0,7.509609252786198,153.013622230798,678.4649547497661,332.521423019436,26.72932206265108,13.72910577744971,20390.0,29126.0,216.86,95.0,0.2,0.6,0.2,0.0,ED
63073,Chadeleuf,C,91.0,97.0,13.0,60.0,3.537140704735448,73.4744674434965,276.8914369585286,78.6340955979749,54.69404569138977,34.65115650547697,26380.0,29126.0,273.3,40.0,1.0,0.0,0.0,0.0,C
63074,Chalus,C,37.0,40.0,7.0,26.0,17.589362072488733,26.7049180327869,102.8633879781421,51.431693989071,43.44827586206897,25.517241379310345,22620.0,29126.0,387.0,10.0,0.6,0.4,0.0,0.0,C
63075,Chamalières,C,2050.0,4782.0,1089.0,1961.0,5.794249193176313,1896.508969408106,10593.613784912255,5100.877245679629,69.85466761953627,52.76557110646372,27630.0,29126.0,,,1.0,0.0,0.0,0.0,C
63076,Chambon-sur-Dolore,ED,32.0,31.0,10.0,46.0,50.31489311374583,14.0,76.0,53.0,30.4,19.2,18340.0,29126.0,180.77,10.0,0.2,0.8,0.0,0.0,ED
63077,Chambon-sur-Lac,C,77.0,138.0,21.0,123.0,59.71107544141252,48.0,242.0,117.0,52.046783625731,27.77777777777778,23120.0,29126.0,2200.33,35.0,0.4,0.6,0.0,0.0,ED
63078,Chaméane,,,,,,,,,,,,,29126.0,,,0.0,0.6,0.4,0.0,ED
63079,Champagnat-le-Jeune,C,35.0,41.0,9.0,37.0,36.25,18.0,66.0,65.0,45.96774193548387,25.806451612903224,19950.0,29126.0,522.24,10.0,0.6,0.2,0.2,0.0,C
63080,Champeix,ED,227.0,233.0,45.0,272.0,9.512349657928151,254.582846220124,864.5240191884601,296.893134591416,45.08496686242127,25.49692634394574,21750.0,29126.0,521.81,120.0,0.2,0.8,0.0,0.0,ED
63081,Champétières,ED,53.0,40.0,27.0,64.0,37.9746835443038,38.0,165.0,80.0,33.47107438016529,21.90082644628099,21740.0,29126.0,297.74,15.0,0.4,0.4,0.2,0.0,C
63082,Champs,C,85.0,89.0,24.0,88.0,13.23571620346632,86.5045962820741,263.9348393834184,70.5605643345075,57.03598391891322,37.6717237807981,20810.0,29126.0,169.88,25.0,0.2,0.2,0.6,0.0,G
63083,Chanat-la-Mouteyre,C,150.0,243.0,35.0,156.0,5.4006699646627,138.625838452964,584.959905732301,225.414255814733,54.58562691447918,37.53063506050852,28070.0,29126.0,364.49,50.0,1.0,0.0,0.0,0.0,C
63084,Chanonat,C,323.0,527.0,70.0,244.0,1.8755987834685743,301.042836167703,1060.437990063679,353.519173768618,64.14348087166647,47.19514464946147,29190.0,29126.0,195.41,90.0,1.0,0.0,0.0,0.0,C
63085,Chapdes-Beaufort,C,205.0,251.0,60.0,249.0,11.172370713916736,228.184826850191,679.826979926607,230.988193223202,47.62991435393749,26.83510321945836,21760.0,29126.0,1120.41,70.0,0.4,0.4,0.2,0.0,C
63086,La Chapelle-Agnon,C,54.0,108.0,19.0,78.0,41.01233916577337,36.3141230230567,202.9546494871743,111.731227489769,37.67072843926254,20.64680574489378,19870.0,29126.0,812.14,25.0,0.4,0.4,0.2,0.0,C
63087,La Chapelle-Marcousse,C,7.0,21.0,8.0,18.0,22.023949283869403,8.47058823529411,34.823529411764696,20.7058823529412,30.50847457627116,15.254237288135585,,29126.0,1294.85,0.0,0.4,0.6,0.0,0.0,ED
63088,La Chapelle-sur-Usson,C,17.0,24.0,3.0,22.0,33.523225241016625,9.10588235294115,49.576470588235054,27.3176470588235,42.66666666666664,30.666666666666647,,29126.0,391.86,5.0,0.8,0.2,0.0,0.0,C
63089,Chappes,C,256.0,381.0,57.0,331.0,0.441853102161395,322.248668502631,1018.181096171855,268.570235325514,48.60997216844377,30.7096637303233,20380.0,29126.0,967.98,70.0,0.6,0.4,0.0,0.0,C
63090,Chaptuzat,C,62.0,123.0,19.0,103.0,5.032869462198106,96.1948955894897,297.0290707042225,98.7760337062878,54.10729144339898,30.767865426221952,25270.0,29126.0,691.62,30.0,0.8,0.2,0.0,0.0,C
63091,Charbonnier-les-Mines,ED,144.0,162.0,17.0,163.0,2.5785412569924304,146.998007517451,568.391777662121,221.610214820427,32.240203965068794,13.687034568200584,20470.0,29126.0,72.74,75.0,0.0,1.0,0.0,0.0,ED
63092,Charbonnières-les-Varennes,C,324.0,452.0,59.0,366.0,3.792914497561428,442.164370644286,1212.908287355046,258.927342000668,53.75437392203529,32.85488425365898,25130.0,29126.0,480.95,115.0,0.4,0.6,0.0,0.0,ED
63093,Charbonnières-les-Vieilles,C,219.0,224.0,39.0,219.0,13.692685692720566,255.555211478524,675.239085140689,230.205703380787,45.868288847644486,26.5464795889291,22850.0,29126.0,2477.55,65.0,0.8,0.2,0.0,0.0,C
63094,Charensat,C,71.0,109.0,29.0,106.0,25.85454884909221,47.051637432604,238.524567405523,188.423795161874,40.837635585731945,20.766936874665987,19440.0,29126.0,2206.03,20.0,0.4,0.6,0.0,0.0,ED
63095,Charnat,ED,34.0,37.0,10.0,39.0,3.7713336973778926,29.8543689320388,133.3495145631068,41.7961165048544,35.757575757575715,18.18181818181817,23170.0,29126.0,284.47,15.0,0.0,1.0,0.0,0.0,ED
63096,Chas,C,62.0,102.0,15.0,78.0,8.421052631578947,45.0,266.0,57.0,53.92857142857142,32.142857142857146,24010.0,29126.0,714.77,25.0,0.6,0.4,0.0,0.0,C
63097,Chassagne,C,12.0,26.0,5.0,19.0,32.48355263157899,9.2278481012658,53.3164556962024,18.4556962025316,47.05882352941177,22.058823529411764,,29126.0,1126.84,5.0,0.6,0.2,0.2,0.0,C
63098,Chastreix,C,41.0,63.0,20.0,41.0,58.76587879091117,22.7179666951674,133.3004100834242,76.9816232214084,37.09305673517817,14.122317143321572,22120.0,29126.0,2294.05,10.0,1.0,0.0,0.0,0.0,C
63099,Châteaugay,C,484.0,775.0,135.0,567.0,1.6073995719133656,515.601115686565,1868.9231375755908,758.475746737844,55.325065759238456,35.86414403972872,26340.0,29126.0,73.5,170.0,1.0,0.0,0.0,0.0,C
63100,Châteauneuf-les-Bains,ED,63.0,64.0,19.0,72.0,37.48656636497125,33.4622897529613,178.94086721044712,98.5968430365916,44.37476334553108,27.01474952886384,21030.0,29126.0,813.04,25.0,0.6,0.4,0.0,0.0,C
63101,Château-sur-Cher,ED,9.0,15.0,8.0,21.0,45.88657573582209,0.985294117647059,37.441176470588246,28.5735294117647,24.615384615384624,13.846153846153852,,29126.0,729.92,0.0,0.4,0.4,0.2,0.0,C
63102,Châteldon,G,170.0,140.0,26.0,152.0,14.991230098901823,99.7815933744421,439.21006673725793,213.0083398883,46.02082633254256,25.0163562711047,21210.0,29126.0,314.78,70.0,0.0,0.8,0.2,0.0,ED
63103,Châtelguyon,C,865.0,1674.0,379.0,992.0,13.300173813564232,975.726414000413,3721.088008107985,1597.1855778916029,56.904982582816686,38.92986114946473,,29126.0,84.39,415.0,1.0,0.0,0.0,0.0,C
63104,La Chaulme,C,20.0,45.0,9.0,37.0,61.4861110070121,14.3801652892562,58.4793388429752,43.1404958677686,41.999999999999964,24.0,21420.0,29126.0,172.99,5.0,0.4,0.4,0.2,0.0,C
63105,Chaumont-le-Bourg,C,39.0,57.0,10.0,49.0,20.252989883471848,38.641962338623,154.84900186823802,39.509035793139,43.55240555212268,18.98111253408539,20810.0,29126.0,612.51,25.0,0.6,0.4,0.0,0.0,C
63106,Chauriat,C,305.0,375.0,61.0,365.0,1.5016214127400418,330.731273828192,1191.753648240135,256.515077931673,52.94609294776126,31.9449737346084,24720.0,29126.0,492.46,110.0,0.4,0.6,0.0,0.0,ED
63107,Chavaroux,C,69.0,142.0,23.0,84.0,0.0,113.0,342.0,76.0,61.15485564304461,37.27034120734909,26110.0,29126.0,390.89,25.0,0.8,0.2,0.0,0.0,C
63108,Le Cheix,C,106.0,192.0,26.0,129.0,1.183431952662722,114.0,401.0,174.0,51.9774011299435,32.015065913371,25730.0,29126.0,391.71,20.0,1.0,0.0,0.0,0.0,C
63109,Chidrac,ED,77.0,79.0,19.0,101.0,4.837373214307512,90.5624453785724,301.6122917447006,101.825262876727,53.4129278747844,26.612284168814497,22780.0,29126.0,494.58,65.0,0.2,0.6,0.2,0.0,ED
63110,Cisternes-la-Forêt,C,69.0,100.0,18.0,81.0,14.78259190554467,82.260136348352,266.325945568925,101.413918082724,43.4505539609618,20.452463700647684,20840.0,29126.0,1933.54,10.0,0.4,0.6,0.0,0.0,ED
63111,Clémensat,ED,20.0,22.0,3.0,32.0,13.052865394163494,21.8196721311475,77.360655737705,21.8196721311475,50.5263157894737,33.68421052631581,23700.0,29126.0,208.91,10.0,0.2,0.6,0.2,0.0,ED
63112,Clerlande,C,80.0,161.0,32.0,128.0,4.059040590405904,157.0,400.0,74.0,65.96244131455398,46.24413145539906,,29126.0,736.01,25.0,1.0,0.0,0.0,0.0,C
63113,Clermont-Ferrand,G,19889.0,18869.0,2912.0,10470.0,4.953139331126392,21531.022693972045,101800.29796609,24419.679339938,57.62664120467467,39.848141348862285,,29126.0,577.1,,0.0,0.0,1.0,0.0,G
63114,Collanges,ED,34.0,34.0,6.0,36.0,10.309278350515465,32.0,79.0,45.0,46.28099173553719,22.31404958677686,21730.0,29126.0,280.05,10.0,0.4,0.6,0.0,0.0,ED
63115,Combrailles,ED,35.0,46.0,6.0,53.0,14.5985401459854,36.0,127.0,50.0,41.566265060240966,15.060240963855422,19650.0,29126.0,873.88,10.0,0.4,0.6,0.0,0.0,ED
63116,Combronde,ED,331.0,412.0,58.0,430.0,3.6588121874170487,378.500101510065,1299.067761383442,464.432137106493,42.840497867732886,25.764483983771942,,29126.0,1058.94,155.0,0.2,0.6,0.2,0.0,ED
63117,Compains,C,18.0,29.0,8.0,27.0,41.897160453101485,12.096,74.592,39.312,32.407407407407405,12.962962962962964,21970.0,29126.0,2210.25,10.0,0.8,0.2,0.0,0.0,C
63118,Condat-en-Combraille,C,54.0,132.0,30.0,83.0,25.085223157283075,47.6488583861226,234.65579123254545,129.695350381332,40.27961174094206,17.92340395296656,,29126.0,3836.49,15.0,0.6,0.2,0.2,0.0,C
63119,Condat-lès-Montboissier,C,52.0,71.0,7.0,30.0,37.2093023255814,34.0,129.0,67.0,42.473118279569896,23.118279569892472,,29126.0,781.17,15.0,0.8,0.2,0.0,0.0,C
63120,Corent,C,148.0,174.0,27.0,119.0,4.831673794310764,143.380104083875,512.999560719295,125.620335196831,66.22782932759756,42.63805337941488,26450.0,29126.0,88.8,40.0,0.6,0.4,0.0,0.0,C
63121,Coudes,C,242.0,249.0,30.0,216.0,3.56251369800601,244.952195895777,799.327284078461,196.720520025762,52.785755429416646,29.579808160549923,22930.0,29126.0,,95.0,0.4,0.6,0.0,0.0,ED
63122,Courgoul,ED,18.0,21.0,1.0,23.0,36.517137096774185,12.5873015873016,33.8888888888889,14.5238095238095,45.99999999999992,24.00000000000001,,29126.0,386.26,5.0,0.4,0.4,0.2,0.0,C
63123,Cournols,ED,28.0,59.0,13.0,70.0,18.58100454941448,40.3871923478128,138.0951409176228,51.5176667345644,62.37349527234019,37.73774220702614,24360.0,29126.0,945.48,5.0,0.6,0.2,0.2,0.0,C
63124,Cournon-d'Auvergne,C,3273.0,4268.0,720.0,2914.0,1.5648765923159431,3232.085256204591,11600.375648181482,5187.539095613919,50.82710934953919,31.166525268034658,23720.0,29126.0,559.63,,0.8,0.0,0.2,0.0,C
63125,Courpière,ED,672.0,743.0,155.0,800.0,4.168240241731436,573.681709690049,2273.653183376091,1261.66510693386,37.01791825172001,19.7929667659888,20580.0,29126.0,1254.68,405.0,0.4,0.6,0.0,0.0,ED
63126,Le Crest,C,214.0,408.0,61.0,182.0,2.8526148969889067,220.0,789.0,291.0,63.083164300202846,45.33468559837728,29130.0,29126.0,306.44,55.0,1.0,0.0,0.0,0.0,C
63127,Creste,,,,,,,,,,,,,29126.0,,,0.0,0.6,0.4,0.0,ED
63128,Crevant-Laveine,ED,147.0,177.0,38.0,207.0,4.674583928361156,192.452839072055,568.233353482492,203.313807445453,42.89421832507709,24.2748405167463,21730.0,29126.0,1781.31,90.0,0.0,1.0,0.0,0.0,ED
63129,Cros,ED,32.0,41.0,19.0,51.0,55.86228334295614,12.9221556886228,102.3832335329341,50.6946107784431,37.50000000000003,18.05555555555557,19980.0,29126.0,495.9,10.0,0.6,0.4,0.0,0.0,C
63130,La Crouzille,C,43.0,68.0,20.0,56.0,25.24271844660194,48.0,140.0,71.0,42.5,22.5,19090.0,29126.0,2251.14,15.0,0.4,0.6,0.0,0.0,ED
63131,Culhat,ED,152.0,206.0,36.0,280.0,3.600598407685398,200.664086573842,683.633125989157,264.702787437001,40.44023292316373,21.48630831790524,23390.0,29126.0,1656.79,100.0,0.0,1.0,0.0,0.0,ED
63132,Cunlhat,G,246.0,232.0,49.0,147.0,21.679660748947104,160.803994426274,760.42726217328,379.768743400446,32.944241084105826,18.79453061449443,19640.0,29126.0,1197.02,105.0,0.6,0.2,0.2,0.0,C
63133,Dallet,,,,,,,,,,,,,29126.0,,,0.0,0.6,0.4,0.0,ED
63134,Dauzat-sur-Vodable,ED,6.0,16.0,8.0,24.0,34.75594173268593,6.89705882352941,43.35294117647059,16.75,33.33333333333333,15.789473684210533,,29126.0,1751.7,5.0,0.4,0.6,0.0,0.0,ED
63135,Davayat,C,109.0,156.0,33.0,104.0,0.6626959634554016,117.642679601096,400.434018352794,127.92330204611,56.63970424757402,31.65778499385683,25400.0,29126.0,152.53,40.0,0.4,0.6,0.0,0.0,ED
63136,Domaize,G,108.0,90.0,17.0,65.0,25.01354983080242,61.6557864117269,223.799681530644,91.5445320576291,47.39051491112951,26.36327480451049,21780.0,29126.0,518.71,35.0,0.4,0.4,0.2,0.0,C
63137,Doranges,ED,36.0,40.0,10.0,49.0,44.56849426073487,17.6914285714286,77.6457142857143,76.6628571428571,32.666666666666785,14.666666666666703,18450.0,29126.0,287.58,15.0,0.2,0.8,0.0,0.0,ED
63138,Dorat,C,127.0,152.0,27.0,142.0,7.836001282666942,132.082344892055,424.96739989328495,163.95025521466,47.64895807533278,28.39316212185913,23080.0,29126.0,423.5,40.0,0.6,0.2,0.2,0.0,C
63139,Dore-l'Eglise,ED,83.0,151.0,48.0,165.0,21.768753072150453,104.560767277485,384.5328155728711,174.906417149645,33.71986489267398,16.576303990682174,,29126.0,1101.35,40.0,0.4,0.6,0.0,0.0,ED
63140,Durmignat,ED,27.0,47.0,5.0,50.0,23.964959406411584,32.9148417098952,111.0387076615028,70.046450628601,37.58880269575686,23.192355928298472,20530.0,29126.0,815.96,10.0,0.4,0.6,0.0,0.0,ED
63141,Durtol,C,315.0,510.0,122.0,253.0,0.9708114432593158,285.333229508547,1024.7868950721431,653.87987541931,60.91636323513104,45.18704435969671,27850.0,29126.0,,100.0,0.8,0.2,0.0,0.0,C
63142,Echandelys,C,42.0,54.0,17.0,47.0,39.35406268068044,27.8068091991872,132.4230271951687,88.7701636056441,32.65654867126517,18.50091577089777,,29126.0,354.16,20.0,0.6,0.4,0.0,0.0,C
63143,Effiat,C,156.0,236.0,53.0,223.0,2.655728857531137,218.854800655959,656.302695842183,251.842503501858,51.50970350359648,29.38293933741109,23700.0,29126.0,1332.36,50.0,0.4,0.6,0.0,0.0,ED
63144,Egliseneuve-d'Entraigues,C,50.0,95.0,36.0,68.0,51.51515151515152,25.0,173.0,130.0,33.44594594594595,17.22972972972973,,29126.0,3721.67,15.0,1.0,0.0,0.0,0.0,C
63145,Egliseneuve-des-Liards,G,41.0,40.0,2.0,27.0,26.39053313634395,24.4605386530061,99.9200798004461,31.6193815465488,46.59332312329628,22.0092972594168,,29126.0,309.23,15.0,0.4,0.4,0.2,0.0,C
63146,Egliseneuve-près-Billom,G,231.0,206.0,32.0,130.0,11.920569109250266,174.768147750479,554.427132673844,164.804719575676,59.58765290477049,40.400892200007576,,29126.0,1017.11,45.0,0.4,0.2,0.4,0.0,C
63147,Eglisolles,C,33.0,83.0,20.0,68.0,47.64890282131661,36.0,139.0,134.0,42.4812030075188,19.172932330827063,,29126.0,376.68,15.0,0.4,0.4,0.2,0.0,C
63148,Ennezat,C,363.0,573.0,86.0,461.0,1.978053526536094,498.456720954439,1567.1894349932431,592.353844052318,51.52796844618569,33.10510228051859,24860.0,29126.0,1860.3,185.0,1.0,0.0,0.0,0.0,C
63149,Entraigues,C,130.0,162.0,17.0,124.0,1.524390243902439,146.0,447.0,139.0,50.83487940630798,32.467532467532465,21830.0,29126.0,912.64,35.0,1.0,0.0,0.0,0.0,C
63150,Enval,C,254.0,420.0,54.0,217.0,1.6901408450704225,277.0,955.0,349.0,56.38297872340425,38.62520458265139,26740.0,29126.0,27.18,65.0,1.0,0.0,0.0,0.0,C
63151,Escoutoux,ED,224.0,299.0,56.0,344.0,7.096927793024278,215.710202747355,806.012800395368,333.276996857277,48.38166947142116,28.118057184561422,23510.0,29126.0,972.84,95.0,0.2,0.8,0.0,0.0,ED
63152,Espinasse,C,47.0,65.0,18.0,57.0,23.25581395348837,23.0,146.0,108.0,43.85245901639344,22.950819672131143,,29126.0,1662.3,20.0,0.2,0.8,0.0,0.0,ED
63153,Espinchal,ED,14.0,30.0,5.0,39.0,62.30769230769231,4.0,42.0,27.0,43.07692307692308,24.615384615384617,,29126.0,586.75,5.0,0.4,0.4,0.2,0.0,C
63154,Espirat,ED,69.0,80.0,17.0,81.0,2.030456852791878,80.0,274.0,64.0,51.14754098360656,30.16393442622951,24230.0,29126.0,468.11,30.0,0.4,0.6,0.0,0.0,ED
63155,Estandeuil,G,106.0,85.0,10.0,100.0,14.608771606277942,94.4835955773188,323.82859607368323,89.687808348998,48.82476430651007,29.26286273588562,,29126.0,357.36,35.0,0.2,0.6,0.2,0.0,ED
63156,Esteil,G,26.0,11.0,2.0,10.0,23.68925831202048,7.71929824561403,30.87719298245617,16.4035087719298,29.166666666666657,14.583333333333323,,29126.0,121.1,10.0,0.4,0.6,0.0,0.0,ED
63157,Fayet-le-Château,C,67.0,90.0,10.0,70.0,20.07261928121426,66.6112676427629,241.82521857945403,72.5635137777831,53.03979931599128,30.85848416895075,22870.0,29126.0,689.58,40.0,0.4,0.2,0.4,0.0,C
63158,Fayet-Ronaye,G,31.0,23.0,8.0,25.0,74.04205418043807,11.1037735849056,59.556603773585,36.3396226415094,41.379310344827616,26.436781609195386,21340.0,29126.0,87.01,10.0,0.2,0.6,0.2,0.0,ED
63159,Fernoël,ED,20.0,30.0,10.0,36.0,19.043344447294167,17.125925925926,59.4370370370368,59.4370370370372,33.0434782608696,14.782608695652192,19650.0,29126.0,1090.87,0.0,0.2,0.8,0.0,0.0,ED
63160,Aulhat-Flat,C,191.0,246.0,54.0,171.0,3.3229150503364084,157.5738221137,571.183288496113,209.242889390187,51.77257693085112,31.418007760740856,24590.0,29126.0,1314.03,55.0,0.2,0.8,0.0,0.0,ED
63161,La Forie,ED,44.0,61.0,20.0,73.0,12.093023255813954,51.0,182.0,83.0,35.0597609561753,21.51394422310757,21300.0,29126.0,200.2,20.0,0.2,0.8,0.0,0.0,ED
63162,Fournols,C,67.0,70.0,26.0,57.0,51.5003087692703,35.1432454320019,171.58204608357713,108.274708484422,29.16455336709496,14.460713268448083,19680.0,29126.0,373.56,35.0,0.0,1.0,0.0,0.0,ED
63163,Gelles,C,113.0,249.0,48.0,213.0,13.443880236177854,160.880340095324,547.321796876448,222.797863028228,35.40355486135429,17.45771677458557,20350.0,29126.0,3064.31,60.0,0.6,0.2,0.2,0.0,C
63164,Gerzat,ED,1474.0,1665.0,278.0,1671.0,2.4759745377943583,1807.2129451532976,6280.50507565172,2180.281979194984,41.3860554299463,22.7104569457474,22270.0,29126.0,898.12,855.0,0.2,0.8,0.0,0.0,ED
63165,Giat,C,90.0,177.0,58.0,165.0,17.695322012204013,78.8161615961138,410.8195023379782,301.364336065909,34.19382037385734,15.25615213075428,19970.0,29126.0,2767.76,40.0,0.6,0.0,0.4,0.0,C
63166,Gignat,C,45.0,56.0,13.0,48.0,11.43817234652195,41.0299694883012,155.36392535845692,57.6061051532419,43.43984721363664,26.21822822535928,24190.0,29126.0,448.12,20.0,0.2,0.6,0.2,0.0,ED
63167,Gimeaux,C,79.0,99.0,16.0,64.0,5.876881372039146,55.7377814413724,239.71601423150167,92.5462043271259,58.79847452530797,39.64177605358477,24760.0,29126.0,170.79,20.0,0.8,0.2,0.0,0.0,C
63168,Glaine-Montaigut,G,149.0,97.0,26.0,126.0,8.369308635867514,113.666970225476,375.558349225087,109.774680549437,51.22449100749124,30.795141735291853,23440.0,29126.0,493.64,25.0,0.4,0.4,0.2,0.0,C
63169,La Godivelle,C,9.0,12.0,9.0,10.0,66.83544303797468,0.0,13.8125,3.1875,25.0,12.5,,29126.0,857.94,0.0,0.4,0.6,0.0,0.0,ED
63170,La Goutelle,C,89.0,164.0,35.0,123.0,11.63691280659437,83.8251944060175,378.45956922981645,152.715236364166,38.08229298676351,17.791284600031037,22040.0,29126.0,1357.38,25.0,0.6,0.4,0.0,0.0,C
63171,Gouttières,C,72.0,76.0,11.0,56.0,23.49249849497865,36.4266041997484,168.6413897152346,104.932006085017,40.42463019136357,15.288800884096542,20960.0,29126.0,1239.93,15.0,0.6,0.4,0.0,0.0,C
63172,Grandeyrolles,ED,8.0,10.0,6.0,20.0,13.333333333333334,7.0,29.0,17.0,28.88888888888889,22.22222222222222,,29126.0,119.6,5.0,0.2,0.8,0.0,0.0,ED
63173,Grandrif,G,51.0,51.0,9.0,44.0,62.24984873380994,30.45,129.92000000000002,42.63,42.3076923076923,24.35897435897436,,29126.0,367.43,20.0,0.4,0.4,0.2,0.0,C
63174,Grandval,C,31.0,39.0,6.0,19.0,37.59153181455845,15.8666666666667,65.44999999999999,37.6833333333333,42.00000000000002,29.0,,29126.0,373.27,15.0,0.8,0.2,0.0,0.0,C
63175,Herment,C,37.0,65.0,13.0,39.0,25.63839018477811,42.4013372171439,142.8307987609377,78.7678640219184,44.70343546604831,18.9668386102432,20810.0,29126.0,538.29,20.0,0.6,0.4,0.0,0.0,C
63176,Heume-l'Eglise,C,21.0,40.0,8.0,22.0,20.27027027027027,15.0,60.0,38.0,39.58333333333333,14.583333333333334,,29126.0,1318.65,5.0,0.8,0.2,0.0,0.0,C
63177,Isserteaux,G,103.0,81.0,19.0,77.0,19.33333333333333,60.0,283.0,79.0,44.97041420118343,27.514792899408285,21820.0,29126.0,845.99,35.0,0.0,0.8,0.2,0.0,ED
63178,Issoire,C,1982.0,2959.0,501.0,2311.0,2.178562722234486,2188.603041347369,9103.466830735988,3785.930127916647,47.97343893656171,27.35616440047991,21810.0,29126.0,503.27,,0.6,0.0,0.4,0.0,C
63179,Job,ED,162.0,203.0,44.0,223.0,27.618283682275656,122.062343155159,566.4959500313421,305.441706813499,43.80848396206504,22.823867125386005,23300.0,29126.0,983.07,65.0,0.0,0.8,0.2,0.0,ED
63180,Joze,ED,121.0,212.0,53.0,308.0,2.831103530284125,200.08016297586,738.939573994373,231.980263029767,49.82502418339213,29.56449113798178,24580.0,29126.0,1471.65,75.0,0.4,0.6,0.0,0.0,ED
63181,Jozerand,C,67.0,141.0,32.0,107.0,11.34778952050474,108.690775850028,364.443030982072,90.8661931679,54.42577851183719,31.358238654982543,,29126.0,717.16,30.0,0.8,0.2,0.0,0.0,C
63182,Jumeaux,ED,97.0,97.0,15.0,154.0,7.314264063327205,83.0056095968194,308.8932782888896,171.10111211429,32.105691676415944,13.661873649424727,19470.0,29126.0,0.0,60.0,0.2,0.6,0.2,0.0,ED
63183,Labessette,C,4.0,24.0,6.0,11.0,63.08232401081331,8.48076923076922,29.07692307692298,25.4423076923077,33.33333333333334,16.66666666666667,,29126.0,373.63,0.0,0.4,0.2,0.4,0.0,C
63184,Lachaux,G,72.0,56.0,18.0,53.0,17.467924494751934,34.3737976487303,152.1190630475176,89.5071393037531,38.57505358234015,24.861956675347177,20650.0,29126.0,154.85,20.0,0.0,0.6,0.4,0.0,ED
63185,Lamontgie,ED,96.0,101.0,25.0,146.0,12.073490813648291,127.0,405.0,114.0,44.123711340206185,24.742268041237114,21050.0,29126.0,144.76,45.0,0.4,0.6,0.0,0.0,ED
63186,Landogne,C,31.0,65.0,27.0,62.0,16.471950542630278,25.0379870998545,136.0300377470872,61.9319751530583,46.2361251673568,22.583001577462,,29126.0,1075.98,15.0,0.6,0.2,0.2,0.0,C
63187,Lapeyrouse,G,127.0,100.0,28.0,110.0,15.063205156197917,74.1053484589668,284.77508335944225,156.119568181592,36.82297626155101,20.78157679498993,27830.0,29126.0,2900.29,35.0,0.6,0.2,0.2,0.0,C
63188,Laps,C,80.0,164.0,18.0,87.0,3.557620128547883,146.188988614382,345.870008608747,104.94100277687,54.71922098481405,33.52752068546681,25630.0,29126.0,862.3,35.0,0.6,0.4,0.0,0.0,C
63189,Laqueuille,ED,55.0,72.0,41.0,78.0,29.56204379562044,75.0,217.0,59.0,43.86617100371748,21.93308550185873,20120.0,29126.0,2085.03,30.0,0.6,0.4,0.0,0.0,C
63190,Larodde,G,71.0,65.0,22.0,44.0,43.78194328272559,38.3551068090925,150.29373924751752,101.35115394339,36.53539509897728,19.717475656104533,18020.0,29126.0,928.3,20.0,0.6,0.2,0.2,0.0,C
63191,Lastic,C,15.0,33.0,11.0,26.0,37.370354744576765,6.79411764705883,52.411764705882376,39.7941176470588,24.46808510638301,8.510638297872342,17500.0,29126.0,571.63,10.0,0.4,0.2,0.4,0.0,C
63192,La Tour-d'Auvergne,C,142.0,178.0,28.0,98.0,39.67242134564854,86.704427394537,320.37430316996097,223.921269435502,45.12998104729656,25.365882256288085,20540.0,29126.0,1879.84,30.0,0.4,0.4,0.2,0.0,C
63193,Lempdes,C,1244.0,1792.0,305.0,1446.0,1.3213684988286063,1284.864135697224,5275.385729552599,2085.75013475019,45.3005019866135,26.432592530419523,23620.0,29126.0,484.73,490.0,0.4,0.6,0.0,0.0,ED
63194,Lempty,ED,44.0,73.0,22.0,105.0,0.5687035129228816,74.5544538039443,254.37900308043183,76.0665431156249,46.50652869072003,29.831556389003005,23480.0,29126.0,385.94,25.0,0.4,0.6,0.0,0.0,ED
63195,Lezoux,ED,761.0,1090.0,207.0,1157.0,1.2448333217449317,1222.69532515569,3752.3495765605294,1492.95509828378,40.244959235504034,22.85744668873412,22650.0,29126.0,2029.62,510.0,0.4,0.6,0.0,0.0,ED
63196,Limons,ED,133.0,140.0,23.0,183.0,4.449287554678415,113.053204345089,440.707739789364,175.239055865547,40.2083766907301,21.24517702921969,20900.0,29126.0,521.66,45.0,0.2,0.8,0.0,0.0,ED
63197,Lisseuil,C,13.0,28.0,11.0,15.0,18.181818181818183,23.0,62.0,23.0,34.14634146341464,13.414634146341465,,29126.0,471.96,5.0,0.8,0.2,0.0,0.0,C
63198,Loubeyrat,C,261.0,295.0,62.0,271.0,8.071859692279336,283.352149527345,867.1635260643922,280.484324408263,55.68971874503854,38.19441204654684,25440.0,29126.0,1098.24,80.0,0.8,0.2,0.0,0.0,C
63199,Ludesse,ED,78.0,94.0,20.0,112.0,10.256410256410255,117.0,321.0,57.0,57.909604519774014,37.57062146892656,24310.0,29126.0,883.71,25.0,0.4,0.2,0.4,0.0,C
63200,Lussat,ED,105.0,196.0,50.0,220.0,3.0151324502110084,176.135486264701,579.4205402603181,188.443973474982,52.74538550278368,32.40042473835889,20180.0,29126.0,808.75,40.0,0.8,0.2,0.0,0.0,C
63201,Luzillat,ED,149.0,177.0,31.0,257.0,11.254263706246114,248.394854871018,691.362708342829,217.242436786153,39.81030564003291,20.578918787422545,22320.0,29126.0,1505.25,95.0,0.2,0.6,0.2,0.0,ED
63202,Madriat,C,19.0,46.0,7.0,20.0,12.048192771084338,27.0,68.0,41.0,45.794392523364486,24.299065420560748,20070.0,29126.0,633.8,5.0,0.4,0.6,0.0,0.0,ED
63203,Malauzat,C,186.0,296.0,60.0,195.0,1.7986675314955505,203.391269184137,716.832377108607,239.776353707256,63.56167749995838,46.09750827909866,27450.0,29126.0,316.43,55.0,1.0,0.0,0.0,0.0,C
63204,Malintrat,C,165.0,246.0,37.0,231.0,0.5915997902216469,219.650224061792,729.689244470668,183.66053146754,47.38586580195585,28.562562413684816,24780.0,29126.0,834.13,65.0,0.6,0.4,0.0,0.0,C
63205,Manglieu,G,100.0,80.0,23.0,78.0,8.75912408759124,70.0,301.0,101.0,44.141689373297005,26.975476839237057,22340.0,29126.0,1839.55,35.0,0.2,0.6,0.2,0.0,ED
63206,Manzat,C,215.0,297.0,59.0,262.0,7.814518472642762,267.028886429468,813.037482885331,336.933630685201,50.10533756416634,29.031455858946163,21880.0,29126.0,2442.36,80.0,0.6,0.4,0.0,0.0,C
63207,Marat,ED,132.0,154.0,39.0,187.0,25.51512819715177,123.93380918361,462.2009287262529,218.865262090136,43.11181388915831,23.167069992863173,22690.0,29126.0,384.9,75.0,0.2,0.8,0.0,0.0,ED
63208,Marcillat,ED,78.0,58.0,14.0,79.0,22.00956937799043,77.0,208.0,57.0,58.2995951417004,35.62753036437247,23620.0,29126.0,521.04,20.0,0.0,0.4,0.6,0.0,G
63209,Mareugheol,C,34.0,52.0,9.0,51.0,19.39818102935967,32.4401913875598,141.65550239234452,51.9043062200957,40.251572327044016,17.610062893081743,23250.0,29126.0,87.54,25.0,0.4,0.6,0.0,0.0,ED
63210,Maringues,ED,376.0,477.0,84.0,529.0,1.80201961916744,640.410379865024,1837.382659157182,662.206960977794,37.6880723765404,20.783275149386192,21360.0,29126.0,1510.72,330.0,0.6,0.4,0.0,0.0,C
63211,Marsac-en-Livradois,ED,211.0,258.0,72.0,349.0,10.135135135135137,210.0,850.0,331.0,36.08340888485947,19.22030825022665,21150.0,29126.0,1493.78,125.0,0.0,0.6,0.4,0.0,ED
63212,Marsat,C,201.0,398.0,100.0,186.0,2.6058104764122536,249.938460406487,865.8371689707722,336.224370622741,68.85881442052509,51.50929919886495,31560.0,29126.0,146.79,65.0,1.0,0.0,0.0,0.0,C
63213,Les Martres-d'Artière,ED,235.0,515.0,70.0,526.0,2.393841896382947,451.198732615287,1434.515307011613,351.2859603731,54.70028040661526,34.04092881911557,25490.0,29126.0,688.4,115.0,0.6,0.4,0.0,0.0,C
63214,Les Martres-de-Veyre,C,690.0,886.0,117.0,668.0,1.129111438389789,555.0,2352.0,879.0,52.29419703103913,33.063427800269906,24550.0,29126.0,239.25,245.0,0.8,0.2,0.0,0.0,C
63215,Martres-sur-Morge,ED,110.0,150.0,30.0,167.0,2.604338957249519,153.446336956532,480.0439139123455,98.5097491311225,52.35489524040684,28.129215285192345,24230.0,29126.0,304.02,50.0,0.2,0.8,0.0,0.0,ED
63216,Mauzun,G,47.0,25.0,5.0,16.0,14.987998079692726,21.6857142857143,99.0,11.3142857142857,63.80952380952384,48.57142857142859,22510.0,29126.0,,15.0,0.4,0.0,0.6,0.0,G
63218,Mayres,C,18.0,50.0,18.0,42.0,37.7956341022415,34.0,107.0,56.0,45.0,19.375,19540.0,29126.0,270.4,10.0,0.4,0.4,0.2,0.0,C
63219,Mazayes,C,160.0,177.0,26.0,109.0,16.92258214451413,134.564594600229,424.0597100985241,149.375695301247,53.21385874025064,33.223867457207874,,29126.0,838.88,45.0,0.2,0.2,0.6,0.0,G
63220,Mazoires,C,6.0,36.0,8.0,31.0,32.29384489499036,13.8541666666667,53.4375,27.7083333333333,31.64556962025313,7.594936708860763,17630.0,29126.0,3054.04,5.0,0.8,0.2,0.0,0.0,C
63221,Medeyrolles,ED,15.0,23.0,23.0,24.0,38.88011690374549,8.21238938053096,55.43362831858413,52.3539823008849,49.03846153846184,28.84615384615403,23320.0,29126.0,339.27,5.0,0.6,0.2,0.2,0.0,C
63222,Meilhaud,ED,76.0,86.0,27.0,118.0,6.11531486518836,102.258622112559,301.68168902936486,91.0596888580761,45.37694482070757,26.137051658816624,20880.0,29126.0,39.56,50.0,0.4,0.6,0.0,0.0,ED
63223,Menat,C,96.0,135.0,19.0,109.0,22.6710791553636,71.0309170189661,293.34311689167896,178.625966089355,39.87916605182829,21.346427693310392,20210.0,29126.0,1127.93,45.0,0.4,0.4,0.2,0.0,C
63224,Ménétrol,C,270.0,376.0,53.0,347.0,0.5668846924247443,271.73848837409,946.664042744342,422.597468881568,49.55438811697268,31.405027800543245,25140.0,29126.0,632.55,100.0,0.8,0.2,0.0,0.0,C
63225,Messeix,ED,203.0,186.0,38.0,239.0,25.75757575757576,117.0,553.0,336.0,32.596041909196735,16.880093131548314,21160.0,29126.0,1614.13,50.0,0.6,0.4,0.0,0.0,C
63226,Mezel,C,568.0,918.0,147.0,593.0,3.4589252625077207,510.0,1978.0,614.0,59.70977379428084,41.39991463935126,,29126.0,326.51,195.0,0.6,0.4,0.0,0.0,C
63227,Mirefleurs,C,408.0,608.0,106.0,365.0,1.0948550828106225,410.358355837715,1474.546550475919,451.095093686366,55.79754664931834,36.63043434766085,26230.0,29126.0,106.34,150.0,0.8,0.2,0.0,0.0,C
63228,Miremont,ED,57.0,74.0,15.0,77.0,47.00561181301306,31.0701009554688,167.99492423038993,95.9349748141413,38.6559812739122,23.900735163030983,24160.0,29126.0,1436.07,15.0,0.6,0.4,0.0,0.0,C
63229,Moissat,C,225.0,255.0,52.0,244.0,2.952267299728188,251.750161282627,811.470667175886,192.779171541487,59.03826996784244,36.574105225959066,24410.0,29126.0,714.34,70.0,0.4,0.6,0.0,0.0,ED
63230,Le Monestier,C,32.0,70.0,8.0,41.0,39.47706593142556,48.3045368565022,141.8899885979291,48.8054745455687,58.99102643511529,34.5059507131235,22680.0,29126.0,141.19,20.0,0.0,0.4,0.6,0.0,G
63231,La Monnerie-le-Montel,ED,207.0,241.0,52.0,251.0,4.571788829880963,221.16760009648,908.4535126665572,494.378887236963,23.33002009780992,11.182678422361224,18510.0,29126.0,,195.0,0.0,1.0,0.0,0.0,ED
63232,Mons,ED,101.0,75.0,16.0,155.0,8.265346351589416,132.924277573727,347.60804361939086,78.4676788068821,45.81840277755029,23.375492127669425,20720.0,29126.0,620.04,35.0,0.6,0.4,0.0,0.0,C
63233,Montaigut,ED,153.0,141.0,28.0,213.0,14.265335235378032,132.0,508.0,337.0,34.04522613065327,16.834170854271356,19770.0,29126.0,124.23,80.0,0.2,0.6,0.2,0.0,ED
63234,Montaigut-le-Blanc,C,192.0,208.0,33.0,147.0,12.199630314232902,198.0,584.0,141.0,57.035928143712574,40.41916167664671,19700.0,29126.0,664.68,60.0,0.8,0.0,0.2,0.0,C
63235,Montcel,C,123.0,126.0,25.0,76.0,4.860069844010258,147.175937618203,343.81202099741904,68.012041384379,55.91627743743023,34.95954506939814,24970.0,29126.0,558.45,20.0,0.6,0.4,0.0,0.0,C
63236,Mont-Dore,C,139.0,336.0,62.0,228.0,78.47889829274604,149.437327852779,678.3901353571371,372.172536790084,41.779187166594326,23.40626758605864,21740.0,29126.0,602.63,125.0,0.6,0.2,0.2,0.0,C
63237,Montel-de-Gelat,C,46.0,125.0,28.0,85.0,16.893317771574146,49.7034539655016,232.39033297973444,134.906213054765,36.90758893230678,18.501329590955788,20730.0,29126.0,1976.55,15.0,0.6,0.4,0.0,0.0,C
63238,Montfermy,ED,37.0,43.0,14.0,54.0,10.633059043408378,35.7453918931215,149.8368173733658,40.4177907335127,44.89713437462072,24.36960176532716,23550.0,29126.0,659.81,15.0,0.0,1.0,0.0,0.0,ED
63239,Montmorin,G,166.0,130.0,22.0,124.0,6.57457838503781,149.810672496953,443.648116015875,136.541211487172,61.58793920672786,40.20668496641214,23580.0,29126.0,884.1,35.0,0.6,0.0,0.4,0.0,C
63240,Montpensier,C,61.0,115.0,28.0,79.0,3.791469194312796,93.0,278.0,96.0,49.127906976744185,33.72093023255814,26110.0,29126.0,447.35,25.0,1.0,0.0,0.0,0.0,C
63241,Montpeyroux,C,70.0,125.0,31.0,57.0,10.781479054267097,35.3280453573158,193.619364069404,96.0525905732802,66.92126188940985,51.15715262926513,19330.0,29126.0,229.28,20.0,0.4,0.0,0.6,0.0,G
63242,Moriat,ED,78.0,75.0,21.0,92.0,4.721927568106641,61.0828212783629,241.6120935458534,85.3050851757827,39.46191747974345,19.731122344991643,21350.0,29126.0,1010.94,40.0,0.2,0.8,0.0,0.0,ED
63243,Moureuille,ED,50.0,73.0,38.0,82.0,25.547565156158225,71.6239370386578,235.52924443879024,68.846818522552,44.8545477782097,23.8182047201878,22600.0,29126.0,1381.67,25.0,0.4,0.6,0.0,0.0,ED
63244,Chambaron-sur-Morge,C,241.0,371.0,50.0,337.0,3.2116927712045698,341.222011609631,1176.77002311613,261.007965274239,52.10910128160873,33.93092735348682,,29126.0,939.03,80.0,0.4,0.6,0.0,0.0,ED
63245,Mozac,C,595.0,1000.0,171.0,552.0,1.6777010020739325,620.720262496932,2206.1607388947377,1062.11899860834,51.11202494394895,32.743779563151165,26150.0,29126.0,12.44,230.0,1.0,0.0,0.0,0.0,C
63246,Murat-le-Quaire,C,91.0,107.0,28.0,106.0,58.18820637118659,60.0123814226521,317.4524156990029,108.535202878346,42.82954284653923,22.028395170157687,22630.0,29126.0,387.02,55.0,0.8,0.0,0.2,0.0,C
63247,Murol,C,84.0,183.0,25.0,130.0,43.60248447204969,98.0,406.0,166.0,46.22467771639042,23.388581952117864,22420.0,29126.0,888.06,55.0,0.6,0.4,0.0,0.0,C
63248,Nébouzat,C,122.0,229.0,52.0,138.0,9.319107983862594,166.120330990674,549.858636091462,149.021032917864,55.572567406086606,33.27924037451322,24950.0,29126.0,1219.21,50.0,0.6,0.4,0.0,0.0,C
63249,Néronde-sur-Dore,ED,77.0,108.0,22.0,109.0,3.98406374501992,79.0,290.0,116.0,40.31830238726791,23.07692307692308,,29126.0,237.44,20.0,0.0,1.0,0.0,0.0,ED
63250,Neschers,G,180.0,138.0,28.0,178.0,1.2394074216635205,185.680464981805,561.9215526352459,142.397982382949,47.437323369108285,29.20792509980863,22700.0,29126.0,458.86,70.0,0.2,0.4,0.4,0.0,ED
63251,Neuf-Eglise,G,83.0,65.0,10.0,64.0,30.23616307054418,50.4555773776978,177.430376633114,92.1140459891882,46.198242058820256,23.48754170092852,,29126.0,267.59,15.0,0.4,0.4,0.2,0.0,C
63252,Neuville,C,64.0,88.0,20.0,88.0,8.961708818668631,55.3624836022082,247.4174129563663,72.2201034414255,43.95473684732024,26.68815390771632,21780.0,29126.0,1150.1,25.0,0.6,0.4,0.0,0.0,C
63253,Noalhat,ED,34.0,33.0,6.0,66.0,6.1437908496732,32.2978723404255,171.2765957446809,26.4255319148936,39.344262295082046,23.49726775956292,23530.0,29126.0,174.56,20.0,0.2,0.8,0.0,0.0,ED
63254,Nohanent,C,346.0,616.0,96.0,372.0,0.8677521575896897,389.982492175986,1365.009952160612,491.007555663402,56.69842400495212,39.95809578100257,27570.0,29126.0,30.38,95.0,1.0,0.0,0.0,0.0,C
63255,Nonette-Orsonette,ED,113.0,114.0,16.0,129.0,14.773072859488751,100.612771683272,380.9251183440829,136.462109972645,46.59141978496528,26.417037778909748,,29126.0,551.54,30.0,0.2,0.8,0.0,0.0,ED
63256,Novacelles,ED,19.0,33.0,14.0,35.0,43.47482099766609,21.4394904458599,90.6305732484076,40.9299363057325,49.60629921259848,26.77165354330712,16790.0,29126.0,857.27,10.0,0.4,0.4,0.2,0.0,C
63257,Olby,C,158.0,209.0,26.0,129.0,14.01438565644932,188.438989099801,541.579761830292,131.981249069909,46.8907765326936,28.038744454471505,22870.0,29126.0,1290.38,30.0,0.8,0.0,0.2,0.0,C
63258,Olliergues,C,121.0,165.0,26.0,152.0,11.128775834658189,94.0,390.0,252.0,41.63879598662207,20.234113712374583,20480.0,29126.0,861.57,50.0,0.4,0.4,0.2,0.0,C
63259,Olloix,C,69.0,94.0,16.0,47.0,15.958108639409623,61.2123070151595,201.47105713874308,62.3166358460974,57.00128767642858,38.108558364147285,25070.0,29126.0,1020.38,20.0,0.6,0.2,0.2,0.0,C
63260,Olmet,C,32.0,43.0,2.0,34.0,48.02987266023515,24.375,104.0625,51.5625,52.63157894736842,30.26315789473684,19410.0,29126.0,175.38,20.0,0.0,0.6,0.4,0.0,ED
63261,Orbeil,C,158.0,219.0,39.0,166.0,6.127450980392156,164.0,506.0,211.0,55.338345864661655,34.43609022556391,25530.0,29126.0,298.29,45.0,0.6,0.4,0.0,0.0,C
63262,Orcet,C,473.0,741.0,143.0,490.0,1.3689552999496002,515.344315577767,1654.278269981745,697.377414440488,59.28515547694963,40.59088824610531,26710.0,29126.0,290.83,155.0,0.8,0.2,0.0,0.0,C
63263,Orcines,C,508.0,1155.0,208.0,512.0,3.473831681263864,611.614045251904,2167.583626649501,804.802328098595,62.6043728842042,45.078399006938405,29370.0,29126.0,783.75,160.0,1.0,0.0,0.0,0.0,C
63264,Orcival,C,34.0,68.0,14.0,53.0,22.719548883686013,41.1615278511538,132.1615079505869,68.6769641982593,46.015522413456914,23.025029464798124,20360.0,29126.0,1567.79,15.0,0.2,0.6,0.2,0.0,ED
63265,Orléat,ED,279.0,502.0,93.0,528.0,6.029260012482241,414.718248738903,1350.750434178915,470.531317082182,51.89767552091409,33.301406745610024,25960.0,29126.0,905.75,125.0,0.4,0.6,0.0,0.0,ED
63267,Palladuc,ED,101.0,103.0,27.0,127.0,16.120223192974944,93.4708153599645,323.7318371831605,102.797347456875,45.11376419411631,21.89918715365312,22170.0,29126.0,403.46,35.0,0.2,0.8,0.0,0.0,ED
63268,Pardines,ED,56.0,48.0,19.0,57.0,5.069340469305683,56.5524293457358,167.6968010472926,76.7507696069716,52.52327877790167,26.69462233588965,24240.0,29126.0,262.15,15.0,0.4,0.4,0.2,0.0,C
63269,Parent,C,178.0,212.0,25.0,131.0,13.26721260962258,169.675940617184,557.2883572281501,162.035702154665,62.62100608042738,39.9434298717465,25120.0,29126.0,289.13,50.0,0.6,0.2,0.2,0.0,C
63270,Parentignat,C,60.0,149.0,30.0,114.0,1.9445320402282555,75.2269757363347,291.8550296268734,113.917994636793,42.4666922850146,27.24013007161341,24970.0,29126.0,210.98,35.0,0.8,0.2,0.0,0.0,C
63271,Paslières,ED,272.0,271.0,34.0,334.0,6.524927193279245,209.058997654638,944.110876366116,333.830125979246,40.9947831781649,21.603329812395145,22420.0,29126.0,716.84,140.0,0.0,0.8,0.2,0.0,ED
63272,Pérignat-lès-Sarliève,C,414.0,890.0,170.0,439.0,1.1079697970545876,465.795409883733,1701.355728190278,707.848861925989,59.99636303336836,42.44798443498381,28530.0,29126.0,35.74,145.0,1.0,0.0,0.0,0.0,C
63273,Pérignat-sur-Allier,C,264.0,386.0,58.0,313.0,1.5895953757225432,226.0,906.0,360.0,55.02145922746781,36.82403433476395,27000.0,29126.0,310.87,65.0,0.8,0.2,0.0,0.0,C
63274,Perpezat,C,51.0,130.0,31.0,54.0,17.317927005654248,68.5266254859368,261.47082374050603,92.0025507735582,40.09412607972547,16.263358181450705,20960.0,29126.0,3435.95,20.0,0.8,0.0,0.2,0.0,C
63275,Perrier,C,122.0,210.0,50.0,136.0,4.495237070022575,164.173315311517,526.6693196855299,221.157365002952,42.10600368187941,26.248420568818627,24130.0,29126.0,166.47,65.0,0.4,0.6,0.0,0.0,ED
63276,Peschadoires,C,326.0,485.0,82.0,408.0,3.079571027952817,319.84346497822,1245.524872196258,537.631662825522,38.23362918651932,22.07391702612079,22840.0,29126.0,624.1,170.0,0.0,1.0,0.0,0.0,ED
63277,Peslières,C,8.0,19.0,1.0,11.0,39.6551724137931,9.0,33.0,12.0,52.38095238095239,26.1904761904762,,29126.0,269.47,0.0,0.6,0.2,0.2,0.0,C
63278,Pessat-Villeneuve,C,97.0,171.0,23.0,144.0,1.929260450160772,155.0,468.0,121.0,55.02742230347349,36.92870201096892,28060.0,29126.0,119.42,50.0,1.0,0.0,0.0,0.0,C
63279,Picherande,C,61.0,105.0,20.0,61.0,64.97116502892055,44.2598881755828,173.12916322990182,97.6109485945154,32.49588798848618,17.615175198887968,,29126.0,2741.87,15.0,1.0,0.0,0.0,0.0,C
63280,Pignols,C,76.0,100.0,11.0,62.0,4.0430316716033925,68.6665484337655,215.5912524777003,55.7421990885342,62.027710770216856,42.329278772063695,24480.0,29126.0,445.35,25.0,0.8,0.2,0.0,0.0,C
63281,Pionsat,C,120.0,187.0,52.0,157.0,17.86081727093445,112.39632926602,555.9603456924451,373.643325041535,34.65998441748528,17.149330160943972,20330.0,29126.0,1682.49,50.0,0.6,0.2,0.2,0.0,C
63282,Plauzat,C,297.0,345.0,58.0,282.0,2.3821854172534245,346.243510827516,1092.322486674428,241.434002498056,61.426196086467485,40.54372012999507,25390.0,29126.0,757.82,120.0,0.8,0.2,0.0,0.0,C
63283,Pontaumur,C,73.0,139.0,37.0,125.0,12.382425347813475,65.9918082289418,349.6328010386851,243.375390732373,36.714337293024286,20.3630521572064,21380.0,29126.0,956.72,50.0,0.6,0.4,0.0,0.0,C
63284,Pont-du-Château,C,1667.0,2529.0,426.0,2066.0,0.8992987538564942,2494.5957786467497,7549.434045685939,2377.970175667311,50.36454511222615,30.86307633262015,24120.0,29126.0,1433.36,780.0,0.6,0.4,0.0,0.0,C
63285,Pontgibaud,C,101.0,164.0,27.0,112.0,11.157894736842106,101.0,396.0,218.0,46.80483592400691,26.42487046632124,20070.0,29126.0,28.74,55.0,0.4,0.4,0.2,0.0,C
63286,Pouzol,C,47.0,66.0,16.0,52.0,25.1175746475997,48.6594137928538,157.76151184988478,63.5790743572604,45.35177846562064,25.627014299816885,20480.0,29126.0,902.15,20.0,0.6,0.2,0.2,0.0,C
63287,Les Pradeaux,C,48.0,77.0,20.0,59.0,5.793559049012152,83.1808124598587,222.711129488614,49.1080580515273,47.94445283115029,26.615770667433008,22220.0,29126.0,251.47,20.0,0.6,0.4,0.0,0.0,C
63288,Prompsat,G,104.0,96.0,16.0,68.0,6.194047208916984,93.4896337643695,288.885667206452,93.6246990291785,50.86943818120088,33.946081062177015,26240.0,29126.0,272.93,25.0,1.0,0.0,0.0,0.0,C
63289,Prondines,C,54.0,81.0,12.0,54.0,27.1356783919598,33.0,157.0,83.0,39.737991266375545,18.77729257641921,,29126.0,1368.97,15.0,0.8,0.2,0.0,0.0,C
63290,Pulvérières,C,75.0,104.0,23.0,66.0,9.2403495169297,77.6929330189883,242.32328356246603,88.9837834185467,48.81862275784917,24.453571493541595,22750.0,29126.0,1551.88,25.0,0.2,0.6,0.2,0.0,ED
63291,Puy-Guillaume,ED,409.0,488.0,82.0,572.0,2.713178294573644,369.0,1507.0,768.0,38.779342723004696,19.906103286384976,21520.0,29126.0,1099.1,235.0,0.2,0.6,0.2,0.0,ED
63292,Puy-Saint-Gulmier,ED,19.0,33.0,7.0,34.0,25.551494582952703,24.7448275862069,73.2827586206897,39.9724137931034,38.59649122807014,15.789473684210504,17240.0,29126.0,1318.15,5.0,0.6,0.4,0.0,0.0,C
63293,Le Quartier,G,48.0,37.0,21.0,39.0,33.176622083759135,19.2047929489401,120.13602732097448,76.6591797300864,30.72158670288298,8.689912305140439,19080.0,29126.0,1393.41,15.0,0.4,0.4,0.2,0.0,C
63294,Queuille,ED,62.0,33.0,10.0,64.0,13.407065266030148,52.5970670116829,178.2265567556021,51.176376232715,32.14988421494826,14.694926642220963,19120.0,29126.0,658.88,30.0,0.0,1.0,0.0,0.0,ED
63295,Randan,ED,172.0,217.0,57.0,336.0,3.469640644361834,280.0,904.0,438.0,36.93764798737175,16.732438831886345,,29126.0,974.99,165.0,0.0,1.0,0.0,0.0,ED
63296,Ravel,G,166.0,144.0,25.0,134.0,5.106611019634312,130.419933232951,487.65869172541096,148.921375041638,53.38532074575115,33.34409956200457,24140.0,29126.0,122.73,55.0,0.0,0.6,0.4,0.0,ED
63297,Reignat,C,64.0,88.0,13.0,62.0,2.296107564161986,83.5914962915356,241.1037355932535,54.3047681152099,44.65996386745724,27.422696996968703,23810.0,29126.0,482.97,20.0,0.4,0.6,0.0,0.0,ED
63298,La Renaudie,C,23.0,29.0,9.0,21.0,37.847875545250105,11.7313432835821,85.05223880597009,34.2164179104478,54.31034482758618,31.034482758620683,18930.0,29126.0,136.8,10.0,0.2,0.4,0.4,0.0,ED
63299,Rentières,ED,21.0,22.0,6.0,28.0,23.451949673432363,8.9126213592233,52.485436893203904,40.6019417475728,32.22222222222223,17.77777777777777,17560.0,29126.0,874.16,5.0,0.4,0.6,0.0,0.0,ED
63300,Riom,C,2743.0,3565.0,644.0,2247.0,3.5709958003967284,3081.6006720901,11374.793553841291,4223.605774068615,51.42996487028319,34.55912401864033,23090.0,29126.0,1323.78,,1.0,0.0,0.0,0.0,C
63301,Ris,ED,123.0,118.0,23.0,193.0,8.850160589119417,118.715687395843,409.386962153573,206.897350450585,34.270037307136135,17.00494525621844,20000.0,29126.0,217.85,70.0,0.2,0.8,0.0,0.0,ED
63302,La Roche-Blanche,C,512.0,964.0,152.0,492.0,1.586594029649426,567.427362550609,1925.759801576914,879.812835872477,58.75508221809774,42.11933837171213,23460.0,29126.0,179.58,130.0,0.8,0.2,0.0,0.0,C
63303,Roche-Charles-la-Mayrand,ED,4.0,8.0,6.0,9.0,32.729296802523464,1.9047619047619,29.523809523809533,8.57142857142857,29.99999999999997,4.999999999999987,,29126.0,1559.98,5.0,0.4,0.6,0.0,0.0,ED
63304,Roche-d'Agoux,C,20.0,31.0,5.0,20.0,20.1883889773555,10.3636363636364,66.3272727272726,37.309090909091,37.634408602150565,19.35483870967742,,29126.0,270.77,5.0,0.6,0.4,0.0,0.0,C
63305,Rochefort-Montagne,C,106.0,174.0,33.0,108.0,11.2632323455014,87.8487628090215,496.4398845513215,261.711352639657,38.47260397815431,21.432701233743806,21700.0,29126.0,1019.2,55.0,0.4,0.6,0.0,0.0,ED
63306,La Roche-Noire,C,102.0,177.0,26.0,135.0,5.12206174967698,93.9636124708103,403.2947029538537,132.741684575335,60.91425674394796,43.22856809186807,28530.0,29126.0,19.49,25.0,1.0,0.0,0.0,0.0,C
63307,Romagnat,C,1264.0,2076.0,325.0,1044.0,1.4634146341463417,1178.0,4436.0,2291.0,55.980471928397066,39.088689991863305,25430.0,29126.0,1071.99,445.0,0.8,0.2,0.0,0.0,C
63308,Royat,C,565.0,1296.0,237.0,612.0,9.71125665918963,609.143044982809,2706.5002532962308,1104.35670172096,61.736859077838446,45.91986910268488,27950.0,29126.0,46.82,385.0,1.0,0.0,0.0,0.0,C
63309,Saillant,ED,60.0,60.0,12.0,101.0,47.31903698799878,38.1826886501784,167.39844061344758,100.418870736374,34.84824954103537,19.47153192626172,21470.0,29126.0,915.84,15.0,0.4,0.4,0.2,0.0,C
63310,Sainte-Agathe,C,44.0,55.0,8.0,33.0,19.740466634246747,14.0,91.0,66.0,48.32214765100672,25.503355704697988,19300.0,29126.0,565.71,10.0,0.4,0.2,0.4,0.0,C
63311,Saint-Agoulin,C,57.0,84.0,23.0,75.0,3.592814371257485,54.0,204.0,53.0,53.191489361702125,31.91489361702128,23950.0,29126.0,870.62,25.0,0.8,0.2,0.0,0.0,C
63312,Saint-Alyre-d'Arlanc,ED,31.0,32.0,7.0,43.0,49.41947821335883,6.75177304964539,67.51773049645392,61.7304964539007,35.15625000000016,13.28125000000005,19730.0,29126.0,329.09,20.0,0.0,1.0,0.0,0.0,ED
63313,Saint-Alyre-ès-Montagne,ED,11.0,27.0,14.0,40.0,52.35731020214932,7.27927927927928,67.33333333333331,26.3873873873874,27.45098039215691,11.764705882352942,15330.0,29126.0,2596.83,5.0,0.6,0.4,0.0,0.0,C
63314,Saint-Amant-Roche-Savine,G,144.0,100.0,20.0,77.0,24.17582417582417,67.0,293.0,172.0,44.00921658986175,26.72811059907834,18420.0,29126.0,381.86,55.0,0.2,0.0,0.8,0.0,G
63315,Saint-Amant-Tallende,C,287.0,492.0,72.0,249.0,6.444474292620092,313.934708813382,1055.36085935851,441.704431828108,60.771223770194446,42.57377765241768,,29126.0,145.39,85.0,0.8,0.2,0.0,0.0,C
63317,Saint-André-le-Coq,ED,78.0,102.0,17.0,136.0,2.1824451399876588,121.975727710992,320.34081213886697,111.683460150141,51.29135456091183,29.667667443390016,,29126.0,2053.57,40.0,0.2,0.8,0.0,0.0,ED
63318,Saint-Angel,G,91.0,82.0,16.0,82.0,12.40280728528961,103.427987577721,286.1459424096197,84.4260700126593,42.44441064538943,24.955725513069257,24690.0,29126.0,486.13,30.0,0.2,0.6,0.2,0.0,ED
63319,Saint-Anthème,ED,133.0,199.0,53.0,207.0,55.9640028182036,78.7711478248461,358.58286940753186,270.645982767623,33.109570068629665,17.636320739232037,21060.0,29126.0,1359.01,40.0,0.6,0.4,0.0,0.0,C
63320,Saint-Avit,C,17.0,67.0,28.0,44.0,20.852798335609048,18.7648619313586,100.0061047269183,86.2290333417231,29.885015662906167,17.36327979070168,22350.0,29126.0,985.16,15.0,0.4,0.6,0.0,0.0,ED
63321,Saint-Babel,C,167.0,261.0,51.0,155.0,6.872185433482812,172.060349393412,605.3553401526419,164.584310453947,49.908090821295445,28.58401797043284,23060.0,29126.0,900.14,75.0,0.2,0.8,0.0,0.0,ED
63322,Saint-Beauzire,C,347.0,560.0,95.0,359.0,0.8610165185626236,410.999961139099,1319.919250328651,479.08078853225,55.19870458621591,35.58947241742552,21970.0,29126.0,1211.41,90.0,0.6,0.4,0.0,0.0,C
63323,Saint-Bonnet-le-Bourg,C,34.0,49.0,12.0,35.0,50.41162380716517,20.3225806451613,97.741935483871,61.9354838709677,45.341614906832376,31.05590062111809,19290.0,29126.0,304.74,15.0,0.4,0.4,0.2,0.0,C
63324,Saint-Bonnet-le-Chastel,G,50.0,48.0,14.0,26.0,59.96565455699307,12.4307483740084,107.301411186451,85.2678404395406,42.96191141931185,25.28005844602762,20150.0,29126.0,242.92,20.0,0.2,0.4,0.4,0.0,ED
63325,Saint-Bonnet-lès-Allier,ED,81.0,82.0,16.0,84.0,1.6673096232904403,75.0674593909787,291.4792602606995,59.4532803483218,56.12719957451734,32.73252555251874,23850.0,29126.0,361.21,10.0,0.0,0.8,0.2,0.0,ED
63326,Saint-Bonnet-près-Orcival,C,112.0,143.0,31.0,69.0,14.855746826739631,123.396182478698,345.419620770289,97.184196751013,50.28658972771007,32.11240763625417,23000.0,29126.0,1182.03,35.0,0.6,0.4,0.0,0.0,C
63327,Saint-Bonnet-près-Riom,C,374.0,554.0,89.0,398.0,2.5237055293088324,382.2072429334,1335.620322903402,360.172434163198,54.41079192379127,35.09961608905418,26260.0,29126.0,762.32,120.0,0.6,0.4,0.0,0.0,C
63328,Sainte-Catherine,ED,8.0,15.0,2.0,22.0,59.292721093896205,4.82456140350877,28.94736842105264,21.2280701754386,47.0588235294117,27.450980392156826,26350.0,29126.0,137.06,0.0,0.8,0.2,0.0,0.0,C
63329,Sainte-Christine,C,34.0,51.0,5.0,11.0,20.08426478841148,8.78740157480315,80.06299212598424,35.1496062992126,40.17094017094021,17.948717948717942,23120.0,29126.0,794.02,5.0,0.4,0.6,0.0,0.0,ED
63330,Saint-Cirgues-sur-Couze,ED,48.0,60.0,15.0,87.0,,62.7253690930401,222.536372959484,62.7382579474759,47.22474260981976,27.14483110278884,22980.0,29126.0,,,0.2,0.6,0.2,0.0,ED
63331,Saint-Clément-de-Valorgue,C,34.0,65.0,22.0,64.0,53.03549657930129,33.8109066600721,128.3157841784752,74.8733091614527,40.44534188020933,26.014517937762083,21860.0,29126.0,365.33,10.0,0.4,0.4,0.2,0.0,C
63332,Saint-Clément-de-Régnat,C,79.0,137.0,30.0,133.0,2.0171802234717737,85.8652075706318,327.74444596623914,108.390346463128,48.70899409099501,28.35341426442868,23920.0,29126.0,1218.15,35.0,0.4,0.6,0.0,0.0,ED
63333,Saint-Denis-Combarnazat,ED,31.0,53.0,15.0,63.0,2.5210084033613445,45.0,158.0,44.0,46.31578947368421,18.94736842105264,23290.0,29126.0,510.71,10.0,0.4,0.6,0.0,0.0,ED
63334,Saint-Dier-d'Auvergne,ED,110.0,108.0,19.0,113.0,22.12009572256707,100.330417470641,316.0365570367049,132.633025492654,40.24659730640225,23.13610030529842,20820.0,29126.0,1154.48,35.0,0.4,0.6,0.0,0.0,ED
63335,Saint-Diéry,ED,77.0,102.0,21.0,123.0,18.5607034187005,112.341210376422,317.720368478878,110.9384211447,47.67613380282764,24.47327461908116,22180.0,29126.0,1622.34,35.0,0.4,0.6,0.0,0.0,ED
63336,Saint-Donat,C,21.0,59.0,24.0,45.0,54.89510489510489,19.0,120.0,59.0,41.17647058823529,19.411764705882355,17150.0,29126.0,2043.12,10.0,0.8,0.2,0.0,0.0,C
63337,Saint-Eloy-la-Glacière,G,18.0,17.0,1.0,11.0,56.06211427433805,10.828125,34.453125,17.71875,44.0,22.0,,29126.0,30.9,5.0,0.4,0.4,0.2,0.0,C
63338,Saint-Eloy-les-Mines,ED,439.0,527.0,116.0,758.0,4.82605093260412,496.652729643901,1884.833024063469,1102.51424629263,26.434181963087443,13.007739918873533,,29126.0,288.64,260.0,0.0,1.0,0.0,0.0,ED
63339,Saint-Etienne-des-Champs,C,20.0,41.0,4.0,24.0,24.30262045646651,21.3230769230769,70.75384615384621,33.9230769230769,36.63366336633663,10.89108910891089,,29126.0,1584.89,0.0,0.6,0.4,0.0,0.0,C
63340,Saint-Etienne-sur-Usson,ED,43.0,62.0,27.0,64.0,41.38277950602918,33.564719111874,137.03972555987957,85.3955553282464,40.435227713075065,23.276589977014524,,29126.0,774.5,20.0,1.0,0.0,0.0,0.0,C
63341,Saint-Ferréol-des-Côtes,C,85.0,160.0,26.0,111.0,18.36689941239421,65.3529972521486,316.4236371962384,167.223365551612,43.76662494529747,24.088139784314503,23730.0,29126.0,224.16,25.0,0.4,0.6,0.0,0.0,ED
63342,Saint-Floret,G,57.0,50.0,16.0,52.0,22.3463687150838,29.0,152.0,65.0,51.72413793103448,30.541871921182267,21860.0,29126.0,680.97,20.0,0.4,0.6,0.0,0.0,ED
63343,Saint-Flour,ED,49.0,54.0,17.0,68.0,21.00427495805675,46.709733072175,163.0446280978161,62.2456388300089,39.854439361087046,24.278442381991123,21380.0,29126.0,590.6,20.0,0.4,0.6,0.0,0.0,ED
63344,Saint-Gal-sur-Sioule,G,44.0,38.0,9.0,31.0,40.12731056432846,19.8657718120805,90.38926174496648,37.744966442953,45.454545454545496,23.14049586776861,20330.0,29126.0,379.2,20.0,0.4,0.4,0.2,0.0,C
63345,Saint-Genès-Champanelle,C,663.0,1179.0,149.0,511.0,4.153701331201848,905.591064373448,2360.951373330451,707.457562296101,68.97251635746849,51.70043823682756,27550.0,29126.0,1294.69,180.0,1.0,0.0,0.0,0.0,C
63346,Saint-Genès-Champespe,C,27.0,72.0,26.0,55.0,45.61243138434657,21.4326767826078,114.82311373956578,68.7442094778264,37.05128289312567,19.01896548440188,19910.0,29126.0,1996.72,0.0,1.0,0.0,0.0,0.0,C
63347,Saint-Genès-du-Retz,C,76.0,131.0,31.0,116.0,3.812633423767809,59.1296805091415,300.6941052343135,103.176214256544,48.01465331691347,24.259411043631708,25200.0,29126.0,556.15,30.0,0.4,0.6,0.0,0.0,ED
63348,Saint-Genès-la-Tourette,C,38.0,55.0,8.0,36.0,39.23173341647311,17.401850801124,102.560342339059,69.037806859817,49.92776940703173,26.649940140868,21460.0,29126.0,1058.61,15.0,0.8,0.0,0.2,0.0,C
63349,Saint-Georges-de-Mons,C,353.0,385.0,83.0,331.0,4.375236086106315,318.012497168999,1183.129307025213,501.858195805788,38.94869613857884,19.45168686390198,20980.0,29126.0,1078.79,170.0,0.2,0.6,0.2,0.0,ED
63350,Saint-Georges-sur-Allier,C,212.0,304.0,46.0,293.0,0.8379991902676918,275.222881480372,822.493902335691,254.283216183937,56.79137973187856,35.32813365890924,25170.0,29126.0,598.02,75.0,0.2,0.8,0.0,0.0,ED
63351,Saint-Germain-près-Herment,G,26.0,20.0,4.0,10.0,37.704918032786885,3.75757575757576,36.63636363636364,21.6060606060606,21.428571428571423,10.71428571428572,,29126.0,440.72,5.0,0.4,0.4,0.2,0.0,C
63352,Saint-Germain-Lembron,G,366.0,333.0,83.0,319.0,3.200003261603264,327.515374533161,1192.7739345855312,499.710690881308,41.80422421999271,22.97048182369176,21800.0,29126.0,999.79,160.0,0.2,0.6,0.2,0.0,ED
63353,Saint-Germain-l'Herm,C,69.0,125.0,27.0,89.0,38.70292887029289,56.0,243.0,189.0,40.931372549019606,19.852941176470587,21160.0,29126.0,459.67,40.0,0.2,0.8,0.0,0.0,ED
63354,Saint-Gervais-d'Auvergne,G,241.0,233.0,56.0,207.0,17.602764290839605,146.016251308624,686.9226283090889,393.061120382287,36.51818838938066,18.771473307090385,20120.0,29126.0,2719.05,80.0,0.8,0.0,0.2,0.0,C
63355,Saint-Gervais-sous-Meymont,G,58.0,28.0,8.0,51.0,35.84476705438453,20.6350264168086,132.0248577680138,61.3401158151776,28.4237189120546,13.79201535597056,19590.0,29126.0,188.96,30.0,0.6,0.2,0.2,0.0,C
63356,Saint-Gervazy,C,53.0,74.0,17.0,62.0,11.953563238073238,46.1067215000429,232.77511683580008,59.118161664157,43.58746472084753,23.07147148306989,21800.0,29126.0,1214.01,30.0,0.2,0.8,0.0,0.0,ED
63357,Saint-Hérent,ED,11.0,25.0,5.0,27.0,30.95238095238096,22.0,57.0,32.0,36.04651162790697,20.930232558139537,17890.0,29126.0,888.99,5.0,0.6,0.4,0.0,0.0,C
63358,Saint-Hilaire-la-Croix,G,89.0,84.0,14.0,51.0,17.194570135746606,79.0,227.0,66.0,60.28880866425993,37.18411552346571,22960.0,29126.0,550.82,25.0,0.2,0.4,0.4,0.0,ED
63359,Saint-Hilaire-les-Monges,C,11.0,25.0,7.0,18.0,14.695414796874491,12.4444444444445,49.7777777777779,21.7777777777778,34.32835820895529,13.43283582089552,,29126.0,516.51,0.0,0.6,0.4,0.0,0.0,C
63360,Saint-Hilaire,C,30.0,42.0,9.0,26.0,37.34795145257728,13.6266666666667,85.65333333333331,46.72,31.78294573643405,17.054263565891446,20960.0,29126.0,834.7,10.0,0.4,0.4,0.2,0.0,C
63362,Saint-Ignat,C,123.0,188.0,59.0,173.0,3.5485746024314624,163.858603067687,587.457869876665,165.683527055648,49.63960768533691,28.11937354303924,23780.0,29126.0,1076.74,45.0,0.4,0.6,0.0,0.0,ED
63363,Saint-Jacques-d'Ambur,ED,59.0,61.0,21.0,67.0,28.079909818107208,48.4816412861812,173.1903160467537,69.3280426670651,47.65125092601632,23.54211319707354,20610.0,29126.0,541.2,15.0,0.6,0.2,0.2,0.0,C
63364,Saint-Jean-d'Heurs,ED,87.0,111.0,23.0,126.0,3.643724696356275,123.0,419.0,156.0,35.647279549718576,22.88930581613508,23940.0,29126.0,377.42,35.0,0.0,1.0,0.0,0.0,ED
63365,Saint-Jean-des-Ollières,G,121.0,108.0,15.0,71.0,26.303081322552707,52.1856222251638,224.6064649651412,160.207912809695,50.203963286908646,32.03759103934124,22160.0,29126.0,1020.38,40.0,0.0,0.8,0.2,0.0,ED
63366,Saint-Jean-en-Val,C,56.0,97.0,6.0,81.0,12.196255648445202,57.5405230090943,200.96403842688704,93.4954385640187,46.99251406712761,29.062401559453555,23220.0,29126.0,545.7,30.0,0.2,0.4,0.4,0.0,ED
63367,Saint-Jean-Saint-Gervais,C,26.0,28.0,5.0,22.0,33.39649061346352,16.520325203252,69.17886178861801,41.30081300813,29.702970297029875,16.83168316831692,21380.0,29126.0,167.31,5.0,0.2,0.4,0.4,0.0,ED
63368,Saint-Julien-de-Coppel,C,235.0,267.0,44.0,245.0,4.007288948929867,251.179150413531,780.780624926776,262.040224659693,54.22529639691637,33.04870993057162,23710.0,29126.0,1371.06,80.0,0.6,0.4,0.0,0.0,C
63369,Saint-Julien-la-Geneste,ED,21.0,26.0,8.0,38.0,36.36363636363637,14.0,61.0,45.0,43.80952380952381,26.666666666666668,21270.0,29126.0,510.01,10.0,0.6,0.4,0.0,0.0,C
63370,Saint-Julien-Puy-Lavèze,C,59.0,88.0,16.0,83.0,19.678280448709906,53.3185476465534,223.51507202917435,86.1663803242733,39.26731391614116,16.208459362851784,21670.0,29126.0,2266.37,30.0,0.6,0.4,0.0,0.0,C
63371,Saint-Just,C,37.0,50.0,5.0,45.0,52.4526803081522,15.4736842105263,72.53289473684211,58.9934210526316,42.1874999999998,27.34374999999986,27390.0,29126.0,309.81,5.0,0.6,0.4,0.0,0.0,C
63372,Saint-Laure,ED,98.0,130.0,24.0,133.0,2.1044165323907533,166.729598877651,444.9189679984447,82.3514331239043,60.37124071060372,38.42020144929174,25060.0,29126.0,672.52,45.0,0.2,0.8,0.0,0.0,ED
63373,Saint-Maigner,G,48.0,43.0,5.0,23.0,30.639648348393862,20.0555555555556,100.2777777777785,50.6666666666669,49.62962962962948,25.185185185185087,21980.0,29126.0,1595.58,5.0,0.4,0.4,0.2,0.0,C
63374,Saint-Martin-des-Olmes,ED,55.0,60.0,18.0,84.0,27.697841726618705,56.0,189.0,67.0,51.83673469387755,29.38775510204082,21930.0,29126.0,418.4,25.0,0.4,0.6,0.0,0.0,ED
63375,Saint-Martin-des-Plains,ED,20.0,34.0,14.0,45.0,2.127659574468085,36.0,106.0,36.0,45.038167938931295,24.42748091603053,20490.0,29126.0,49.25,15.0,0.2,0.8,0.0,0.0,ED
63376,Saint-Martin-d'Ollières,C,27.0,37.0,8.0,37.0,40.98485789856744,21.7027027027027,75.9594594594594,48.3378378378379,38.33333333333351,16.66666666666673,18500.0,29126.0,231.53,15.0,0.6,0.4,0.0,0.0,C
63377,Saint-Maurice-près-Pionsat,ED,61.0,68.0,21.0,77.0,36.78237649751296,28.9655513946413,186.87837024004472,147.156078365314,38.65206071613645,20.260666815746063,17390.0,29126.0,2119.68,15.0,0.4,0.6,0.0,0.0,ED
63378,Saint-Maurice,C,173.0,249.0,38.0,144.0,4.64514834927369,213.367954265213,579.654227895491,196.977817839295,57.628718756030416,41.941572353409285,27480.0,29126.0,178.54,50.0,1.0,0.0,0.0,0.0,C
63379,Saint-Myon,ED,84.0,110.0,28.0,120.0,5.642557657582878,115.918017388693,340.908094834955,96.173887776352,55.42993338292985,35.024465375082755,23580.0,29126.0,624.56,35.0,0.4,0.6,0.0,0.0,ED
63380,Saint-Nectaire,C,141.0,219.0,30.0,127.0,34.90196935961703,134.093209719542,424.65125764445406,237.255532636004,50.56485693604574,28.73687411663317,20520.0,29126.0,1330.54,70.0,0.4,0.2,0.4,0.0,C
63381,Saint-Ours,C,255.0,360.0,70.0,331.0,8.26833915335873,313.486540130962,1011.6675956041609,365.845864264877,48.09811304109598,27.961670543018258,23620.0,29126.0,1856.33,95.0,0.6,0.4,0.0,0.0,C
63382,Saint-Pardoux,C,83.0,112.0,18.0,78.0,7.086614173228346,49.0,274.0,105.0,50.991501416430594,27.19546742209632,23040.0,29126.0,858.95,35.0,0.6,0.4,0.0,0.0,C
63383,Saint-Pierre-Colamine,ED,54.0,44.0,14.0,67.0,31.58426530543481,36.0617838655442,151.8662916411835,60.0719244932723,42.34055034691577,14.815605035893546,21560.0,29126.0,1096.2,20.0,0.8,0.2,0.0,0.0,C
63384,Saint-Pierre-la-Bourlhonne,ED,33.0,27.0,10.0,34.0,59.13822726813337,18.1343283582089,65.4850746268649,51.3805970149252,44.14414414414413,25.225225225225213,20250.0,29126.0,111.84,10.0,0.2,0.4,0.4,0.0,ED
63385,Saint-Pierre-le-Chastel,ED,65.0,95.0,23.0,103.0,24.572048632735022,96.604483130007,285.872917323162,70.522599546831,49.8122944703226,30.576214240045736,23130.0,29126.0,1307.28,20.0,0.4,0.4,0.2,0.0,C
63386,Saint-Pierre-Roche,G,103.0,97.0,35.0,63.0,17.791600806692973,88.8576983383053,312.0566135250758,99.0856881366189,55.49860852243032,33.396028277276955,23000.0,29126.0,803.24,35.0,0.2,0.2,0.6,0.0,G
63387,Saint-Priest-Bramefant,ED,106.0,205.0,30.0,206.0,4.763890657019569,151.797875146241,530.746101078607,186.456023775153,39.6964837763782,22.90864713598808,22580.0,29126.0,540.06,55.0,0.0,1.0,0.0,0.0,ED
63388,Saint-Priest-des-Champs,ED,116.0,154.0,24.0,161.0,24.00041562079068,87.2917595898323,429.5480315894137,209.160208820754,43.98409362749807,22.98700667438885,20100.0,29126.0,2488.22,45.0,0.8,0.2,0.0,0.0,C
63389,Saint-Quentin-sur-Sauxillanges,C,26.0,28.0,4.0,20.0,29.236657452689773,22.7909090909091,65.4,20.8090909090909,59.75609756097558,36.585365853658566,21450.0,29126.0,346.93,20.0,0.6,0.0,0.4,0.0,C
63390,Saint-Quintin-sur-Sioule,C,62.0,102.0,13.0,72.0,13.720544732109651,63.9708713630765,226.48646736504315,96.5426612718803,45.23573152720403,26.18163007044477,23500.0,29126.0,827.36,20.0,0.2,0.8,0.0,0.0,ED
63391,Saint-Rémy-de-Blot,G,66.0,39.0,9.0,44.0,21.40236643668792,43.5253907708838,144.7960559222913,58.6785533068249,43.58879671623186,25.987434481068483,19110.0,29126.0,551.87,15.0,0.6,0.0,0.4,0.0,C
63392,Saint-Rémy-de-Chargnat,G,134.0,101.0,18.0,132.0,3.821656050955414,114.0,408.0,106.0,50.72765072765073,27.027027027027028,22380.0,29126.0,1086.98,50.0,0.4,0.6,0.0,0.0,ED
63393,Saint-Rémy-sur-Durolle,C,218.0,342.0,76.0,317.0,11.923688567151473,305.810131315402,985.089280623898,469.1005880607,34.505876627174295,18.200459270483755,21200.0,29126.0,547.28,160.0,0.4,0.6,0.0,0.0,ED
63394,Saint-Romain,C,52.0,71.0,20.0,52.0,54.894131408678994,18.9123322976692,115.52179048688792,62.5658772154429,39.60922149207831,17.683385402563864,18740.0,29126.0,438.55,10.0,0.6,0.4,0.0,0.0,C
63395,Saint-Sandoux,C,131.0,213.0,38.0,171.0,5.357142857142857,190.0,649.0,157.0,53.2967032967033,34.34065934065934,,29126.0,308.89,50.0,0.2,0.6,0.2,0.0,ED
63396,Saint-Saturnin,C,245.0,353.0,49.0,183.0,8.030474872874436,197.743226011431,731.094193374479,238.16258061409,64.51939544966618,45.437905589928135,16500.0,29126.0,702.54,70.0,1.0,0.0,0.0,0.0,C
63397,Saint-Sauves-d'Auvergne,C,208.0,288.0,62.0,212.0,17.564221352103765,144.950673069453,655.999515722237,327.04981120831,45.240080012547615,23.83820221887133,21780.0,29126.0,2437.41,65.0,0.6,0.4,0.0,0.0,C
63398,Saint-Sauveur-la-Sagne,C,20.0,23.0,13.0,16.0,35.11316367884802,6.83529411764706,41.98823529411764,34.1764705882353,27.631578947368418,22.368421052631568,,29126.0,326.66,5.0,0.6,0.4,0.0,0.0,C
63399,Saint-Sulpice,C,16.0,37.0,3.0,11.0,29.52229720788669,7.0,48.0,30.0,35.064935064935064,14.285714285714285,23240.0,29126.0,823.1,5.0,0.6,0.4,0.0,0.0,C
63400,Saint-Sylvestre-Pragoulin,ED,146.0,219.0,41.0,272.0,7.030802927039452,158.622552626921,653.494711623821,252.882735749258,37.52967436633972,21.11822437577859,22360.0,29126.0,583.37,70.0,0.2,0.8,0.0,0.0,ED
63401,Saint-Victor-la-Rivière,C,33.0,64.0,10.0,54.0,39.70037453183521,30.0,152.0,60.0,50.99009900990099,29.207920792079207,22170.0,29126.0,1003.32,15.0,0.6,0.4,0.0,0.0,C
63402,Saint-Victor-Montvianeix,C,67.0,69.0,9.0,59.0,36.55913978494624,34.0,169.0,61.0,53.669724770642205,29.81651376146789,20870.0,29126.0,115.25,30.0,0.2,0.0,0.8,0.0,G
63403,Saint-Vincent,C,66.0,87.0,17.0,82.0,12.767629641278392,68.4219812614275,270.7032028402956,77.8748158982769,58.650939039490936,34.86984694729172,26680.0,29126.0,124.3,25.0,1.0,0.0,0.0,0.0,C
63404,Saint-Yvoine,C,78.0,137.0,19.0,106.0,4.966887417218543,95.0,350.0,110.0,60.47058823529412,38.588235294117645,25540.0,29126.0,632.42,25.0,0.4,0.6,0.0,0.0,ED
63405,Sallèdes,G,123.0,104.0,16.0,106.0,9.447589876508673,107.156533243431,340.74138306681,118.102083689759,48.47441034045512,27.17852940313396,23130.0,29126.0,1166.75,35.0,0.4,0.4,0.2,0.0,C
63406,Sardon,C,48.0,66.0,28.0,59.0,2.6866668598965187,44.0784840773544,171.05773474591098,84.8637811767346,40.8463841578278,28.80021408650488,25930.0,29126.0,898.81,10.0,0.4,0.6,0.0,0.0,ED
63407,Saulzet-le-Froid,C,50.0,62.0,13.0,62.0,26.407912578206822,58.5492855921621,162.8110372801409,65.639677127697,53.782097706025546,34.54198030243093,22840.0,29126.0,999.12,20.0,0.4,0.2,0.4,0.0,C
63408,Sauret-Besserve,G,44.0,30.0,7.0,35.0,32.95596261300771,13.8323353293413,97.81437125748508,53.3532934131736,33.33333333333336,17.999999999999993,21260.0,29126.0,414.77,15.0,0.2,0.6,0.2,0.0,ED
63409,Saurier,ED,41.0,44.0,11.0,70.0,26.96078431372549,30.0,163.0,55.0,38.80597014925373,14.925373134328357,20580.0,29126.0,511.64,25.0,0.2,0.8,0.0,0.0,ED
63410,Sauvagnat,C,30.0,36.0,19.0,30.0,27.88392842754421,16.2237762237762,84.16083916083842,44.6153846153844,32.520325203252085,7.317073170731721,18530.0,29126.0,1423.09,5.0,0.4,0.4,0.2,0.0,C
63411,Sauvagnat-Sainte-Marthe,ED,90.0,86.0,6.0,115.0,5.970149253731343,73.0,307.0,85.0,57.46478873239437,33.80281690140845,23320.0,29126.0,517.6,50.0,0.0,1.0,0.0,0.0,ED
63412,Sauvessanges,C,86.0,137.0,53.0,129.0,34.05528614684506,63.8305799947205,289.1626015138495,178.00681849143,39.060288986826464,21.74364478122278,21620.0,29126.0,1561.84,20.0,0.2,0.8,0.0,0.0,ED
63413,La Sauvetat,C,140.0,150.0,18.0,135.0,5.236950866531642,117.668252348891,445.612693396742,161.719054254367,50.05523964830216,34.14848458657755,20150.0,29126.0,729.38,40.0,0.8,0.2,0.0,0.0,C
63414,Sauviat,ED,94.0,103.0,24.0,123.0,8.881578947368421,105.0,371.0,111.0,45.87973273942094,27.17149220489977,22590.0,29126.0,684.38,25.0,0.2,0.8,0.0,0.0,ED
63415,Sauxillanges,G,235.0,216.0,38.0,201.0,8.297751260307448,244.909101946097,748.3162510249149,334.774647028988,40.02780277530154,20.96136823413273,20890.0,29126.0,1578.76,95.0,0.0,0.6,0.4,0.0,ED
63416,Savennes,ED,21.0,26.0,3.0,27.0,44.54973774091259,9.29032258064517,55.74193548387103,30.9677419354839,39.75903614457827,14.457831325301203,24410.0,29126.0,397.99,5.0,0.6,0.4,0.0,0.0,C
63417,Sayat,C,331.0,734.0,113.0,409.0,1.581771365704549,419.159441790391,1501.9980041210758,597.842554088543,58.20940241921899,38.54935379584917,27580.0,29126.0,197.82,120.0,1.0,0.0,0.0,0.0,C
63418,Sermentizon,G,138.0,109.0,15.0,127.0,11.497005672753517,99.2364981560548,362.62996547730825,127.133536366637,44.92324743294423,26.022866911048364,22540.0,29126.0,463.79,45.0,0.2,0.8,0.0,0.0,ED
63419,Servant,ED,96.0,102.0,39.0,154.0,30.501045397267283,68.7310572567795,314.5081105570115,175.760832186208,40.5682720757883,22.330025815160628,20280.0,29126.0,1630.64,40.0,0.4,0.4,0.2,0.0,C
63420,Seychalles,ED,102.0,138.0,25.0,172.0,1.1560693641618496,169.0,512.0,106.0,50.17482517482518,27.7972027972028,23930.0,29126.0,839.87,65.0,0.4,0.6,0.0,0.0,ED
63421,Singles,C,25.0,62.0,18.0,39.0,45.27245519214083,9.625,85.6625,58.7125,31.72413793103448,17.931034482758623,19910.0,29126.0,707.86,20.0,0.4,0.6,0.0,0.0,ED
63422,Solignat,C,69.0,97.0,32.0,79.0,1.7386963795533834,93.8247333377577,294.7244239062693,131.450842755974,40.90291105997014,22.41358070851568,23070.0,29126.0,1239.11,25.0,0.2,0.8,0.0,0.0,ED
63423,Sugères,ED,116.0,119.0,18.0,137.0,20.79490849341298,118.241509346787,366.97824759478,146.780243058433,47.13677052299342,26.89180449290569,21960.0,29126.0,945.71,65.0,0.4,0.4,0.2,0.0,C
63424,Surat,ED,95.0,131.0,26.0,152.0,0.7117437722419928,117.0,388.0,106.0,48.78048780487805,29.71175166297117,24980.0,29126.0,736.03,30.0,0.6,0.4,0.0,0.0,C
63425,Tallende,C,237.0,479.0,80.0,292.0,4.671657751457537,279.920473867963,979.63880678005,305.440719351987,65.15581861208216,46.61288651266828,,29126.0,271.18,80.0,1.0,0.0,0.0,0.0,C
63426,Tauves,C,124.0,203.0,64.0,124.0,20.38056354604512,94.577864549902,361.9756571276671,243.446478322432,43.35976384212842,22.528648073512773,20580.0,29126.0,2826.48,35.0,0.8,0.2,0.0,0.0,C
63427,Teilhède,C,70.0,136.0,19.0,119.0,5.669417071374281,104.482682994225,307.129331893554,107.387985112221,57.13630988462816,39.30008057449305,25160.0,29126.0,822.0,30.0,0.4,0.4,0.2,0.0,C
63428,Teilhet,ED,50.0,56.0,17.0,64.0,21.34993597483865,40.0219992949721,168.6724841553339,74.305516549694,43.64696646361084,20.10359158793265,23800.0,29126.0,1257.9,15.0,0.6,0.2,0.2,0.0,C
63429,Ternant-les-Eaux,ED,12.0,7.0,3.0,18.0,33.57944588796906,14.1186440677966,24.915254237288146,9.96610169491525,38.46153846153841,15.384615384615351,,29126.0,19.3,5.0,0.4,0.6,0.0,0.0,ED
63430,Thiers,G,1816.0,1740.0,277.0,1574.0,3.350357378367245,1726.613806790925,6861.905056721398,3097.481136487673,40.2189727280463,23.875876658941955,19300.0,29126.0,1192.17,,0.2,0.2,0.6,0.0,G
63431,Thiolières,ED,23.0,30.0,3.0,45.0,25.02528244769445,24.5454545454546,97.1999999999999,40.2545454545455,36.64122137404575,21.374045801526705,20290.0,29126.0,110.53,10.0,0.0,0.8,0.2,0.0,ED
63432,Thuret,ED,158.0,177.0,42.0,178.0,2.676249675760584,195.618394695168,585.7697575977679,142.611847707064,50.7339125240836,30.014441964538435,24730.0,29126.0,1297.63,60.0,0.2,0.8,0.0,0.0,ED
63433,Tortebesse,C,15.0,22.0,10.0,21.0,22.71170754280426,7.9,50.3625,20.7375,55.882352941176464,25.0,,29126.0,475.77,5.0,0.2,0.8,0.0,0.0,ED
63434,Tours-sur-Meymont,G,123.0,119.0,18.0,116.0,23.684210526315788,68.0,316.0,154.0,38.215102974828376,23.112128146453088,19220.0,29126.0,1356.22,55.0,0.4,0.2,0.4,0.0,C
63435,Tourzel-Ronzières,ED,44.0,29.0,8.0,45.0,17.638069666804725,30.3,128.26999999999998,43.43,45.0,23.75,21450.0,29126.0,729.63,20.0,0.0,0.6,0.4,0.0,ED
63436,Tralaigues,ED,12.0,17.0,8.0,18.0,21.700462468872274,7.7,43.3125,25.9875,50.0,27.94117647058824,,29126.0,731.81,0.0,0.0,0.8,0.2,0.0,ED
63437,Trémouille-Saint-Loup,C,33.0,49.0,23.0,34.0,36.80689158218434,11.3142857142857,78.17142857142852,54.5142857142858,33.8709677419356,17.74193548387104,15620.0,29126.0,596.01,5.0,0.6,0.4,0.0,0.0,C
63438,Trézioux,C,88.0,110.0,21.0,101.0,14.705882352941178,89.0,315.0,98.0,53.47043701799485,32.13367609254499,21810.0,29126.0,1430.2,30.0,1.0,0.0,0.0,0.0,C
63439,Usson,C,44.0,85.0,18.0,38.0,20.13308047457986,46.3366719386711,181.198856461221,69.4644716001079,61.42610587924288,44.74451357159363,23540.0,29126.0,170.59,15.0,0.6,0.4,0.0,0.0,C
63440,Valbeleix,C,13.0,32.0,12.0,24.0,46.09375,38.0,72.0,35.0,35.0,17.0,19110.0,29126.0,1564.28,5.0,0.6,0.2,0.2,0.0,C
63441,Valcivières,G,77.0,73.0,15.0,52.0,66.57608695652173,23.0,141.0,65.0,46.1139896373057,35.751295336787564,18020.0,29126.0,903.5,25.0,0.0,0.2,0.8,0.0,G
63442,Valz-sous-Châteauneuf,C,23.0,24.0,7.0,6.0,40.30534351145026,1.0,29.0,23.0,45.83333333333333,29.166666666666668,,29126.0,214.3,0.0,0.4,0.2,0.4,0.0,C
63443,Varennes-sur-Morge,C,58.0,106.0,19.0,76.0,2.601810789196247,74.9702051617045,290.16697660968475,66.8628182286118,58.02812280117154,34.26607083650428,27060.0,29126.0,339.09,20.0,0.8,0.2,0.0,0.0,C
63444,Varennes-sur-Usson,C,36.0,66.0,6.0,58.0,5.304016703472545,79.8564182156348,192.2709023604737,42.8726794238915,55.1528096553407,35.523447668903444,23430.0,29126.0,600.07,10.0,0.6,0.4,0.0,0.0,C
63445,Vassel,C,46.0,50.0,7.0,49.0,4.666666666666667,57.0,205.0,33.0,51.64319248826291,30.985915492957744,23630.0,29126.0,272.39,20.0,0.6,0.2,0.2,0.0,C
63446,Vensat,C,80.0,146.0,20.0,109.0,6.158290987770758,114.216837969968,316.503748208575,119.279413821457,55.20471104876863,35.27057145130058,24770.0,29126.0,1676.64,40.0,0.6,0.4,0.0,0.0,C
63447,Vergheas,G,24.0,13.0,4.0,13.0,36.70613562970929,1.0,34.0,31.0,33.84615384615385,10.76923076923077,,29126.0,481.75,5.0,0.6,0.4,0.0,0.0,C
63448,Vernet-la-Varenne,ED,152.0,158.0,68.0,205.0,37.48344370860927,122.0,454.0,204.0,44.26229508196721,24.59016393442623,,29126.0,1918.36,55.0,0.6,0.4,0.0,0.0,C
63449,Le Vernet-Sainte-Marguerite,C,45.0,87.0,23.0,61.0,18.63636363636364,67.0,201.0,61.0,57.14285714285714,31.512605042016805,22130.0,29126.0,2804.51,25.0,1.0,0.0,0.0,0.0,C
63450,Verneugheol,C,44.0,61.0,11.0,39.0,29.059829059829063,30.0,117.0,80.0,40.625,16.145833333333336,18200.0,29126.0,1965.98,10.0,0.4,0.6,0.0,0.0,ED
63451,Vernines,C,54.0,108.0,23.0,81.0,13.839454399194937,82.2933912179402,268.8106108722482,75.8959979098126,49.45545706966541,29.66685089950462,23030.0,29126.0,953.47,20.0,0.2,0.6,0.2,0.0,ED
63452,Verrières,C,9.0,25.0,5.0,16.0,16.47393981538596,9.25000000000002,50.361111111111285,14.3888888888889,40.67796610169492,25.42372881355933,,29126.0,,5.0,0.2,0.8,0.0,0.0,ED
63453,Vertaizon,ED,504.0,639.0,92.0,645.0,1.6574523481129144,643.415415816995,2310.201377657354,488.383206525651,48.32276427434304,30.69015910860657,23210.0,29126.0,801.8,200.0,0.6,0.4,0.0,0.0,C
63454,Vertolaye,ED,80.0,114.0,33.0,142.0,20.83657867642182,88.0431146508273,315.4316384783027,147.52524687087,44.0861232979572,24.182155533308,22310.0,29126.0,171.31,50.0,0.4,0.6,0.0,0.0,ED
63455,Veyre-Monton,C,588.0,1063.0,199.0,635.0,2.191215037163323,600.151442099866,2095.225629465624,1002.62292843451,60.84678438989934,44.27882094684284,28890.0,29126.0,545.25,165.0,1.0,0.0,0.0,0.0,C
63456,Vichel,C,58.0,69.0,15.0,63.0,3.705212354109253,67.1961346188785,219.8665152838996,45.9373500972219,57.55884117069864,35.66900888790294,25040.0,29126.0,378.7,20.0,0.4,0.6,0.0,0.0,ED
63457,Vic-le-Comte,C,1086.0,1277.0,166.0,861.0,2.489572934980582,1006.22206969031,3166.07601940135,1163.70191090834,50.83490130799586,31.97484559990985,24600.0,29126.0,888.4,325.0,0.6,0.4,0.0,0.0,C
63458,Villeneuve,C,22.0,35.0,4.0,34.0,34.34443481490664,25.7054794520548,86.6369863013699,26.6575342465753,39.130434782608695,19.130434782608702,26440.0,29126.0,256.09,15.0,0.4,0.6,0.0,0.0,ED
63459,Villeneuve-les-Cerfs,ED,75.0,89.0,18.0,140.0,2.104475771731007,83.6465066544384,325.29872460506994,97.0547687404917,38.2925149961888,22.03944483503528,23200.0,29126.0,607.92,45.0,0.0,1.0,0.0,0.0,ED
63460,Villosanges,C,50.0,94.0,26.0,50.0,21.38229314536729,46.6328255750301,204.2656541795459,114.101520245424,40.89534072224864,18.37748478361733,,29126.0,2542.66,15.0,0.8,0.2,0.0,0.0,C
63461,Vinzelles,ED,54.0,84.0,13.0,89.0,7.442380354706452,68.8105425651546,233.91487246345991,68.2745849713865,37.59573147158631,18.888311881019565,22490.0,29126.0,717.77,20.0,0.2,0.8,0.0,0.0,ED
63462,Virlet,C,54.0,56.0,13.0,48.0,31.37297490853722,37.7749636062353,164.11840482445422,66.1066315693105,47.99208970816698,28.372834217347272,20070.0,29126.0,961.18,15.0,0.6,0.4,0.0,0.0,C
63463,Viscomtat,ED,105.0,109.0,23.0,121.0,21.517457114936047,52.0339764209408,289.1189363875662,161.847087191492,39.86192860280452,23.010095820531465,22190.0,29126.0,305.0,25.0,0.4,0.6,0.0,0.0,ED
63464,Vitrac,ED,78.0,81.0,9.0,86.0,13.679245283018869,54.0,216.0,68.0,47.21189591078067,28.25278810408922,21720.0,29126.0,676.65,15.0,0.4,0.6,0.0,0.0,ED
63465,Viverols,ED,64.0,92.0,23.0,119.0,32.25,55.0,216.0,172.0,38.46153846153847,22.015915119363395,21940.0,29126.0,268.59,25.0,0.2,0.8,0.0,0.0,ED
63466,Vodable,G,38.0,38.0,15.0,35.0,17.22481137457084,24.9387755102041,105.5102040816326,57.5510204081633,45.06172839506167,22.83950617283945,22810.0,29126.0,819.28,15.0,0.2,0.4,0.4,0.0,ED
63467,Voingt,C,8.0,17.0,4.0,13.0,33.33333333333333,5.0,32.0,20.0,37.25490196078432,11.76470588235294,,29126.0,543.17,0.0,0.6,0.4,0.0,0.0,C
63468,Vollore-Montagne,ED,61.0,84.0,20.0,97.0,36.94915254237288,38.0,174.0,100.0,41.28787878787879,18.939393939393938,20830.0,29126.0,237.92,15.0,0.4,0.6,0.0,0.0,ED
63469,Vollore-Ville,C,106.0,173.0,46.0,168.0,28.85866739243394,98.2190673315084,418.4661551929876,197.314777475505,47.97614555195986,25.79495716911177,20380.0,29126.0,944.35,55.0,0.4,0.6,0.0,0.0,ED
63470,Volvic,C,900.0,1050.0,132.0,687.0,2.2633511326471614,864.040932101219,2974.276116499339,940.682951399452,46.02161122727279,28.48807547595734,24990.0,29126.0,239.9,330.0,0.6,0.4,0.0,0.0,C
63471,Youx,ED,152.0,160.0,36.0,171.0,11.314824328468513,117.882335354648,460.36783670233297,292.749827943018,29.50495136389786,12.165984876252606,20470.0,29126.0,421.18,60.0,0.2,0.6,0.2,0.0,ED
63472,Yronde-et-Buron,C,144.0,186.0,27.0,94.0,6.068601583113456,95.0,392.0,156.0,61.08870967741935,40.92741935483871,,29126.0,551.66,30.0,0.6,0.2,0.2,0.0,C
63473,Yssac-la-Tourette,C,85.0,117.0,19.0,56.0,2.678595924421935,68.5956131763163,251.1937044569281,76.2106823667556,57.92361460473421,34.65712447220928,25860.0,29126.0,564.24,20.0,0.6,0.4,0.0,0.0,C
69001,Affoux,ED,31.0,81.0,28.0,110.0,8.604421459987103,91.7244112231084,253.9631222320923,51.3124665447993,58.17091768190309,34.02741423280051,24970.0,152870.0,415.06,10.0,0.4,0.6,0.0,0.0,ED
69002,Aigueperse,C,16.0,58.0,22.0,57.0,21.47718990300012,31.9229270066929,130.7751168758667,76.3019561174404,33.12141461596339,15.614118715495955,22570.0,152870.0,1325.14,10.0,0.2,0.8,0.0,0.0,ED
69003,Albigny-sur-Saône,C,319.0,588.0,110.0,399.0,1.8838665940570567,532.423635600926,1705.390853492568,775.185510906516,59.49833674901608,38.60836255900233,27080.0,152870.0,0.5,160.0,1.0,0.0,0.0,0.0,C
69004,Alix,C,70.0,146.0,35.0,138.0,1.8071235544770696,164.352327012341,439.422753713376,168.224919274283,58.15892143317954,43.27868501343868,26980.0,152870.0,137.95,40.0,1.0,0.0,0.0,0.0,C
69005,Ambérieux,ED,42.0,108.0,32.0,160.0,0.4661250087374635,148.966472155694,399.95007525462256,80.0834525896835,52.46361396063198,31.008368811627857,25550.0,152870.0,451.61,25.0,0.4,0.6,0.0,0.0,ED
69006,Amplepuis,ED,592.0,864.0,201.0,952.0,3.269408799137125,753.221747450468,2777.6909955343804,1327.087257015152,38.0421117640312,21.937375215345515,21120.0,152870.0,2684.86,340.0,0.4,0.6,0.0,0.0,ED
69007,Ampuis,ED,296.0,590.0,149.0,658.0,1.0630520321203996,455.325926643767,1705.8748155996077,598.799257756625,55.12088965973769,35.88961448604478,26440.0,152870.0,551.41,130.0,0.8,0.2,0.0,0.0,C
69008,Ancy,C,82.0,150.0,48.0,137.0,4.926130720389403,145.92913448273,417.819260221754,110.251605295516,56.43207298905448,36.64602045644059,25170.0,152870.0,710.53,25.0,0.8,0.2,0.0,0.0,C
69009,Anse,C,982.0,1552.0,266.0,1104.0,1.4319111630625363,1840.0,5021.0,1278.0,58.22491534485832,40.81268936018535,24690.0,152870.0,262.5,495.0,0.8,0.2,0.0,0.0,C
69010,L'Arbresle,C,1010.0,1131.0,200.0,825.0,1.669150521609538,1192.0,4095.0,1182.0,51.98724760892668,34.2826780021254,23450.0,152870.0,1.2,510.0,1.0,0.0,0.0,0.0,C
69012,Les Ardillats,C,83.0,140.0,30.0,131.0,5.272702358994664,124.211291169476,359.447181871097,132.341526959427,51.81657301371184,28.344814393853003,24030.0,152870.0,1077.4,25.0,1.0,0.0,0.0,0.0,C
69013,Arnas,C,444.0,807.0,174.0,799.0,1.2863661985194297,955.591925866389,2631.609778703088,820.798295430523,53.19628185488321,34.47059469507261,24910.0,152870.0,929.65,300.0,0.8,0.2,0.0,0.0,C
69014,Aveize,C,133.0,241.0,59.0,205.0,5.9447983014862,214.0,651.0,243.0,43.66028708133971,27.033492822966508,22620.0,152870.0,1246.68,45.0,0.4,0.6,0.0,0.0,ED
69015,Avenas,,,,,,,,,,,,,152870.0,,,0.2,0.6,0.2,0.0,ED
69016,Azolette,ED,13.0,33.0,14.0,40.0,31.3953488372093,17.0,67.0,38.0,38.38383838383838,19.19191919191919,23200.0,152870.0,169.82,5.0,0.4,0.6,0.0,0.0,ED
69017,Bagnols,C,103.0,187.0,34.0,165.0,7.177077847259429,151.340166870404,444.50349099672906,162.156342132868,58.32184752872331,39.84963337849501,18130.0,152870.0,316.56,45.0,1.0,0.0,0.0,0.0,C
69018,Beaujeu,ED,164.0,358.0,82.0,375.0,6.475732177057379,341.702023217606,1204.272503528905,557.025473253489,43.38857092126271,22.57932762447443,22100.0,152870.0,337.47,115.0,0.0,1.0,0.0,0.0,ED
69019,Belleville,ED,1468.0,2004.0,420.0,2226.0,1.3077649183963906,2922.886095567882,8457.286205869405,2386.827698562724,44.53355814368796,24.5164144945446,24940.0,152870.0,636.8,,0.4,0.4,0.2,0.0,C
69020,Belmont-d'Azergues,C,115.0,171.0,32.0,130.0,2.413793103448276,159.0,447.0,111.0,61.23260437375746,42.94234592445328,29010.0,152870.0,0.26,35.0,1.0,0.0,0.0,0.0,C
69021,Bessenay,C,389.0,502.0,143.0,372.0,5.480283886441346,422.087033109317,1392.733193749849,536.179773140834,49.39667676751973,30.466286335043325,24500.0,152870.0,897.81,140.0,0.6,0.4,0.0,0.0,C
69022,Bibost,ED,63.0,110.0,42.0,122.0,7.604338901311057,111.378821302628,339.7240716838372,91.8971070135348,47.5239447849936,28.32914939714141,24520.0,152870.0,282.38,30.0,0.6,0.4,0.0,0.0,C
69023,Blacé,C,158.0,375.0,90.0,362.0,5.6111998783635375,327.019419706725,994.8416519225513,370.138928370724,57.98343365178762,37.89708590919822,27320.0,152870.0,667.69,75.0,1.0,0.0,0.0,0.0,C
69024,Val d'Oingt,C,596.0,1027.0,240.0,753.0,4.909134074680485,714.600358497831,2424.853113485639,1003.54652801653,54.571464217217446,35.65899533298767,26650.0,152870.0,493.76,195.0,0.6,0.4,0.0,0.0,C
69026,Le Breuil,C,42.0,112.0,26.0,112.0,4.587155963302752,130.0,332.0,66.0,60.68376068376068,41.02564102564102,20380.0,152870.0,234.51,20.0,1.0,0.0,0.0,0.0,C
69027,Brignais,C,1761.0,2904.0,523.0,1714.0,1.42611803446147,2283.863685624573,7329.670611975584,2716.465702399836,58.39358889414557,41.86976101474167,26720.0,152870.0,242.29,770.0,1.0,0.0,0.0,0.0,C
69028,Brindas,C,731.0,1779.0,389.0,1087.0,1.4608372727794214,1345.86228308202,4237.7651593520095,1134.37255756597,67.2767055663178,50.35894783860297,,152870.0,463.67,295.0,1.0,0.0,0.0,0.0,C
69029,Bron,G,6266.0,5814.0,1083.0,3698.0,1.5631082766651292,8130.333886569916,27058.456200241155,7661.209913188928,54.44642338221095,38.35377812251218,21950.0,152870.0,,,0.6,0.0,0.4,0.0,C
69030,Brullioles,C,100.0,192.0,51.0,172.0,7.296664697963613,161.197351907267,518.873007323492,142.929640769241,54.45497509829829,33.70763914824412,24700.0,152870.0,715.23,30.0,0.8,0.2,0.0,0.0,C
69031,Brussieu,C,139.0,296.0,73.0,279.0,3.596834913379184,344.284635386514,878.9899899046509,154.725374708835,57.02326617173373,34.78963126007868,25730.0,152870.0,255.13,60.0,0.8,0.2,0.0,0.0,C
69032,Bully,C,229.0,499.0,117.0,442.0,3.8092453017191,427.483842488786,1293.98496386103,422.531193650184,60.02811950243506,42.32782925393579,22390.0,152870.0,821.0,110.0,0.6,0.4,0.0,0.0,C
69033,Cailloux-sur-Fontaines,C,229.0,897.0,173.0,483.0,0.8793827129377725,653.889865841425,1885.642853181557,411.467280977008,67.02493024518785,51.89088114835484,34010.0,152870.0,516.75,110.0,1.0,0.0,0.0,0.0,C
69034,Caluire-et-Cuire,C,6049.0,10470.0,2027.0,4774.0,2.0233255945910846,7200.304150481834,26350.840731193763,9927.855118324404,68.37539396829158,53.327139129287545,27370.0,152870.0,120.14,,0.8,0.0,0.2,0.0,C
69035,Cenves,C,64.0,106.0,26.0,73.0,20.131595943761628,72.8824598783631,251.97479908462591,68.142741037011,58.7523086963566,40.52928964482823,24870.0,152870.0,696.02,25.0,0.8,0.2,0.0,0.0,C
69036,Cercié,ED,108.0,226.0,40.0,266.0,1.8259797200057672,241.743266040888,714.879294044089,178.377439915023,41.10302747682042,25.819105360657662,24520.0,152870.0,740.21,55.0,0.4,0.6,0.0,0.0,ED
69037,Chambost-Allières,ED,105.0,138.0,49.0,190.0,9.608898291279704,165.360044160758,517.620461694503,136.019494144738,41.77827914344851,24.278299913656166,23330.0,152870.0,714.86,45.0,0.2,0.8,0.0,0.0,ED
69038,Chambost-Longessaigne,C,162.0,194.0,43.0,165.0,11.49980550172318,183.832452827761,569.5008295792,169.666717593039,56.70001705949616,35.06965204827803,21860.0,152870.0,1089.57,55.0,0.8,0.2,0.0,0.0,C
69039,Chamelet,C,112.0,145.0,37.0,132.0,8.560175648101735,152.925918795188,433.040854003558,117.033227201254,60.91151820650463,38.54570251891467,24090.0,152870.0,126.74,40.0,0.8,0.2,0.0,0.0,C
69040,Champagne-au-Mont-d'Or,C,699.0,1361.0,278.0,881.0,1.819701318809624,1123.2848988008411,3702.06030188269,1298.654799316469,66.67936304625887,51.200770883627776,27100.0,152870.0,0.1,420.0,0.8,0.2,0.0,0.0,C
69042,La Chapelle-sur-Coise,C,77.0,134.0,36.0,124.0,2.335206163782685,107.172714170921,390.2998023009456,68.5274835281324,57.37201335553491,34.34008690512791,25080.0,152870.0,568.8,30.0,0.6,0.4,0.0,0.0,C
69043,Chaponost,C,1073.0,2645.0,514.0,1349.0,1.5463370230320208,1856.279669010397,5357.809861079302,2002.910469910301,68.56856303491384,52.68238966129056,31090.0,152870.0,533.45,465.0,1.0,0.0,0.0,0.0,C
69044,Charbonnières-les-Bains,C,407.0,1871.0,488.0,872.0,1.8004452095481838,840.110551207768,3083.997026625252,1347.89242216698,75.09822570382433,61.35236119884817,36390.0,152870.0,5.0,300.0,1.0,0.0,0.0,0.0,C
69045,Charentay,ED,141.0,247.0,62.0,277.0,4.226566227370891,230.578475689519,805.4534364745768,232.968087835904,54.58731677638323,33.877802245577335,26070.0,152870.0,1640.88,55.0,0.4,0.6,0.0,0.0,ED
69046,Charly,C,535.0,1563.0,316.0,816.0,1.061561665756417,817.914074588733,2747.126944066817,1104.95898134446,66.48690178288486,51.85535589812825,22730.0,152870.0,102.84,200.0,1.0,0.0,0.0,0.0,C
69047,Charnay,C,115.0,269.0,41.0,161.0,8.867265983401577,187.71295752171,544.754510997794,298.532531480496,67.31369415362332,52.65513842867704,24390.0,152870.0,226.39,40.0,1.0,0.0,0.0,0.0,C
69048,Chassagny,,,,,,,,,,,,,152870.0,,,0.2,0.6,0.2,0.0,ED
69049,Chasselay,C,290.0,839.0,176.0,527.0,1.7785312143741676,506.811872815401,1636.4777938164102,757.710333368189,67.47010011102708,52.41475069337529,24500.0,152870.0,511.83,130.0,1.0,0.0,0.0,0.0,C
69050,Châtillon,C,333.0,575.0,98.0,376.0,3.233848199305531,435.513604645858,1326.8222535720652,421.664141782077,64.75367794434538,49.05870061247086,21510.0,152870.0,475.07,100.0,1.0,0.0,0.0,0.0,C
69051,Chaussan,C,171.0,290.0,73.0,200.0,3.59999700615969,285.672619629661,771.501191057655,157.826189312684,61.64533471073854,41.760711878380896,27050.0,152870.0,570.66,45.0,1.0,0.0,0.0,0.0,C
69052,Chazay-d'Azergues,C,485.0,1314.0,227.0,745.0,1.885805886821,831.416437032189,2538.3465071443547,900.237055823456,65.32208198738168,47.64662428636603,31020.0,152870.0,138.25,200.0,1.0,0.0,0.0,0.0,C
69053,Chénas,C,65.0,141.0,25.0,119.0,12.982228528863308,96.7138358153105,332.7087559342165,104.577408250474,43.5453632178661,27.60078843875683,25220.0,152870.0,291.01,30.0,0.8,0.2,0.0,0.0,C
69054,Chénelette,ED,36.0,72.0,31.0,98.0,26.007155570686923,59.6133200622733,225.98466193927487,79.4020179984518,44.53672313268303,24.961039096523425,24480.0,152870.0,469.22,15.0,0.6,0.4,0.0,0.0,C
69055,Les Chères,C,152.0,370.0,61.0,315.0,2.035561315839048,327.566305383127,913.707758658106,262.725935958767,60.92782861190674,42.92983955716454,27560.0,152870.0,527.11,85.0,0.8,0.2,0.0,0.0,C
69056,Chessy-les-Mines,C,257.0,471.0,89.0,382.0,1.7421602787456445,470.0,1277.0,311.0,62.01550387596899,43.76321353065539,,152870.0,170.02,85.0,0.8,0.2,0.0,0.0,C
69057,Chevinay,C,95.0,144.0,21.0,101.0,7.609103895445332,129.286184948024,355.434180571838,101.279634480139,59.01490433794309,40.35475977208022,26530.0,152870.0,328.2,25.0,1.0,0.0,0.0,0.0,C
69058,Chiroubles,C,61.0,120.0,21.0,72.0,11.076045994666169,76.4747633699591,255.96470435845487,83.560532271586,55.87261543441959,33.76449524964184,23730.0,152870.0,358.51,20.0,0.4,0.6,0.0,0.0,ED
69059,Civrieux-d'Azergues,C,178.0,419.0,88.0,291.0,2.22360184695232,337.591586615509,1030.487221525155,264.921191859336,65.59619253932682,48.36768409953969,28930.0,152870.0,50.73,110.0,1.0,0.0,0.0,0.0,C
69060,Claveisolles,ED,57.0,130.0,46.0,139.0,19.21877364837472,96.4110039175172,340.4874250959558,120.101570986526,39.76599460091881,20.84577621547944,21860.0,152870.0,1204.05,25.0,0.2,0.8,0.0,0.0,ED
69061,Cogny,C,156.0,285.0,83.0,243.0,6.412885452443651,236.748353299383,714.52208060883,246.729566091787,56.563124973451096,40.42166190962607,,152870.0,431.82,55.0,0.8,0.2,0.0,0.0,C
69062,Coise,C,106.0,196.0,69.0,165.0,3.627186646651321,169.516878455391,498.0594436367249,126.423677907883,48.51757024804541,30.4764155933934,22830.0,152870.0,651.16,40.0,0.8,0.2,0.0,0.0,C
69063,Collonges-au-Mont-d'Or,C,423.0,1354.0,292.0,694.0,1.4327144776686962,960.036674095528,2762.9517215398173,881.011604364655,73.27881147819075,57.38473943370731,35240.0,152870.0,2.66,280.0,1.0,0.0,0.0,0.0,C
69064,Condrieu,C,578.0,811.0,154.0,573.0,1.9493484233928349,624.87440262361,2240.89669543331,1079.22890194308,45.33055217946283,29.30089547427691,,152870.0,440.53,255.0,0.4,0.6,0.0,0.0,ED
69065,Corcelles-en-Beaujolais,ED,98.0,184.0,32.0,228.0,1.4979453335028898,212.138916162232,600.469842296313,180.391241541455,48.49061369653492,29.451514987034045,25170.0,152870.0,608.23,45.0,0.8,0.2,0.0,0.0,C
69066,Cours,ED,421.0,688.0,245.0,963.0,6.041091017833359,660.124844038249,2318.4761920673814,1350.39896389437,34.83344665619501,18.02561622790399,23100.0,152870.0,1248.95,300.0,0.2,0.8,0.0,0.0,ED
69067,Courzieu,C,139.0,249.0,77.0,222.0,6.994295039096659,244.35121818905,702.705421670134,230.943360140816,50.62696604124284,30.81302291773152,22530.0,152870.0,1033.3,60.0,0.8,0.2,0.0,0.0,C
69068,Couzon-au-Mont-d'Or,C,405.0,617.0,116.0,322.0,1.8871442630488549,445.14592897033,1544.4870765968512,551.366994432819,64.72322080143232,49.00704965405925,28290.0,152870.0,,160.0,1.0,0.0,0.0,0.0,C
69069,Craponne,C,1368.0,2988.0,596.0,1780.0,0.8515447731256355,2097.566196259676,7234.817232411824,2837.616571328501,59.28788930055538,42.84458386903579,27380.0,152870.0,0.55,745.0,1.0,0.0,0.0,0.0,C
69070,Cublize,ED,144.0,211.0,88.0,282.0,8.522727272727272,257.0,810.0,290.0,47.774480712166174,26.70623145400593,22890.0,152870.0,570.59,75.0,0.0,1.0,0.0,0.0,ED
69071,Curis-au-Mont-d'Or,C,179.0,347.0,70.0,155.0,1.4141003992887051,256.494231662772,763.218058564867,166.287709772361,76.29613855654316,61.66088745821325,33160.0,152870.0,9.03,75.0,1.0,0.0,0.0,0.0,C
69072,Dardilly,C,889.0,2569.0,546.0,1411.0,5.143972952965934,1806.109173142622,5491.86244040426,1682.028386453098,68.39956055780824,54.08926934981535,32510.0,152870.0,284.89,480.0,1.0,0.0,0.0,0.0,C
69073,Dareizé,,,,,,,,,,,,,152870.0,,,0.2,0.6,0.2,0.0,ED
69074,Denicé,C,160.0,426.0,73.0,315.0,3.976796987929265,324.259922827777,973.9615711884668,275.778505983756,55.11323075335817,38.60364622558629,28360.0,152870.0,401.21,70.0,1.0,0.0,0.0,0.0,C
69075,Dième,ED,18.0,33.0,7.0,50.0,12.06753643641724,56.1407035175879,115.2361809045226,24.6231155778895,58.64661654135326,35.33834586466157,23960.0,152870.0,327.19,10.0,0.6,0.4,0.0,0.0,C
69076,Dommartin,C,238.0,887.0,208.0,614.0,1.369668706373093,421.224136702903,1578.3654248680064,607.410438429091,70.6713228008403,57.41065786164904,29800.0,152870.0,181.22,120.0,1.0,0.0,0.0,0.0,C
69077,Dracé,ED,106.0,175.0,55.0,321.0,1.5350877192982455,273.0,729.0,176.0,47.84747847478475,27.67527675276753,24320.0,152870.0,1625.42,50.0,0.4,0.6,0.0,0.0,ED
69078,Duerne,C,94.0,190.0,41.0,173.0,3.475935828877005,193.0,521.0,128.0,50.34246575342466,30.65068493150685,24160.0,152870.0,780.39,40.0,1.0,0.0,0.0,0.0,C
69080,Echalas,ED,190.0,381.0,76.0,445.0,1.032258064516129,424.0,1163.0,353.0,54.927536231884055,37.10144927536232,,152870.0,1028.77,90.0,0.8,0.2,0.0,0.0,C
69081,Ecully,C,1589.0,4320.0,1118.0,2448.0,3.119200029417043,3006.2756473126938,10753.483653126506,4259.240699560789,68.8502102888822,54.42662440578049,,152870.0,,,1.0,0.0,0.0,0.0,C
69082,Emeringes,C,20.0,65.0,31.0,50.0,10.752841122986204,57.7198989891914,174.2302811609465,46.0498198498621,51.68424610617417,30.59454872525714,,152870.0,143.22,10.0,0.8,0.2,0.0,0.0,C
69083,Eveux,C,163.0,349.0,55.0,187.0,3.4548161396325328,193.889347655087,741.402634589005,233.708017755908,59.07666096936865,43.04721493862933,,152870.0,98.71,60.0,1.0,0.0,0.0,0.0,C
69084,Fleurie,C,96.0,319.0,59.0,300.0,8.900345263761675,254.648628638282,816.687943998344,279.663427363374,54.60274267387618,32.19618491386156,24350.0,152870.0,768.36,70.0,0.8,0.2,0.0,0.0,C
69085,Fleurieu-sur-Saône,C,164.0,411.0,88.0,214.0,0.9990722071598191,301.652313073442,965.612354845718,281.73533208084,72.2013182955607,56.37864074981018,31110.0,152870.0,52.6,85.0,1.0,0.0,0.0,0.0,C
69086,Fleurieux-sur-l'Arbresle,C,297.0,744.0,114.0,429.0,2.032726165164569,431.767234778031,1406.861785600072,460.370979621897,59.50896389064923,43.718503348830055,29780.0,152870.0,723.04,110.0,0.8,0.2,0.0,0.0,C
69087,Fontaines-Saint-Martin,C,393.0,954.0,170.0,405.0,1.0890882769494707,663.080820425167,1804.674968963342,602.244210611491,72.71498050687455,58.28400482985426,34190.0,152870.0,,190.0,1.0,0.0,0.0,0.0,C
69088,Fontaines-sur-Saône,C,918.0,1547.0,297.0,996.0,0.8222158522320494,1322.7635525269488,4186.641767060234,1495.594680412827,58.0460490912738,41.661318338565295,25230.0,152870.0,,510.0,0.8,0.2,0.0,0.0,C
69089,Francheville,C,1820.0,3745.0,704.0,1837.0,1.1192284424513266,3271.411907604177,9549.733005273942,2842.855087121881,66.02354104349669,50.39055519400984,26600.0,152870.0,,875.0,1.0,0.0,0.0,0.0,C
69090,Frontenas,C,106.0,213.0,52.0,169.0,4.27807486631016,224.0,502.0,179.0,60.41666666666666,40.06410256410257,27540.0,152870.0,151.65,35.0,1.0,0.0,0.0,0.0,C
69091,Givors,G,3633.0,1492.0,265.0,1881.0,0.9528847198806508,4632.027440749376,12627.29452036566,3683.678038884961,35.40779567202079,18.39740674494931,18160.0,152870.0,391.75,,0.0,0.4,0.6,0.0,G
69092,Gleizé,C,990.0,1424.0,366.0,1276.0,0.908124668601646,1551.956313096852,4460.714421896677,1811.329265006472,51.702148667066425,34.395260853350344,23660.0,152870.0,399.3,575.0,1.0,0.0,0.0,0.0,C
69093,Grandris,C,145.0,214.0,58.0,197.0,8.523817986219218,191.488558948902,663.644272023316,356.867169027782,46.61449666605432,23.72009948915351,,152870.0,658.19,65.0,0.2,0.8,0.0,0.0,ED
69094,Grézieu-la-Varenne,C,660.0,1491.0,289.0,1075.0,1.5229817024685233,1217.29868713586,3776.14233205912,1290.55898080502,63.66750407107485,45.54860265384993,27230.0,152870.0,68.72,395.0,0.8,0.2,0.0,0.0,C
69095,Grézieu-le-Marché,C,96.0,207.0,62.0,170.0,4.766231405054644,157.16529620523,540.059581692239,133.77512210253,50.83945850375788,27.74991953848741,22700.0,152870.0,888.18,30.0,1.0,0.0,0.0,0.0,C
69096,Grigny,G,1626.0,1157.0,233.0,1196.0,0.7622298944316759,2117.139116464051,6314.038237210749,1509.8226463252,51.99490356128277,30.19067882155842,21620.0,152870.0,4.76,855.0,0.4,0.4,0.2,0.0,C
69097,Les Haies,ED,112.0,167.0,23.0,211.0,3.744304998729574,113.809113844543,484.43479931160994,140.756086843847,54.4840128907626,32.76622417167258,25590.0,152870.0,792.19,40.0,0.8,0.2,0.0,0.0,C
69098,Les Halles,ED,56.0,67.0,17.0,143.0,3.603603603603604,96.0,315.0,70.0,43.465909090909086,23.863636363636363,22970.0,152870.0,131.37,25.0,0.0,1.0,0.0,0.0,ED
69099,Haute-Rivoire,ED,160.0,237.0,76.0,309.0,7.072135785007072,269.0,860.0,296.0,42.42990654205608,24.39252336448598,22560.0,152870.0,1675.78,70.0,0.4,0.6,0.0,0.0,ED
69100,Irigny,C,1331.0,1930.0,350.0,1467.0,1.2146666222556446,1792.905085464598,5379.695978271262,1736.398936264141,53.94637513625116,36.29410298297862,25740.0,152870.0,111.57,560.0,1.0,0.0,0.0,0.0,C
69101,Jarnioux,,,,,,,,,,,,,152870.0,,,0.2,0.6,0.2,0.0,ED
69102,Joux,ED,113.0,144.0,31.0,171.0,3.363618735460641,159.268055339196,497.66098143731966,96.0709632234854,47.4157674919336,23.992582122625013,23230.0,152870.0,439.43,40.0,0.0,1.0,0.0,0.0,ED
69103,Juliénas,C,96.0,258.0,45.0,166.0,8.433734939759036,139.0,550.0,194.0,51.78826895565093,29.184549356223176,23260.0,152870.0,405.32,55.0,0.6,0.4,0.0,0.0,C
69104,Jullié,C,45.0,94.0,28.0,94.0,11.428571428571429,109.0,292.0,95.0,53.02197802197802,33.7912087912088,22170.0,152870.0,345.51,30.0,0.8,0.2,0.0,0.0,C
69105,Lacenas,C,117.0,312.0,63.0,191.0,3.508025020678591,195.578875188165,652.523711386167,180.897413425668,55.844341899246686,40.76866932372504,27670.0,152870.0,49.12,60.0,1.0,0.0,0.0,0.0,C
69106,Lachassagne,C,133.0,341.0,73.0,276.0,2.118901820867422,304.308747586585,775.279939373795,254.41131303962,66.6411966077362,50.51449813428014,32050.0,152870.0,132.27,60.0,1.0,0.0,0.0,0.0,C
69107,Lamure-sur-Azergues,ED,119.0,187.0,59.0,241.0,10.2895505768852,186.404747585001,638.43191064262,226.163341772379,48.0309174660494,26.638231240526977,23260.0,152870.0,554.6,55.0,0.0,1.0,0.0,0.0,ED
69108,Lancié,C,118.0,234.0,50.0,215.0,4.965667050355268,237.949476702501,665.959369925384,178.091153372115,54.26861806542424,34.9541845474962,24230.0,152870.0,221.85,55.0,0.8,0.2,0.0,0.0,C
69109,Lantignié,C,90.0,223.0,46.0,188.0,6.340295320834461,180.556217066142,515.1631673885029,155.280615545354,51.476514679767874,31.676693392062777,24990.0,152870.0,422.43,45.0,0.6,0.4,0.0,0.0,C
69110,Larajasse,C,198.0,404.0,181.0,353.0,6.122448979591836,323.0,1149.0,348.0,46.32892804698973,27.6798825256975,22970.0,152870.0,2374.55,90.0,0.4,0.6,0.0,0.0,ED
69111,Légny,C,100.0,149.0,25.0,143.0,4.123574173835504,157.922904551288,448.8568822553655,92.2202131933454,61.44447007466961,43.03049208274442,26900.0,152870.0,96.75,30.0,1.0,0.0,0.0,0.0,C
69112,Lentilly,C,819.0,1865.0,355.0,1123.0,1.0277110318383935,1231.2994377104,4175.753549706679,1133.94701258292,63.59291640985114,46.664936914042585,29630.0,152870.0,373.57,365.0,1.0,0.0,0.0,0.0,C
69113,Létra,C,116.0,216.0,35.0,136.0,5.3730317279408855,197.272678184735,555.578098344225,154.14922347104,45.62596508921689,29.30476720442901,24730.0,152870.0,330.92,40.0,0.6,0.4,0.0,0.0,C
69115,Limas,C,624.0,1003.0,214.0,846.0,1.03480714957667,969.0,2772.0,1008.0,53.02985515814365,36.476500147797815,24720.0,152870.0,72.2,310.0,1.0,0.0,0.0,0.0,C
69116,Limonest,C,264.0,1027.0,244.0,737.0,2.481121898597627,792.0,2422.0,719.0,71.70713760117734,56.10743193524651,34510.0,152870.0,121.6,200.0,1.0,0.0,0.0,0.0,C
69117,Lissieu,C,302.0,964.0,232.0,588.0,8.130183391999775,649.560586522668,1947.243622142493,596.195791334839,69.08655696695081,53.579425829147134,33180.0,152870.0,94.7,175.0,1.0,0.0,0.0,0.0,C
69118,Loire-sur-Rhône,ED,307.0,461.0,131.0,647.0,0.9925558312655088,554.0,1667.0,515.0,47.68611670020121,27.96780684104628,24520.0,152870.0,523.17,140.0,0.4,0.6,0.0,0.0,ED
69119,Longes,ED,124.0,156.0,64.0,220.0,4.467827015764362,183.111627495477,617.932592453647,149.955780050876,47.924916104898806,28.56724192851076,23880.0,152870.0,1607.23,40.0,0.4,0.6,0.0,0.0,ED
69120,Longessaigne,C,81.0,133.0,42.0,92.0,10.85702700298407,131.047411491217,346.36696186457704,114.585626644206,53.725912142839775,30.45562720637271,23030.0,152870.0,1052.2,25.0,0.8,0.2,0.0,0.0,C
69121,Lozanne,C,363.0,658.0,154.0,587.0,0.8742434431741762,623.0,1954.0,605.0,61.166739225076185,44.31867653461036,26930.0,152870.0,274.84,145.0,1.0,0.0,0.0,0.0,C
69122,Lucenay,C,195.0,551.0,136.0,450.0,2.479538577642697,411.66599082555,1284.6993364528748,371.634672721575,64.1712463549375,43.64536711763273,28690.0,152870.0,324.8,95.0,1.0,0.0,0.0,0.0,C
69123,Lyon,C,84246.0,96721.0,15951.0,39310.0,5.8217871266161225,,,,,,,152870.0,15.03,,0.8,0.2,0.0,0.0,C
69124,Marchampt,C,56.0,119.0,35.0,87.0,14.794597602041634,67.2467731636199,271.3388789912841,113.414347845095,56.61118469711778,35.94111733172373,21820.0,152870.0,359.27,35.0,0.8,0.2,0.0,0.0,C
69125,Marcilly-d'Azergues,C,115.0,302.0,52.0,190.0,1.7628158359203707,206.980592920225,588.225992644738,208.793414435037,65.90360800517499,48.52615748373383,30530.0,152870.0,119.46,35.0,1.0,0.0,0.0,0.0,C
69126,Marcy,C,74.0,261.0,65.0,151.0,3.636363636363636,184.0,511.0,184.0,68.17472698907956,51.79407176287052,30430.0,152870.0,97.07,45.0,1.0,0.0,0.0,0.0,C
69127,Marcy-l'Etoile,C,436.0,887.0,180.0,465.0,9.014245530445764,697.508698093339,2354.410253009044,659.081048897617,65.59845833461686,50.35246438855565,,152870.0,99.9,185.0,1.0,0.0,0.0,0.0,C
69130,Meaux-la-Montagne,C,29.0,58.0,14.0,58.0,19.310344827586206,35.0,123.0,68.0,41.24293785310734,23.16384180790961,24390.0,152870.0,325.78,10.0,0.6,0.4,0.0,0.0,C
69131,Messimy,C,383.0,892.0,200.0,764.0,2.037986270524588,698.248610919309,2288.5752576018217,578.176131478859,56.31018428656932,37.17571525047502,27280.0,152870.0,557.12,175.0,0.8,0.2,0.0,0.0,C
69132,Meys,ED,93.0,136.0,61.0,205.0,5.575846936492416,172.39533766531,525.457668501984,157.146993832706,46.933950390557605,26.233635071262807,22000.0,152870.0,1196.82,30.0,0.8,0.2,0.0,0.0,C
69133,Millery,C,493.0,1316.0,236.0,693.0,0.6643043557859395,823.16872547405,2612.16913285706,887.6621416689,63.84816481898736,47.62787844951901,24620.0,152870.0,221.65,230.0,1.0,0.0,0.0,0.0,C
69134,Moiré,C,32.0,59.0,18.0,50.0,10.597245212856311,51.3832599118944,140.2334801762122,51.3832599118944,57.228915662650536,40.36144578313248,30920.0,152870.0,72.12,5.0,1.0,0.0,0.0,0.0,C
69135,Monsols,C,204.0,390.0,85.0,368.0,19.49022002117493,363.655187646479,1151.3516763338928,407.993136019628,42.666063764028586,23.20127850875741,,152870.0,3859.2,125.0,0.8,0.2,0.0,0.0,C
69136,Montagny,C,329.0,720.0,136.0,633.0,1.0778582422652865,676.66023203682,1891.337003524644,644.002764438536,55.63013212786046,37.84630872449297,22250.0,152870.0,231.41,145.0,0.8,0.2,0.0,0.0,C
69137,Montmelas-Saint-Sorlin,C,89.0,96.0,34.0,68.0,7.01349527602496,108.887714994204,303.63193078546004,117.480354220336,65.4892135476325,40.49541122850082,27240.0,152870.0,49.87,25.0,1.0,0.0,0.0,0.0,C
69138,Montromant,C,75.0,118.0,25.0,67.0,13.91304347826087,92.0,269.0,86.0,58.95061728395061,33.641975308641975,22850.0,152870.0,477.22,20.0,0.6,0.4,0.0,0.0,C
69139,Montrottier,C,196.0,307.0,75.0,286.0,5.128205128205128,269.0,826.0,298.0,47.87234042553192,28.433268858800776,23730.0,152870.0,1206.79,85.0,0.6,0.4,0.0,0.0,C
69140,Morancé,C,250.0,683.0,132.0,443.0,1.6243654822335023,453.0,1375.0,439.0,69.39151813153043,51.444376152427786,29600.0,152870.0,304.77,85.0,1.0,0.0,0.0,0.0,C
69141,Mornant,C,881.0,1558.0,329.0,1087.0,1.2977371758228748,1073.7647403449,3729.6743494358498,1457.56091021926,56.32004017699133,39.49773806181389,27260.0,152870.0,838.58,305.0,0.8,0.2,0.0,0.0,C
69142,La Mulatière,C,855.0,1064.0,241.0,720.0,1.7789703696516712,1173.118350471102,3968.051060088033,1412.830589440845,57.11115157835673,38.12088471951379,22750.0,152870.0,0.0,595.0,1.0,0.0,0.0,0.0,C
69143,Neuville-sur-Saône,C,1143.0,1439.0,251.0,961.0,1.1461988304093569,1307.0,4599.0,1901.0,53.81750465549349,36.78686304384628,23150.0,152870.0,70.26,550.0,1.0,0.0,0.0,0.0,C
69145,Odenas,C,88.0,208.0,54.0,155.0,5.181351368906935,234.956557989934,544.442988854453,163.600453155612,49.386779499667725,30.7727607699576,23900.0,152870.0,654.75,50.0,0.8,0.2,0.0,0.0,C
69147,Les Olmes,,,,,,,,,,,,,152870.0,,,0.2,0.6,0.2,0.0,ED
69148,Orliénas,C,299.0,715.0,141.0,491.0,1.9394500845250315,534.933289822363,1644.6269156166052,453.439794561032,67.59647862002744,52.07157575008782,30280.0,152870.0,347.58,130.0,1.0,0.0,0.0,0.0,C
69149,Oullins,C,4378.0,4822.0,861.0,2849.0,1.6360454543314795,7101.140872185077,24455.2638425463,6371.595285268624,57.255777026512575,39.97050501902015,24040.0,152870.0,,,0.6,0.0,0.4,0.0,C
69150,Ouroux,,,,,,,,,,,,,152870.0,,,0.2,0.6,0.2,0.0,ED
69151,Le Perréon,ED,155.0,284.0,85.0,377.0,4.790760543933785,296.743519247957,941.395649119982,257.860831632061,45.82552329149209,28.36454767569091,24720.0,152870.0,293.29,80.0,0.4,0.6,0.0,0.0,ED
69152,Pierre-Bénite,G,1895.0,1148.0,263.0,1110.0,,,,,,,21270.0,152870.0,,,0.0,0.6,0.4,0.0,ED
69153,Poleymieux-au-Mont-d'Or,C,123.0,337.0,68.0,194.0,3.077209395139064,214.152401897124,997.19761429851,182.649983804366,77.52037488284056,55.72735833201411,35970.0,152870.0,378.01,45.0,1.0,0.0,0.0,0.0,C
69154,Pollionnay,C,292.0,626.0,128.0,455.0,2.0549038682498426,632.781758149223,1747.4147743606538,585.803467490123,63.20053158979647,45.13258662846895,28690.0,152870.0,484.7,155.0,1.0,0.0,0.0,0.0,C
69155,Pomeys,C,142.0,298.0,99.0,213.0,3.278688524590164,234.0,686.0,213.0,53.27669902912622,33.25242718446602,25480.0,152870.0,868.27,40.0,0.8,0.2,0.0,0.0,C
69156,Pommiers,C,257.0,861.0,141.0,411.0,3.537532355478861,524.0,1589.0,516.0,70.96774193548387,53.99259650978318,24070.0,152870.0,348.19,125.0,1.0,0.0,0.0,0.0,C
69157,Pontcharra-sur-Turdine,C,536.0,1253.0,279.0,1056.0,2.1756978653530377,1048.0,3136.0,1099.0,49.93574916473914,31.739912618864047,,152870.0,1457.52,270.0,0.6,0.4,0.0,0.0,C
69159,Porte des Pierres Dorées,C,442.0,963.0,214.0,873.0,,872.873428043767,2495.887635386231,710.238936570002,61.24337804786162,43.22799711371915,27510.0,152870.0,618.56,,0.8,0.2,0.0,0.0,C
69160,Poule-les-Echarmeaux,ED,119.0,235.0,50.0,252.0,19.44681832236155,167.728155698279,605.641465737598,253.630378564123,42.13189141292978,23.66785981220476,,152870.0,402.19,60.0,0.6,0.4,0.0,0.0,C
69161,Propières,ED,56.0,90.0,19.0,129.0,23.072564061649864,71.7564391317739,254.6375744692281,150.605986398998,34.70087959660156,14.11235521871228,20760.0,152870.0,725.06,20.0,0.2,0.8,0.0,0.0,ED
69162,Quincié-en-Beaujolais,C,119.0,359.0,75.0,257.0,10.063965492548448,280.725858292409,824.1259262580661,277.148215449525,54.52508618082046,33.931289192885,23660.0,152870.0,762.52,60.0,0.8,0.2,0.0,0.0,C
69163,Quincieux,ED,440.0,734.0,148.0,771.0,1.3799875974283484,745.76060526902,2252.684926339731,621.554468391249,57.89957199220488,39.05086681370724,26670.0,152870.0,1101.29,180.0,0.6,0.4,0.0,0.0,C
69164,Ranchal,ED,49.0,69.0,13.0,72.0,38.14590182441769,48.0584136466491,192.45740078200788,70.484185571343,45.14916224482288,27.794736933811127,21590.0,152870.0,231.91,20.0,0.2,0.8,0.0,0.0,ED
69165,Régnié-Durette,C,148.0,235.0,57.0,222.0,5.2727272727272725,241.0,699.0,219.0,51.92307692307693,32.8125,24530.0,152870.0,712.72,55.0,1.0,0.0,0.0,0.0,C
69166,Riverie,C,46.0,71.0,6.0,35.0,14.083999850517715,80.6520882466033,190.7091365142705,35.6387752391262,69.22739704267758,45.47220698348705,25620.0,152870.0,34.79,10.0,1.0,0.0,0.0,0.0,C
69167,Rivolet,C,92.0,157.0,26.0,114.0,1.5384615384615383,123.0,369.0,96.0,56.730769230769226,34.375,25220.0,152870.0,423.67,35.0,0.6,0.4,0.0,0.0,C
69168,Rochetaillée-sur-Saône,C,180.0,367.0,59.0,200.0,1.0885141355024262,337.652138182489,983.235233099214,225.112628718297,64.70578892836608,48.94304186357783,29240.0,152870.0,8.61,95.0,1.0,0.0,0.0,0.0,C
69169,Ronno,ED,55.0,164.0,43.0,181.0,17.449890147949557,125.075468529274,377.8555968627901,147.068934607936,45.51211845327937,25.89747095162071,23420.0,152870.0,1203.13,30.0,0.4,0.6,0.0,0.0,ED
69170,Rontalon,C,145.0,252.0,78.0,227.0,4.041973101529134,241.592179374487,747.349957587023,178.05786303849,59.29865693139538,39.402346218610575,25080.0,152870.0,643.11,70.0,0.8,0.2,0.0,0.0,C
69171,Sain-Bel,C,368.0,455.0,88.0,393.0,1.2903225806451613,439.0,1679.0,450.0,51.84404636459431,33.98314014752371,24670.0,152870.0,224.84,180.0,0.4,0.6,0.0,0.0,ED
69172,Salles-Arbuissonnas-en-Beaujolais,C,65.0,207.0,49.0,172.0,5.428304235478354,138.131689130193,513.786835433881,137.081475435926,62.251165088189744,42.82429100799176,26240.0,152870.0,238.7,50.0,1.0,0.0,0.0,0.0,C
69173,Sarcey,C,100.0,260.0,61.0,186.0,4.068866891490698,176.501851742535,613.32445603492,189.173692222546,50.402137427192194,31.202397901057388,,152870.0,786.61,50.0,1.0,0.0,0.0,0.0,C
69174,Les Sauvages,C,51.0,174.0,32.0,118.0,6.594262548186679,121.263806276607,382.036144461121,117.700049262272,46.11924204200104,27.764141336291743,23270.0,152870.0,969.22,30.0,0.8,0.2,0.0,0.0,C
69175,Savigny,C,267.0,500.0,132.0,398.0,3.452191018852159,318.626475514277,1245.6035744091591,405.769950076564,49.27717509248713,29.64758191661709,22060.0,152870.0,1389.31,90.0,0.4,0.6,0.0,0.0,ED
69176,Soucieu-en-Jarrest,C,564.0,1110.0,212.0,795.0,0.781379555327591,1025.17431126543,2887.8960435395547,738.929645195025,65.22985649644838,46.72614276594609,27650.0,152870.0,593.35,210.0,1.0,0.0,0.0,0.0,C
69177,Sourcieux-les-Mines,C,305.0,529.0,107.0,359.0,3.038388930776694,409.297949784741,1324.8950362661622,363.807013949097,65.35236843853141,47.04716564840159,28150.0,152870.0,530.21,100.0,1.0,0.0,0.0,0.0,C
69178,Souzy,ED,77.0,120.0,42.0,183.0,5.013192612137203,166.0,459.0,142.0,40.83484573502722,22.867513611615244,22510.0,152870.0,242.49,40.0,0.0,1.0,0.0,0.0,ED
69179,Saint-Andéol-le-Château,C,483.0,1080.0,185.0,764.0,0.8528465652273968,902.034441686679,2578.3760099480896,717.589548365231,62.551990026982764,42.987957236690086,,152870.0,1661.45,210.0,0.6,0.4,0.0,0.0,C
69180,Saint-André-la-Côte,C,36.0,69.0,16.0,58.0,9.650583033387662,49.7635131924948,180.4089760547333,43.8275107527719,59.85877262182678,42.07620755450407,,152870.0,281.28,15.0,1.0,0.0,0.0,0.0,C
69181,Saint-Appolinaire,ED,30.0,36.0,8.0,44.0,21.30880863841937,50.7731411691535,154.3485927032947,29.8782661275518,51.864375518665206,31.24138555567448,23190.0,152870.0,85.21,10.0,0.8,0.2,0.0,0.0,C
69182,Saint-Bonnet-des-Bruyères,ED,48.0,76.0,20.0,104.0,21.897810218978105,52.0,210.0,110.0,38.43648208469055,18.24104234527688,20380.0,152870.0,891.45,10.0,0.2,0.8,0.0,0.0,ED
69183,Saint-Bonnet-le-Troncy,ED,36.0,66.0,18.0,69.0,27.58210895328596,53.5690281525395,163.21237202885018,94.2185998186093,39.2238347921034,24.423421157081112,20390.0,152870.0,574.76,15.0,0.0,1.0,0.0,0.0,ED
69184,Sainte-Catherine,C,134.0,214.0,61.0,193.0,3.907846357313769,191.248920939296,628.2780650334989,161.473014027205,53.4461383100886,36.652485153804,26350.0,152870.0,694.31,50.0,0.8,0.2,0.0,0.0,C
69185,Saint-Christophe-la-Montagne,,,,,,,,,,,,,152870.0,,,0.2,0.6,0.2,0.0,ED
69186,Saint-Clément-de-Vers,ED,17.0,52.0,12.0,74.0,30.276935351872808,33.6449594209519,122.8412055628018,48.5138350162463,36.4912686669338,15.553655497381635,21850.0,152870.0,358.16,5.0,0.2,0.8,0.0,0.0,ED
69187,Saint-Clément-les-Places,C,101.0,136.0,40.0,126.0,4.1583652164657,147.514803159356,411.714923130451,109.770273710193,52.99615472827696,35.52697570197185,23090.0,152870.0,834.14,40.0,0.8,0.2,0.0,0.0,C
69188,Saint-Clément-sous-Valsonne,ED,109.0,130.0,44.0,162.0,5.884394653932187,192.446483241671,541.642109795742,169.911406962587,46.7029151831328,25.38520776475426,,152870.0,624.04,50.0,0.2,0.8,0.0,0.0,ED
69189,Sainte-Colombe,C,261.0,446.0,106.0,377.0,2.9178409488733803,268.100566575781,1127.626644491897,598.272788932322,58.16167396344879,39.63245951448363,,152870.0,123.09,135.0,0.8,0.2,0.0,0.0,C
69190,Sainte-Consorce,C,232.0,597.0,137.0,362.0,1.187901545654863,404.93357777929,1317.7307097886512,386.335712432059,69.66358503893882,54.34819516587884,30200.0,152870.0,278.45,80.0,1.0,0.0,0.0,0.0,C
69191,Saint-Cyr-au-Mont-d'Or,C,495.0,2142.0,485.0,886.0,5.589205505590587,1132.488551860292,3506.293276599132,1474.218171540576,77.39336040699504,64.08718884454045,40340.0,152870.0,,355.0,1.0,0.0,0.0,0.0,C
69192,Saint-Cyr-le-Chatoux,C,19.0,57.0,5.0,40.0,8.913198265259902,38.7450980392155,91.76470588235222,25.4901960784313,60.1851851851852,45.37037037037038,25650.0,152870.0,79.06,5.0,1.0,0.0,0.0,0.0,C
69193,Saint-Cyr-sur-le-Rhône,C,143.0,379.0,87.0,303.0,0.7490971908769408,222.900200491421,791.7109328203571,258.388866688222,62.655026358292496,44.377957999770125,31000.0,152870.0,118.25,60.0,1.0,0.0,0.0,0.0,C
69194,Saint-Didier-au-Mont-d'Or,C,584.0,2439.0,733.0,1119.0,2.850807728856509,1307.0,4119.0,1979.0,78.74654377880185,65.6774193548387,42270.0,152870.0,0.0,325.0,1.0,0.0,0.0,0.0,C
69196,Saint-Didier-sur-Beaujeu,ED,81.0,120.0,27.0,139.0,9.003981616395775,119.106846265148,372.29145732307103,111.60169641178,38.67901981088263,20.75283463770062,23770.0,152870.0,342.38,35.0,0.2,0.8,0.0,0.0,ED
69197,Saint-Etienne-des-Oullières,C,210.0,510.0,119.0,489.0,2.6775298002133834,487.747158257977,1405.1590365058792,343.093805236144,48.84096328455514,29.90488095505524,,152870.0,956.45,110.0,0.8,0.2,0.0,0.0,C
69198,Saint-Etienne-la-Varenne,ED,66.0,175.0,37.0,212.0,4.801700020877867,150.994689940055,507.3226561068181,124.682653953128,52.94735685491938,35.1697302887875,,152870.0,329.74,25.0,0.8,0.2,0.0,0.0,C
69199,Saint-Fons,G,2980.0,1005.0,158.0,1003.0,0.7361676363863928,4896.302433560729,11842.198630696694,2810.498935742576,38.52483571375947,20.94062210527108,16880.0,152870.0,,,0.0,0.4,0.6,0.0,G
69200,Saint-Forgeux,ED,147.0,325.0,108.0,334.0,4.793608521970706,295.0,939.0,304.0,46.3716814159292,27.876106194690266,24220.0,152870.0,967.73,60.0,1.0,0.0,0.0,0.0,C
69201,Sainte-Foy-l'Argentière,ED,108.0,229.0,67.0,244.0,2.0833134048964266,213.83761648062,746.713408801853,331.448974717527,33.9227611430877,17.77392380165673,20920.0,152870.0,,90.0,0.2,0.8,0.0,0.0,ED
69202,Sainte-Foy-lès-Lyon,C,2624.0,6004.0,1445.0,2744.0,1.624201738092285,3737.6539392438726,12384.072529424751,5771.273531331386,67.60817633899634,52.68025112866729,28780.0,152870.0,6.17,,1.0,0.0,0.0,0.0,C
69203,Saint-Genis-l'Argentière,ED,147.0,164.0,53.0,214.0,6.306066113723959,169.25428345843,603.302312761348,213.443403780222,47.91506020523508,30.13226591658845,23380.0,152870.0,524.11,60.0,0.8,0.2,0.0,0.0,C
69204,Saint-Genis-Laval,C,2799.0,5021.0,1021.0,2864.0,1.4251988157149025,3719.6058660978993,12948.657066195134,4660.737067706959,58.839664921373846,42.07703441659014,26810.0,152870.0,302.6,,1.0,0.0,0.0,0.0,C
69205,Saint-Genis-les-Ollières,C,667.0,1436.0,324.0,741.0,1.0748830708995851,1127.44024972353,3207.0434770547204,1035.51627322175,70.48568557604241,55.763756675656005,30290.0,152870.0,160.75,270.0,1.0,0.0,0.0,0.0,C
69206,Saint-Georges-de-Reneins,ED,426.0,893.0,215.0,1066.0,2.2628316680829634,864.362663367654,2839.435078810685,829.202257821661,46.179565722816754,27.391678628687167,25200.0,152870.0,1283.63,320.0,0.6,0.4,0.0,0.0,C
69207,Saint-Germain-au-Mont-d'Or,C,476.0,675.0,90.0,400.0,0.764457756716558,684.580787698565,1853.607162193903,498.812050107532,60.11933925465255,44.22671122249725,27110.0,152870.0,280.8,190.0,1.0,0.0,0.0,0.0,C
69208,Saint-Germain-Nuelles,C,320.0,638.0,123.0,423.0,4.337966380937884,430.985507660708,1362.155972565323,458.858519773969,58.74440554467744,40.097057769796166,28890.0,152870.0,292.1,110.0,0.8,0.2,0.0,0.0,C
69209,Saint-Igny-de-Vers,ED,47.0,103.0,35.0,166.0,24.95610813737636,73.3229237218567,279.2039072345783,228.473169043566,34.927174655228974,17.800331745471958,22390.0,152870.0,444.51,15.0,0.2,0.8,0.0,0.0,ED
69210,Saint-Jacques-des-Arrêts,,,,,,,,,,,,,152870.0,,,0.2,0.6,0.2,0.0,ED
69211,Saint-Jean-d'Ardières,,,,,,,,,,,,,152870.0,,,0.2,0.6,0.2,0.0,ED
69212,Saint-Jean-des-Vignes,C,59.0,129.0,13.0,116.0,3.318487814471454,121.610239098467,264.43552709389314,85.9542338076399,64.602431087846,46.06751453979256,30230.0,152870.0,117.73,25.0,1.0,0.0,0.0,0.0,C
69213,Saint-Jean-de-Touslas,,,,,,,,,,,,,152870.0,,,0.2,0.6,0.2,0.0,ED
69214,Saint-Jean-la-Bussière,ED,148.0,208.0,62.0,308.0,2.7724149721734053,228.972564951151,741.527855023125,204.499580025724,40.09959175257784,23.069912852710463,23570.0,152870.0,1089.67,70.0,0.6,0.4,0.0,0.0,C
69215,Saint-Julien,C,75.0,229.0,47.0,211.0,8.948803570726565,185.225930685934,550.603960697768,200.170108616298,59.05267563480325,41.01476263134907,27690.0,152870.0,254.14,35.0,1.0,0.0,0.0,0.0,C
69216,Saint-Julien-sur-Bibost,C,69.0,143.0,40.0,95.0,6.753469848019697,136.34990441066,366.186395864151,102.463699725189,53.58300887114099,35.7433248621026,23150.0,152870.0,550.75,35.0,0.8,0.2,0.0,0.0,C
69217,Saint-Just-d'Avray,C,112.0,168.0,63.0,144.0,19.20459501898673,119.446362933022,439.9275872870511,183.626049779929,44.45849093258183,25.358478945136447,23590.0,152870.0,495.61,50.0,0.6,0.4,0.0,0.0,C
69218,Saint-Lager,C,79.0,228.0,59.0,224.0,3.846374021043717,222.754710867749,637.789521179093,190.455767953158,54.27206418313689,35.78596252336865,24660.0,152870.0,575.04,55.0,0.8,0.2,0.0,0.0,C
69219,Saint-Laurent-d'Agny,C,327.0,650.0,111.0,371.0,2.7343987239084995,412.429771279237,1328.220257327601,379.349971393162,64.67316594959962,45.863982520359805,29190.0,152870.0,429.08,80.0,1.0,0.0,0.0,0.0,C
69220,Saint-Laurent-de-Chamousset,C,206.0,430.0,129.0,340.0,4.915638960952728,313.881256680856,1125.490583324775,510.628159994369,43.86173566536188,25.87137401769903,24060.0,152870.0,1217.38,100.0,0.4,0.6,0.0,0.0,ED
69223,Saint-Loup,,,,,,,,,,,,21770.0,152870.0,,,0.0,0.6,0.4,0.0,ED
69224,Saint-Mamert,,,,,,,,,,,,,152870.0,,,0.2,0.6,0.2,0.0,ED
69225,Saint-Marcel-l'Eclairé,C,83.0,141.0,21.0,119.0,7.386967512137519,109.612492837899,331.110887181108,127.276619980993,47.82376168398709,29.363306558663176,,152870.0,337.78,30.0,0.6,0.4,0.0,0.0,C
69227,Saint-Martin-en-Haut,C,477.0,1061.0,329.0,676.0,3.654813124542168,648.205119172065,2290.928589847188,977.866290980747,49.36274946957496,31.03366643078794,24790.0,152870.0,2801.01,175.0,0.8,0.2,0.0,0.0,C
69228,Chabanière,C,557.0,1058.0,269.0,822.0,2.459016393442623,818.0,2656.0,800.0,57.01699181875394,38.64065449968533,25960.0,152870.0,1940.15,220.0,0.6,0.4,0.0,0.0,C
69229,Saint-Nizier-d'Azergues,ED,86.0,133.0,43.0,162.0,19.57894736842105,167.0,444.0,165.0,42.582897033158815,23.7347294938918,22220.0,152870.0,361.58,40.0,0.6,0.4,0.0,0.0,C
69230,Sainte-Paule,C,37.0,87.0,20.0,62.0,8.472462592696754,61.7403481975826,208.908043739769,59.3516080626484,54.6641800819322,38.9722031994359,24300.0,152870.0,350.91,15.0,0.8,0.2,0.0,0.0,C
69231,Saint-Pierre-la-Palud,C,370.0,645.0,100.0,497.0,1.54795543293599,530.281620549689,1612.4825679830135,443.235811467297,57.02649080052304,39.2785987941832,26870.0,152870.0,197.98,140.0,0.8,0.2,0.0,0.0,C
69233,Saint-Romain-au-Mont-d'Or,C,169.0,363.0,65.0,204.0,1.1474336440583912,267.858235996942,764.6136694155718,208.528094587486,71.64577911285745,56.77564551845259,35130.0,152870.0,4.8,65.0,1.0,0.0,0.0,0.0,C
69234,Saint-Romain-de-Popey,C,194.0,438.0,81.0,347.0,6.138107416879795,352.0,1075.0,276.0,56.85950413223141,38.099173553719005,26410.0,152870.0,1103.74,95.0,0.6,0.4,0.0,0.0,C
69235,Saint-Romain-en-Gal,C,286.0,398.0,77.0,314.0,1.1483544076077186,337.553429681769,1211.27233195419,441.174238364041,55.39189141613138,37.588265119045815,24390.0,152870.0,230.23,110.0,0.8,0.2,0.0,0.0,C
69236,Saint-Romain-en-Gier,ED,80.0,77.0,21.0,134.0,1.1905839354812957,129.356269295107,364.216301856893,104.427428848001,43.01285538811914,27.22385359662996,24150.0,152870.0,71.69,35.0,0.4,0.6,0.0,0.0,ED
69238,Saint-Symphorien-sur-Coise,C,432.0,766.0,205.0,639.0,1.8881281030366093,619.300756586936,2049.518564261104,1080.18067915196,41.71872031224739,22.854668288197704,21800.0,152870.0,132.99,210.0,0.2,0.8,0.0,0.0,ED
69239,Saint-Vérand,C,146.0,282.0,69.0,274.0,7.26643598615917,204.0,713.0,230.0,55.851680185399765,40.78794901506373,,152870.0,1054.79,45.0,0.8,0.2,0.0,0.0,C
69240,Saint-Vincent-de-Reins,ED,64.0,105.0,43.0,180.0,21.676815835015294,102.531536947892,353.37308600419806,171.09537704791,37.13984190790661,20.81956810538448,21280.0,152870.0,958.46,25.0,0.2,0.8,0.0,0.0,ED
69241,Taluyers,C,303.0,687.0,99.0,521.0,3.021454151397609,511.016878692023,1594.134353984423,551.848767323554,62.024063316121314,46.133300263422086,28720.0,152870.0,300.18,120.0,1.0,0.0,0.0,0.0,C
69242,Taponas,ED,120.0,157.0,58.0,237.0,1.9016229941860925,178.144453639593,587.831801820672,142.023744539736,42.79586339833627,23.38612010739671,23880.0,152870.0,543.33,65.0,0.0,1.0,0.0,0.0,ED
69243,Tarare,ED,1357.0,1469.0,333.0,1471.0,0.9330757709268408,2076.9446700938693,6262.21190791494,2541.84342199119,35.34188964915105,19.30666060929751,19730.0,152870.0,228.32,925.0,0.2,0.6,0.2,0.0,ED
69244,Tassin-la-Demi-Lune,C,2165.0,5530.0,1312.0,3069.0,2.9707422012852605,4215.018233235508,14260.835265492702,4343.146501271791,68.16914786429457,52.24114253566016,29010.0,152870.0,81.42,,1.0,0.0,0.0,0.0,C
69245,Ternand,C,95.0,184.0,42.0,161.0,8.68153508428919,143.068130170164,463.9490804399029,139.982789389933,51.52281611469505,30.873563291640032,,152870.0,194.54,35.0,1.0,0.0,0.0,0.0,C
69246,Theizé,C,182.0,367.0,92.0,194.0,8.53933183390126,270.35557947393,778.9990739613199,243.64534656475,70.884015714169,51.70153919132824,27890.0,152870.0,255.78,55.0,1.0,0.0,0.0,0.0,C
69248,Thizy-Les-Bourgs,ED,656.0,895.0,237.0,1089.0,3.959537572254336,920.0,3344.0,1530.0,34.73495862223216,18.206217848356072,21160.0,152870.0,2508.78,415.0,0.2,0.8,0.0,0.0,ED
69249,Thurins,C,364.0,783.0,164.0,646.0,2.5054066078305683,645.833400713848,2114.4918957698897,507.674703516262,59.317427624610495,39.67769432045313,26100.0,152870.0,674.03,155.0,0.6,0.4,0.0,0.0,C
69250,La Tour-de-Salvagny,C,438.0,1424.0,306.0,712.0,2.28109420899731,844.267390178261,2590.648126139429,1025.08448368231,71.93849986838234,57.32604882584648,33530.0,152870.0,,205.0,1.0,0.0,0.0,0.0,C
69251,Trades,,,,,,,,,,,,,152870.0,,,0.2,0.6,0.2,0.0,ED
69252,Trèves,C,82.0,164.0,28.0,159.0,2.0587754297276573,158.272580835362,458.377227595305,106.350191569332,55.85543831930556,35.689841618463255,,152870.0,194.05,35.0,0.8,0.2,0.0,0.0,C
69253,Tupin-et-Semons,ED,68.0,145.0,33.0,155.0,2.287230385403379,128.995570649017,423.76578547227655,97.2386438787075,64.16245982434593,45.9630759889134,27690.0,152870.0,168.32,25.0,1.0,0.0,0.0,0.0,C
69254,Valsonne,ED,105.0,148.0,47.0,207.0,7.127737063612086,233.297173727989,620.331732430971,140.37109384104,52.22822460181932,29.284394268046587,22710.0,152870.0,376.93,50.0,0.6,0.4,0.0,0.0,C
69255,Vaugneray,C,692.0,1557.0,337.0,1068.0,2.6614959680848385,1321.47627691139,3647.434594463671,1229.08912862494,62.46610684294199,43.02960269391215,26950.0,152870.0,1245.07,310.0,0.8,0.2,0.0,0.0,C
69256,Vaulx-en-Velin,G,8348.0,2868.0,366.0,2483.0,0.6966183353634291,13274.901018620112,32846.68800477746,6326.410976602443,41.36158493220684,23.763437920813114,17180.0,152870.0,78.72,,0.2,0.0,0.8,0.0,G
69257,Vaux-en-Beaujolais,ED,133.0,239.0,54.0,254.0,5.914972273567468,256.0,736.0,161.0,58.49514563106796,36.650485436893206,24940.0,152870.0,305.7,50.0,0.6,0.4,0.0,0.0,C
69258,Vauxrenard,C,45.0,84.0,28.0,70.0,18.5,51.0,180.0,84.0,49.00398406374502,24.701195219123505,23900.0,152870.0,371.24,20.0,0.6,0.4,0.0,0.0,C
69259,Vénissieux,G,10807.0,4266.0,616.0,3959.0,1.2102203348765403,15597.098858965348,41609.05844276873,9494.842698265937,39.67168068255996,22.30252579092379,17140.0,152870.0,,,0.0,0.0,1.0,0.0,G
69260,Vernaison,C,592.0,1149.0,268.0,661.0,0.8501838454319147,1054.32051219347,3115.53324601489,1005.14624179164,60.31496769091247,45.8281157950192,27760.0,152870.0,0.31,290.0,1.0,0.0,0.0,0.0,C
69261,Vernay,C,3.0,23.0,7.0,11.0,21.69493036003164,47.6349107094059,56.5322725333514,12.8328167572427,43.89448438423196,24.580911255169887,,152870.0,263.95,5.0,0.6,0.4,0.0,0.0,C
69263,Villechenève,ED,89.0,190.0,42.0,217.0,8.019523774126878,214.221995359935,570.962217005808,122.815787634258,53.10530763916632,33.078760475178164,22900.0,152870.0,1254.92,55.0,0.8,0.2,0.0,0.0,C
69264,Villefranche-sur-Saône,C,4275.0,4374.0,962.0,3821.0,1.9299796037640504,6749.447980500165,22284.914145973104,7189.6378735267535,46.7757641850151,27.8383321293805,19640.0,152870.0,108.42,,0.6,0.0,0.4,0.0,C
69265,Ville-sur-Jarnioux,C,115.0,236.0,44.0,196.0,7.893932717379713,146.49825042843,509.71939988324607,163.782349688325,64.97098689548267,48.39316642732511,29320.0,152870.0,446.44,30.0,1.0,0.0,0.0,0.0,C
69266,Villeurbanne,G,27082.0,21162.0,2830.0,11762.0,3.5013438365984486,26995.44644062881,113041.1525383294,22170.401021041824,63.47112798631533,47.78672089824197,21540.0,152870.0,,,0.0,0.0,1.0,0.0,G
69267,Villié-Morgon,ED,231.0,503.0,109.0,524.0,4.348456144933902,407.665681164673,1282.985220364805,441.349098470522,48.24714794454763,29.198730164655395,24700.0,152870.0,1186.86,105.0,0.6,0.4,0.0,0.0,C
69268,Vourles,C,355.0,1021.0,229.0,644.0,1.1097816434941563,597.338628248946,2002.452745032773,753.208626718281,67.99849410722095,53.193088417193394,32340.0,152870.0,45.3,155.0,1.0,0.0,0.0,0.0,C
69269,Yzeron,C,159.0,266.0,52.0,161.0,7.109824358665613,150.892230416608,647.969403602933,181.138365980458,55.86679392673959,36.549107053551324,25190.0,152870.0,393.93,50.0,0.8,0.2,0.0,0.0,C
69270,Chaponnay,C,399.0,1171.0,296.0,968.0,2.688728024819028,928.0,2670.0,921.0,62.06359102244389,47.13216957605985,31360.0,152870.0,1121.74,190.0,1.0,0.0,0.0,0.0,C
69271,Chassieu,C,1329.0,2593.0,547.0,2014.0,0.5248324787154476,2091.741365812444,6844.33280971364,2277.925824473914,59.45571877953641,41.346988227920974,28750.0,152870.0,384.63,650.0,1.0,0.0,0.0,0.0,C
69272,Communay,C,638.0,1141.0,201.0,899.0,0.9299087885638392,917.442281048177,2714.0986052223943,892.459113729429,60.32819032063055,41.71060323398788,28770.0,152870.0,380.56,240.0,1.0,0.0,0.0,0.0,C
69273,Corbas,ED,1467.0,1890.0,334.0,1966.0,0.964900992222854,2007.50518802555,7079.600125395566,2108.894686578873,44.24115546339817,28.35004330016079,25250.0,152870.0,789.45,695.0,0.8,0.2,0.0,0.0,C
69275,Décines-Charpieu,G,4311.0,3679.0,749.0,3971.0,0.8099391878011197,5683.157195443263,18706.36471292561,5515.478091631124,48.69278344387441,30.049345362682324,22050.0,152870.0,343.4,,0.8,0.0,0.2,0.0,C
69276,Feyzin,G,1642.0,1218.0,194.0,1432.0,0.4768659610453826,1745.115650341428,6060.492080893412,1921.3922687651711,40.505529686391874,23.66071093039868,22210.0,152870.0,634.19,985.0,0.4,0.4,0.2,0.0,C
69277,Genas,C,1368.0,3679.0,665.0,2635.0,1.4573098335868486,2487.535423083958,8233.706149903077,2724.758427012965,61.72155198260828,45.6101095260606,30610.0,152870.0,1951.89,625.0,1.0,0.0,0.0,0.0,C
69278,Genay,C,638.0,1217.0,250.0,979.0,0.8493028674519492,1210.19912740443,3453.431246403813,968.369626191767,53.62440698006545,36.34164292620007,22470.0,152870.0,507.48,320.0,1.0,0.0,0.0,0.0,C
69279,Jonage,ED,778.0,1336.0,217.0,1457.0,1.2825312777277331,1102.423767776493,3857.97761260548,1148.598619618037,50.89648162713372,34.39402913323116,28030.0,152870.0,639.46,320.0,0.4,0.6,0.0,0.0,ED
69280,Jons,ED,126.0,266.0,60.0,370.0,4.0130569607538105,336.957336046235,971.990527588902,285.052136364863,45.00288969376979,27.50226491607763,27110.0,152870.0,460.45,80.0,0.2,0.8,0.0,0.0,ED
69281,Marennes,ED,174.0,425.0,82.0,453.0,1.8072289156626504,413.0,1227.0,339.0,58.75179340028694,42.46771879483501,29440.0,152870.0,478.64,85.0,0.8,0.2,0.0,0.0,C
69282,Meyzieu,C,5206.0,5490.0,1021.0,4709.0,1.4530359729454654,7716.994943323333,22312.7175142044,6407.287542472272,52.49989166866029,35.55704348546435,23860.0,152870.0,606.05,,0.6,0.0,0.4,0.0,C
69283,Mions,C,1963.0,2456.0,435.0,2422.0,0.3856533189102491,2787.335107967618,8429.973660529746,2498.691231502637,50.83328876899545,32.29366354433183,26070.0,152870.0,133.08,875.0,0.4,0.4,0.2,0.0,C
69284,Montanay,C,341.0,1057.0,202.0,470.0,0.1577160642391658,622.427888039719,2093.545362784495,554.026749175796,67.98245154145063,51.65458626932112,33600.0,152870.0,283.81,130.0,1.0,0.0,0.0,0.0,C
69285,Pusignan,ED,423.0,679.0,135.0,989.0,1.5504571876336026,906.72016484256,2563.9406834369493,674.339151720491,52.16659047124392,32.777466312747464,27420.0,152870.0,880.18,225.0,0.6,0.4,0.0,0.0,C
69286,Rillieux-la-Pape,G,4507.0,4045.0,788.0,2963.0,0.5955271795074466,7308.927722422073,18745.89266888362,5424.179608694307,46.343084675321634,28.30155401102209,19980.0,152870.0,336.55,,0.8,0.0,0.2,0.0,C
69287,Saint-Bonnet-de-Mure,ED,661.0,1564.0,300.0,1571.0,0.694463506854293,1302.999124569103,4349.69049292891,1335.310382501997,55.65249643612267,38.92209293015527,28700.0,152870.0,1112.76,315.0,0.8,0.2,0.0,0.0,C
69288,Saint-Laurent-de-Mure,ED,603.0,1143.0,228.0,1368.0,0.5932394243477918,1017.66008896185,3546.6873215204296,1086.65258951772,48.70654995172758,30.42606762601524,27380.0,152870.0,513.34,330.0,0.4,0.6,0.0,0.0,ED
69289,Saint-Pierre-de-Chandieu,ED,518.0,1065.0,217.0,1241.0,1.3375269157238538,847.644257981866,2872.983369407265,867.372372610879,51.80867201604755,35.07282039505475,,152870.0,1784.38,205.0,0.6,0.4,0.0,0.0,C
69290,Saint-Priest,G,7571.0,5914.0,1052.0,5758.0,1.4741738804668778,10603.541010584488,30860.98008309248,7728.478906323035,49.0683870766421,31.21683993119498,24040.0,152870.0,822.27,,0.4,0.0,0.6,0.0,G
69291,Saint-Symphorien-d'Ozon,C,657.0,1153.0,233.0,1051.0,1.408382917782922,1207.453856146747,3796.767656730462,1071.778487122791,56.66696935134341,37.73904938907632,26560.0,152870.0,538.79,345.0,0.8,0.2,0.0,0.0,C
69292,Sathonay-Camp,ED,822.0,1028.0,231.0,1101.0,0.8388776395718831,1394.0,4655.0,990.0,62.56621542083579,41.25956444967628,24460.0,152870.0,80.68,385.0,0.8,0.2,0.0,0.0,C
69293,Sathonay-Village,C,302.0,723.0,139.0,446.0,1.1376051711766018,482.951094944289,1461.613688318237,473.435216737474,72.42070265868406,56.80567145820826,33220.0,152870.0,176.99,95.0,1.0,0.0,0.0,0.0,C
69294,Sérézin-du-Rhône,C,351.0,655.0,108.0,539.0,0.4619034461569881,644.000181767339,1859.531387328964,553.468430903697,60.17248961660152,40.45655971052011,26360.0,152870.0,80.02,150.0,1.0,0.0,0.0,0.0,C
69295,Simandres,ED,192.0,446.0,78.0,468.0,0.4128478895418648,343.281191391864,1205.536628955281,337.182179652855,57.50110443228596,37.93055279136615,,152870.0,347.42,95.0,0.6,0.4,0.0,0.0,C
69296,Solaize,C,337.0,719.0,170.0,632.0,0.5355776587605203,643.0,1904.0,584.0,59.60144927536232,43.97644927536232,29430.0,152870.0,475.46,145.0,0.8,0.2,0.0,0.0,C
69297,Ternay,C,596.0,1238.0,211.0,1031.0,0.6956691189184099,1118.3358716123,3361.28705144185,1102.37707694585,52.31177124866804,35.51375747457779,22000.0,152870.0,71.2,345.0,1.0,0.0,0.0,0.0,C
69298,Toussieu,C,269.0,690.0,159.0,677.0,0.5117912602512187,726.479908772497,1977.844748976616,481.675342250887,63.88038946737849,47.00648423342824,29590.0,152870.0,308.88,135.0,1.0,0.0,0.0,0.0,C
69299,Colombier-Saugnieu,ED,242.0,472.0,95.0,754.0,0.9233341253323936,552.7236504913,1893.56455283181,412.71179667689,44.429129370753095,25.52044514750669,27000.0,152870.0,922.87,140.0,0.2,0.8,0.0,0.0,ED
73001,Aiguebelette-le-Lac,G,74.0,70.0,17.0,40.0,44.91806108828162,38.1553091856818,148.4434883559243,60.4012024583939,71.63066597855754,55.45919723444555,27450.0,21622.0,34.7,20.0,0.4,0.2,0.4,0.0,C
73002,Aiguebelle,,,,,,,,,,,,,21622.0,,,0.2,0.4,0.4,0.0,ED
73003,Aigueblanche,C,499.0,739.0,177.0,728.0,15.384615384615383,543.0,2377.0,874.0,48.19435325016415,26.723571897570583,,21622.0,324.64,260.0,0.4,0.4,0.2,0.0,C
73004,Aillon-le-Jeune,C,78.0,100.0,31.0,72.0,74.23952789671587,56.5757027355196,279.970568729789,92.4537285346914,54.462769651028445,35.07339411532871,22520.0,21622.0,590.61,45.0,1.0,0.0,0.0,0.0,C
73005,Aillon-le-Vieux,G,52.0,46.0,15.0,30.0,38.18181818181819,30.0,145.0,43.0,60.89385474860335,35.75418994413408,22100.0,21622.0,541.81,15.0,0.0,0.0,1.0,0.0,G
73006,Aime-la-Plagne,C,707.0,1108.0,238.0,802.0,49.287564766839374,715.0,2735.0,959.0,50.549768518518526,30.09259259259259,23650.0,21622.0,2462.24,405.0,0.8,0.2,0.0,0.0,C
73007,Aiton,ED,147.0,174.0,54.0,337.0,3.713593828580871,272.447678977969,1330.603527407284,207.948793614747,39.748940358858206,21.88089983758796,24020.0,21622.0,896.84,70.0,0.2,0.8,0.0,0.0,ED
73008,Aix-les-Bains,C,3969.0,6656.0,1529.0,4970.0,15.266038819364766,4424.62787045432,19020.80920447954,8729.562925066128,54.16864163524849,36.93516263675886,24110.0,21622.0,9.96,,1.0,0.0,0.0,0.0,C
73010,Entrelacs,C,788.0,1469.0,316.0,1323.0,4.17523266314173,1200.89849690835,4123.59364592743,1140.50785716422,53.46919262335601,33.89443187548672,26780.0,21622.0,2277.56,325.0,0.6,0.4,0.0,0.0,C
73011,Albertville,C,2267.0,2459.0,596.0,2425.0,3.762483682474185,3568.623739864679,11727.714707531191,4409.661552604128,43.18424897633598,25.401467209725592,20680.0,21622.0,128.51,,0.4,0.2,0.4,0.0,C
73012,Albiez-le-Jeune,G,45.0,39.0,14.0,21.0,59.00073726055175,23.3309352517985,85.2086330935253,32.4604316546762,72.38095238095259,44.76190476190491,19490.0,21622.0,230.88,10.0,0.4,0.0,0.6,0.0,G
73013,Albiez-Montrond,C,91.0,108.0,32.0,103.0,85.37005052183723,48.1779844777896,211.4211382198214,106.400877302389,47.797297411790005,26.81718683331502,,21622.0,1425.51,20.0,0.6,0.4,0.0,0.0,C
73014,Allondaz,C,52.0,64.0,9.0,52.0,8.695652173913043,64.0,180.0,51.0,55.88235294117647,36.27450980392157,,21622.0,77.4,10.0,0.4,0.4,0.2,0.0,C
73015,Les Allues,C,149.0,467.0,109.0,315.0,87.9589566077389,258.0,1200.0,292.0,59.22469490308686,36.39626704953338,23640.0,21622.0,466.14,155.0,1.0,0.0,0.0,0.0,C
73017,Apremont,ED,115.0,242.0,61.0,264.0,6.117343399257669,140.982444298747,579.266008055175,247.751547646079,48.844283524137865,33.946613523194586,24530.0,21622.0,318.61,40.0,0.4,0.4,0.2,0.0,C
73018,Arbin,C,121.0,180.0,57.0,145.0,3.137753350866924,135.155833653289,442.2454098495111,238.5987564972,54.59166958672201,33.92172620048959,26440.0,21622.0,80.92,35.0,0.8,0.2,0.0,0.0,C
73019,Argentine,ED,193.0,172.0,37.0,199.0,9.620241731809257,146.224119089798,605.493207204795,200.282673705406,42.40837975342443,23.11654977773644,24580.0,21622.0,308.56,40.0,0.0,0.8,0.2,0.0,ED
73020,Arith,C,75.0,127.0,29.0,99.0,23.68567366291356,69.549643589831,271.0330940337268,98.4172623764422,48.28183015437341,29.652788904932407,24340.0,21622.0,567.84,35.0,0.6,0.2,0.2,0.0,C
73021,Arvillard,G,181.0,169.0,34.0,174.0,11.790851070389795,144.02202711788,546.505714527138,158.472258354982,58.62267220418781,39.7677983054823,23760.0,21622.0,38.02,50.0,0.4,0.0,0.6,0.0,G
73022,Attignat-Oncin,C,101.0,133.0,28.0,106.0,18.294010777913005,103.390752722505,339.29265820148,129.316589076015,48.91808423673564,30.64952876025206,25550.0,21622.0,769.73,35.0,0.8,0.2,0.0,0.0,C
73023,Aussois,C,146.0,200.0,60.0,111.0,72.94964028776978,110.0,425.0,147.0,59.44444444444444,37.03703703703704,23370.0,21622.0,534.1,60.0,1.0,0.0,0.0,0.0,C
73024,Les Avanchers-Valmorel,C,100.0,186.0,96.0,151.0,87.94068415358612,100.53661882723,492.9712485003581,145.492132672414,57.1154372070093,34.2039280623031,24840.0,21622.0,1129.44,70.0,1.0,0.0,0.0,0.0,C
73025,Avressieux,ED,72.0,116.0,32.0,126.0,12.21505238605327,104.226067936035,342.3240237352877,87.4499083286773,53.30567466599931,33.009334270868806,23200.0,21622.0,614.2,25.0,0.6,0.4,0.0,0.0,C
73026,Avrieux,ED,44.0,84.0,28.0,94.0,33.46225574801737,56.7175244549241,259.29054261236047,77.9919329327144,51.74563484760938,27.936166331349327,25320.0,21622.0,,25.0,0.2,0.4,0.4,0.0,ED
73027,Ayn,C,69.0,94.0,26.0,63.0,13.544926906378224,73.6901484938391,222.6116514197601,93.6982000864008,57.1410402122705,38.33397554266646,24830.0,21622.0,636.82,25.0,0.6,0.2,0.2,0.0,C
73028,La Balme,ED,35.0,60.0,25.0,98.0,12.755102040816327,81.0,203.0,72.0,48.07692307692308,30.384615384615383,23540.0,21622.0,341.38,30.0,0.4,0.4,0.2,0.0,C
73029,Barberaz,C,804.0,1119.0,241.0,784.0,2.479762849635288,899.393693589033,3162.346271854437,1184.26003455653,61.5015855879621,41.79601677309323,25400.0,21622.0,109.48,380.0,1.0,0.0,0.0,0.0,C
73030,Barby,C,472.0,622.0,94.0,416.0,1.72398583428082,484.204615629908,2268.375690573984,792.419693796118,50.80425796800163,28.3978603021332,25970.0,21622.0,0.0,235.0,0.8,0.2,0.0,0.0,C
73031,Bassens,C,660.0,945.0,210.0,783.0,1.4937551821322446,752.633294447094,3388.5713027828906,976.795402770015,60.65537153888106,41.16738633674565,21280.0,21622.0,0.8,345.0,1.0,0.0,0.0,0.0,C
73032,La Bâthie,ED,311.0,278.0,82.0,498.0,13.041536295109909,398.997108828484,1312.133201105881,456.869690065635,35.41757947922696,17.636014920121816,23530.0,21622.0,692.58,130.0,0.4,0.6,0.0,0.0,ED
73033,La Bauche,G,111.0,75.0,19.0,110.0,11.065573770491802,124.0,359.0,58.0,61.43250688705234,39.39393939393939,23320.0,21622.0,134.09,40.0,0.2,0.4,0.4,0.0,ED
73034,Beaufort,C,355.0,563.0,178.0,368.0,57.0476858345021,242.0,1187.0,565.0,51.27427184466019,33.13106796116505,24320.0,21622.0,4268.6,125.0,1.0,0.0,0.0,0.0,C
73036,Bellecombe-en-Bauges,G,185.0,179.0,33.0,114.0,19.13936259967762,145.912514109735,493.2364046512481,120.851081239017,62.412728254565664,43.00443427531566,25000.0,21622.0,662.22,70.0,0.6,0.0,0.4,0.0,C
73039,Belmont-Tramonet,C,85.0,119.0,40.0,106.0,4.507819379701571,83.0760763175047,325.2531476476183,103.670776034877,45.70399545730179,26.992031657893342,24370.0,21622.0,609.86,40.0,0.2,0.8,0.0,0.0,ED
73040,Bessans,C,66.0,127.0,32.0,71.0,77.43291307364028,46.1691863893125,203.25371699736053,102.577096613327,55.85523170569614,34.57937389742486,23910.0,21622.0,2228.21,30.0,1.0,0.0,0.0,0.0,C
73041,Betton-Bettonet,ED,46.0,58.0,10.0,86.0,9.76824641173173,52.2968103021807,199.21504619027752,52.4881435075418,54.92037797151753,31.028197929015505,26240.0,21622.0,291.91,20.0,0.4,0.6,0.0,0.0,ED
73042,Billième,C,41.0,82.0,14.0,63.0,8.711133801521175,52.7158092201875,143.2781314469292,66.0060593328833,54.9156131461124,38.90046122264976,25520.0,21622.0,50.72,20.0,0.6,0.4,0.0,0.0,C
73043,La Biolle,C,353.0,652.0,126.0,547.0,3.1222147720435047,662.549491072536,1794.068675884253,465.381833043211,59.87667009846158,41.42811514679492,26020.0,21622.0,585.61,155.0,0.6,0.4,0.0,0.0,C
73045,Le Bois,,,,,,,,,,,,,21622.0,,,0.2,0.4,0.4,0.0,ED
73046,Bonneval,,,,,,,,,,,,22400.0,21622.0,,,0.4,0.6,0.0,0.0,ED
73047,Bonneval-sur-Arc,ED,36.0,42.0,33.0,54.0,79.43485086342228,62.0,168.0,40.0,57.29166666666666,27.604166666666668,18160.0,21622.0,1705.95,25.0,0.4,0.4,0.2,0.0,C
73048,Bonvillard,ED,54.0,59.0,11.0,85.0,15.13466043114922,80.3532311552195,211.6056122848186,60.0411565599629,43.58403830763501,24.70351615586152,24180.0,21622.0,27.71,15.0,0.4,0.6,0.0,0.0,ED
73049,Bonvillaret,G,31.0,27.0,3.0,30.0,30.758835333142088,35.027027027027,80.7567567567568,28.2162162162162,48.59813084112152,28.971962616822463,23900.0,21622.0,33.96,10.0,0.4,0.0,0.6,0.0,G
73050,Bourdeau,C,61.0,164.0,34.0,87.0,12.834956319840508,82.6035970846519,379.2904477381792,117.105955177171,68.6764515890079,54.806214320177794,31110.0,21622.0,,35.0,0.8,0.2,0.0,0.0,C
73051,Le Bourget-du-Lac,C,673.0,1092.0,246.0,795.0,7.575315796711384,558.911986001246,3554.056713906195,964.031300092559,67.78868993606817,48.82347870742053,27580.0,21622.0,36.09,285.0,1.0,0.0,0.0,0.0,C
73052,Bourget-en-Huile,C,26.0,47.0,15.0,29.0,40.94690369278189,23.3469387755102,78.79591836734701,40.8571428571428,47.86324786324791,29.91452991452996,23920.0,21622.0,103.44,5.0,0.4,0.2,0.4,0.0,C
73053,Bourgneuf,ED,87.0,99.0,39.0,185.0,3.0475512591451515,125.856895901389,438.290901488586,102.852202610024,53.17768221380429,34.51939039684842,26290.0,21622.0,576.51,30.0,0.6,0.4,0.0,0.0,C
73054,Bourg-Saint-Maurice,C,953.0,1416.0,304.0,968.0,71.75185947001647,1153.608959349131,4654.683052502774,1419.707988148106,54.59754128300688,33.15889062845251,23190.0,21622.0,5809.62,865.0,0.8,0.2,0.0,0.0,C
73055,Bozel,C,287.0,483.0,115.0,275.0,36.17196543146043,320.649024206779,1213.9273002313762,489.423675561845,57.319932411469445,34.89487440114554,24200.0,21622.0,148.81,145.0,0.4,0.2,0.4,0.0,C
73057,Brides-les-Bains,C,55.0,111.0,35.0,97.0,79.3246345309562,63.3061183360603,259.1530824709737,134.540799192966,54.754199671135886,33.33335418312346,22290.0,21622.0,,55.0,1.0,0.0,0.0,0.0,C
73058,La Bridoire,ED,184.0,219.0,45.0,225.0,6.485671191553545,211.0,741.0,254.0,47.368421052631575,28.289473684210524,22790.0,21622.0,316.91,80.0,0.2,0.8,0.0,0.0,ED
73059,Brison-Saint-Innocent,C,291.0,728.0,158.0,477.0,13.22343726365368,334.119736721668,1363.4045501764367,745.475713101895,61.74960820970053,41.75814646865535,30530.0,21622.0,39.39,135.0,1.0,0.0,0.0,0.0,C
73061,Césarches,C,71.0,102.0,24.0,81.0,5.408619676793157,79.721276940307,271.2420346288004,80.0366884308926,57.12309456573812,32.59650787532457,25780.0,21622.0,39.39,20.0,0.8,0.2,0.0,0.0,C
73063,Cevins,ED,121.0,92.0,25.0,190.0,24.9398299938351,118.092745714515,422.547974199611,166.359280085874,32.385211562515934,16.84036667816032,23970.0,21622.0,160.69,50.0,0.2,0.8,0.0,0.0,ED
73064,Challes-les-Eaux,C,742.0,1330.0,289.0,978.0,2.802460697197539,768.0,3578.0,1280.0,58.96269335759781,40.85532302092811,26880.0,21622.0,515.69,345.0,1.0,0.0,0.0,0.0,C
73065,Chambéry,G,9507.0,8751.0,1640.0,4999.0,3.366513872975497,10221.864915388283,38213.30904286933,11815.826041742388,55.9944525020144,39.42082425181656,21950.0,21622.0,582.36,,0.4,0.0,0.6,0.0,G
73067,La Chambre,ED,121.0,185.0,68.0,222.0,8.171745152354571,158.0,652.0,381.0,39.34942287513116,22.77019937040924,23380.0,21622.0,29.35,45.0,0.0,1.0,0.0,0.0,ED
73068,Chamousset,ED,101.0,91.0,38.0,160.0,2.6515151515151514,113.0,407.0,95.0,53.09734513274337,31.63716814159292,25670.0,21622.0,689.79,35.0,0.6,0.4,0.0,0.0,C
73069,Chamoux-sur-Gelon,ED,162.0,144.0,40.0,216.0,6.737041630919176,206.563944769953,576.276350335515,178.159704894532,49.44540289791416,25.97319384066389,23980.0,21622.0,431.01,50.0,0.0,0.8,0.2,0.0,ED
73070,Champagneux,ED,94.0,103.0,18.0,188.0,9.94475138121547,139.0,415.0,117.0,44.60285132382892,25.45824847250509,23680.0,21622.0,545.82,45.0,0.2,0.8,0.0,0.0,ED
73071,Champagny-en-Vanoise,C,94.0,215.0,54.0,93.0,80.49595644869554,79.9082827185206,344.2909697201244,120.800747561354,58.89225560274723,37.12911726152236,25340.0,21622.0,385.35,60.0,1.0,0.0,0.0,0.0,C
73072,Champlaurent,C,13.0,21.0,8.0,10.0,62.65604821351708,1.0,17.0,13.0,48.27586206896552,27.58620689655172,,21622.0,46.48,5.0,0.2,0.6,0.2,0.0,ED
73073,Chanaz,ED,62.0,100.0,19.0,124.0,32.8749225606346,97.4696050213038,326.1613983324912,127.368996646205,43.64676071390798,22.050896437582505,24040.0,21622.0,10.16,55.0,0.2,0.6,0.2,0.0,ED
73074,La Chapelle,ED,63.0,57.0,20.0,87.0,17.43531276441782,49.3284160281495,209.02719210017065,68.6443918716799,38.72114990209826,24.149669645496942,21990.0,21622.0,291.85,15.0,0.2,0.4,0.4,0.0,ED
73075,La Chapelle-Blanche,C,105.0,186.0,26.0,112.0,2.6204403945480688,97.5600416629446,357.12228333425435,136.3176750028,57.600834252573385,37.24780587289053,23320.0,21622.0,465.38,25.0,0.6,0.4,0.0,0.0,C
73076,La Chapelle-du-Mont-du-Chat,C,39.0,54.0,10.0,50.0,18.56697696918623,49.71167225553,173.7081846368983,43.5801431075717,68.85017899736958,50.70196836291391,26900.0,21622.0,,10.0,0.8,0.0,0.2,0.0,C
73077,Les Chapelles,C,111.0,129.0,36.0,98.0,18.0716865382072,120.99683706628,356.79910156214817,88.2040613715728,58.874863637571785,41.41070480114134,24570.0,21622.0,800.31,60.0,0.4,0.0,0.6,0.0,G
73078,La Chapelle-Saint-Martin,C,22.0,54.0,6.0,28.0,20.03166141796041,23.7012987012987,102.3896103896104,19.9090909090909,66.6666666666665,48.7804878048779,26190.0,21622.0,94.65,15.0,0.8,0.0,0.2,0.0,C
73079,Châteauneuf,ED,156.0,177.0,28.0,196.0,5.386190012932227,180.220635118392,575.90784350091,165.871521380696,62.57069813785389,40.91102969422924,,21622.0,359.85,60.0,0.6,0.2,0.2,0.0,C
73080,Le Châtel,,,,,,,,,,,,,21622.0,,,0.2,0.4,0.4,0.0,ED
73081,Le Châtelard,G,142.0,109.0,34.0,97.0,20.25481238232953,116.981816619408,390.896271143019,154.121912237573,49.40532607414074,29.51650163214764,23620.0,21622.0,279.45,55.0,0.6,0.0,0.4,0.0,C
73082,La Chavanne,C,140.0,175.0,42.0,124.0,3.0,162.0,474.0,89.0,64.67181467181467,44.01544401544402,28570.0,21622.0,544.86,35.0,0.8,0.2,0.0,0.0,C
73083,Les Chavannes-en-Maurienne,ED,25.0,30.0,7.0,100.0,31.7710292257364,36.802666416036,128.7695037838877,50.4278298000763,33.64540020708073,15.340119207716418,23910.0,21622.0,374.04,10.0,0.6,0.4,0.0,0.0,C
73084,Chignin,C,119.0,223.0,50.0,161.0,8.409090909090908,149.0,571.0,190.0,56.44257703081232,40.19607843137255,26380.0,21622.0,186.42,45.0,0.8,0.2,0.0,0.0,C
73085,Chindrieux,C,185.0,348.0,79.0,276.0,16.60428136948915,260.77303604819,833.7176798666379,393.509284085172,54.091482227042896,35.20389942827901,,21622.0,341.65,110.0,0.4,0.4,0.2,0.0,C
73086,Cléry,ED,83.0,99.0,18.0,101.0,13.592957763253636,54.9328831474711,250.9037426455934,68.1633742069355,61.188055895064494,42.79699396930729,22690.0,21622.0,248.08,20.0,0.4,0.4,0.2,0.0,C
73087,Cognin,C,1117.0,1135.0,211.0,853.0,1.439738842804251,1150.332815279071,4083.523992454652,1495.1431922662769,54.90772639618683,36.54335192368453,23270.0,21622.0,25.79,520.0,1.0,0.0,0.0,0.0,C
73088,Cohennoz,C,13.0,53.0,16.0,44.0,87.72413793103449,9.0,91.0,40.0,50.39370078740157,25.984251968503933,23360.0,21622.0,,15.0,1.0,0.0,0.0,0.0,C
73089,Coise-Saint-Jean-Pied-Gauthier,C,204.0,238.0,63.0,234.0,3.820598006644518,247.0,851.0,208.0,55.73940020682523,36.50465356773526,26070.0,21622.0,1339.62,75.0,0.6,0.4,0.0,0.0,C
73090,La Compôte,G,53.0,48.0,20.0,53.0,29.77573325319734,49.3356615611402,158.1942882172687,58.4700502215911,44.32297232710027,28.07165566077466,22050.0,21622.0,951.32,25.0,0.6,0.2,0.2,0.0,C
73091,Conjux,C,29.0,64.0,7.0,51.0,42.26299659020994,40.1142857142858,102.85714285714268,73.0285714285715,51.21951219512179,32.317073170731625,24840.0,21622.0,,10.0,0.6,0.0,0.4,0.0,C
73092,Corbel,ED,33.0,46.0,10.0,47.0,45.73969208590225,29.3790849673204,95.2287581699354,30.3921568627452,69.49152542372882,51.69491525423731,23670.0,21622.0,87.36,10.0,0.2,0.2,0.6,0.0,G
73094,Crest-Voland,C,32.0,139.0,39.0,87.0,81.5248778950667,42.8762409449999,207.0480843472537,88.0756747077464,48.74143811814729,28.61107712789142,,21622.0,360.31,25.0,1.0,0.0,0.0,0.0,C
73095,La Croix-de-la-Rochette,ED,50.0,74.0,19.0,91.0,10.291458077015896,64.5991739850759,252.29077713012973,65.1100488847944,54.66091392863925,32.73644359153573,24500.0,21622.0,31.17,15.0,0.4,0.6,0.0,0.0,ED
73096,Cruet,C,205.0,234.0,44.0,202.0,5.70164346159488,185.811080047199,628.5884627334051,227.600457219396,49.953091164310926,31.50340226890636,26450.0,21622.0,222.77,45.0,0.6,0.4,0.0,0.0,C
73097,Curienne,C,151.0,158.0,28.0,128.0,9.224578217449556,143.439974780706,407.56706420835695,141.992961010937,65.40888196311508,48.2712033351152,26620.0,21622.0,158.73,30.0,0.6,0.4,0.0,0.0,C
73098,Les Déserts,C,185.0,218.0,34.0,199.0,67.72340980618988,143.505935343636,522.860356229861,159.633708426503,65.1898193072171,47.68430847996135,25050.0,21622.0,789.54,70.0,0.6,0.0,0.4,0.0,C
73099,Détrier,ED,60.0,78.0,18.0,87.0,6.62376700066885,84.8211010618062,264.0536282972454,82.1252706409474,53.91975590079438,34.29611717701381,26470.0,21622.0,13.18,20.0,0.6,0.4,0.0,0.0,C
73100,Domessin,ED,263.0,415.0,100.0,423.0,8.063289460768553,392.152392692804,1163.8163181745372,443.031289132659,51.57135150068103,29.73916465745739,25000.0,21622.0,425.16,105.0,0.4,0.6,0.0,0.0,ED
73101,Doucy-en-Bauges,C,23.0,27.0,3.0,14.0,49.616368286445145,15.6701030927835,56.8041237113402,22.5257731958763,58.974358974359,39.74358974358983,,21622.0,118.96,10.0,0.8,0.2,0.0,0.0,C
73103,Drumettaz-Clarafond,C,395.0,738.0,170.0,547.0,4.161200282965867,585.361339519667,1917.353797605748,513.284862874585,63.21697085193701,45.54308972513893,,21622.0,228.29,175.0,1.0,0.0,0.0,0.0,C
73104,Dullin,C,89.0,98.0,17.0,98.0,29.13165381909511,120.796903103647,308.8376999492094,63.3653969471446,66.63464335813913,48.26474848401864,24960.0,21622.0,289.62,25.0,0.6,0.0,0.4,0.0,C
73105,Les Echelles,ED,158.0,150.0,67.0,254.0,4.45069734454326,249.460693714873,781.991842681255,238.547463603872,47.75820135186905,27.10809495838252,,21622.0,239.16,90.0,0.2,0.8,0.0,0.0,ED
73106,Ecole,C,47.0,67.0,18.0,49.0,35.41856809471161,46.1893654631834,185.55941279308325,75.2512217437334,50.02942970232011,34.30776224637577,,21622.0,628.06,20.0,0.6,0.0,0.4,0.0,C
73107,Entremont-le-Vieux,C,134.0,187.0,26.0,97.0,43.05380362302839,112.763524491479,405.9222906533191,127.314184855203,59.86854885527029,41.24857243781802,24610.0,21622.0,1115.97,30.0,0.4,0.0,0.6,0.0,G
73109,Epierre,ED,93.0,121.0,34.0,187.0,6.2723592270545705,147.756445314672,452.1299555525831,162.113599132746,39.03362664447939,18.189253219775875,,21622.0,258.64,35.0,0.2,0.8,0.0,0.0,ED
73110,Esserts-Blay,ED,135.0,115.0,35.0,185.0,24.54205003734864,119.802370905407,454.245300234542,183.952328860051,41.74163209879849,23.228007964390983,24850.0,21622.0,563.22,35.0,0.4,0.6,0.0,0.0,ED
73111,Etable,,,,,,,,,,,,,21622.0,,,0.2,0.4,0.4,0.0,ED
73112,Feissons-sur-Isère,,,,,,,,,,,,,21622.0,,,0.2,0.4,0.4,0.0,ED
73113,Feissons-sur-Salins,G,42.0,36.0,8.0,30.0,40.72296457604259,23.7272727272727,111.71590909090912,38.5568181818182,51.798561151079056,30.935251798561097,25520.0,21622.0,665.8,10.0,0.6,0.0,0.4,0.0,C
73114,Flumet,C,68.0,184.0,72.0,167.0,65.91380464761953,126.878522874992,470.636298872586,200.485178252421,46.50323068037788,28.975601152889563,23130.0,21622.0,627.17,40.0,0.8,0.2,0.0,0.0,C
73116,Fontcouverte-la Toussuire,ED,76.0,151.0,60.0,162.0,91.27042817469209,68.3809856661242,292.32539283530275,121.293621498573,42.11239442177903,22.449888015916112,,21622.0,1303.3,70.0,0.8,0.2,0.0,0.0,C
73117,Fourneaux,ED,94.0,102.0,23.0,108.0,14.186679742111,78.1986120133048,445.4244748022292,177.376913184466,38.67481993225735,21.29206627625953,22020.0,21622.0,,35.0,0.2,0.6,0.2,0.0,ED
73118,Francin,,,,,,,,,,,,,21622.0,,,0.2,0.4,0.4,0.0,ED
73119,Freney,C,18.0,28.0,7.0,24.0,38.79538092963093,19.8467741935484,62.1290322580645,25.0241935483871,40.20618556701027,23.711340206185582,,21622.0,,5.0,0.8,0.2,0.0,0.0,C
73120,Fréterive,C,62.0,128.0,31.0,112.0,6.711409395973154,124.0,375.0,133.0,52.81837160751566,34.65553235908142,25660.0,21622.0,420.49,35.0,0.8,0.2,0.0,0.0,C
73121,Frontenex,ED,236.0,281.0,81.0,375.0,1.546407515707261,342.88566408766,1129.268146440182,444.846189472158,41.74803190697136,24.30479944956109,23260.0,21622.0,,125.0,0.0,1.0,0.0,0.0,ED
73122,Gerbaix,C,84.0,121.0,17.0,101.0,14.133964672635308,76.7677569752051,269.68873998957133,98.5435030352236,60.13041162752904,38.38016710676072,27100.0,21622.0,270.34,25.0,1.0,0.0,0.0,0.0,C
73123,La Giettaz,C,36.0,97.0,44.0,91.0,74.39061082850816,41.650249900135,222.930904318859,114.418845781006,51.873366911776685,28.395200792443887,20570.0,21622.0,767.21,35.0,0.6,0.2,0.2,0.0,C
73124,Gilly-sur-Isère,C,386.0,672.0,212.0,641.0,3.5086861285476454,493.917267813357,1744.3850782196723,870.697653966971,55.19959865100241,36.88107477869266,26700.0,21622.0,117.47,140.0,1.0,0.0,0.0,0.0,C
73127,Gresin,,,,,,,,,,,,,21622.0,,,0.2,0.4,0.4,0.0,ED
73128,Grésy-sur-Aix,C,627.0,1012.0,201.0,841.0,2.3200828266532616,878.752539079333,2980.93146494984,773.315995970817,52.94382281972181,35.60844062395715,26410.0,21622.0,383.43,285.0,0.8,0.2,0.0,0.0,C
73129,Grésy-sur-Isère,ED,191.0,198.0,49.0,303.0,6.432548902276006,211.200642185511,749.046831214386,236.752526600103,45.96854855625235,27.80920592460514,25040.0,21622.0,278.05,75.0,0.2,0.8,0.0,0.0,ED
73130,Grignon,ED,307.0,311.0,89.0,527.0,2.6777184113132333,372.272168280661,1293.207478126551,438.520353592788,36.81942516682778,20.856374879918544,21900.0,21622.0,,125.0,0.0,1.0,0.0,0.0,ED
73131,Hautecour,C,64.0,93.0,10.0,49.0,30.76318983067749,41.5632176409414,188.7420036720937,67.6947786869659,51.1409509212036,35.22354985913008,25390.0,21622.0,317.79,15.0,0.6,0.2,0.2,0.0,C
73132,Hauteluce,ED,88.0,206.0,67.0,248.0,90.4154152400736,85.4431923892901,502.8804421021739,152.676365508535,47.10266202173112,24.257326555572945,22820.0,21622.0,2425.76,80.0,0.8,0.2,0.0,0.0,C
73133,Hauteville,C,62.0,79.0,27.0,77.0,10.467623260525118,57.1596875618064,231.17592591323083,61.6643865249628,60.94026682720142,38.6438061559868,23470.0,21622.0,520.75,15.0,0.4,0.2,0.4,0.0,C
73135,Hermillon,ED,153.0,230.0,85.0,283.0,25.098554533508544,185.0,650.0,256.0,50.650887573964496,29.82248520710059,,21622.0,170.29,40.0,0.4,0.4,0.2,0.0,C
73137,Jacob-Bellecombette,C,618.0,839.0,159.0,445.0,3.479645386169961,481.113022817985,2941.126458656433,917.760518525582,65.66163705860339,49.01979400471336,25720.0,21622.0,105.01,245.0,1.0,0.0,0.0,0.0,C
73138,Jarrier,ED,86.0,121.0,47.0,127.0,46.420815706254906,69.5920198615562,286.0012641816188,146.406715956826,53.50351927225915,34.35204864807533,26000.0,21622.0,295.53,25.0,0.2,0.4,0.4,0.0,ED
73139,Jarsy,C,79.0,85.0,13.0,45.0,55.960264900662246,29.0,146.0,80.0,61.18721461187214,35.61643835616438,22840.0,21622.0,648.73,15.0,0.6,0.2,0.2,0.0,C
73140,Jongieux,C,34.0,88.0,16.0,64.0,11.569589338913609,53.8724465539305,170.2494923130858,59.8780611329837,56.43843410476714,40.725384426968944,27390.0,21622.0,263.37,15.0,1.0,0.0,0.0,0.0,C
73141,Laissaud,C,70.0,161.0,41.0,155.0,2.6706231454005933,158.0,483.0,111.0,55.33453887884268,35.80470162748644,26500.0,21622.0,247.4,35.0,1.0,0.0,0.0,0.0,C
73142,Landry,C,144.0,164.0,36.0,134.0,72.12710699747824,132.290372880146,528.749365664862,148.960261454993,56.17382449604712,33.579882534257216,,21622.0,633.52,75.0,1.0,0.0,0.0,0.0,C
73145,Lépin-le-Lac,C,77.0,101.0,23.0,98.0,29.39199690209062,87.7044863563263,295.9064558147011,82.3890578289716,58.0000667714552,37.95525722580204,26310.0,21622.0,68.12,35.0,0.8,0.2,0.0,0.0,C
73146,Lescheraines,C,137.0,151.0,30.0,108.0,22.133187518887,145.357659265197,492.861721396354,159.780619338449,49.08455487143846,29.32387562760148,23300.0,21622.0,466.36,65.0,0.4,0.2,0.4,0.0,C
73147,Loisieux,C,39.0,50.0,15.0,36.0,17.2142010169762,41.8023762458325,129.8722631965712,52.3253605575963,55.95604671034863,39.38073181439852,28110.0,21622.0,114.58,15.0,1.0,0.0,0.0,0.0,C
73149,Lucey,C,39.0,73.0,12.0,73.0,18.63803104559319,36.581453664351,180.70785295898864,72.7106933766614,48.51513065224355,32.19318675632114,,21622.0,10.13,25.0,0.6,0.2,0.2,0.0,C
73150,La Plagne Tarentaise,C,624.0,1009.0,307.0,693.0,83.7978395171751,638.799047810535,2531.6295798279853,654.57137236148,52.276657982402384,31.49547056795614,23700.0,21622.0,1509.5,415.0,1.0,0.0,0.0,0.0,C
73151,Les Marches,C,551.0,929.0,158.0,653.0,5.546218487394958,763.0,2451.0,730.0,61.723309303123926,43.97528321318229,,21622.0,925.13,190.0,0.8,0.2,0.0,0.0,C
73152,Marcieux,C,52.0,66.0,11.0,35.0,12.617024522713365,47.0082644628099,137.1074380165289,52.8842975206612,66.84782608695659,43.47826086956526,26050.0,21622.0,,10.0,0.6,0.4,0.0,0.0,C
73153,Marthod,ED,197.0,262.0,71.0,347.0,4.943417742615424,216.106427729018,808.117674753013,317.775897517969,48.0406074353698,28.61067841756385,25770.0,21622.0,427.79,60.0,0.0,1.0,0.0,0.0,ED
73154,Mercury,C,471.0,809.0,184.0,699.0,3.7856726849155504,620.0,2090.0,761.0,62.69054878048781,42.91158536585366,27330.0,21622.0,1011.04,165.0,1.0,0.0,0.0,0.0,C
73155,Méry,C,310.0,484.0,99.0,400.0,1.206978068564904,453.232616053851,1360.507198213054,329.260185733095,69.16426016060997,49.24489780043235,28450.0,21622.0,838.39,115.0,1.0,0.0,0.0,0.0,C
73156,Meyrieux-Trouet,ED,44.0,67.0,32.0,81.0,16.98305214791187,71.0297957996064,193.7511489168845,72.2190552835091,51.517750936642784,35.47731088644848,23990.0,21622.0,681.95,20.0,0.2,0.6,0.2,0.0,ED
73157,Modane,C,332.0,536.0,90.0,421.0,41.82532487156241,383.0,1583.0,913.0,44.01893287435456,24.612736660929432,22230.0,21622.0,19.54,180.0,0.2,0.6,0.2,0.0,ED
73159,Les Mollettes,ED,122.0,166.0,30.0,200.0,3.670434109169608,186.186662342466,561.052288702416,122.76104895512,47.546171961448245,29.84791239516022,24390.0,21622.0,159.53,50.0,0.4,0.6,0.0,0.0,ED
73160,Montagnole,C,137.0,283.0,53.0,219.0,5.930095415988795,148.929925097218,613.716711231594,237.353363671188,60.94272131323228,42.81337603946082,27980.0,21622.0,149.18,50.0,1.0,0.0,0.0,0.0,C
73161,Montagny,ED,76.0,138.0,52.0,142.0,39.72251432845209,112.578359448422,403.832994340042,142.588646211535,39.40814183993044,23.597033792233496,22250.0,21622.0,299.72,45.0,0.4,0.6,0.0,0.0,ED
73162,Montailleur,ED,111.0,125.0,30.0,157.0,10.064682910659332,109.513762363178,425.34804611762,129.138191519202,47.35125548510602,30.134461696767566,26510.0,21622.0,179.07,25.0,0.4,0.6,0.0,0.0,ED
73164,Montcel,C,186.0,258.0,54.0,211.0,17.362270450751254,210.0,715.0,165.0,64.5398773006135,45.52147239263803,24970.0,21622.0,531.99,85.0,0.6,0.0,0.4,0.0,C
73166,Montendry,G,16.0,12.0,2.0,11.0,39.84655053141316,6.48148148148148,37.03703703703704,6.48148148148148,34.88372093023256,20.93023255813953,,21622.0,,0.0,0.4,0.4,0.2,0.0,C
73168,Montgilbert,ED,22.0,17.0,5.0,30.0,49.218537714487056,15.1315789473684,69.6052631578948,30.2631578947368,47.82608695652181,28.260869565217444,21510.0,21622.0,13.43,10.0,0.2,0.4,0.4,0.0,ED
73170,Monthion,ED,84.0,82.0,27.0,166.0,5.442779074235161,91.4205756567981,340.23002416734755,88.3494001758543,42.01015415524695,22.981135353733087,25670.0,21622.0,,30.0,0.0,1.0,0.0,0.0,ED
73171,Montmélian,ED,515.0,553.0,86.0,558.0,1.97203017313,686.488828968371,2483.392922787732,871.118248243897,41.48747737069401,24.79192024055852,21010.0,21622.0,25.95,345.0,0.2,0.8,0.0,0.0,ED
73173,Montricher-Albanne,C,98.0,118.0,30.0,112.0,54.78614372741448,63.1899385353344,303.9639519900526,109.846109474614,50.70472694680868,26.390921255973044,24110.0,21622.0,196.44,40.0,0.8,0.0,0.2,0.0,C
73175,Montsapey,ED,26.0,36.0,5.0,37.0,72.78053053738131,12.7692307692307,36.1794871794871,34.0512820512819,37.50000000000002,28.125000000000018,,21622.0,74.17,5.0,0.2,0.4,0.4,0.0,ED
73176,Montvalezan,C,87.0,185.0,77.0,122.0,85.99639049436153,107.76740982747,505.7898123834789,115.44277778905,56.60174615859143,37.85822118057994,22330.0,21622.0,846.07,85.0,1.0,0.0,0.0,0.0,C
73177,Montvernier,C,55.0,58.0,10.0,48.0,33.46441475270498,35.210411876411,150.7847145967998,51.0048735267892,60.702098837489,39.83388821691569,26510.0,21622.0,208.17,15.0,0.8,0.0,0.2,0.0,C
73178,La Motte-en-Bauges,G,130.0,112.0,21.0,108.0,28.7103101164064,103.290614780422,321.62027584286045,89.0891093767165,57.82925171660387,42.58452736643171,24960.0,21622.0,701.8,40.0,0.4,0.0,0.6,0.0,G
73179,La Motte-Servolex,C,1601.0,2895.0,606.0,2072.0,1.586348622319253,1963.857375227196,7259.422484219719,2943.720140553084,57.11882019352967,38.696071282907965,26440.0,21622.0,1188.09,625.0,1.0,0.0,0.0,0.0,C
73180,Motz,ED,88.0,93.0,24.0,104.0,15.267089981899378,71.1146269633457,288.6729965241563,107.212376512498,45.64829300399695,28.68611091562667,26480.0,21622.0,380.83,30.0,0.2,0.8,0.0,0.0,ED
73181,Moûtiers,ED,317.0,409.0,101.0,423.0,10.173913043478262,581.0,2224.0,677.0,38.67851622874807,20.67233384853169,19280.0,21622.0,296.39,430.0,0.2,0.6,0.2,0.0,ED
73182,Mouxy,C,292.0,635.0,134.0,449.0,4.30649009197431,407.454319976143,1328.159829486272,555.385850537585,63.9677205956928,46.03025120128639,28930.0,21622.0,78.41,115.0,1.0,0.0,0.0,0.0,C
73183,Myans,C,165.0,346.0,75.0,264.0,4.18680962258362,220.505342862874,798.7450117599371,274.749645377189,59.61021983713695,43.00324659445698,27530.0,21622.0,289.54,75.0,1.0,0.0,0.0,0.0,C
73184,Nances,C,83.0,130.0,22.0,123.0,12.973186472434277,107.491665676428,341.3607605296347,85.1475737939373,65.6557914174011,44.16734472077324,27650.0,21622.0,215.13,40.0,0.8,0.2,0.0,0.0,C
73186,Notre-Dame-de-Bellecombe,C,42.0,140.0,53.0,83.0,88.43458562515875,55.3843371045077,291.86832411168825,120.747338783803,53.51513754037882,33.24564497700786,23680.0,21622.0,476.38,35.0,1.0,0.0,0.0,0.0,C
73187,La Léchère,ED,463.0,425.0,138.0,586.0,46.42719196601004,415.0,1593.0,528.0,39.403136064744565,20.33383915022761,21740.0,21622.0,1555.46,225.0,0.2,0.8,0.0,0.0,ED
73188,Notre-Dame-des-Millières,ED,127.0,147.0,37.0,269.0,12.184704008741198,164.789783534522,638.772619047483,196.437597417994,41.79442255899348,24.26861419172182,24340.0,21622.0,163.83,55.0,0.0,0.8,0.2,0.0,ED
73189,Notre-Dame-du-Cruet,ED,28.0,32.0,7.0,84.0,21.864066952695843,26.9329605159121,145.3846671038525,48.6823723802354,52.19940411371321,31.61917594871047,26790.0,21622.0,85.21,10.0,0.8,0.2,0.0,0.0,C
73190,Notre-Dame-du-Pré,C,29.0,56.0,12.0,54.0,50.0,42.0,142.0,72.0,47.02970297029702,30.69306930693069,25040.0,21622.0,204.65,20.0,0.4,0.0,0.6,0.0,G
73191,Novalaise,C,342.0,581.0,96.0,383.0,10.034927834213809,435.599472740534,1326.224602344363,481.175924915103,58.67972387839253,43.14063027642446,27140.0,21622.0,281.67,120.0,0.8,0.2,0.0,0.0,C
73192,Le Noyer,G,55.0,52.0,9.0,35.0,26.771605419993115,41.973073147401,134.10789939501808,43.9190274575809,64.31829297219424,47.74276281879392,21920.0,21622.0,50.9,15.0,0.0,0.0,1.0,0.0,G
73193,Ontex,C,12.0,24.0,4.0,19.0,29.878367286023373,12.0476190476191,61.333333333333606,18.6190476190477,74.62686567164178,50.74626865671641,,21622.0,152.44,5.0,0.6,0.0,0.4,0.0,C
73194,Orelle,ED,46.0,77.0,15.0,81.0,65.61325521256228,49.0791181048004,190.51952709896108,81.4013547962375,45.90995122617628,31.13420554024264,24040.0,21622.0,,10.0,0.8,0.0,0.2,0.0,C
73196,Pallud,C,118.0,183.0,48.0,167.0,8.589759175413736,143.875457743321,445.694928373256,202.429613883422,55.02574301113668,34.40793255925635,26380.0,21622.0,305.94,35.0,0.8,0.2,0.0,0.0,C
73197,Peisey-Nancroix,C,88.0,208.0,49.0,80.0,78.92234829899715,105.513809226225,399.79821509791697,127.687975675858,57.66957167770106,36.98349961795394,22460.0,21622.0,2194.42,85.0,1.0,0.0,0.0,0.0,C
73200,Planaise,C,89.0,133.0,22.0,91.0,1.9954440919642005,121.041823844383,353.79568844458583,83.1624877110312,60.61541869977764,34.25378342785133,26730.0,21622.0,212.16,25.0,1.0,0.0,0.0,0.0,C
73201,Planay,ED,39.0,70.0,26.0,81.0,38.92617449664429,78.0,279.0,84.0,52.50737463126843,27.43362831858407,,21622.0,608.68,35.0,0.4,0.2,0.4,0.0,C
73202,Plancherine,C,87.0,103.0,28.0,74.0,17.368810831095736,79.6755374642492,298.1340624956318,84.190400040119,63.08215662127028,43.06754264382799,28720.0,21622.0,105.33,30.0,0.6,0.4,0.0,0.0,C
73203,Pontamafrey-Montpascal,,,,,,,,,,,,,21622.0,,,0.2,0.4,0.4,0.0,ED
73204,Le Pont-de-Beauvoisin,ED,265.0,251.0,54.0,358.0,1.4749657515518573,347.859507500082,1211.426054717671,546.714437782247,41.37190356755804,25.867751973804754,22180.0,21622.0,9.15,165.0,0.0,1.0,0.0,0.0,ED
73205,Le Pontet,ED,20.0,29.0,11.0,37.0,52.11267605633802,18.0,84.0,31.0,48.18181818181818,31.818181818181817,24030.0,21622.0,6.52,5.0,0.6,0.0,0.4,0.0,C
73206,Pralognan-la-Vanoise,C,110.0,193.0,63.0,105.0,80.367907910645,93.2171250888437,455.81668685717233,150.966188053984,58.108303683757455,36.216700924456646,22480.0,21622.0,739.36,80.0,1.0,0.0,0.0,0.0,C
73207,Presle,ED,77.0,95.0,25.0,109.0,29.8128530292184,61.8104705586204,280.3428777824467,91.8466516589329,39.24601363373986,25.40050056615373,24890.0,21622.0,253.49,25.0,0.4,0.6,0.0,0.0,ED
73208,Pugny-Chatenod,C,129.0,337.0,69.0,160.0,22.628951747088184,177.0,611.0,272.0,75.61274509803921,60.5392156862745,32040.0,21622.0,200.59,50.0,0.8,0.0,0.2,0.0,C
73210,Puygros,C,54.0,113.0,28.0,91.0,13.120442995028306,67.7580384544157,248.66230784988133,58.579653695703,53.71987108837391,37.87332968207984,26000.0,21622.0,544.77,25.0,0.4,0.4,0.2,0.0,C
73211,Queige,G,206.0,204.0,41.0,192.0,34.47293447293448,145.0,554.0,202.0,54.15512465373962,36.011080332409975,24480.0,21622.0,409.04,60.0,0.4,0.0,0.6,0.0,G
73212,Randens,ED,236.0,269.0,67.0,391.0,5.198237885462556,368.0,1198.0,443.0,43.32010582010582,20.8994708994709,,21622.0,1.42,100.0,0.0,1.0,0.0,0.0,ED
73213,La Ravoire,C,1301.0,1773.0,371.0,1409.0,1.6703663600150365,1544.501060844551,5651.479344231879,1958.01959492357,53.51308675963365,36.32863924042189,24520.0,21622.0,33.82,620.0,1.0,0.0,0.0,0.0,C
73214,Rochefort,C,34.0,66.0,22.0,59.0,11.429335375575455,49.5741204153307,156.0658289940901,44.3600505905792,62.9741608441321,36.99461929918754,20380.0,21622.0,565.36,10.0,0.2,0.0,0.8,0.0,G
73215,La Rochette,ED,485.0,687.0,157.0,771.0,2.780395852968897,814.0,2398.0,973.0,47.01540436456996,27.02182284980745,,21622.0,402.82,240.0,0.2,0.8,0.0,0.0,ED
73216,Rognaix,ED,58.0,63.0,18.0,143.0,15.932853668929535,80.3408903287594,322.1112798719649,84.5478297992757,38.32946021721983,18.279570826849607,23930.0,21622.0,318.81,35.0,0.4,0.6,0.0,0.0,ED
73217,Rotherens,C,39.0,83.0,10.0,68.0,1.9871171387722049,75.0668479722805,249.3546623660989,50.5784896616206,51.67081115712596,31.545227022061862,25850.0,21622.0,6.29,15.0,0.4,0.6,0.0,0.0,ED
73218,Ruffieux,C,122.0,182.0,52.0,173.0,14.165928130006536,144.876280746825,517.628312897519,145.495406355657,48.52434540763063,27.25931533074985,24860.0,21622.0,48.93,55.0,0.6,0.2,0.2,0.0,C
73219,Saint-Alban-de-Montbel,C,125.0,189.0,25.0,95.0,14.647166654028162,160.458787984255,400.189111815884,124.35210019986,66.1044931030015,47.88925200027162,27890.0,21622.0,138.72,45.0,1.0,0.0,0.0,0.0,C
73220,Saint-Alban-des-Hurtières,ED,88.0,93.0,14.0,95.0,42.76060192173293,65.5242716152412,228.2236836823144,93.2520447024444,54.94913770009877,35.40091594621299,,21622.0,78.22,20.0,0.2,0.4,0.4,0.0,ED
73221,Saint-Alban-des-Villards,C,33.0,43.0,13.0,40.0,68.05047015983638,13.0,41.0,34.0,65.71428571428571,41.42857142857143,,21622.0,,0.0,0.6,0.0,0.4,0.0,C
73222,Saint-Alban-Leysse,C,1008.0,1533.0,303.0,1168.0,1.847201210821484,987.514008955947,4093.4560308241057,1508.029960219937,55.79509705017705,37.94708122556927,26200.0,21622.0,20.27,415.0,1.0,0.0,0.0,0.0,C
73223,Saint-André,ED,76.0,97.0,39.0,125.0,47.997412553695575,79.8044150753694,260.0231586729336,107.172426251697,46.67409230646086,28.33454384795425,,21622.0,587.67,15.0,0.2,0.6,0.2,0.0,ED
73224,Saint-Avre,ED,111.0,96.0,40.0,211.0,9.910914506515404,161.852504162804,554.6211467770661,178.526349060129,40.177615195334056,22.893744345270186,24970.0,21622.0,1036.37,55.0,0.2,0.8,0.0,0.0,ED
73225,Saint-Baldoph,C,456.0,703.0,167.0,578.0,2.425191430089682,434.137568747768,1674.525882703889,718.336548548343,61.64468569863778,45.90804948940367,28510.0,21622.0,102.86,175.0,1.0,0.0,0.0,0.0,C
73226,Saint-Béron,ED,259.0,277.0,59.0,392.0,4.848629649917035,313.477739966277,1067.853578250149,338.668681783574,42.91034282986331,22.951922410377527,23360.0,21622.0,154.71,90.0,0.0,1.0,0.0,0.0,ED
73227,Courchevel,C,231.0,574.0,170.0,445.0,84.38489725450488,366.384259733469,1546.622758288106,381.992981978425,59.05561873140712,37.92320709107143,23170.0,21622.0,320.88,255.0,1.0,0.0,0.0,0.0,C
73228,Saint-Cassin,C,138.0,201.0,37.0,180.0,2.641828031150552,244.0770288129,592.4908128773479,172.432158309752,59.46185931829996,38.48632837973066,26050.0,21622.0,599.69,40.0,0.4,0.6,0.0,0.0,ED
73229,Saint-Christophe-La-Grotte,ED,61.0,108.0,25.0,136.0,10.943592364198205,89.1200860345325,288.0816318082255,160.798282157242,51.26656199504117,28.19746783807318,,21622.0,276.21,30.0,0.2,0.6,0.2,0.0,ED
73230,Saint-Colomban-des-Villards,C,44.0,76.0,27.0,64.0,82.77036305529829,14.4755244755245,70.4475524475524,53.0769230769231,54.09836065573759,36.88524590163924,20540.0,21622.0,1424.05,10.0,0.8,0.2,0.0,0.0,C
73231,Saint-Etienne-de-Cuines,ED,179.0,174.0,71.0,278.0,24.15712477728541,213.470131959899,688.376347361188,291.153520678913,42.29419104804714,22.749963371238174,,21622.0,260.2,70.0,0.4,0.6,0.0,0.0,ED
73232,Sainte-Foy-Tarentaise,C,74.0,197.0,78.0,125.0,72.56898523416471,90.3108955839127,456.7243624682293,142.964741947858,52.58210080908703,34.22236554423395,21890.0,21622.0,1566.88,70.0,0.8,0.2,0.0,0.0,C
73233,Saint-Franc,C,39.0,57.0,10.0,20.0,15.85538320296244,25.5031837528044,97.12739071479,32.3694255324056,62.99780348219285,44.10306483480208,21460.0,21622.0,252.99,10.0,0.6,0.4,0.0,0.0,C
73234,Saint-François-de-Sales,C,36.0,51.0,4.0,35.0,39.66344720310224,22.8757651643632,126.2282795995218,26.895955236115,56.5877393636589,38.48057389106516,23950.0,21622.0,299.77,20.0,0.4,0.0,0.6,0.0,G
73235,Saint François Longchamp,C,73.0,139.0,54.0,115.0,90.27024157855732,70.3301775599376,291.7410201472524,124.92880229281,59.420019737971074,35.5686579804565,21630.0,21622.0,1080.63,45.0,1.0,0.0,0.0,0.0,C
73236,Saint-Genix-sur-Guiers,C,440.0,594.0,118.0,587.0,6.840798254172602,539.058790989838,1790.6483479166889,698.292861093473,50.78583724679918,32.03967554094354,,21622.0,690.59,210.0,0.6,0.4,0.0,0.0,C
73237,Saint-Georges-des-Hurtières,G,104.0,50.0,17.0,63.0,30.42071197411003,82.0,226.0,101.0,54.285714285714285,34.6031746031746,,21622.0,,20.0,0.6,0.2,0.2,0.0,C
73240,Sainte-Hélène-du-Lac,C,148.0,202.0,37.0,189.0,7.111992174928518,169.479787339574,526.1135105727591,139.406702087667,62.30459174117083,43.3920679949365,27590.0,21622.0,318.17,45.0,0.8,0.2,0.0,0.0,C
73241,Sainte-Hélène-sur-Isère,ED,159.0,233.0,69.0,311.0,5.826621934759698,223.895915545878,787.063688405918,216.040396048204,49.11530435134155,26.0421243962596,24490.0,21622.0,693.26,70.0,0.4,0.6,0.0,0.0,ED
73242,Saint-Jean-d'Arves,ED,55.0,58.0,24.0,75.0,87.31424270751819,42.758388208286,193.8169026477819,34.4247091439311,49.57212463058095,33.60416253455773,20440.0,21622.0,1896.8,40.0,0.8,0.2,0.0,0.0,C
73243,Saint-Jean-d'Arvey,C,393.0,426.0,80.0,287.0,4.442510121575504,299.618382948957,1086.689957953519,317.691659097524,66.5147069439587,50.73741537082469,27680.0,21622.0,7.41,100.0,1.0,0.0,0.0,0.0,C
73244,Saint-Jean-de-Belleville,,,,,,,,,,,,,21622.0,,,0.2,0.4,0.4,0.0,ED
73245,Saint-Jean-de-Chevelu,C,115.0,176.0,37.0,174.0,12.93705604213672,168.543394689782,525.798564927557,142.65804038266,59.80157964285421,37.96619489790042,25150.0,21622.0,515.26,55.0,0.8,0.2,0.0,0.0,C
73246,Saint-Jean-de-Couz,C,55.0,62.0,12.0,60.0,5.831732838740897,59.8718718621934,208.0012008384488,35.1269272993578,50.20856099938917,27.94758934851296,23680.0,21622.0,11.33,10.0,0.6,0.4,0.0,0.0,C
73247,Saint-Jean-de-la-Porte,C,179.0,226.0,33.0,159.0,7.523466705410628,193.292085881907,596.1037025261869,187.604211591906,59.16575798275298,38.79109880524325,25780.0,21622.0,279.42,55.0,0.6,0.4,0.0,0.0,C
73248,Saint-Jean-de-Maurienne,ED,859.0,963.0,306.0,1196.0,4.13706337806885,1094.349809583716,4264.664645306377,2164.985545109897,38.75744459199356,21.817709575155,21840.0,21622.0,2155.54,395.0,0.8,0.2,0.0,0.0,C
73249,Saint-Jeoire-Prieuré,C,214.0,416.0,90.0,353.0,1.9454515783701165,388.853799708384,1264.477625104001,311.668575187615,64.61938567243794,45.59132333216599,26270.0,21622.0,133.57,105.0,1.0,0.0,0.0,0.0,C
73250,Saint-Julien-Mont-Denis,ED,264.0,236.0,64.0,389.0,16.567460317460316,223.0,863.0,424.0,48.66666666666667,28.25,24340.0,21622.0,514.3,55.0,0.2,0.4,0.4,0.0,ED
73252,Saint-Léger,ED,37.0,36.0,10.0,81.0,19.23259804926958,37.5118828378885,145.39847752131433,73.0896396407982,39.83287228125646,18.218565943206976,,21622.0,13.41,5.0,0.4,0.6,0.0,0.0,ED
73253,Saint-Marcel,ED,77.0,72.0,17.0,105.0,14.393939393939394,103.0,384.0,128.0,39.78947368421053,19.57894736842105,25130.0,21622.0,19.32,50.0,0.0,1.0,0.0,0.0,ED
73254,Sainte-Marie-d'Alvey,C,24.0,33.0,10.0,29.0,26.35617919701529,18.6861313868613,82.2189781021898,27.0948905109489,59.25925925925944,41.66666666666678,26550.0,21622.0,348.56,5.0,0.6,0.2,0.2,0.0,C
73255,Sainte-Marie-de-Cuines,ED,119.0,113.0,40.0,222.0,13.273254834370796,161.646135892669,531.696560094583,146.657304012748,46.87722395839268,23.35433597279532,23880.0,21622.0,326.57,35.0,0.2,0.8,0.0,0.0,ED
73256,Saint-Martin-d'Arc,ED,34.0,49.0,11.0,79.0,30.510603828324346,46.9652755933488,169.06749602945155,85.9672283772007,33.929359884589125,12.90843178614692,21650.0,21622.0,,15.0,0.2,0.6,0.2,0.0,ED
73257,Les Belleville,C,442.0,1008.0,224.0,559.0,88.52700486270524,591.671292815776,2376.3307539072,519.997953277024,57.53537091122477,37.007637908491695,23230.0,21622.0,3476.55,405.0,1.0,0.0,0.0,0.0,C
73258,Saint-Martin-de-la-Porte,C,148.0,161.0,28.0,141.0,31.90179323145213,95.4058077236268,404.0498880074822,192.544304268891,47.70483920249129,25.13392219523428,23860.0,21622.0,,35.0,0.0,0.4,0.6,0.0,G
73259,Saint-Martin-sur-la-Chambre,C,51.0,132.0,18.0,124.0,24.185646653205403,78.393732955978,311.561705977767,140.044561066255,55.53735351689263,34.326392001897474,27260.0,21622.0,46.97,30.0,0.8,0.2,0.0,0.0,C
73260,Saint-Maurice-de-Rotherens,,,,,,,,,,,,,21622.0,,,0.2,0.4,0.4,0.0,ED
73261,Saint-Michel-de-Maurienne,ED,372.0,408.0,98.0,451.0,24.151858666091435,388.904024272426,1332.0773869235072,711.018588804067,43.23239421396349,23.83278147675645,22700.0,21622.0,708.18,105.0,0.0,1.0,0.0,0.0,ED
73262,Saint-Nicolas-la-Chapelle,C,52.0,128.0,39.0,104.0,58.44745510198786,102.362893983069,281.239235853918,106.397870163013,51.41859371031884,30.669407658083337,,21622.0,513.29,30.0,0.8,0.0,0.2,0.0,C
73263,Saint-Offenge,C,151.0,285.0,54.0,218.0,10.0,259.0,712.0,192.0,67.31001206272617,50.542822677925216,27230.0,21622.0,486.01,55.0,1.0,0.0,0.0,0.0,C
73265,Saint-Ours,C,119.0,200.0,33.0,124.0,4.474298947261439,152.970265175796,503.5278873833471,103.501847440857,61.38474194576412,43.950746781375685,23620.0,21622.0,494.93,45.0,0.8,0.2,0.0,0.0,C
73266,Saint-Oyen,,,,,,,,,,,,,21622.0,,,0.2,0.4,0.4,0.0,ED
73267,Saint-Pancrace,ED,52.0,68.0,15.0,93.0,58.61416515214014,49.8617344366749,196.54412937908936,58.5941361842357,58.56833041911699,32.93283398987406,22470.0,21622.0,19.6,15.0,0.4,0.4,0.2,0.0,C
73268,Saint-Paul-sur-Isère,ED,84.0,70.0,20.0,98.0,32.05883579196357,92.4264987383599,322.0349722573441,118.538529004296,45.30562721204072,23.88409084078706,24820.0,21622.0,215.61,30.0,0.2,0.6,0.2,0.0,ED
73269,Saint-Paul sur Yenne,C,95.0,173.0,31.0,160.0,6.174793326959472,163.400395974081,469.295825813958,117.303778211961,56.6313092071126,35.63954193590988,,21622.0,587.24,35.0,0.6,0.4,0.0,0.0,C
73270,Saint-Pierre-d'Albigny,C,628.0,890.0,141.0,668.0,6.790469394016231,726.347848750084,2466.3984515284465,982.253699721469,49.47066009089292,33.08532035665818,25030.0,21622.0,300.44,255.0,0.8,0.2,0.0,0.0,C
73271,Saint-Pierre-d'Alvey,C,56.0,88.0,9.0,48.0,19.81505354141568,61.4392443463962,184.245993357894,63.3147622957098,62.33722031218954,45.501456916172536,26500.0,21622.0,431.74,10.0,0.6,0.4,0.0,0.0,C
73272,Saint-Pierre-de-Belleville,ED,28.0,31.0,15.0,64.0,23.56647187728267,31.6404494382022,104.80898876404498,39.5505617977528,35.11450381679402,19.84732824427489,23450.0,21622.0,0.0,10.0,0.2,0.8,0.0,0.0,ED
73273,Saint-Pierre-de-Curtille,ED,40.0,71.0,23.0,91.0,19.82839223284652,98.6828092255445,312.41275726977074,76.9044335046848,52.45614902136313,37.0643041571963,23490.0,21622.0,370.77,25.0,0.2,0.4,0.4,0.0,ED
73274,Saint-Pierre-d'Entremont,C,72.0,102.0,20.0,64.0,46.881889680962985,55.1903779713526,249.099345507816,99.7102765208314,59.39485734354144,40.466597595230816,22830.0,21622.0,204.55,45.0,1.0,0.0,0.0,0.0,C
73275,Saint-Pierre-de-Genebroz,C,57.0,81.0,16.0,81.0,10.686343491548184,52.0307279967584,211.3441558307121,63.6251161725295,46.798975623120334,28.839021033927004,25920.0,21622.0,858.92,25.0,0.6,0.4,0.0,0.0,C
73276,Saint-Pierre-de-Soucy,ED,73.0,90.0,25.0,110.0,13.044853722971208,73.6417180124031,258.138728919387,91.2195530682099,52.82266330720059,31.30154611549739,25230.0,21622.0,553.87,25.0,0.4,0.6,0.0,0.0,ED
73277,Sainte-Reine,C,25.0,52.0,11.0,29.0,31.81178247892624,36.5697674418605,89.94186046511619,43.4883720930233,48.437499999999936,26.56249999999995,,21622.0,417.98,5.0,0.2,0.4,0.4,0.0,ED
73278,Saint-Rémy-de-Maurienne,ED,141.0,229.0,67.0,361.0,16.327155233621976,202.207821187041,794.888016752609,265.90416206035,45.71839555789799,23.22002009850381,24410.0,21622.0,1221.96,65.0,0.4,0.4,0.2,0.0,C
73280,Saint-Sorlin-d'Arves,C,79.0,106.0,42.0,88.0,89.35286750289615,47.8320371753375,235.8287985525721,63.3391642720914,46.45265797045656,24.69282676588108,21120.0,21622.0,501.57,50.0,1.0,0.0,0.0,0.0,C
73281,Saint-Sulpice,C,102.0,235.0,39.0,188.0,4.594594594594595,149.0,494.0,177.0,65.91639871382637,47.2668810289389,23240.0,21622.0,144.03,35.0,0.6,0.4,0.0,0.0,C
73282,Saint-Thibaud-de-Couz,ED,162.0,219.0,46.0,239.0,3.1746031746031744,250.0,678.0,169.0,58.0602883355177,33.68283093053736,24530.0,21622.0,458.08,55.0,0.2,0.8,0.0,0.0,ED
73283,Saint-Vital,ED,110.0,122.0,42.0,160.0,4.2042042042042045,135.0,470.0,156.0,46.97754749568221,29.879101899827287,25050.0,21622.0,124.25,40.0,0.2,0.8,0.0,0.0,ED
73284,Salins-Fontaine,C,117.0,195.0,58.0,164.0,15.859276801478044,107.262807885299,555.1886029307921,296.548589183911,51.38030063284009,30.47183954479903,24930.0,21622.0,12.14,75.0,0.6,0.2,0.2,0.0,C
73285,Séez,C,302.0,477.0,98.0,401.0,20.325732899022803,395.0,1589.0,476.0,52.935064935064936,30.75324675324676,23620.0,21622.0,867.67,220.0,0.6,0.4,0.0,0.0,C
73286,Serrières-en-Chautagne,ED,163.0,160.0,50.0,288.0,12.66010642807248,235.950790824986,723.1453608851509,201.903848289863,43.290239963695605,22.920793043090377,23960.0,21622.0,208.32,80.0,0.0,1.0,0.0,0.0,ED
73288,Sonnaz,C,277.0,479.0,93.0,342.0,1.2600482794849035,459.636788739129,1323.8194218504511,322.54378941042,64.48282810386621,45.67817034784055,28180.0,21622.0,189.38,110.0,1.0,0.0,0.0,0.0,C
73289,La Table,ED,59.0,69.0,27.0,109.0,25.060043856346308,68.032719971767,292.5246029073441,71.4426771208889,55.51838866338088,33.158724665640925,23680.0,21622.0,92.8,30.0,0.0,0.8,0.2,0.0,ED
73290,Val Cenis,C,295.0,576.0,197.0,394.0,77.80433528888997,344.326747342841,1233.468181839076,514.205070818083,57.66945907932315,35.57587157290305,,21622.0,6245.82,180.0,1.0,0.0,0.0,0.0,C
73292,Thénésol,ED,56.0,54.0,14.0,83.0,11.320754716981131,58.0,197.0,63.0,51.037344398340245,33.19502074688796,26390.0,21622.0,146.4,15.0,0.6,0.4,0.0,0.0,C
73293,Thoiry,C,100.0,140.0,7.0,88.0,14.678542805866227,94.9450159449923,289.0368125400436,70.0181715149641,63.68703791456455,47.336009322392464,38950.0,21622.0,507.89,30.0,1.0,0.0,0.0,0.0,C
73294,La Thuile,G,78.0,70.0,21.0,72.0,17.952544888387187,85.679084565704,218.3123926204092,44.0085228138869,69.44599267045773,48.51718663376664,25460.0,21622.0,343.53,35.0,0.8,0.0,0.2,0.0,C
73296,Tignes,C,267.0,426.0,81.0,289.0,85.30484263407209,373.376564004436,1407.979930134468,171.643505861096,68.99955445335519,45.36194264167449,21430.0,21622.0,326.57,290.0,1.0,0.0,0.0,0.0,C
73297,Tournon,C,95.0,126.0,40.0,114.0,4.397477657409325,102.347209702986,348.11706195367503,126.53572834334,44.94590456639826,30.14923275125848,25320.0,21622.0,145.39,35.0,0.4,0.6,0.0,0.0,ED
73298,Tours-en-Savoie,ED,128.0,133.0,53.0,248.0,5.25046574149159,130.3614279784,539.698545128986,234.940026892614,41.56439733064033,22.36865532400158,25690.0,21622.0,152.6,45.0,0.0,1.0,0.0,0.0,ED
73299,Traize,C,47.0,75.0,30.0,58.0,16.20783387395812,67.0815461456637,208.7723036120917,60.1461502422445,53.337008230077465,32.665067749842166,24150.0,21622.0,529.81,15.0,0.2,0.8,0.0,0.0,ED
73300,Tresserve,C,278.0,832.0,216.0,504.0,13.28659826493077,389.917632620079,1555.236200324586,981.846167055335,61.290554965565136,45.57165454082087,29640.0,21622.0,,185.0,1.0,0.0,0.0,0.0,C
73301,Trévignin,C,89.0,207.0,37.0,174.0,4.73829530275144,156.550884902208,565.311829141704,139.13728595609,61.45113207508051,43.03847307074111,27690.0,21622.0,253.19,40.0,0.8,0.2,0.0,0.0,C
73302,La Trinité,C,50.0,77.0,18.0,77.0,9.03954802259887,84.0,221.0,75.0,49.82078853046595,31.899641577060933,22350.0,21622.0,76.1,15.0,0.6,0.4,0.0,0.0,C
73303,Ugine,ED,854.0,1102.0,265.0,1447.0,7.317073170731707,1180.0,4288.0,1694.0,38.55640188610809,20.96481682988756,22420.0,21622.0,961.81,510.0,0.2,0.8,0.0,0.0,ED
73304,Val-d'Isère,C,163.0,481.0,146.0,228.0,88.10878295649339,248.09483348773,1100.468494053178,223.436672459092,61.71872300018399,37.23501819867418,23400.0,21622.0,1125.39,210.0,1.0,0.0,0.0,0.0,C
73306,Valloire,C,113.0,400.0,109.0,250.0,85.14270832481756,168.666041672699,648.2160904262789,257.117867901022,55.44245359859408,34.860146468003755,22730.0,21622.0,1659.03,115.0,0.8,0.2,0.0,0.0,C
73307,Valmeinier,C,80.0,103.0,56.0,88.0,87.373143454573,74.7332427080815,443.8986936570186,59.3680636348989,65.091660730143,38.69589602864504,22330.0,21622.0,218.27,40.0,1.0,0.0,0.0,0.0,C
73308,Venthon,ED,100.0,108.0,26.0,160.0,5.076835222361854,93.2778156297864,381.95929343308967,131.762890937124,39.57594872073509,21.987786535644567,23820.0,21622.0,4.0,40.0,0.0,1.0,0.0,0.0,ED
73309,Verel-de-Montbel,ED,53.0,64.0,14.0,72.0,6.41025641025641,66.0,205.0,68.0,51.181102362204726,32.677165354330704,24760.0,21622.0,241.97,15.0,0.4,0.4,0.2,0.0,C
73310,Verel-Pragondran,C,97.0,161.0,32.0,99.0,3.264191535825266,127.141289524816,347.958112394725,110.900598080459,71.02381830153895,55.108567992759525,,21622.0,153.22,30.0,0.6,0.2,0.2,0.0,C
73311,Le Verneil,ED,20.0,18.0,3.0,24.0,37.77777777777778,10.0,60.0,19.0,50.70422535211267,32.3943661971831,,21622.0,13.48,10.0,0.4,0.2,0.4,0.0,C
73312,Verrens-Arvey,C,127.0,240.0,51.0,189.0,5.88235294117647,188.0,571.0,199.0,59.72413793103448,38.3448275862069,26390.0,21622.0,187.09,55.0,0.6,0.4,0.0,0.0,C
73313,Verthemex,ED,41.0,46.0,12.0,47.0,15.299817927466147,52.9828101505074,142.6029686152756,44.414221234217,60.227415280248685,40.70235366724496,22680.0,21622.0,273.42,20.0,0.2,0.4,0.4,0.0,ED
73314,Villard-d'Héry,C,48.0,66.0,27.0,57.0,9.232718325093623,52.4078324187802,172.8082642007121,38.7839033805077,55.62325843617153,37.70402777371289,28560.0,21622.0,113.69,10.0,1.0,0.0,0.0,0.0,C
73315,Villard-Léger,ED,75.0,88.0,21.0,144.0,9.012875536480689,49.0,315.0,72.0,44.47592067988669,23.229461756373937,24160.0,21622.0,237.03,20.0,0.2,0.6,0.2,0.0,ED
73316,Villard-Sallet,ED,43.0,58.0,17.0,97.0,4.577236605777305,58.9023012468377,177.0801030130759,61.0175957400864,37.82391006169771,20.82085389093133,26000.0,21622.0,98.43,15.0,0.0,1.0,0.0,0.0,ED
73317,Villard-sur-Doron,C,140.0,154.0,36.0,141.0,78.11694755569812,106.150810353889,457.79157281329896,119.057616832812,49.86204728053504,31.13179018104237,22860.0,21622.0,1187.69,70.0,0.8,0.2,0.0,0.0,C
73318,Villarembert,C,35.0,81.0,24.0,57.0,94.0361222449221,33.7180071048856,165.7899599489083,45.4920329462061,51.631796906486926,30.0048021314629,22510.0,21622.0,215.01,25.0,1.0,0.0,0.0,0.0,C
73320,Villargondran,ED,115.0,135.0,29.0,248.0,5.692254835354114,109.93852727074,500.535594875638,193.525877853622,41.35567978673749,22.320925366081973,,21622.0,60.29,25.0,0.2,0.8,0.0,0.0,ED
73322,Villarodin-Bourget,C,67.0,128.0,39.0,108.0,82.68625513210688,81.5304104435066,311.4796752010464,117.989914355447,55.62357669590239,35.40784174361944,24190.0,21622.0,409.2,25.0,1.0,0.0,0.0,0.0,C
73323,Villaroger,C,51.0,106.0,43.0,94.0,51.59785445680778,51.324539469745,225.2221420229714,82.4533185072836,52.53127243158466,29.03265406296237,24470.0,21622.0,363.24,25.0,0.6,0.2,0.2,0.0,C
73324,Villaroux,C,33.0,79.0,14.0,54.0,10.469266358228683,20.890625,120.3697916666667,49.7395833333333,57.86163522012576,33.9622641509434,28930.0,21622.0,64.03,5.0,0.8,0.2,0.0,0.0,C
73326,Vimines,C,310.0,635.0,90.0,427.0,1.6530261293840307,485.43661548264,1392.074684445589,426.488700071771,66.80156974231477,47.90242876157048,28540.0,21622.0,237.72,120.0,1.0,0.0,0.0,0.0,C
73327,Vions,ED,61.0,65.0,17.0,98.0,10.91703056768559,82.0,265.0,79.0,49.53560371517028,26.625386996904027,22470.0,21622.0,3.64,50.0,0.4,0.6,0.0,0.0,ED
73328,Viviers-du-Lac,C,249.0,570.0,110.0,339.0,4.254097833267364,394.489962103307,1416.962941789583,470.54709610711,60.75434278206839,42.44399937890174,27320.0,21622.0,49.86,160.0,1.0,0.0,0.0,0.0,C
73329,Voglans,C,228.0,437.0,66.0,368.0,3.4216335540838854,365.0,1299.0,334.0,58.63259668508287,40.331491712707184,26030.0,21622.0,161.09,120.0,1.0,0.0,0.0,0.0,C
73330,Yenne,ED,362.0,592.0,120.0,629.0,5.234284842403695,519.484261636169,1776.3865662244953,749.129172139336,48.120695381996406,29.223739142706343,22750.0,21622.0,808.19,210.0,0.4,0.6,0.0,0.0,ED
74001,Abondance,ED,113.0,308.0,115.0,324.0,62.11547961603052,267.395480075143,1005.677642107985,262.926877816872,50.6503086666403,29.184613011693948,,42728.0,1836.83,150.0,0.8,0.2,0.0,0.0,C
74002,Alby-sur-Chéran,C,361.0,455.0,113.0,441.0,2.0817408810055995,591.072880288469,1774.8679606825408,277.05915902899,54.279121505753736,35.9339853346054,25840.0,42728.0,226.18,145.0,0.8,0.2,0.0,0.0,C
74003,Alex,C,134.0,340.0,54.0,135.0,17.754774606743002,224.033468217791,709.542095175284,191.424436606925,73.31616759881621,58.49386442368525,30290.0,42728.0,357.24,50.0,0.8,0.0,0.2,0.0,C
74004,Allèves,C,71.0,89.0,20.0,77.0,9.813084112149532,80.0,272.0,52.0,58.88157894736842,38.48684210526316,25820.0,42728.0,,15.0,0.4,0.6,0.0,0.0,ED
74005,Allinges,C,544.0,1138.0,250.0,893.0,2.7233635929288105,1029.0,3044.0,865.0,51.96324143692564,34.14090782511835,32070.0,42728.0,609.24,280.0,1.0,0.0,0.0,0.0,C
74006,Allonzier-la-Caille,C,222.0,418.0,84.0,351.0,1.917545541706616,456.0,1505.0,209.0,62.51604621309371,43.64569961489089,32440.0,42728.0,277.79,205.0,1.0,0.0,0.0,0.0,C
74007,Amancy,C,328.0,581.0,132.0,475.0,1.980953657825809,569.376698839525,1801.383122148513,415.240179011962,60.11430394337606,40.96207400711108,31960.0,42728.0,312.23,155.0,1.0,0.0,0.0,0.0,C
74008,Ambilly,C,667.0,823.0,174.0,549.0,8.299700022242847,1123.010705479803,4033.5328558589904,1112.456438661207,51.96530191430195,34.30242931420274,28080.0,42728.0,,775.0,0.8,0.2,0.0,0.0,C
74009,Andilly,C,96.0,265.0,60.0,116.0,6.461211580064706,275.177304019451,634.348500209845,101.474195770704,69.29375428113454,51.54869725042399,,42728.0,515.76,40.0,1.0,0.0,0.0,0.0,C
74010,Annecy,C,16314.0,27989.0,4973.0,14334.0,7.039147648501079,20757.42532789013,83583.62264976605,26930.95202234384,60.15235209759988,43.28879302795048,26250.0,42728.0,1277.57,,0.0,0.0,1.0,0.0,G
74012,Annemasse,G,4062.0,3419.0,637.0,2561.0,4.821911455077556,7600.31792228521,25063.71845712041,4930.96362059438,51.51687101853996,31.967415757839,22800.0,42728.0,34.5,,0.4,0.0,0.6,0.0,G
74013,Anthy-sur-Léman,C,237.0,712.0,145.0,370.0,17.751770990070483,421.486156717846,1440.06554938772,508.448293894434,60.21415047267021,43.07842970488146,33690.0,42728.0,12.13,160.0,1.0,0.0,0.0,0.0,C
74014,Arâches,C,265.0,528.0,101.0,284.0,87.42583648519955,289.587663494684,1221.256925403488,266.155411101828,60.87403218368566,40.42692461753752,,42728.0,219.68,215.0,1.0,0.0,0.0,0.0,C
74015,Arbusigny,ED,147.0,216.0,61.0,244.0,9.96403702568789,242.812217123154,768.3882487441649,124.799534132681,56.75889569523016,37.15271300591035,33470.0,42728.0,1257.53,60.0,1.0,0.0,0.0,0.0,C
74016,Archamps,C,184.0,580.0,101.0,280.0,27.67285012476093,462.653498709126,1645.4956353592272,349.850865931647,70.66717790125095,53.55074477921416,54120.0,42728.0,431.79,195.0,1.0,0.0,0.0,0.0,C
74018,Arenthon,C,191.0,437.0,80.0,430.0,2.135266029429161,399.638241244107,1301.8778476502068,296.483911105686,57.493412828696286,36.97314888081997,33530.0,42728.0,743.45,120.0,1.0,0.0,0.0,0.0,C
74019,Argonay,C,361.0,847.0,172.0,470.0,1.921907554978012,722.599911864301,2405.9082192666187,584.49186886908,68.18570541033986,51.55161051100981,30740.0,42728.0,79.81,210.0,1.0,0.0,0.0,0.0,C
74020,Armoy,C,181.0,439.0,84.0,249.0,3.278894767084066,289.032454283,906.15889984623,305.80864587077,63.74430012767288,45.839872555398536,33880.0,42728.0,41.97,75.0,1.0,0.0,0.0,0.0,C
74021,Arthaz-Pont-Notre-Dame,ED,145.0,299.0,78.0,367.0,3.968466641012652,358.846654916388,1014.592222964252,296.56112211936,50.44970563481922,30.845241711035115,35810.0,42728.0,24.8,95.0,0.8,0.2,0.0,0.0,C
74024,Ayse,C,270.0,532.0,130.0,408.0,3.076718840921447,411.390888391501,1441.179414309202,472.429697299297,59.50998861271219,40.367019073396335,32680.0,42728.0,131.68,140.0,1.0,0.0,0.0,0.0,C
74025,Ballaison,C,133.0,359.0,80.0,242.0,13.678601587624028,263.415579730105,938.958994216193,272.625426053702,59.551526628639365,41.00440564440028,42490.0,42728.0,721.77,70.0,1.0,0.0,0.0,0.0,C
74026,La Balme-de-Sillingy,C,550.0,1127.0,271.0,912.0,1.4214046822742474,1049.0,3312.0,854.0,54.72148541114058,36.23342175066313,28140.0,42728.0,824.61,350.0,1.0,0.0,0.0,0.0,C
74027,La Balme-de-Thuy,C,46.0,119.0,23.0,107.0,14.054617142066473,94.4052595655163,291.3132681044784,71.2814723300063,50.46674667991389,32.4319909075628,26330.0,42728.0,426.03,15.0,0.6,0.4,0.0,0.0,C
74029,Bassy,ED,46.0,92.0,25.0,96.0,11.82539663990338,71.5800674896541,247.52400972767745,78.8959227826685,51.464700800517896,30.617427946631963,26270.0,42728.0,595.95,35.0,0.6,0.4,0.0,0.0,C
74030,La Baume,C,38.0,63.0,15.0,37.0,31.44784056280347,59.6037486581123,225.0560686996112,37.3401826422755,48.05582513989929,27.44814918094153,25460.0,42728.0,158.13,30.0,0.6,0.4,0.0,0.0,C
74031,Beaumont,C,254.0,572.0,106.0,286.0,4.851921865154379,671.0,2074.0,336.0,65.75963718820861,46.93877551020408,13660.0,42728.0,504.07,185.0,1.0,0.0,0.0,0.0,C
74032,Bellevaux,C,145.0,397.0,111.0,316.0,54.095475230635216,233.054302620433,869.7535877519131,289.192109627654,49.36539314334802,29.35209688670265,25810.0,42728.0,862.04,70.0,1.0,0.0,0.0,0.0,C
74033,Bernex,C,165.0,328.0,84.0,324.0,54.11151858882045,270.563906218697,900.243367631218,279.192726150085,56.77340024246621,37.77224589132543,28630.0,42728.0,592.57,105.0,0.8,0.2,0.0,0.0,C
74034,Le Biot,C,66.0,121.0,26.0,93.0,65.14473563362519,130.538431299136,419.6332636870797,85.8283050137843,52.82127052918399,33.98803819772025,24370.0,42728.0,132.67,50.0,1.0,0.0,0.0,0.0,C
74035,Bloye,C,56.0,150.0,31.0,150.0,2.4293480903984825,103.905264500731,364.04063144749136,97.0541040517787,50.347924586144174,31.99976794255016,27350.0,42728.0,440.04,25.0,0.4,0.6,0.0,0.0,ED
74036,Bluffy,C,26.0,173.0,28.0,54.0,22.24064355550779,63.4533063995044,253.8789693865325,80.6677242139631,68.6479469270764,53.66146614984432,35420.0,42728.0,,10.0,1.0,0.0,0.0,0.0,C
74037,Boëge,C,275.0,392.0,138.0,311.0,9.13988452104016,419.667437554171,1169.873172981545,348.459389464284,62.08231946949889,41.59148478600933,31060.0,42728.0,530.16,95.0,1.0,0.0,0.0,0.0,C
74038,Bogève,C,144.0,293.0,71.0,260.0,28.21789125444971,211.687992196255,777.369498557166,170.942509246579,62.77218292667806,42.18077988211546,30540.0,42728.0,577.3,80.0,1.0,0.0,0.0,0.0,C
74040,Bonne,C,335.0,717.0,169.0,509.0,5.402700853006742,612.961993479294,2106.28223253501,548.755773985696,54.97965480439411,37.73256554518527,36440.0,42728.0,517.49,205.0,1.0,0.0,0.0,0.0,C
74041,Bonnevaux,ED,31.0,37.0,15.0,65.0,30.41905240305317,62.3802717578476,177.1734159666278,42.4463122755246,46.28814023334223,22.46442381319778,33090.0,42728.0,46.88,20.0,0.4,0.4,0.2,0.0,C
74042,Bonneville,C,1630.0,1883.0,388.0,1745.0,4.352340065103898,2581.679469966332,8782.186810017261,1956.1337200163955,49.1398978686205,31.025206651992992,25180.0,42728.0,322.82,,0.8,0.2,0.0,0.0,C
74043,Bons-en-Chablais,C,650.0,1174.0,263.0,937.0,3.1175712230945902,1232.62071916737,4042.347515713938,845.031765118692,56.40581457639541,36.31522801541282,33300.0,42728.0,454.27,450.0,1.0,0.0,0.0,0.0,C
74044,Bossey,C,60.0,166.0,22.0,65.0,21.947194719471945,224.0,576.0,147.0,69.55223880597015,57.16417910447761,52900.0,42728.0,10.93,40.0,1.0,0.0,0.0,0.0,C
74045,Le Bouchet Mont-Charvin,C,38.0,59.0,16.0,50.0,42.88207916501738,46.1143153581286,152.2526505592545,50.6330340826169,53.0745159263932,28.98485666709248,,42728.0,676.41,10.0,1.0,0.0,0.0,0.0,C
74046,Boussy,C,65.0,144.0,37.0,114.0,1.1344982109155202,83.8490498039804,345.025551060439,82.1253991355806,57.909883112039296,40.34543289432735,28030.0,42728.0,357.73,20.0,1.0,0.0,0.0,0.0,C
74048,Brenthonne,C,144.0,231.0,58.0,208.0,2.272727272727273,221.0,716.0,179.0,52.94840294840295,32.432432432432435,34380.0,42728.0,342.43,60.0,0.4,0.6,0.0,0.0,ED
74049,Brizon,ED,58.0,113.0,32.0,122.0,47.79172998421078,78.63600071708,308.27375424127524,78.0902450416458,53.666890242800605,31.74968053087799,26190.0,42728.0,239.68,25.0,0.8,0.2,0.0,0.0,C
74050,Burdignin,C,116.0,164.0,45.0,139.0,21.902257995173883,141.889605490653,424.158599108526,121.95179540082,54.25455211799167,35.63408030448849,34360.0,42728.0,172.61,40.0,0.8,0.2,0.0,0.0,C
74051,Cercier,C,66.0,152.0,36.0,114.0,13.712466595305104,153.782904850878,476.5128251734519,98.7042699756711,62.54111045090691,45.23277648811786,31990.0,42728.0,292.18,40.0,1.0,0.0,0.0,0.0,C
74052,Cernex,C,107.0,271.0,65.0,167.0,9.636021911742846,261.596200834241,716.810681109985,184.593118055774,63.94824251799523,47.6831338239024,45750.0,42728.0,715.04,50.0,1.0,0.0,0.0,0.0,C
74053,Cervens,C,194.0,254.0,47.0,188.0,2.8846153846153846,271.0,739.0,249.0,54.59518599562363,37.41794310722101,34240.0,42728.0,408.81,60.0,1.0,0.0,0.0,0.0,C
74054,Chainaz-les-Frasses,C,123.0,207.0,38.0,128.0,4.499574194452658,150.767798140138,465.15749806604833,92.0747037938137,70.81001094649574,50.43894597903281,30750.0,42728.0,310.99,45.0,1.0,0.0,0.0,0.0,C
74055,Challonges,C,66.0,131.0,22.0,112.0,11.302778109706027,128.003135529688,379.7374159387348,81.2594485315772,56.5951938818695,32.89318026211635,32800.0,42728.0,260.38,25.0,0.6,0.4,0.0,0.0,C
74056,Chamonix-Mont-Blanc,C,1195.0,2502.0,382.0,1064.0,69.28476153452877,1315.471402761388,5364.895283382889,1992.633313855723,62.97673345506514,43.623710687750325,24310.0,42728.0,576.93,870.0,1.0,0.0,0.0,0.0,C
74057,Champanges,C,131.0,289.0,73.0,235.0,4.552424575707451,280.300782642256,694.3698692408539,206.32934811689,57.52005615446083,40.93030928253008,31360.0,42728.0,158.06,60.0,0.8,0.2,0.0,0.0,C
74058,La Chapelle-d'Abondance,C,67.0,192.0,58.0,190.0,71.01449275362319,156.0,553.0,164.0,54.01459854014598,32.992700729927,,42728.0,539.36,105.0,1.0,0.0,0.0,0.0,C
74059,La Chapelle-Rambaud,ED,31.0,54.0,18.0,58.0,13.076923076923078,45.0,155.0,51.0,60.42780748663101,43.85026737967914,27460.0,42728.0,254.51,5.0,0.6,0.4,0.0,0.0,C
74060,La Chapelle-Saint-Maurice,ED,17.0,22.0,18.0,33.0,10.262507676439409,21.4545454545455,61.4380165289256,35.1074380165289,41.30434782608696,27.173913043478294,21910.0,42728.0,199.01,5.0,0.2,0.8,0.0,0.0,ED
74061,Chapeiry,C,116.0,239.0,47.0,185.0,2.4229074889867843,198.0,627.0,157.0,63.69770580296896,47.50337381916329,30500.0,42728.0,600.26,40.0,1.0,0.0,0.0,0.0,C
74062,Charvonnex,C,149.0,370.0,107.0,228.0,3.692092030596712,389.437651663115,974.266603029534,181.295745307351,65.11613331683027,48.47444140044823,32390.0,42728.0,138.35,85.0,1.0,0.0,0.0,0.0,C
74063,Châtel,C,76.0,294.0,84.0,292.0,88.54340181380714,154.0,853.0,161.0,51.145833333333336,28.75,26560.0,42728.0,1247.28,145.0,1.0,0.0,0.0,0.0,C
74064,Châtillon-sur-Cluses,C,159.0,304.0,81.0,277.0,9.016383021891649,217.198391006362,761.104477271875,236.697131721763,56.95129532814133,39.380758031896754,28140.0,42728.0,128.6,65.0,1.0,0.0,0.0,0.0,C
74065,Chaumont,C,76.0,133.0,28.0,78.0,18.027210884353742,113.0,341.0,87.0,57.57575757575758,39.14141414141415,,42728.0,719.29,20.0,0.4,0.0,0.6,0.0,G
74066,Chavannaz,C,33.0,57.0,17.0,29.0,13.559322033898304,58.0,142.0,40.0,61.07784431137725,44.31137724550898,33450.0,42728.0,149.5,10.0,1.0,0.0,0.0,0.0,C
74067,Chavanod,C,279.0,799.0,158.0,509.0,2.134649171452355,593.308092335973,1782.7993959028508,647.892511761176,60.51381871593773,40.79087057567309,29300.0,42728.0,253.74,175.0,1.0,0.0,0.0,0.0,C
74068,Chêne-en-Semine,C,41.0,113.0,27.0,113.0,6.047697436178804,94.9295742277941,334.711567513465,96.3588582587409,50.80080280429937,27.46540216400507,28450.0,42728.0,969.73,25.0,0.4,0.6,0.0,0.0,ED
74069,Chênex,C,53.0,160.0,39.0,119.0,7.610944068427218,197.437203431428,499.1279413715789,93.4348551969931,56.76873502029009,35.218689874969286,44990.0,42728.0,423.19,35.0,1.0,0.0,0.0,0.0,C
74070,Chens-sur-Léman,C,255.0,490.0,79.0,306.0,15.52898015449167,641.95415859096,2031.006402910243,332.039438498797,68.84022230430341,47.86785300115758,40580.0,42728.0,283.26,190.0,1.0,0.0,0.0,0.0,C
74071,Chessenaz,ED,23.0,45.0,22.0,51.0,13.66422306844158,48.4151785714287,154.92857142857218,37.6562500000001,55.151515151515085,31.515151515151484,32430.0,42728.0,151.1,20.0,0.6,0.4,0.0,0.0,C
74072,Chevaline,C,24.0,51.0,16.0,32.0,29.807692307692307,15.0,97.0,70.0,51.59235668789809,33.75796178343949,29840.0,42728.0,306.93,10.0,0.6,0.4,0.0,0.0,C
74073,Chevenoz,ED,64.0,111.0,35.0,211.0,18.66752587775832,138.173818324104,455.381276599948,107.444905075947,44.935518810555344,27.51095649280056,28460.0,42728.0,393.57,40.0,0.4,0.6,0.0,0.0,ED
74074,Chevrier,C,54.0,122.0,21.0,72.0,3.382040456197423,184.904060293656,459.5893609424939,72.5065787638501,54.12532808661332,35.55528544646972,38880.0,42728.0,150.77,40.0,1.0,0.0,0.0,0.0,C
74075,Chilly,ED,153.0,319.0,95.0,325.0,4.512372634643377,404.0,1035.0,207.0,58.05008944543828,36.67262969588551,22710.0,42728.0,634.15,90.0,0.8,0.2,0.0,0.0,C
74076,Choisy,C,172.0,445.0,81.0,348.0,4.5385782410739,312.168267488326,1107.366884913411,284.464847598263,55.11268180857113,38.27376078914575,33880.0,42728.0,1185.83,80.0,1.0,0.0,0.0,0.0,C
74077,Clarafond-Arcine,C,109.0,203.0,62.0,198.0,8.98661567877629,220.0,683.0,150.0,54.66491458607096,33.24572930354796,,42728.0,385.67,65.0,0.4,0.4,0.2,0.0,C
74078,Clermont,C,56.0,92.0,23.0,78.0,10.937713578420926,97.6385779616844,304.3459561721399,47.0154658661757,57.15649566006514,36.5718649529026,,42728.0,279.49,25.0,0.6,0.2,0.2,0.0,C
74079,Les Clefs,C,68.0,231.0,48.0,88.0,27.95331357024108,153.117282858586,464.9501363660838,85.9325807753302,62.171137708585846,37.98218037491853,25000.0,42728.0,435.4,35.0,0.8,0.2,0.0,0.0,C
74080,La Clusaz,C,116.0,578.0,181.0,283.0,83.8719111111097,226.679799890732,1004.120849919206,432.199350190062,53.00198423555654,35.09121914664654,27200.0,42728.0,1247.1,135.0,1.0,0.0,0.0,0.0,C
74081,Cluses,ED,1707.0,2114.0,425.0,2167.0,2.5853442753066624,3426.962638227237,10798.653324286472,3140.3840374862943,37.99282036644314,21.172938862210344,21720.0,42728.0,136.96,,0.4,0.2,0.4,0.0,C
74082,Collonges-sous-Salève,C,309.0,745.0,154.0,326.0,7.658393455277626,714.062242751698,2468.594161990256,693.343595258046,67.06069034729212,47.00501055863794,46700.0,42728.0,48.97,275.0,1.0,0.0,0.0,0.0,C
74083,Combloux,C,148.0,671.0,174.0,406.0,70.42067724146868,377.653178603537,1261.916826816242,454.429994580221,59.6237738394085,41.935691730291005,27430.0,42728.0,874.86,140.0,1.0,0.0,0.0,0.0,C
74085,Les Contamines-Montjoie,C,136.0,444.0,100.0,192.0,82.73286723649579,150.856567095305,648.0002712207711,284.143161683924,55.29297787801932,33.50237252838166,24300.0,42728.0,718.48,115.0,1.0,0.0,0.0,0.0,C
74086,Contamine-Sarzin,C,81.0,151.0,43.0,135.0,7.200773161299876,163.988527486926,506.287760251506,66.7237122615669,60.29993039573744,41.566226243059965,37900.0,42728.0,231.14,25.0,1.0,0.0,0.0,0.0,C
74087,Contamine-sur-Arve,C,207.0,456.0,92.0,351.0,6.074766355140187,546.0,1562.0,266.0,59.036144578313255,40.963855421686745,35710.0,42728.0,576.44,120.0,1.0,0.0,0.0,0.0,C
74088,Copponex,C,143.0,322.0,80.0,163.0,9.157441177253984,300.225022719464,854.15326891359,132.621708366946,64.88330324102182,47.28366382648404,46120.0,42728.0,515.04,70.0,1.0,0.0,0.0,0.0,C
74089,Cordon,C,73.0,321.0,72.0,214.0,63.23369879531321,157.569486519024,631.2006015125769,195.229911968398,49.49334986131047,34.00972309035776,27650.0,42728.0,928.11,55.0,0.8,0.0,0.2,0.0,C
74090,Cornier,C,152.0,311.0,84.0,277.0,3.784135141544118,279.08887659421,990.6265417576152,198.284581648175,59.38091649332099,39.84193919878892,33300.0,42728.0,171.97,90.0,1.0,0.0,0.0,0.0,C
74091,La Côte-d'Arbroz,C,37.0,81.0,18.0,40.0,58.30481628693112,49.7434518797011,247.8164749971353,57.4400731231636,50.41733532688989,29.925685368676724,24880.0,42728.0,233.44,25.0,0.8,0.0,0.2,0.0,C
74094,Cranves-Sales,C,694.0,1477.0,287.0,1181.0,4.396589799417804,1582.35582104478,4662.50637810366,1231.13780085156,57.45027337633031,37.5347591122644,36420.0,42728.0,340.88,510.0,1.0,0.0,0.0,0.0,C
74095,Crempigny-Bonneguête,C,35.0,77.0,10.0,64.0,8.091799808336157,92.1346195408348,201.18384819784148,31.6815322613237,50.46510412224953,35.322593944251985,29370.0,42728.0,347.4,20.0,0.4,0.6,0.0,0.0,ED
74096,Cruseilles,C,514.0,1190.0,243.0,682.0,4.381135240622558,897.132778742481,3389.6997260070334,771.167495250486,64.61140831972162,44.80117166165509,34800.0,42728.0,1753.72,350.0,0.8,0.2,0.0,0.0,C
74097,Cusy,C,276.0,494.0,88.0,337.0,5.826397146254459,368.0,1172.0,315.0,65.3560830860534,49.70326409495549,29170.0,42728.0,341.72,75.0,1.0,0.0,0.0,0.0,C
74098,Cuvat,C,150.0,497.0,99.0,234.0,2.0808394201732345,396.199016302761,1045.696585312824,196.104398384415,77.64253559494864,62.43139204284365,42430.0,42728.0,342.17,60.0,1.0,0.0,0.0,0.0,C
74099,Demi-Quartier,C,50.0,294.0,80.0,181.0,72.90847230509011,104.703607867239,474.4464930821749,223.849899050586,44.03985908966612,24.42085389242039,24590.0,42728.0,548.32,50.0,0.4,0.4,0.2,0.0,C
74100,Desingy,ED,98.0,171.0,54.0,176.0,11.163064235242263,128.064776820838,515.590364902233,115.34485827693,45.50437794661059,29.571455982253187,30090.0,42728.0,1010.49,40.0,0.4,0.6,0.0,0.0,ED
74101,Dingy-en-Vuache,C,90.0,152.0,39.0,98.0,5.277224956132623,179.50842121937,532.1210442035509,75.3705345770791,56.65402419741058,37.079829903234426,43160.0,42728.0,265.9,35.0,1.0,0.0,0.0,0.0,C
74102,Dingy-Saint-Clair,C,221.0,475.0,92.0,201.0,11.66480771050256,279.978771802159,991.1247917647512,187.89643643309,63.91466821323034,49.10181444837495,31240.0,42728.0,350.26,65.0,1.0,0.0,0.0,0.0,C
74103,Domancy,C,230.0,589.0,122.0,390.0,10.771646338302734,375.400617866919,1399.053560253839,428.545821879232,60.417546781284045,40.78882820258723,28140.0,42728.0,699.83,115.0,1.0,0.0,0.0,0.0,C
74104,Doussard,C,520.0,920.0,193.0,595.0,19.60032279789736,562.802834894828,2273.380691581324,851.816473523848,59.439378816623766,40.75196835246413,26420.0,42728.0,264.19,275.0,1.0,0.0,0.0,0.0,C
74105,Douvaine,C,520.0,1032.0,218.0,849.0,4.628099173553719,1365.0,4499.0,924.0,55.205174853446536,34.606832423691124,32160.0,42728.0,489.4,510.0,1.0,0.0,0.0,0.0,C
74106,Draillant,C,112.0,182.0,50.0,143.0,6.220095693779904,182.0,574.0,119.0,56.13207547169812,38.52201257861636,30650.0,42728.0,224.83,50.0,0.8,0.2,0.0,0.0,C
74107,Droisy,C,15.0,39.0,12.0,35.0,8.290793874317897,34.1082802547771,100.3757961783439,18.515923566879,50.892857142856975,29.464285714285648,24190.0,42728.0,286.63,5.0,0.4,0.6,0.0,0.0,ED
74108,Duingt,C,152.0,304.0,59.0,173.0,33.19892473118279,182.0,645.0,242.0,66.66666666666666,51.16851168511685,28180.0,42728.0,33.0,65.0,0.8,0.0,0.2,0.0,C
74109,Eloise,C,99.0,178.0,42.0,174.0,0.9970784309443592,162.088923555473,594.986124174102,177.924952270425,46.86364111276964,28.513521351726546,,42728.0,0.0,40.0,0.6,0.4,0.0,0.0,C
74110,Entremont,,,,,,,,,,,,,42728.0,,,0.4,0.4,0.2,0.0,C
74111,Entrevernes,C,18.0,81.0,9.0,42.0,28.139300747429,37.1308900523558,117.5811518324602,42.287958115183,63.26530612244884,36.73469387755091,27890.0,42728.0,227.26,10.0,1.0,0.0,0.0,0.0,C
74112,Epagny Metz-Tessy,C,886.0,2230.0,407.0,1151.0,2.528373812541842,1650.73812038981,5825.803302188018,1165.45857742218,61.51085589130858,44.78867569913748,30270.0,42728.0,200.47,565.0,1.0,0.0,0.0,0.0,C
74114,Essert-Romand,C,54.0,102.0,31.0,80.0,39.85626328722616,96.0574622259912,334.8544899547564,89.0880478192524,51.79902945922883,30.10976210597802,,42728.0,262.79,45.0,0.6,0.2,0.2,0.0,C
74116,Eteaux,C,244.0,555.0,122.0,406.0,2.247592866544313,418.426319470788,1376.744557821352,313.82912270786,67.77531023290254,49.13794576573233,,42728.0,521.57,95.0,1.0,0.0,0.0,0.0,C
74117,Etercy,C,112.0,233.0,43.0,184.0,1.0471204188481675,240.0,614.0,122.0,61.61616161616161,43.86724386724386,,42728.0,187.41,45.0,1.0,0.0,0.0,0.0,C
74118,Etrembières,ED,192.0,239.0,49.0,241.0,10.658772817742854,526.201553344253,1801.8150783034057,295.983368352341,45.709029925385,25.873323430653,,42728.0,47.41,230.0,0.0,1.0,0.0,0.0,ED
74119,Evian-les-Bains,C,1069.0,1811.0,342.0,1122.0,28.15005254746531,1483.5678501208372,5735.400971113308,2005.031178765885,56.047597463745134,38.58970762594936,,42728.0,,,0.6,0.2,0.2,0.0,C
74121,Excenevex,C,138.0,278.0,52.0,212.0,21.7283950617284,269.0,847.0,210.0,60.51813471502591,40.10362694300518,32280.0,42728.0,280.48,95.0,1.0,0.0,0.0,0.0,C
74122,Faucigny,C,80.0,161.0,28.0,111.0,11.014932747623115,140.912101802493,410.6445273290741,103.443370868434,57.26122721306961,37.47179196288336,37760.0,42728.0,341.14,30.0,1.0,0.0,0.0,0.0,C
74123,Faverges-Seythenex,C,1014.0,1522.0,303.0,1352.0,7.432714108613954,1154.1464782237958,4472.530659704073,1913.322862072128,41.11048751870327,24.5186242072456,23620.0,42728.0,978.63,595.0,0.4,0.6,0.0,0.0,ED
74124,Feigères,C,205.0,394.0,86.0,212.0,5.970149253731343,390.0,1198.0,254.0,63.27599102468212,45.0261780104712,47300.0,42728.0,358.19,95.0,1.0,0.0,0.0,0.0,C
74126,Fessy,C,121.0,278.0,70.0,190.0,9.325991842036412,222.158373381664,708.138385982556,140.70324063578,58.65906471997497,36.28860610284184,35730.0,42728.0,305.28,55.0,1.0,0.0,0.0,0.0,C
74127,Féternes,ED,210.0,314.0,89.0,319.0,6.265004909339073,310.486050149403,983.668344601894,225.845605248703,50.547805986563,31.25495579759216,28700.0,42728.0,517.45,95.0,0.0,1.0,0.0,0.0,ED
74128,Fillinges,C,449.0,846.0,202.0,714.0,5.09478672985782,649.0,2314.0,587.0,59.90210843373494,42.0933734939759,36920.0,42728.0,63.65,230.0,1.0,0.0,0.0,0.0,C
74129,La Forclaz,C,22.0,61.0,18.0,44.0,13.380281690140844,33.0,136.0,56.0,39.226519337016576,25.96685082872928,23340.0,42728.0,84.01,25.0,0.4,0.6,0.0,0.0,ED
74130,Franclens,ED,61.0,97.0,27.0,108.0,5.236350416192185,142.973373744731,339.13616276084736,66.8904634944216,48.205620612900375,31.180823515517403,34270.0,42728.0,,25.0,0.4,0.6,0.0,0.0,ED
74131,Frangy,C,215.0,441.0,100.0,411.0,4.178457216470352,391.199260528952,1351.629749125643,393.170990345405,48.024484513811714,28.44688838563104,28270.0,42728.0,1285.28,140.0,0.8,0.2,0.0,0.0,C
74133,Gaillard,C,1123.0,1260.0,243.0,815.0,10.977349309584634,1636.981716645217,7661.316900726774,1755.701382628008,49.15697828170512,29.454855365029097,25070.0,42728.0,44.44,,0.8,0.2,0.0,0.0,C
74134,Les Gets,C,91.0,436.0,133.0,219.0,84.97671281288693,176.579577952965,773.7137912409551,276.70663080608,53.1717466968353,30.705920473221315,25070.0,42728.0,778.44,140.0,1.0,0.0,0.0,0.0,C
74135,Giez,C,73.0,142.0,40.0,134.0,33.48623853211009,86.0,354.0,129.0,56.76855895196506,34.27947598253275,24940.0,42728.0,194.41,40.0,0.8,0.2,0.0,0.0,C
74136,Le Grand-Bornand,C,168.0,800.0,248.0,354.0,80.48598130841121,315.0,1281.0,458.0,50.993788819875775,32.608695652173914,,42728.0,2690.82,150.0,1.0,0.0,0.0,0.0,C
74137,Groisy,C,465.0,1020.0,233.0,660.0,3.530060672917816,825.0,2588.0,631.0,66.62068965517241,47.89655172413793,33100.0,42728.0,1006.95,190.0,1.0,0.0,0.0,0.0,C
74138,Gruffy,C,265.0,416.0,83.0,198.0,4.672304889579813,268.235572762574,944.2959113335748,284.468515903851,60.30135390079108,41.22581105907809,29990.0,42728.0,740.8,70.0,1.0,0.0,0.0,0.0,C
74139,Habère-Lullin,C,164.0,213.0,44.0,155.0,20.08841560296676,255.560593486688,677.8445538936369,157.594852619675,65.22171688032161,43.84122768456344,30010.0,42728.0,354.87,50.0,1.0,0.0,0.0,0.0,C
74140,Habère-Poche,C,215.0,341.0,82.0,298.0,41.13710920730855,290.45078756578,980.277280574474,213.271931859746,63.24707666719084,42.71621045638906,28870.0,42728.0,196.54,95.0,0.6,0.4,0.0,0.0,C
74141,Hauteville-sur-Fier,ED,124.0,224.0,64.0,255.0,3.69502107746732,228.551809200076,706.4026128470739,139.04557795285,54.192159450353664,31.94348512017081,27970.0,42728.0,304.42,60.0,0.2,0.8,0.0,0.0,ED
74142,Héry-sur-Alby,C,124.0,250.0,55.0,184.0,6.277726506367485,167.406067365379,665.1240892657211,140.4698433689,58.5678954728857,37.86657000125917,28190.0,42728.0,824.24,50.0,1.0,0.0,0.0,0.0,C
74143,Les Houches,C,441.0,853.0,173.0,452.0,61.508869416542,623.0,2328.0,578.0,64.75869809203144,45.97830153385709,24290.0,42728.0,399.39,320.0,1.0,0.0,0.0,0.0,C
74144,Jonzier-Epagny,C,109.0,208.0,24.0,107.0,8.596195486041292,216.771858829646,578.5870503602875,93.6410908100664,64.95329601904929,44.83536303546868,,42728.0,599.6,45.0,0.8,0.2,0.0,0.0,C
74145,Juvigny,C,64.0,152.0,49.0,89.0,6.780054069886271,91.9450878960165,403.1565882291756,138.898323874809,60.94016973741336,43.63726914687117,22680.0,42728.0,162.04,25.0,1.0,0.0,0.0,0.0,C
74146,Larringes,C,154.0,339.0,67.0,278.0,5.926763334064752,376.936038736474,1014.331902577356,197.73205868617,59.69607205900971,37.95613958699101,30850.0,42728.0,722.99,75.0,1.0,0.0,0.0,0.0,C
74147,Lathuile,C,138.0,306.0,53.0,220.0,24.51959600390721,146.173824187225,636.621423966461,293.204751846314,61.520857312363965,41.47402098414382,28560.0,42728.0,82.57,80.0,1.0,0.0,0.0,0.0,C
74148,Leschaux,C,60.0,74.0,19.0,71.0,15.506384512486452,42.4104546713376,201.6028088930587,64.9867364356037,62.93505589296716,47.10623718746601,25290.0,42728.0,348.5,15.0,0.4,0.6,0.0,0.0,ED
74150,Loisin,C,169.0,333.0,78.0,261.0,6.956964323347767,368.147288373552,1041.0794748390272,318.773236787421,54.457395097162085,35.40326959082529,37740.0,42728.0,208.22,105.0,1.0,0.0,0.0,0.0,C
74151,Lornay,ED,79.0,90.0,19.0,140.0,6.1921855353579485,145.361555942801,383.0081368431771,56.6303072140229,51.12676997953991,28.90635359949333,25060.0,42728.0,152.04,25.0,0.6,0.4,0.0,0.0,C
74152,Lovagny,C,145.0,428.0,71.0,211.0,2.8462645593287896,247.389601559019,849.131944257708,200.478454183273,67.11922010651102,49.81433565689333,33180.0,42728.0,22.22,75.0,1.0,0.0,0.0,0.0,C
74153,Lucinges,C,191.0,444.0,91.0,279.0,12.891182808703125,341.035265772219,1071.172678465999,296.792055761782,68.21094654715539,49.90561565108139,41290.0,42728.0,224.73,105.0,1.0,0.0,0.0,0.0,C
74154,Lugrin,C,308.0,537.0,155.0,412.0,24.311276105615125,482.444429520971,1589.042729764149,464.51284071488,50.36122294011405,33.05529039084971,33530.0,42728.0,286.67,170.0,1.0,0.0,0.0,0.0,C
74155,Lullin,C,100.0,182.0,69.0,178.0,19.2453475568619,131.531027160936,512.815435016652,154.653537822413,55.41400787227935,36.30645315737443,27680.0,42728.0,411.29,50.0,1.0,0.0,0.0,0.0,C
74156,Lully,C,59.0,172.0,35.0,136.0,5.394530323886428,164.992663195477,446.65377932459296,124.35355747993,56.20660199787933,32.77035320833714,35310.0,42728.0,417.52,35.0,0.8,0.2,0.0,0.0,C
74157,Lyaud,C,210.0,472.0,68.0,363.0,5.264004790244416,377.99735975217,1133.800861325251,254.201778922579,53.59848470488918,35.70904294362236,31520.0,42728.0,254.69,95.0,0.8,0.2,0.0,0.0,C
74158,Machilly,C,121.0,236.0,40.0,210.0,4.636887762586183,194.58354606976,751.0814303709429,193.335023559297,48.31966663872672,29.45680854349724,35170.0,42728.0,311.76,90.0,0.6,0.4,0.0,0.0,C
74159,Magland,ED,242.0,506.0,146.0,742.0,19.79786473885121,670.894043887337,1995.044289431019,576.061666681644,38.34472898064699,20.13467441156009,,42728.0,345.34,190.0,0.2,0.8,0.0,0.0,ED
74160,Manigod,C,92.0,295.0,106.0,206.0,81.36773136773137,162.0,626.0,218.0,59.71316818774446,41.19947848761408,25780.0,42728.0,1581.03,50.0,1.0,0.0,0.0,0.0,C
74161,Marcellaz-Albanais,C,269.0,513.0,125.0,416.0,1.8122442284879328,347.287031010537,1273.9000809926729,363.81288799679,55.64932355566872,36.8978284580141,28780.0,42728.0,1153.68,100.0,0.6,0.4,0.0,0.0,C
74162,Marcellaz-en-Faucigny,C,104.0,244.0,63.0,183.0,6.999336042404157,234.147973617976,677.851157748171,160.000868633853,59.56191305088813,43.036148642144425,,42728.0,423.16,65.0,0.8,0.2,0.0,0.0,C
74163,Margencel,C,286.0,548.0,95.0,412.0,5.154770471393348,452.653414281621,1447.927341001089,360.41924471729,55.26215162938934,36.19289311102194,32410.0,42728.0,299.95,155.0,1.0,0.0,0.0,0.0,C
74164,Marignier,ED,713.0,1142.0,275.0,1358.0,3.3875464585726727,1103.461564312772,4136.599351516838,1191.9390841703898,44.328248930558026,27.040908772062096,26980.0,42728.0,267.49,430.0,0.4,0.6,0.0,0.0,ED
74165,Marigny-Saint-Marcel,C,95.0,159.0,41.0,147.0,3.125,122.0,426.0,153.0,54.47761194029851,35.634328358208954,28190.0,42728.0,635.85,45.0,0.4,0.6,0.0,0.0,ED
74166,Marin,C,245.0,423.0,104.0,279.0,2.9276592019042607,411.167445967768,1169.9964126935092,339.836141338723,56.98693016118126,38.210013197213975,30790.0,42728.0,453.37,125.0,1.0,0.0,0.0,0.0,C
74167,Val de Chaise,C,171.0,326.0,74.0,300.0,10.38120397916978,249.596757766241,864.0569530851511,287.346289148608,43.656589082772726,23.7788542489562,26480.0,42728.0,154.97,70.0,0.2,0.8,0.0,0.0,ED
74168,Marlioz,C,116.0,252.0,62.0,149.0,6.666666666666667,268.0,663.0,121.0,61.731843575419,40.642458100558656,38030.0,42728.0,296.11,55.0,1.0,0.0,0.0,0.0,C
74169,Marnaz,ED,496.0,818.0,174.0,951.0,1.9058732010890704,1228.0,3813.0,879.0,44.189315838800376,26.101218369259605,25900.0,42728.0,17.23,445.0,0.2,0.6,0.2,0.0,ED
74170,Massingy,C,89.0,238.0,41.0,147.0,2.870397295441492,155.199301744774,561.45514170907,141.345556546157,59.532672673031726,35.53174124582749,21810.0,42728.0,1077.69,50.0,0.4,0.6,0.0,0.0,ED
74171,Massongy,C,161.0,363.0,61.0,255.0,5.312794154493491,361.780653597025,1054.468838936038,276.750507466937,60.20239889752339,39.96466260131189,36790.0,42728.0,673.33,100.0,1.0,0.0,0.0,0.0,C
74172,Maxilly-sur-Léman,C,196.0,364.0,61.0,280.0,14.555027391955534,294.708773584965,950.744581278716,273.546645136319,60.95326857776373,40.104305457510655,34950.0,42728.0,0.0,105.0,1.0,0.0,0.0,0.0,C
74173,Megève,C,186.0,940.0,295.0,681.0,82.94476364111607,362.102328899634,1638.813950375567,926.083720724799,51.04689823782731,31.10313930622971,24480.0,42728.0,1288.53,185.0,0.8,0.2,0.0,0.0,C
74174,Mégevette,ED,78.0,115.0,38.0,149.0,42.40017889364016,119.963512822518,392.0274945055179,94.0089926719641,60.78789388192259,38.67029860376518,27000.0,42728.0,347.54,35.0,0.6,0.4,0.0,0.0,C
74175,Meillerie,ED,34.0,45.0,12.0,58.0,41.22651264887555,45.4805802694097,204.0874868944232,51.4319328361671,52.31776163158882,31.86940130181633,30490.0,42728.0,,45.0,0.2,0.6,0.2,0.0,ED
74176,Menthon-Saint-Bernard,C,184.0,666.0,159.0,248.0,27.78064861645635,315.336775099746,1060.4300182106551,513.233206689599,79.333529591738,64.45875599908577,36250.0,42728.0,215.11,90.0,1.0,0.0,0.0,0.0,C
74177,Menthonnex-en-Bornes,C,109.0,217.0,63.0,182.0,6.576350826888254,263.858661611218,736.417863358753,108.723475030029,64.23942234744165,43.3668543354553,35220.0,42728.0,702.36,45.0,1.0,0.0,0.0,0.0,C
74178,Menthonnex-sous-Clermont,ED,94.0,147.0,37.0,175.0,5.452990710903465,186.453606105673,494.43599306658905,104.110400827738,55.50016502050143,33.28795720286106,28150.0,42728.0,678.45,40.0,0.2,0.8,0.0,0.0,ED
74179,Mésigny,C,110.0,193.0,35.0,191.0,4.856420191372822,154.920522091653,530.233108928825,116.846368979521,54.103200733365696,32.41732574118706,30150.0,42728.0,198.77,55.0,0.4,0.6,0.0,0.0,ED
74180,Messery,C,213.0,528.0,122.0,250.0,16.465712366512715,459.4882383278,1514.192349034148,399.319412638052,65.91744092051692,46.062980754389656,44650.0,42728.0,433.09,130.0,1.0,0.0,0.0,0.0,C
74183,Mieussy,C,351.0,619.0,137.0,481.0,29.864047935913863,489.124290785979,1632.539447505474,399.336261708547,56.15991218230004,37.3081495245856,29350.0,42728.0,1587.81,165.0,0.8,0.2,0.0,0.0,C
74184,Minzier,C,142.0,180.0,41.0,171.0,8.023483365949119,245.0,716.0,97.0,59.97286295793759,40.56987788331072,37680.0,42728.0,684.82,45.0,1.0,0.0,0.0,0.0,C
74185,Monnetier-Mornex,C,330.0,454.0,76.0,268.0,11.130082207621257,449.970518626801,1446.4463773749978,436.583103998201,52.68309817979204,37.25227334288208,38520.0,42728.0,99.63,135.0,1.0,0.0,0.0,0.0,C
74186,Montagny-les-Lanches,C,134.0,192.0,39.0,119.0,2.55505017884282,177.980135423,517.439443472762,116.580421104238,65.99821731342134,48.00645923290931,28970.0,42728.0,498.3,45.0,0.8,0.2,0.0,0.0,C
74188,Montriond,C,66.0,250.0,72.0,128.0,58.45129059117402,162.0,626.0,168.0,55.26675786593708,35.294117647058826,,42728.0,61.97,105.0,1.0,0.0,0.0,0.0,C
74189,Mont-Saxonnex,ED,252.0,364.0,69.0,366.0,39.0935766333901,273.131182675961,1130.4386737262168,233.430143597822,56.8844141420194,39.71833289046224,27780.0,42728.0,310.43,105.0,0.6,0.4,0.0,0.0,C
74190,Morillon,C,124.0,182.0,30.0,140.0,84.98134818941153,92.3072731820567,474.4639512078153,127.228775610128,60.22299631534177,40.41202292402056,25070.0,42728.0,210.7,95.0,1.0,0.0,0.0,0.0,C
74191,Morzine,C,209.0,864.0,162.0,408.0,85.67058406031876,372.568233605659,1593.2647563144492,695.167010079892,54.189332936765545,34.59301125163011,24600.0,42728.0,774.03,355.0,1.0,0.0,0.0,0.0,C
74192,Moye,ED,137.0,245.0,47.0,251.0,9.282959206383408,156.380107448857,638.0122464470011,168.607646104142,47.7072647754139,30.57638007428202,27570.0,42728.0,801.29,35.0,0.4,0.6,0.0,0.0,ED
74193,La Muraz,ED,135.0,178.0,49.0,180.0,10.892857142857142,197.0,724.0,134.0,55.67144719687093,34.68057366362451,33750.0,42728.0,809.64,60.0,0.8,0.2,0.0,0.0,C
74194,Mûres,C,109.0,226.0,52.0,149.0,2.064588773733361,180.503123213021,548.69327585156,152.803600935419,62.36012123252087,42.1487298795079,29860.0,42728.0,553.08,40.0,1.0,0.0,0.0,0.0,C
74195,Musièges,C,42.0,86.0,22.0,66.0,13.33834299976528,82.19818336432,283.223897299113,55.577919336566,55.7105646421261,35.62783089928851,32920.0,42728.0,49.37,15.0,0.6,0.4,0.0,0.0,C
74196,Nancy-sur-Cluses,C,68.0,136.0,29.0,118.0,31.95243644894889,92.7081214427607,313.1114311275353,60.180447429703,58.47080015345077,37.44180865061183,28040.0,42728.0,267.2,30.0,0.8,0.2,0.0,0.0,C
74197,Nangy,C,199.0,299.0,75.0,259.0,5.241207861036798,354.241099350282,1146.025419861075,207.733480788643,59.83696589308091,38.75689029098507,36250.0,42728.0,163.73,125.0,1.0,0.0,0.0,0.0,C
74198,Nâves-Parmelan,C,150.0,337.0,60.0,143.0,6.843267108167771,217.0,599.0,185.0,67.83216783216784,53.84615384615385,33320.0,42728.0,76.29,30.0,1.0,0.0,0.0,0.0,C
74199,Nernier,C,38.0,155.0,33.0,49.0,43.57541899441341,59.0,246.0,119.0,74.05247813411079,59.7667638483965,46630.0,42728.0,,25.0,1.0,0.0,0.0,0.0,C
74200,Neuvecelle,C,384.0,858.0,179.0,457.0,19.736708569292773,619.202727564375,1989.269889269584,615.527383166041,63.547967853246135,47.94393952107475,36690.0,42728.0,1.35,215.0,1.0,0.0,0.0,0.0,C
74201,Neydens,C,162.0,455.0,133.0,219.0,9.283196431625289,448.796072685807,1540.694026171095,237.509901143098,63.220489439952566,43.31441286551095,45460.0,42728.0,378.27,115.0,1.0,0.0,0.0,0.0,C
74202,Nonglard,C,79.0,178.0,43.0,139.0,2.095808383233533,154.0,473.0,108.0,66.29422718808193,46.927374301675975,29630.0,42728.0,305.79,35.0,1.0,0.0,0.0,0.0,C
74203,Novel,ED,8.0,18.0,3.0,20.0,69.8898207531656,8.48,36.03999999999999,8.48,49.99999999999999,28.57142857142857,,42728.0,94.89,0.0,0.8,0.2,0.0,0.0,C
74205,Onnion,C,229.0,304.0,58.0,260.0,44.44914743863336,242.743624988976,847.6698171865789,190.586557824445,60.46124591553518,40.44345444123871,29770.0,42728.0,421.53,105.0,0.6,0.4,0.0,0.0,C
74206,Orcier,ED,124.0,222.0,58.0,266.0,9.474097688673936,237.767264231579,654.634986406969,180.597749361452,50.89993376767683,31.887894577229897,28070.0,42728.0,223.22,55.0,0.4,0.6,0.0,0.0,ED
74208,Passy,C,1737.0,2244.0,433.0,1858.0,12.52135183173562,1678.299960469412,6878.300052750517,2295.3999867800703,50.390093405528965,31.74812960223081,,42728.0,740.24,690.0,0.4,0.6,0.0,0.0,ED
74209,Peillonnex,C,151.0,359.0,69.0,252.0,3.948135206195205,280.285518321638,875.2457501088161,207.468731569546,54.89562841515144,36.915719830536645,37130.0,42728.0,176.75,80.0,1.0,0.0,0.0,0.0,C
74210,Perrignier,C,209.0,356.0,97.0,350.0,2.613636363636364,370.0,1179.0,333.0,50.321658327376696,30.664760543245173,31270.0,42728.0,197.24,120.0,0.6,0.4,0.0,0.0,C
74211,Pers-Jussy,C,394.0,697.0,161.0,663.0,7.217667702910475,672.541449647268,2016.1748709560136,518.283679396718,61.65996157276796,42.42603752720697,36640.0,42728.0,1228.61,160.0,1.0,0.0,0.0,0.0,C
74212,Le Petit-Bornand-les-Glières,ED,234.0,373.0,102.0,443.0,37.69498518422355,356.820571194241,1203.562846915482,264.616581890277,53.52275924630224,33.11228644201157,,42728.0,1714.22,110.0,1.0,0.0,0.0,0.0,C
74213,Poisy,C,937.0,2275.0,450.0,1224.0,2.068616368430474,1624.4203775271048,5822.997483350053,1584.582139122842,65.99590463980815,48.424159503275234,29330.0,42728.0,381.53,525.0,1.0,0.0,0.0,0.0,C
74215,Praz-sur-Arly,C,104.0,316.0,95.0,265.0,75.49773677926768,180.568165472348,811.21686062089,297.214973906762,55.25411471027971,33.093795960576884,25230.0,42728.0,446.47,90.0,1.0,0.0,0.0,0.0,C
74216,Présilly,C,101.0,242.0,54.0,152.0,4.614087618437975,216.448209350069,710.330845490345,155.220945159586,66.0131787080522,44.806545134072536,25060.0,42728.0,633.83,85.0,0.8,0.2,0.0,0.0,C
74218,Publier,C,840.0,1484.0,337.0,1172.0,14.549966162869389,1584.0,4830.0,1379.0,54.154224486211135,36.29018092394168,29490.0,42728.0,101.62,645.0,1.0,0.0,0.0,0.0,C
74219,Quintal,C,122.0,408.0,68.0,212.0,3.8505464659413327,234.876517968241,750.1074721024031,267.016009929356,70.65699234621793,53.19954932220452,33120.0,42728.0,118.92,50.0,1.0,0.0,0.0,0.0,C
74220,Reignier-Esery,C,926.0,1661.0,348.0,1321.0,4.05341212689438,1479.847427606605,5258.08394218243,1374.068630210945,52.21717762977261,33.94412631234287,,42728.0,1369.73,615.0,0.8,0.2,0.0,0.0,C
74221,Le Reposoir,C,63.0,168.0,33.0,90.0,32.355738207971925,121.340971990094,340.73085215295254,96.9281758569535,65.67034143585103,38.54719330082405,26550.0,42728.0,269.39,30.0,0.8,0.2,0.0,0.0,C
74222,Reyvroz,ED,44.0,115.0,31.0,117.0,13.402061855670103,80.0,329.0,89.0,48.69791666666667,28.64583333333333,26240.0,42728.0,163.01,30.0,0.4,0.6,0.0,0.0,ED
74223,La Rivière-Enverse,C,70.0,121.0,30.0,103.0,36.14457831325301,100.0,297.0,93.0,60.76294277929155,39.23705722070845,27240.0,42728.0,231.35,35.0,0.8,0.2,0.0,0.0,C
74224,La Roche-sur-Foron,C,1624.0,2088.0,371.0,1321.0,3.030204574223617,2137.081444858704,7513.657642059832,1588.260913081474,57.28767523008098,40.681379088289646,28670.0,42728.0,1179.06,770.0,1.0,0.0,0.0,0.0,C
74225,Rumilly,C,1818.0,2361.0,515.0,2339.0,1.8243969981429944,3128.698477992743,10253.213851415212,2700.087670592057,45.85534713962317,26.246550665636683,19930.0,42728.0,509.72,,0.6,0.2,0.2,0.0,C
74226,Saint-André-de-Boëge,ED,87.0,130.0,36.0,151.0,16.427744844996013,97.7820336305893,403.8091136577799,92.4088527116318,53.78699418216606,31.523621226705977,,42728.0,431.61,40.0,0.6,0.4,0.0,0.0,C
74228,Saint-Blaise,C,31.0,93.0,30.0,65.0,4.760371722171846,77.3277381069622,272.27151572358287,28.4007461694549,58.04783543729294,39.97735703668791,26960.0,42728.0,261.09,20.0,1.0,0.0,0.0,0.0,C
74229,Saint-Cergues,C,340.0,695.0,137.0,555.0,7.37715455713048,702.323458699974,2420.167604934688,656.508936365338,54.36149423429924,33.87105535056961,33860.0,42728.0,265.72,210.0,1.0,0.0,0.0,0.0,C
74231,Saint-Eusèbe,C,79.0,139.0,36.0,122.0,3.460732082227565,166.693088570234,395.5618618290909,80.7450496006761,51.33696354434585,30.17989386422154,25290.0,42728.0,577.69,25.0,0.8,0.2,0.0,0.0,C
74232,Saint-Eustache,C,62.0,147.0,36.0,97.0,15.922419063976276,76.9302932530504,321.34815228880655,87.721554458143,60.83325095204302,41.36379168890587,29000.0,42728.0,445.71,20.0,0.8,0.2,0.0,0.0,C
74233,Saint-Félix,ED,292.0,469.0,98.0,488.0,1.8050541516245489,476.0,1616.0,346.0,53.57737104825291,34.830837493067115,22730.0,42728.0,313.1,125.0,0.4,0.6,0.0,0.0,ED
74234,Saint-Ferréol,C,114.0,247.0,50.0,170.0,17.43079543209582,141.896398658662,519.6855104232479,220.41809091809,51.51383175255916,32.59558217015392,27520.0,42728.0,246.64,40.0,0.4,0.6,0.0,0.0,ED
74235,Saint-Germain-sur-Rhône,ED,67.0,105.0,43.0,130.0,2.3244097562531025,151.913394431607,423.2385521749627,68.8480533934303,55.19649534796941,33.90386898091642,32240.0,42728.0,218.97,30.0,0.6,0.4,0.0,0.0,C
74236,Saint-Gervais-les-Bains,C,711.0,1554.0,339.0,946.0,68.18708611900384,870.269422468229,3591.800855279697,1215.929722252074,59.778472352967405,40.80327674494119,24640.0,42728.0,1047.59,445.0,1.0,0.0,0.0,0.0,C
74237,Saint-Gingolph,C,85.0,171.0,37.0,98.0,25.797821676167025,183.997785067603,595.849220261013,127.152994671384,49.932800033897,32.18255193314805,35010.0,42728.0,,80.0,0.6,0.4,0.0,0.0,C
74238,Saint-Jean-d'Aulps,C,146.0,260.0,70.0,143.0,69.16804388448821,308.577667504787,958.6749914388593,275.747341056354,60.59339325797312,38.34720957998447,23480.0,42728.0,417.8,135.0,1.0,0.0,0.0,0.0,C
74239,Saint-Jean-de-Sixt,C,149.0,436.0,105.0,241.0,55.26383755534899,258.923876878834,947.0819101633,293.994212957866,58.370665343893215,39.33113192165937,25950.0,42728.0,371.67,110.0,0.6,0.2,0.2,0.0,C
74240,Saint-Jean-de-Tholome,C,141.0,235.0,56.0,182.0,11.20401337792642,254.0,764.0,139.0,60.16746411483253,38.03827751196173,30080.0,42728.0,589.17,70.0,1.0,0.0,0.0,0.0,C
74241,Saint-Jeoire,ED,424.0,564.0,118.0,687.0,11.476819606575898,683.704332601059,2243.773721975053,495.521945423888,44.44125206545159,25.841339208238367,27090.0,42728.0,320.69,255.0,0.2,0.8,0.0,0.0,ED
74242,Saint-Jorioz,C,712.0,2042.0,433.0,1051.0,17.189072959781104,898.8630777274341,3556.259491259408,1888.877431013158,63.42241266708578,46.823632811882426,29810.0,42728.0,438.45,370.0,1.0,0.0,0.0,0.0,C
74243,Saint-Julien-en-Genevois,C,1485.0,2363.0,424.0,1202.0,5.987210772921739,3138.6532929698114,10795.742185125038,1990.60452190515,59.30140980817245,41.56115705995661,34430.0,42728.0,336.85,,1.0,0.0,0.0,0.0,C
74244,Saint-Laurent,C,158.0,206.0,34.0,141.0,7.106657657362463,164.936769124954,548.2879010111919,122.775329863854,56.16052190323352,39.94234657399903,26540.0,42728.0,332.87,35.0,1.0,0.0,0.0,0.0,C
74249,Saint-Paul-en-Chablais,C,308.0,567.0,146.0,544.0,16.03221083455344,509.0,1638.0,451.0,55.3878188443519,36.49141072358147,30180.0,42728.0,836.7,155.0,1.0,0.0,0.0,0.0,C
74250,Saint-Pierre-en-Faucigny,C,804.0,1344.0,277.0,1332.0,2.17224635829287,1529.0,5238.0,1081.0,53.23417502594258,34.417156693185746,29510.0,42728.0,661.08,520.0,1.0,0.0,0.0,0.0,C
74252,Saint-Sigismond,C,116.0,178.0,41.0,120.0,22.084367245657567,98.0,431.0,120.0,66.14785992217898,44.94163424124514,,42728.0,27.42,45.0,1.0,0.0,0.0,0.0,C
74253,Saint-Sixt,C,164.0,289.0,30.0,161.0,13.291700488794165,206.718937738944,662.530751597832,124.750310663225,65.65587575084432,48.9382343762492,34320.0,42728.0,193.39,55.0,1.0,0.0,0.0,0.0,C
74254,Saint-Sylvestre,C,66.0,191.0,37.0,97.0,9.50715798436989,109.222457629762,378.016459861273,110.761082508966,58.30946480923422,42.07249473892218,20430.0,42728.0,164.36,40.0,0.8,0.2,0.0,0.0,C
74255,Sales,C,249.0,519.0,113.0,442.0,2.1540388139322424,473.459385212778,1427.126088664669,366.414526122553,58.87605653308733,39.584591402014766,27780.0,42728.0,933.55,110.0,1.0,0.0,0.0,0.0,C
74256,Sallanches,C,1837.0,3708.0,759.0,2858.0,11.894306323754549,2726.3465993639647,10636.787099321044,3677.86630131499,51.176521697418885,33.25301584599924,24950.0,42728.0,1933.07,,0.8,0.0,0.2,0.0,C
74257,Sallenôves,ED,101.0,181.0,32.0,187.0,3.287671232876712,201.0,543.0,103.0,59.86622073578596,37.29096989966555,30710.0,42728.0,116.79,45.0,0.8,0.2,0.0,0.0,C
74258,Samoëns,C,281.0,672.0,164.0,385.0,77.05936073059361,304.0,1302.0,587.0,58.34266517357223,38.07390817469205,25680.0,42728.0,2100.61,225.0,1.0,0.0,0.0,0.0,C
74259,Le Sappey,C,51.0,92.0,39.0,91.0,19.621921563288183,107.216448617322,289.2007634277799,66.5827879548991,55.30802898733012,36.457392303389554,35310.0,42728.0,157.75,30.0,1.0,0.0,0.0,0.0,C
74260,Savigny,C,109.0,207.0,39.0,113.0,7.835054388902714,265.540285505798,649.380128186442,114.07958630776,54.34733301366597,35.90768148388495,22060.0,42728.0,785.63,50.0,0.6,0.2,0.2,0.0,C
74261,Saxel,C,71.0,117.0,15.0,99.0,11.215170775000038,108.562893377888,344.0764202881264,56.3606863339856,57.8925270130502,37.14333586231826,30580.0,42728.0,29.54,25.0,0.8,0.2,0.0,0.0,C
74262,Scientrier,ED,109.0,185.0,57.0,263.0,4.346704477450268,272.074809437349,790.0130971530419,153.912093409609,53.11416331828113,32.20990985785369,30530.0,42728.0,565.11,55.0,0.4,0.6,0.0,0.0,ED
74263,Sciez,C,729.0,1237.0,260.0,1001.0,12.036609097750176,1192.36182488806,4114.001932921859,1010.63624219007,50.67282070048413,31.73151357060215,31650.0,42728.0,314.65,485.0,1.0,0.0,0.0,0.0,C
74264,Scionzier,ED,921.0,911.0,226.0,1399.0,1.259037022994951,1967.147117721222,5980.167608415834,1126.6852738629432,38.90610425381432,19.37271494735372,23550.0,42728.0,,855.0,0.2,0.8,0.0,0.0,ED
74265,Serraval,C,89.0,185.0,53.0,124.0,25.24525850082155,145.404787692506,498.826984794458,100.768227513036,60.87592273999894,38.51499796400354,25770.0,42728.0,890.8,30.0,0.4,0.6,0.0,0.0,ED
74266,Servoz,C,169.0,310.0,31.0,94.0,32.52622283736146,201.41875138416,728.237033839455,195.344214776385,71.66574130870772,53.88118042566845,24820.0,42728.0,141.06,80.0,0.8,0.0,0.2,0.0,C
74267,Sévrier,C,482.0,1387.0,293.0,637.0,18.54783226988949,686.024743714942,2558.212512970148,1079.76274331491,67.91273607781953,50.45361025670432,,42728.0,2.47,270.0,1.0,0.0,0.0,0.0,C
74269,Seyssel,ED,280.0,382.0,81.0,458.0,12.138653287607127,431.040919324179,1422.891494254861,473.06758642096,49.88503879301928,29.585220567126825,23780.0,42728.0,435.78,155.0,0.2,0.8,0.0,0.0,ED
74271,Seytroux,C,48.0,108.0,22.0,56.0,36.27756555203002,113.04878738166,344.12628455489056,77.8249280634494,60.42427714707762,39.27389083403077,24260.0,42728.0,164.48,35.0,0.8,0.0,0.2,0.0,C
74272,Sillingy,C,544.0,1244.0,265.0,980.0,1.1350216116734757,1162.02632262546,3647.078379030817,842.895298343723,57.75401907944938,38.96853712586,28530.0,42728.0,811.24,305.0,1.0,0.0,0.0,0.0,C
74273,Sixt-Fer-à-Cheval,C,80.0,225.0,48.0,156.0,61.8252656846624,109.862920061477,469.5731546523591,148.563925286165,47.32146186259245,28.33800580297908,23240.0,42728.0,791.74,60.0,0.8,0.2,0.0,0.0,C
74274,Val-de-Fier,,,,,,,,,,,,,42728.0,,,0.4,0.4,0.2,0.0,C
74275,Talloires-Montmin,C,261.0,694.0,158.0,358.0,37.75685949998803,279.928506291712,1170.959206542074,462.112287166214,68.39053692220908,49.58080286097727,30600.0,42728.0,192.97,115.0,0.8,0.0,0.2,0.0,C
74276,Taninges,C,490.0,752.0,155.0,571.0,50.77705566544222,640.0,2147.0,714.0,52.49056603773585,33.924528301886795,25580.0,42728.0,666.18,260.0,0.6,0.0,0.4,0.0,C
74278,Thyez,C,597.0,1116.0,252.0,1099.0,2.3735951354656617,1131.41177050091,3914.5782139152298,1298.01001558385,48.50894048138766,30.7108242952504,26840.0,42728.0,169.25,480.0,0.4,0.6,0.0,0.0,ED
74279,Thollon-les-Mémises,C,89.0,224.0,47.0,198.0,75.75088842688683,154.726939342909,529.001184680337,124.271875976755,52.30486719059474,30.514376374276864,27110.0,42728.0,265.04,95.0,1.0,0.0,0.0,0.0,C
74280,Thônes,C,741.0,1655.0,347.0,1005.0,15.017659350250227,1167.637431113629,4194.892163065471,1291.4704058209,51.28634448510838,33.22952309422319,25350.0,42728.0,645.1,350.0,0.6,0.4,0.0,0.0,C
74281,Thonon-les-Bains,C,4617.0,6340.0,1258.0,4331.0,7.980676988467808,6582.896430220802,23098.80973985447,8007.2938299247235,51.12172624805124,33.44480259190022,24450.0,42728.0,139.01,,0.8,0.0,0.2,0.0,C
74282,Fillière,C,1173.0,2624.0,541.0,1649.0,7.454179145836197,1994.93832863056,6279.8753257636,1537.18634560584,65.84904991737997,49.25187015328861,32280.0,42728.0,4191.19,480.0,0.6,0.4,0.0,0.0,C
74283,Thusy,C,108.0,286.0,78.0,211.0,6.721696512460965,257.928515271124,744.3714394013899,163.700045327486,54.61726986482529,33.22472677722391,28310.0,42728.0,366.05,50.0,0.2,0.8,0.0,0.0,ED
74284,La Tour,ED,113.0,193.0,47.0,216.0,6.801563673179349,231.781480052047,793.8945125895849,327.324007358368,37.70513644008727,19.847947492980136,21370.0,42728.0,428.71,75.0,0.0,1.0,0.0,0.0,ED
74285,Usinens,C,50.0,119.0,27.0,66.0,13.596456069856307,74.5619565206564,285.0465603918821,64.3914830874625,54.45907858599493,29.935260902586613,31450.0,42728.0,438.8,20.0,0.4,0.6,0.0,0.0,ED
74286,Vacheresse,ED,101.0,172.0,52.0,211.0,34.52352414879869,164.939402810811,558.3240963546191,188.73650083457,55.782239304016144,28.87004490989472,26090.0,42728.0,479.72,60.0,0.8,0.2,0.0,0.0,C
74287,Vailly,C,99.0,204.0,60.0,166.0,22.19731205311824,195.546596789869,545.601753238955,165.851649971176,45.42423204712349,30.08461936219451,25680.0,42728.0,273.35,40.0,0.6,0.4,0.0,0.0,C
74288,Valleiry,C,354.0,719.0,195.0,577.0,5.793650244939008,1084.45101527812,3422.8511950862203,582.69778963566,56.67256943597688,36.62124226104259,37380.0,42728.0,175.46,380.0,1.0,0.0,0.0,0.0,C
74289,Vallières,ED,285.0,539.0,131.0,588.0,3.043562987034329,591.761467635807,1727.475482707961,419.763049656232,55.46808489652245,33.3289339142232,19980.0,42728.0,635.78,135.0,0.8,0.2,0.0,0.0,C
74290,Vallorcine,C,97.0,142.0,15.0,30.0,58.89621875273394,65.4760493923805,299.02569869415606,67.4982519134634,65.48743572508526,41.25148368344829,22300.0,42728.0,93.26,40.0,0.6,0.0,0.4,0.0,C
74291,Vanzy,ED,45.0,52.0,8.0,77.0,8.64517603219444,70.4238303048425,212.2188220892685,67.35734760589,45.85468727311981,27.98120081880543,31860.0,42728.0,75.2,15.0,0.6,0.4,0.0,0.0,C
74292,Vaulx,C,119.0,267.0,78.0,212.0,3.131447280485132,222.23038220178,702.3745836814189,155.395034116801,57.6680037804122,37.17814469135426,,42728.0,991.62,55.0,0.6,0.2,0.2,0.0,C
74293,Veigy-Foncenex,C,283.0,720.0,148.0,418.0,22.92020800121496,829.789781008872,2509.904546588499,695.305672402639,57.63791314823629,37.48467577184182,44280.0,42728.0,335.55,250.0,1.0,0.0,0.0,0.0,C
74294,Verchaix,C,107.0,175.0,34.0,128.0,55.33869115958668,134.0,517.0,143.0,59.738134206219314,39.60720130932897,25530.0,42728.0,275.74,75.0,0.4,0.4,0.2,0.0,C
74295,La Vernaz,C,55.0,56.0,20.0,46.0,32.02247191011236,65.0,199.0,24.0,50.73891625615764,32.01970443349754,24720.0,42728.0,78.71,20.0,1.0,0.0,0.0,0.0,C
74296,Vers,C,70.0,230.0,50.0,109.0,7.610993657505285,228.0,620.0,114.0,61.19402985074627,45.820895522388064,26070.0,42728.0,359.08,45.0,0.6,0.4,0.0,0.0,C
74297,Versonnex,C,85.0,149.0,45.0,142.0,5.801068805205241,148.355452247111,454.99535113321394,74.6491966196751,61.4780023139047,38.65279922567876,38970.0,42728.0,294.71,35.0,1.0,0.0,0.0,0.0,C
74298,Vétraz-Monthoux,C,853.0,1459.0,317.0,1147.0,3.1933977463420664,2174.412562256528,6687.568050418624,1550.019387324857,56.77402378309196,37.84565884056694,32820.0,42728.0,9.3,890.0,1.0,0.0,0.0,0.0,C
74299,Veyrier-du-Lac,C,142.0,864.0,227.0,330.0,25.96259548715894,329.328885213679,1287.788644057889,690.882470728432,77.45285285992419,64.60947166548571,44530.0,42728.0,,105.0,1.0,0.0,0.0,0.0,C
74301,Villard,C,127.0,177.0,44.0,156.0,20.64812385682476,199.682369527172,629.642578110936,130.675052361892,52.81350056624328,33.14242896239266,22050.0,42728.0,394.58,40.0,0.4,0.6,0.0,0.0,ED
74302,Les Villards-sur-Thônes,C,154.0,334.0,61.0,175.0,28.346456692913385,191.0,752.0,178.0,58.57988165680473,38.69822485207101,26130.0,42728.0,145.84,75.0,1.0,0.0,0.0,0.0,C
74303,Villaz,C,389.0,1079.0,205.0,534.0,3.1191709219509787,725.029207256358,2197.230208983712,550.74058375993,67.16730573972495,50.81634478603557,32720.0,42728.0,573.0,150.0,1.0,0.0,0.0,0.0,C
74304,Ville-en-Sallaz,ED,126.0,162.0,48.0,180.0,7.3007861217085,181.823700595386,596.4385993856911,139.737700018923,55.94415261137144,38.23553117123763,33530.0,42728.0,83.04,55.0,0.8,0.2,0.0,0.0,C
74305,Ville-la-Grand,C,1062.0,1329.0,266.0,996.0,3.522508683467233,1793.350597282436,5909.606793506238,1493.0426092113362,50.69043642478845,32.13950308272473,,42728.0,13.67,850.0,0.6,0.4,0.0,0.0,C
74306,Villy-le-Bouveret,C,90.0,194.0,37.0,96.0,7.773851590106007,143.0,423.0,71.0,68.0089485458613,46.30872483221477,37060.0,42728.0,157.77,35.0,1.0,0.0,0.0,0.0,C
74307,Villy-le-Pelloux,C,116.0,248.0,57.0,134.0,1.9512901833578384,272.636648293481,660.3867487105441,75.9766029959749,69.27497598687582,52.079623667402274,35960.0,42728.0,45.04,70.0,1.0,0.0,0.0,0.0,C
74308,Vinzier,ED,107.0,171.0,46.0,235.0,4.98812351543943,175.0,560.0,148.0,52.7439024390244,31.09756097560976,28860.0,42728.0,725.6,45.0,0.4,0.6,0.0,0.0,ED
74309,Viry,C,501.0,894.0,201.0,568.0,7.403122526062749,1147.81263069415,3807.9079434545865,669.279425851274,56.080065217550754,38.15021500576539,27390.0,42728.0,1259.36,365.0,1.0,0.0,0.0,0.0,C
74310,Viuz-la-Chiésaz,C,168.0,393.0,64.0,245.0,2.4225175465332813,222.398048107244,825.914601903841,253.687349988915,59.49215315138067,40.92558921033925,30330.0,42728.0,324.78,55.0,0.8,0.2,0.0,0.0,C
74311,Viuz-en-Sallaz,C,594.0,993.0,253.0,798.0,11.895321173671688,942.0,2956.0,770.0,58.31134564643799,38.99149809440047,31760.0,42728.0,400.72,235.0,1.0,0.0,0.0,0.0,C
74312,Vougy,ED,164.0,257.0,72.0,343.0,1.0892310873760604,353.408273509828,1081.08395460497,187.507771885202,43.64774903285397,21.636668913004943,23760.0,42728.0,91.27,115.0,0.4,0.6,0.0,0.0,ED
74313,Vovray-en-Bornes,C,69.0,152.0,35.0,87.0,8.070175438596491,139.0,367.0,50.0,65.97402597402598,47.01298701298701,36590.0,42728.0,493.9,20.0,1.0,0.0,0.0,0.0,C
74314,Vulbens,C,130.0,345.0,65.0,204.0,5.997924873770778,436.719777768949,1070.8443235752611,190.43589865579,57.01916023291547,37.24433385077294,37180.0,42728.0,516.46,120.0,1.0,0.0,0.0,0.0,C
74315,Yvoire,C,170.0,278.0,50.0,124.0,18.181818181818183,206.0,699.0,147.0,57.12451861360719,39.53786906290115,37020.0,42728.0,3.5,100.0,1.0,0.0,0.0,0.0,C
